t_s,tenant,latency_ms,service_ms,qdepth,warmup
0.046,t2_squeezenet,36.581,35.720,0,1
0.122,t2_squeezenet,51.175,49.499,2,1
0.166,t2_squeezenet,68.105,44.059,3,1
0.211,t2_squeezenet,98.982,45.189,4,1
0.257,t2_squeezenet,117.138,46.304,3,1
0.305,t2_squeezenet,150.358,47.598,2,1
0.351,t2_squeezenet,163.168,46.393,1,1
0.399,t2_squeezenet,189.769,47.029,3,1
0.456,t2_squeezenet,93.927,57.667,3,1
0.530,t2_squeezenet,166.254,73.984,5,1
0.593,t2_squeezenet,220.019,62.276,5,1
0.637,t2_squeezenet,212.137,44.007,5,1
0.680,t2_squeezenet,215.844,42.940,4,1
0.722,t2_squeezenet,199.146,42.290,5,1
0.763,t2_squeezenet,235.253,40.663,7,1
0.802,t2_squeezenet,270.554,39.447,9,1
0.843,t2_squeezenet,244.175,40.436,8,1
0.884,t2_squeezenet,178.956,40.871,8,1
0.924,t2_squeezenet,211.065,40.709,9,1
0.965,t2_squeezenet,237.502,40.386,9,1
1.007,t2_squeezenet,277.916,42.481,9,1
1.049,t2_squeezenet,306.623,41.282,10,1
1.089,t2_squeezenet,316.826,40.293,10,1
1.134,t2_squeezenet,354.623,44.645,10,1
1.187,t2_squeezenet,404.844,53.276,11,1
1.237,t2_squeezenet,393.053,50.453,10,1
1.291,t2_squeezenet,407.372,53.833,9,1
1.349,t2_squeezenet,432.088,57.314,12,1
1.403,t2_squeezenet,451.292,54.551,14,1
1.449,t2_squeezenet,462.927,45.583,14,1
1.529,t2_squeezenet,517.757,80.428,13,1
1.582,t2_squeezenet,567.897,52.399,14,1
1.632,t2_squeezenet,575.572,50.147,14,1
1.685,t2_squeezenet,561.071,52.958,15,1
1.738,t2_squeezenet,587.092,53.247,16,1
1.794,t2_squeezenet,631.116,55.266,15,1
1.848,t2_squeezenet,549.208,53.898,14,1
1.899,t2_squeezenet,565.377,51.332,14,1
1.950,t2_squeezenet,610.772,51.022,15,1
2.001,t2_squeezenet,654.377,51.307,17,1
2.058,t2_squeezenet,703.942,56.270,18,1
2.108,t2_squeezenet,734.209,49.820,20,1
2.161,t2_squeezenet,769.950,52.958,21,1
2.215,t2_squeezenet,792.475,54.661,23,1
2.271,t2_squeezenet,724.582,55.372,23,1
2.335,t2_squeezenet,763.562,64.637,22,1
2.388,t2_squeezenet,780.393,52.548,21,1
2.440,t2_squeezenet,800.009,51.908,21,1
2.495,t2_squeezenet,841.512,54.636,22,1
2.547,t2_squeezenet,850.806,52.059,21,1
2.597,t2_squeezenet,862.179,50.061,22,1
2.647,t2_squeezenet,787.831,49.721,24,1
2.700,t2_squeezenet,786.572,52.822,24,1
2.758,t2_squeezenet,815.628,58.350,26,1
2.809,t2_squeezenet,824.825,51.275,27,1
2.859,t2_squeezenet,865.038,50.154,28,1
2.913,t2_squeezenet,912.796,53.245,30,1
2.968,t2_squeezenet,965.778,54.702,32,1
3.019,t2_squeezenet,975.382,51.775,32,1
3.063,t2_squeezenet,1004.052,43.869,31,1
3.109,t2_squeezenet,1039.442,46.024,30,1
3.168,t2_squeezenet,1062.370,58.439,29,1
3.223,t2_squeezenet,1111.970,54.614,29,1
3.275,t2_squeezenet,1150.839,52.186,29,1
3.328,t2_squeezenet,1151.862,52.807,30,1
3.379,t2_squeezenet,1199.347,51.077,30,1
3.440,t2_squeezenet,1260.262,61.592,31,1
3.494,t2_squeezenet,1250.228,53.991,31,1
3.549,t2_squeezenet,1134.713,54.142,33,1
3.601,t2_squeezenet,1151.785,52.081,36,1
3.656,t2_squeezenet,1184.417,55.645,36,1
3.714,t2_squeezenet,1138.233,58.047,36,1
3.765,t2_squeezenet,1171.345,50.876,36,1
3.820,t2_squeezenet,1222.921,54.641,36,1
3.876,t2_squeezenet,1267.812,55.951,39,1
3.934,t2_squeezenet,1309.316,57.559,40,1
3.990,t2_squeezenet,1291.663,56.613,41,1
4.041,t2_squeezenet,1326.241,50.662,43,1
4.095,t2_squeezenet,1375.229,53.854,43,1
4.152,t2_squeezenet,1423.724,56.782,43,1
4.209,t2_squeezenet,1422.791,56.908,44,1
4.262,t2_squeezenet,1472.980,53.642,44,1
4.311,t2_squeezenet,1486.771,49.109,44,1
4.368,t2_squeezenet,1536.166,56.041,46,1
4.425,t2_squeezenet,1537.591,57.090,51,1
4.475,t2_squeezenet,1570.623,49.837,52,1
4.532,t2_squeezenet,1621.637,57.093,52,1
4.586,t2_squeezenet,1662.030,54.167,53,1
4.650,t2_squeezenet,1722.551,63.667,60,1
4.704,t2_squeezenet,1752.158,54.358,61,1
4.756,t2_squeezenet,1763.053,51.785,61,1
4.812,t2_squeezenet,1632.321,56.188,62,1
4.863,t2_squeezenet,1614.490,50.290,63,1
4.911,t2_squeezenet,1608.768,48.080,63,1
4.962,t2_squeezenet,1646.266,51.309,63,1
5.015,t2_squeezenet,1647.969,52.919,62,1
5.079,t2_squeezenet,1694.929,63.855,62,1
5.135,t2_squeezenet,1733.266,56.436,65,1
5.189,t2_squeezenet,1697.062,53.955,66,1
5.243,t2_squeezenet,1730.534,53.249,67,1
5.290,t2_squeezenet,1774.642,46.934,69,1
5.339,t2_squeezenet,1821.427,49.119,69,1
5.411,t2_squeezenet,1862.204,72.157,73,1
5.453,t2_squeezenet,1885.182,42.170,73,1
5.534,t2_squeezenet,1948.719,80.651,75,1
5.614,t2_squeezenet,2027.609,79.551,77,1
5.659,t2_squeezenet,2039.787,45.095,76,1
5.735,t2_squeezenet,2067.060,76.313,78,1
5.812,t2_squeezenet,2079.665,76.553,77,1
5.857,t2_squeezenet,2072.717,45.069,77,1
5.941,t2_squeezenet,2113.433,84.642,78,1
6.016,t2_squeezenet,2182.007,74.195,80,1
6.057,t2_squeezenet,2210.516,41.506,81,1
6.135,t2_squeezenet,2280.962,78.249,85,1
6.217,t2_squeezenet,2320.659,81.795,88,1
6.261,t2_squeezenet,2330.626,43.636,88,1
6.330,t2_squeezenet,2352.113,69.332,87,1
6.377,t2_squeezenet,2393.121,47.067,86,1
6.446,t2_squeezenet,2437.786,68.784,85,1
6.520,t2_squeezenet,2508.137,74.060,87,1
6.561,t2_squeezenet,2528.523,40.827,88,1
6.632,t2_squeezenet,2562.248,71.125,88,1
6.678,t2_squeezenet,2546.894,45.830,87,1
6.753,t2_squeezenet,2600.912,74.434,87,1
6.826,t2_squeezenet,2660.694,73.064,89,1
6.872,t2_squeezenet,2654.044,46.267,89,1
6.947,t2_squeezenet,2665.874,75.233,93,1
7.022,t2_squeezenet,2702.641,74.518,94,1
7.065,t2_squeezenet,2714.423,42.626,93,1
7.135,t2_squeezenet,2771.640,70.376,94,1
7.207,t2_squeezenet,2826.128,71.748,96,1
7.254,t2_squeezenet,2865.478,47.366,97,1
7.319,t2_squeezenet,2929.839,64.963,97,1
7.362,t2_squeezenet,2955.988,42.783,97,1
7.427,t2_squeezenet,3014.167,64.515,97,1
7.473,t2_squeezenet,3054.799,46.246,97,1
7.544,t2_squeezenet,3118.808,71.270,97,1
7.611,t2_squeezenet,3152.223,66.404,98,1
7.654,t2_squeezenet,3128.861,42.853,98,1
7.723,t2_squeezenet,3189.650,69.097,97,1
7.771,t2_squeezenet,3190.451,48.378,97,1
7.837,t2_squeezenet,3250.044,65.289,99,1
7.880,t2_squeezenet,3289.174,42.944,98,1
7.945,t2_squeezenet,3346.871,64.940,99,1
8.017,t2_squeezenet,3408.686,72.287,101,1
8.063,t2_squeezenet,3444.780,46.162,100,1
8.127,t2_squeezenet,3506.538,63.975,101,1
8.173,t2_squeezenet,3541.256,46.219,102,1
8.243,t2_squeezenet,3598.859,69.791,107,1
8.290,t2_squeezenet,3624.934,46.551,107,1
8.347,t2_squeezenet,3679.053,56.894,107,1
8.389,t2_squeezenet,3658.792,41.840,108,1
8.450,t2_squeezenet,3651.007,61.573,111,1
8.518,t2_squeezenet,3711.785,67.568,111,1
8.563,t2_squeezenet,3743.243,45.194,112,1
8.626,t2_squeezenet,3775.712,63.097,112,1
8.672,t2_squeezenet,3794.015,46.018,112,1
8.735,t2_squeezenet,3790.969,62.396,113,1
8.780,t2_squeezenet,3759.955,44.675,113,1
8.845,t2_squeezenet,3748.641,64.931,117,1
8.910,t2_squeezenet,3801.212,65.218,118,1
8.954,t2_squeezenet,3838.344,44.356,118,1
9.020,t2_squeezenet,3890.508,65.979,121,1
9.064,t2_squeezenet,3892.004,43.642,120,1
9.125,t2_squeezenet,3944.927,60.780,121,1
9.171,t2_squeezenet,3952.007,46.281,122,1
9.239,t2_squeezenet,4003.320,68.303,124,1
9.282,t2_squeezenet,4014.049,42.871,125,1
9.339,t2_squeezenet,4068.006,57.005,125,1
9.386,t2_squeezenet,4099.684,46.651,127,1
9.445,t2_squeezenet,4117.866,58.971,129,1
9.490,t2_squeezenet,4147.478,44.847,129,1
9.548,t2_squeezenet,4187.590,58.157,131,1
9.594,t2_squeezenet,4226.155,45.637,131,1
9.653,t2_squeezenet,4258.736,59.058,132,1
9.712,t2_squeezenet,4309.318,58.446,134,1
9.754,t2_squeezenet,4305.087,42.222,133,1
9.812,t2_squeezenet,4319.973,57.748,133,1
9.860,t2_squeezenet,4363.236,48.491,133,1
9.921,t2_squeezenet,4423.379,61.255,134,1
9.964,t2_squeezenet,4417.691,42.734,133,1
10.025,t2_squeezenet,4431.150,60.563,137,1
10.072,t2_squeezenet,4470.593,46.757,136,1
10.130,t2_squeezenet,4430.686,58.358,138,1
10.173,t2_squeezenet,4469.416,43.288,140,1
10.233,t2_squeezenet,4500.830,59.403,140,1
10.277,t2_squeezenet,4461.957,44.533,140,1
10.332,t2_squeezenet,4405.806,54.653,140,1
10.377,t2_squeezenet,4440.229,44.907,141,1
10.429,t2_squeezenet,4485.195,51.740,141,1
10.475,t2_squeezenet,4522.424,45.689,141,1
10.532,t2_squeezenet,4538.515,57.085,143,1
10.576,t2_squeezenet,4535.870,44.382,145,1
10.632,t2_squeezenet,4580.482,55.423,146,1
10.676,t2_squeezenet,4603.861,44.403,146,1
10.727,t2_squeezenet,4637.394,50.624,146,1
10.776,t2_squeezenet,4675.532,49.266,148,1
10.827,t2_squeezenet,4707.501,50.360,151,1
10.870,t2_squeezenet,4750.734,43.575,151,1
10.929,t2_squeezenet,4776.690,58.437,151,1
10.975,t2_squeezenet,4794.999,46.414,151,1
11.026,t2_squeezenet,4826.588,51.045,151,1
11.071,t2_squeezenet,4856.645,44.598,150,1
11.123,t2_squeezenet,4901.154,51.846,149,1
11.171,t2_squeezenet,4706.930,48.370,149,1
11.227,t2_squeezenet,4748.827,55.423,150,1
11.270,t2_squeezenet,4788.967,43.206,150,1
11.318,t2_squeezenet,4791.219,47.409,150,1
11.364,t2_squeezenet,4818.615,46.694,150,1
11.418,t2_squeezenet,4835.182,53.747,150,1
11.462,t2_squeezenet,4746.834,43.773,152,1
11.510,t2_squeezenet,4736.370,47.922,154,1
11.556,t2_squeezenet,4776.489,45.842,154,1
11.600,t2_squeezenet,4784.951,44.478,154,1
11.645,t2_squeezenet,4781.014,44.280,155,1
11.692,t2_squeezenet,4797.377,46.876,155,1
11.743,t2_squeezenet,4829.795,51.699,155,1
11.793,t2_squeezenet,4873.457,49.581,156,1
11.841,t2_squeezenet,4915.111,47.782,156,1
11.883,t2_squeezenet,4940.795,42.127,155,1
11.931,t2_squeezenet,4978.607,47.978,157,1
11.977,t2_squeezenet,4983.496,45.954,156,1
12.030,t2_squeezenet,4927.189,53.362,157,1
12.075,t2_squeezenet,4942.109,44.849,157,1
12.124,t2_squeezenet,4971.016,48.382,158,1
12.171,t2_squeezenet,5006.709,47.001,158,1
12.230,t2_squeezenet,5063.630,59.280,159,1
12.272,t2_squeezenet,5021.574,41.647,158,1
12.317,t2_squeezenet,5062.600,45.056,159,1
12.363,t2_squeezenet,5106.731,45.882,159,1
12.410,t2_squeezenet,5080.474,47.586,159,1
12.454,t2_squeezenet,5088.718,43.687,160,1
12.496,t2_squeezenet,5026.397,41.862,159,1
12.539,t2_squeezenet,4999.954,42.930,159,1
12.589,t2_squeezenet,4983.075,49.833,159,1
12.638,t2_squeezenet,5028.246,48.657,162,1
12.680,t2_squeezenet,5039.636,42.185,162,1
12.726,t2_squeezenet,4988.170,46.470,164,1
12.774,t2_squeezenet,4975.216,47.112,166,1
12.824,t2_squeezenet,4997.368,50.282,169,1
12.869,t2_squeezenet,5032.913,45.192,170,1
12.914,t2_squeezenet,5008.355,45.233,170,1
12.959,t2_squeezenet,5018.714,44.354,171,1
13.011,t2_squeezenet,5029.761,52.534,173,1
13.054,t2_squeezenet,5066.945,42.748,174,1
13.098,t2_squeezenet,5105.044,44.080,176,1
13.151,t2_squeezenet,5079.143,52.380,178,1
13.198,t2_squeezenet,5074.679,47.468,178,1
13.253,t2_squeezenet,5124.094,54.534,177,1
13.296,t2_squeezenet,5128.906,43.079,178,1
13.341,t2_squeezenet,5166.188,44.938,178,1
13.387,t2_squeezenet,5203.081,45.922,177,1
13.435,t2_squeezenet,5248.668,47.525,177,1
13.477,t2_squeezenet,5284.557,42.336,179,1
13.523,t2_squeezenet,5319.109,46.471,180,1
13.570,t2_squeezenet,5342.182,46.296,180,1
13.618,t2_squeezenet,5349.656,48.458,181,1
13.664,t2_squeezenet,5370.546,45.949,180,1
13.707,t2_squeezenet,5355.176,42.712,181,1
13.751,t2_squeezenet,5393.765,43.972,180,1
13.801,t2_squeezenet,5376.019,49.944,183,1
13.844,t2_squeezenet,5411.370,42.843,183,1
13.887,t2_squeezenet,5442.330,42.878,182,1
13.935,t2_squeezenet,5489.590,48.200,182,1
13.983,t2_squeezenet,5467.761,47.308,183,1
14.031,t2_squeezenet,5507.708,48.440,182,1
14.076,t2_squeezenet,5520.469,44.844,185,1
14.120,t2_squeezenet,5553.381,44.480,186,1
14.167,t2_squeezenet,5502.796,46.961,186,1
14.218,t2_squeezenet,5532.301,50.478,186,1
14.267,t2_squeezenet,5543.268,48.605,190,1
14.310,t2_squeezenet,5552.801,43.287,191,1
14.355,t2_squeezenet,5568.828,44.859,192,1
14.402,t2_squeezenet,5597.834,46.940,192,1
14.450,t2_squeezenet,5618.868,48.024,194,1
14.493,t2_squeezenet,5660.175,43.199,194,1
14.537,t2_squeezenet,5699.337,43.801,194,1
14.587,t2_squeezenet,5737.847,49.551,195,1
14.633,t2_squeezenet,5777.326,45.887,199,1
14.675,t2_squeezenet,5744.691,42.618,200,1
14.719,t2_squeezenet,5731.714,43.757,200,1
14.765,t2_squeezenet,5766.194,46.111,199,1
14.811,t2_squeezenet,5800.780,46.040,198,1
14.855,t2_squeezenet,5840.333,43.867,198,1
14.899,t2_squeezenet,5828.921,43.244,198,1
14.946,t2_squeezenet,5821.345,47.345,198,1
14.995,t2_squeezenet,5852.874,49.161,199,1
15.039,t2_squeezenet,5889.588,44.185,199,1
15.084,t2_squeezenet,5872.139,44.748,198,1
15.129,t2_squeezenet,5912.617,45.225,198,1
15.175,t2_squeezenet,5945.086,45.662,199,1
15.228,t2_squeezenet,5962.043,52.655,200,1
15.292,t2_squeezenet,6019.000,64.240,201,1
15.346,t2_squeezenet,6036.892,53.893,203,1
15.398,t2_squeezenet,6053.763,51.560,205,1
15.444,t2_squeezenet,6079.582,46.416,204,1
15.490,t2_squeezenet,6117.336,45.465,203,1
15.534,t2_squeezenet,6112.701,44.704,203,1
15.579,t2_squeezenet,6155.581,44.562,202,1
15.629,t2_squeezenet,6201.237,50.317,202,1
15.674,t2_squeezenet,6213.604,44.576,202,1
15.716,t2_squeezenet,6209.255,41.998,203,1
15.761,t2_squeezenet,6237.343,45.134,203,1
15.807,t2_squeezenet,6273.909,46.114,204,1
15.852,t2_squeezenet,6290.854,44.823,204,1
15.897,t2_squeezenet,6260.257,44.379,203,1
15.940,t2_squeezenet,6303.474,43.440,203,1
15.986,t2_squeezenet,6316.276,45.751,204,1
16.038,t2_squeezenet,6347.826,51.767,205,1
16.081,t2_squeezenet,6378.700,42.945,206,1
16.125,t2_squeezenet,6315.986,44.476,207,1
16.171,t2_squeezenet,6315.551,46.077,206,1
16.223,t2_squeezenet,6347.701,51.279,206,1
16.274,t2_squeezenet,6390.356,50.921,206,1
16.317,t2_squeezenet,6339.861,42.839,205,1
16.358,t2_squeezenet,6371.982,41.741,206,1
16.407,t2_squeezenet,6397.333,48.685,210,1
16.455,t2_squeezenet,6441.974,47.609,210,1
16.497,t2_squeezenet,6481.684,42.196,210,1
16.543,t2_squeezenet,6471.182,45.949,210,1
16.589,t2_squeezenet,6479.753,46.317,212,1
16.637,t2_squeezenet,6517.203,47.647,212,1
16.683,t2_squeezenet,6532.413,45.808,213,1
16.725,t2_squeezenet,6555.274,42.295,212,1
16.768,t2_squeezenet,6596.528,43.105,211,1
16.819,t2_squeezenet,6622.983,50.585,211,1
16.863,t2_squeezenet,6624.390,43.589,213,1
16.905,t2_squeezenet,6588.191,42.572,214,1
16.952,t2_squeezenet,6585.143,46.911,215,1
17.000,t2_squeezenet,6628.189,47.219,217,1
17.049,t2_squeezenet,6669.735,48.976,217,1
17.093,t2_squeezenet,6650.496,44.791,217,1
17.138,t2_squeezenet,6628.621,44.159,217,1
17.185,t2_squeezenet,6674.519,46.940,220,1
17.242,t2_squeezenet,6714.041,57.234,219,1
17.287,t2_squeezenet,6740.030,45.403,218,1
17.333,t2_squeezenet,6776.899,44.980,217,1
17.377,t2_squeezenet,6805.358,44.802,218,1
17.424,t2_squeezenet,6822.217,46.590,218,1
17.471,t2_squeezenet,6846.702,46.705,218,1
17.513,t2_squeezenet,6865.191,42.545,219,1
17.557,t2_squeezenet,6855.743,44.028,219,1
17.607,t2_squeezenet,6839.538,49.927,222,1
17.655,t2_squeezenet,6882.597,47.251,222,1
17.696,t2_squeezenet,6921.301,41.565,221,1
17.743,t2_squeezenet,6957.713,46.347,221,1
17.787,t2_squeezenet,6987.934,44.474,220,1
17.836,t2_squeezenet,7011.744,48.323,225,1
17.880,t2_squeezenet,7055.545,44.017,225,1
17.923,t2_squeezenet,7054.763,43.020,226,1
17.966,t2_squeezenet,7079.022,43.299,227,1
18.015,t2_squeezenet,7064.191,49.028,226,1
18.060,t2_squeezenet,7037.888,44.400,225,1
18.104,t2_squeezenet,6964.727,44.121,225,1
18.150,t2_squeezenet,6951.260,45.587,229,1
18.197,t2_squeezenet,6970.416,47.032,229,1
18.254,t2_squeezenet,7023.443,57.004,229,1
18.299,t2_squeezenet,7006.795,44.969,230,1
18.341,t2_squeezenet,6982.328,42.694,231,1
18.387,t2_squeezenet,7016.567,45.326,232,1
18.435,t2_squeezenet,7014.097,48.292,232,1
18.478,t2_squeezenet,7053.531,42.311,235,1
18.523,t2_squeezenet,7075.870,44.885,236,1
18.567,t2_squeezenet,7098.248,44.547,235,1
18.614,t2_squeezenet,7138.158,47.382,234,1
18.663,t2_squeezenet,7160.166,48.542,235,1
18.706,t2_squeezenet,7193.630,42.487,236,1
18.751,t2_squeezenet,7151.428,45.730,236,1
18.798,t2_squeezenet,7196.684,46.837,238,1
18.845,t2_squeezenet,7208.790,46.835,238,1
18.889,t2_squeezenet,7213.101,43.893,239,1
18.934,t2_squeezenet,7221.530,44.446,238,1
18.977,t2_squeezenet,7221.953,42.899,241,1
19.026,t2_squeezenet,7263.464,49.763,243,1
19.073,t2_squeezenet,7254.526,46.338,243,1
19.116,t2_squeezenet,7219.674,43.109,242,1
19.162,t2_squeezenet,7263.769,46.396,241,1
19.214,t2_squeezenet,7285.907,51.919,241,1
19.267,t2_squeezenet,7260.402,53.096,240,1
19.312,t2_squeezenet,7289.037,44.205,240,1
19.355,t2_squeezenet,7317.506,43.287,239,1
19.401,t2_squeezenet,7324.701,45.495,239,1
19.452,t2_squeezenet,7333.364,51.255,239,1
19.493,t2_squeezenet,7346.920,40.808,239,1
19.537,t2_squeezenet,7359.317,43.686,239,1
19.584,t2_squeezenet,7383.785,47.416,239,1
19.633,t2_squeezenet,7329.963,48.552,243,1
19.680,t2_squeezenet,7376.093,46.873,244,1
19.724,t2_squeezenet,7383.568,44.093,244,1
19.768,t2_squeezenet,7359.366,44.618,245,1
19.817,t2_squeezenet,7369.742,48.271,245,1
19.863,t2_squeezenet,7411.282,46.355,244,1
19.905,t2_squeezenet,7375.458,41.646,246,1
19.951,t2_squeezenet,7385.009,45.942,247,1
19.995,t2_squeezenet,7399.812,44.681,246,1
20.043,t2_squeezenet,7438.457,47.128,247,0
20.088,t2_squeezenet,7481.200,45.352,247,0
20.132,t2_squeezenet,7501.713,44.016,248,0
20.177,t2_squeezenet,7519.315,45.163,248,0
20.235,t2_squeezenet,7541.941,57.362,248,0
20.284,t2_squeezenet,7585.262,49.235,249,0
20.328,t2_squeezenet,7603.727,44.442,251,0
20.373,t2_squeezenet,7644.349,44.510,252,0
20.419,t2_squeezenet,7667.831,45.565,252,0
20.466,t2_squeezenet,7698.607,47.147,251,0
20.506,t2_squeezenet,7721.405,40.691,250,0
20.550,t2_squeezenet,7756.322,43.479,251,0
20.598,t2_squeezenet,7792.628,47.773,251,0
20.647,t2_squeezenet,7828.002,48.677,252,0
20.690,t2_squeezenet,7837.172,43.143,253,0
20.735,t2_squeezenet,7869.174,44.840,254,0
20.781,t2_squeezenet,7868.494,46.773,254,0
20.828,t2_squeezenet,7886.762,46.854,253,0
20.875,t2_squeezenet,7926.053,46.363,253,0
20.917,t2_squeezenet,7929.412,41.851,252,0
20.960,t2_squeezenet,7963.531,43.592,251,0
21.007,t2_squeezenet,8002.798,46.949,250,0
21.053,t2_squeezenet,8029.619,46.012,251,0
21.095,t2_squeezenet,8063.227,41.769,253,0
21.143,t2_squeezenet,8074.449,47.162,253,0
21.188,t2_squeezenet,8102.321,45.851,252,0
21.243,t2_squeezenet,8154.124,54.840,253,0
21.292,t2_squeezenet,8187.101,48.727,253,0
21.335,t2_squeezenet,8204.569,43.273,252,0
21.381,t2_squeezenet,8248.138,45.198,251,0
21.429,t2_squeezenet,8232.703,47.959,251,0
21.472,t2_squeezenet,8213.569,43.707,253,0
21.517,t2_squeezenet,8250.226,44.281,252,0
21.561,t2_squeezenet,8252.584,44.178,253,0
21.607,t2_squeezenet,8217.504,45.755,254,0
21.655,t2_squeezenet,8218.100,48.632,256,0
21.699,t2_squeezenet,8258.945,43.147,256,0
21.743,t2_squeezenet,8298.296,44.485,256,0
21.791,t2_squeezenet,8286.706,48.212,257,0
21.841,t2_squeezenet,8331.933,49.613,259,0
21.884,t2_squeezenet,8347.576,43.053,263,0
21.929,t2_squeezenet,8354.062,45.201,265,0
21.973,t2_squeezenet,8357.913,43.609,264,0
22.020,t2_squeezenet,8337.777,47.203,265,0
22.066,t2_squeezenet,8364.378,45.210,266,0
22.108,t2_squeezenet,8356.025,42.453,268,0
22.151,t2_squeezenet,8387.116,43.339,268,0
22.203,t2_squeezenet,8424.523,51.965,270,0
22.259,t2_squeezenet,8459.316,55.056,269,0
22.302,t2_squeezenet,8493.231,43.714,269,0
22.347,t2_squeezenet,8419.175,44.992,269,0
22.393,t2_squeezenet,8439.620,45.689,269,0
22.443,t2_squeezenet,8480.883,49.483,270,0
22.487,t2_squeezenet,8455.876,44.729,271,0
22.529,t2_squeezenet,8481.412,41.973,272,0
22.576,t2_squeezenet,8521.885,47.033,273,0
22.622,t2_squeezenet,8551.404,45.584,273,0
22.667,t2_squeezenet,8573.338,44.646,273,0
22.711,t2_squeezenet,8614.740,44.001,272,0
22.757,t2_squeezenet,8611.681,46.364,274,0
22.804,t2_squeezenet,8600.496,47.090,274,0
22.854,t2_squeezenet,8629.681,49.214,275,0
22.896,t2_squeezenet,8643.288,42.427,276,0
22.939,t2_squeezenet,8675.462,42.754,276,0
22.987,t2_squeezenet,8722.285,47.822,276,0
23.033,t2_squeezenet,8766.720,46.395,275,0
23.077,t2_squeezenet,8797.605,43.942,276,0
23.121,t2_squeezenet,8827.954,44.064,275,0
23.166,t2_squeezenet,8841.316,44.848,276,0
23.219,t2_squeezenet,8889.063,52.185,278,0
23.272,t2_squeezenet,8903.193,53.468,278,0
23.315,t2_squeezenet,8900.856,42.764,277,0
23.360,t2_squeezenet,8940.099,45.178,278,0
23.409,t2_squeezenet,8968.556,48.396,278,0
23.455,t2_squeezenet,8994.361,46.272,280,0
23.498,t2_squeezenet,8966.900,42.853,280,0
23.542,t2_squeezenet,8976.672,44.295,280,0
23.587,t2_squeezenet,9015.586,45.319,279,0
23.635,t2_squeezenet,9047.880,47.190,281,0
23.678,t2_squeezenet,9089.630,43.677,282,0
23.721,t2_squeezenet,9120.795,42.964,282,0
23.768,t2_squeezenet,9145.488,46.552,282,0
23.817,t2_squeezenet,9184.456,48.523,282,0
23.861,t2_squeezenet,9214.001,43.868,282,0
23.907,t2_squeezenet,9233.776,46.133,281,0
23.951,t2_squeezenet,9236.104,44.039,282,0
23.997,t2_squeezenet,9180.047,46.096,281,0
24.046,t2_squeezenet,9149.212,49.305,283,0
24.089,t2_squeezenet,9187.589,42.511,285,0
24.130,t2_squeezenet,9178.781,41.063,285,0
24.177,t2_squeezenet,9192.837,47.234,287,0
24.232,t2_squeezenet,9211.652,54.301,287,0
24.281,t2_squeezenet,9192.292,49.259,287,0
24.326,t2_squeezenet,9195.586,45.163,286,0
24.371,t2_squeezenet,9209.037,44.725,286,0
24.419,t2_squeezenet,9237.516,48.494,285,0
24.465,t2_squeezenet,9260.561,45.766,284,0
24.507,t2_squeezenet,9267.315,41.951,290,0
24.552,t2_squeezenet,9295.745,44.396,289,0
24.600,t2_squeezenet,9303.623,48.470,291,0
24.645,t2_squeezenet,9318.281,44.738,292,0
24.689,t2_squeezenet,9360.281,43.990,295,0
24.734,t2_squeezenet,9377.622,44.544,299,0
24.779,t2_squeezenet,9409.791,45.064,302,0
24.830,t2_squeezenet,9446.537,51.281,303,0
24.874,t2_squeezenet,9351.538,44.411,302,0
24.917,t2_squeezenet,9323.622,42.475,301,0
24.965,t2_squeezenet,9296.395,47.540,301,0
25.010,t2_squeezenet,9320.525,45.764,300,0
25.058,t2_squeezenet,9360.640,47.692,302,0
25.100,t2_squeezenet,9376.555,41.432,306,0
25.144,t2_squeezenet,9347.158,43.976,306,0
25.191,t2_squeezenet,9385.135,47.395,308,0
25.248,t2_squeezenet,9433.128,56.449,308,0
25.292,t2_squeezenet,9378.304,44.463,308,0
25.338,t2_squeezenet,9379.220,45.915,308,0
25.384,t2_squeezenet,9419.153,45.905,309,0
25.431,t2_squeezenet,9430.198,47.274,308,0
25.476,t2_squeezenet,9453.230,45.156,307,0
25.519,t2_squeezenet,9445.289,42.962,308,0
25.563,t2_squeezenet,9483.637,43.383,313,0
25.612,t2_squeezenet,9522.431,49.176,312,0
25.657,t2_squeezenet,9564.251,44.566,314,0
25.699,t2_squeezenet,9491.398,42.145,313,0
25.747,t2_squeezenet,9504.232,47.400,314,0
25.794,t2_squeezenet,9462.444,47.363,315,0
25.843,t2_squeezenet,9493.591,48.388,314,0
25.886,t2_squeezenet,9522.997,43.293,314,0
25.930,t2_squeezenet,9560.847,43.792,314,0
25.977,t2_squeezenet,9598.768,46.973,315,0
26.025,t2_squeezenet,9643.893,48.531,314,0
26.069,t2_squeezenet,9662.714,43.920,316,0
26.114,t2_squeezenet,9685.786,44.216,319,0
26.160,t2_squeezenet,9697.241,46.636,319,0
26.207,t2_squeezenet,9664.059,46.759,321,0
26.261,t2_squeezenet,9715.317,53.908,321,0
26.304,t2_squeezenet,9750.327,42.882,320,0
26.350,t2_squeezenet,9779.045,45.737,321,0
26.400,t2_squeezenet,9784.137,50.368,323,0
26.446,t2_squeezenet,9804.617,45.680,323,0
26.488,t2_squeezenet,9815.013,41.869,322,0
26.535,t2_squeezenet,9763.936,47.573,322,0
26.580,t2_squeezenet,9756.988,44.993,321,0
26.628,t2_squeezenet,9801.774,47.493,320,0
26.672,t2_squeezenet,9812.896,43.763,321,0
26.714,t2_squeezenet,9828.979,41.744,324,0
26.760,t2_squeezenet,9857.664,45.951,326,0
26.809,t2_squeezenet,9899.641,49.158,327,0
26.854,t2_squeezenet,9930.912,44.989,329,0
26.899,t2_squeezenet,9946.760,45.444,331,0
26.945,t2_squeezenet,9983.475,45.768,333,0
26.992,t2_squeezenet,10008.487,47.271,334,0
27.040,t2_squeezenet,10012.464,48.065,334,0
27.083,t2_squeezenet,10025.465,42.328,336,0
27.126,t2_squeezenet,9990.710,42.953,336,0
27.174,t2_squeezenet,10030.426,48.364,335,0
27.226,t2_squeezenet,10079.526,51.555,335,0
27.274,t2_squeezenet,10104.139,47.716,336,0
27.321,t2_squeezenet,10137.888,46.789,339,0
27.366,t2_squeezenet,10012.740,45.283,338,0
27.417,t2_squeezenet,10048.436,51.142,338,0
27.463,t2_squeezenet,10081.867,46.187,339,0
27.507,t2_squeezenet,10038.009,43.457,338,0
27.552,t2_squeezenet,10066.061,44.819,338,0
27.599,t2_squeezenet,10096.915,47.185,340,0
27.644,t2_squeezenet,10120.027,45.452,342,0
27.688,t2_squeezenet,10123.411,44.091,344,0
27.732,t2_squeezenet,10159.616,43.736,344,0
27.778,t2_squeezenet,10188.389,45.707,344,0
27.828,t2_squeezenet,10224.863,49.563,343,0
27.872,t2_squeezenet,10228.208,44.624,344,0
27.920,t2_squeezenet,10199.024,47.214,343,0
27.968,t2_squeezenet,10172.488,48.055,344,0
28.016,t2_squeezenet,10219.617,47.926,346,0
28.059,t2_squeezenet,10261.079,43.080,346,0
28.105,t2_squeezenet,10306.966,46.449,347,0
28.149,t2_squeezenet,10334.085,43.597,347,0
28.198,t2_squeezenet,10365.206,49.391,347,0
28.254,t2_squeezenet,10400.355,55.412,347,0
28.298,t2_squeezenet,10411.636,43.747,349,0
28.345,t2_squeezenet,10423.288,47.373,350,0
28.393,t2_squeezenet,10457.475,47.925,351,0
28.439,t2_squeezenet,10499.769,45.518,350,0
28.483,t2_squeezenet,10411.999,44.535,351,0
28.527,t2_squeezenet,10417.676,43.403,351,0
28.571,t2_squeezenet,10458.280,44.513,353,0
28.619,t2_squeezenet,10500.696,48.209,353,0
28.663,t2_squeezenet,10535.598,42.980,354,0
28.712,t2_squeezenet,10566.674,49.021,354,0
28.757,t2_squeezenet,10561.264,45.534,354,0
28.805,t2_squeezenet,10571.890,47.898,354,0
28.852,t2_squeezenet,10585.420,46.842,355,0
28.896,t2_squeezenet,10601.516,44.279,355,0
28.939,t2_squeezenet,10640.176,42.926,356,0
28.987,t2_squeezenet,10679.271,47.748,357,0
29.038,t2_squeezenet,10680.790,51.032,358,0
29.079,t2_squeezenet,10696.840,40.837,359,0
29.125,t2_squeezenet,10726.098,46.144,361,0
29.171,t2_squeezenet,10725.890,45.421,362,0
29.223,t2_squeezenet,10764.056,51.693,361,0
29.274,t2_squeezenet,10814.583,51.094,361,0
29.317,t2_squeezenet,10843.276,43.714,362,0
29.362,t2_squeezenet,10880.821,44.859,361,0
29.410,t2_squeezenet,10911.901,47.402,361,0
29.453,t2_squeezenet,10831.915,42.979,363,0
29.496,t2_squeezenet,10844.890,42.691,364,0
29.541,t2_squeezenet,10861.782,45.153,364,0
29.588,t2_squeezenet,10899.392,47.239,365,0
29.637,t2_squeezenet,10885.759,48.791,364,0
29.680,t2_squeezenet,10917.965,43.267,364,0
29.725,t2_squeezenet,10932.978,44.848,363,0
29.773,t2_squeezenet,10976.886,48.071,366,0
29.821,t2_squeezenet,11015.307,47.409,366,0
29.864,t2_squeezenet,11000.754,43.374,366,0
29.911,t2_squeezenet,11028.032,46.575,367,0
29.953,t2_squeezenet,11011.471,42.059,367,0
30.000,t2_squeezenet,11057.789,47.331,367,0
30.052,t2_squeezenet,11100.903,51.740,368,0
30.096,t2_squeezenet,11130.703,43.603,369,0
30.138,t2_squeezenet,11155.150,42.702,369,0
30.187,t2_squeezenet,11200.096,48.988,371,0
30.243,t2_squeezenet,11247.657,55.152,372,0
30.287,t2_squeezenet,11226.445,44.723,371,0
30.333,t2_squeezenet,11134.369,45.120,370,0
30.376,t2_squeezenet,11074.258,43.028,370,0
30.424,t2_squeezenet,11024.462,48.740,370,0
30.470,t2_squeezenet,11036.048,45.772,369,0
30.515,t2_squeezenet,11047.011,44.264,369,0
30.562,t2_squeezenet,11042.381,47.149,368,0
30.611,t2_squeezenet,11071.237,49.664,373,0
30.655,t2_squeezenet,11061.173,43.793,374,0
30.701,t2_squeezenet,11091.327,45.627,373,0
30.745,t2_squeezenet,11127.629,43.657,373,0
30.789,t2_squeezenet,11168.387,44.252,375,0
30.839,t2_squeezenet,11209.439,50.277,376,0
30.882,t2_squeezenet,11248.116,42.504,376,0
30.927,t2_squeezenet,11283.353,45.376,376,0
30.975,t2_squeezenet,11261.158,47.931,379,0
31.023,t2_squeezenet,11284.530,47.915,379,0
31.067,t2_squeezenet,11324.261,44.218,380,0
31.116,t2_squeezenet,11325.990,48.814,380,0
31.161,t2_squeezenet,11283.366,44.325,380,0
31.213,t2_squeezenet,11332.165,52.429,380,0
31.262,t2_squeezenet,11374.335,48.427,381,0
31.305,t2_squeezenet,11388.407,42.891,381,0
31.350,t2_squeezenet,11400.932,45.616,382,0
31.397,t2_squeezenet,11394.131,46.965,382,0
31.444,t2_squeezenet,11412.450,46.205,382,0
31.490,t2_squeezenet,11430.961,46.414,385,0
31.533,t2_squeezenet,11443.183,43.120,385,0
31.578,t2_squeezenet,11457.058,44.851,385,0
31.631,t2_squeezenet,11460.484,53.136,385,0
31.673,t2_squeezenet,11452.740,41.256,384,0
31.718,t2_squeezenet,11468.097,44.791,384,0
31.763,t2_squeezenet,11501.343,45.356,385,0
31.815,t2_squeezenet,11511.643,51.890,385,0
31.861,t2_squeezenet,11551.926,45.909,385,0
31.911,t2_squeezenet,11595.518,50.010,388,0
31.955,t2_squeezenet,11606.380,44.441,390,0
32.007,t2_squeezenet,11655.185,51.232,390,0
32.050,t2_squeezenet,11635.935,43.104,390,0
32.092,t2_squeezenet,11554.195,41.955,390,0
32.139,t2_squeezenet,11590.204,46.957,390,0
32.185,t2_squeezenet,11609.353,46.105,391,0
32.239,t2_squeezenet,11628.751,53.863,390,0
32.287,t2_squeezenet,11663.876,48.133,389,0
32.331,t2_squeezenet,11670.020,43.511,388,0
32.378,t2_squeezenet,11698.727,47.173,390,0
32.429,t2_squeezenet,11737.108,51.346,391,0
32.473,t2_squeezenet,11769.274,43.434,391,0
32.517,t2_squeezenet,11773.392,44.544,391,0
32.564,t2_squeezenet,11731.526,46.613,393,0
32.613,t2_squeezenet,11604.046,48.679,396,0
32.658,t2_squeezenet,11618.914,45.450,396,0
32.703,t2_squeezenet,11647.194,44.317,397,0
32.750,t2_squeezenet,11683.484,47.390,397,0
32.798,t2_squeezenet,11726.570,47.516,396,0
32.849,t2_squeezenet,11731.627,51.706,396,0
32.891,t2_squeezenet,11686.630,41.492,395,0
32.940,t2_squeezenet,11704.235,49.262,398,0
32.984,t2_squeezenet,11731.261,44.177,400,0
33.034,t2_squeezenet,11626.733,49.312,400,0
33.082,t2_squeezenet,11648.047,48.341,400,0
33.129,t2_squeezenet,11693.761,46.421,402,0
33.174,t2_squeezenet,11715.649,45.517,401,0
33.230,t2_squeezenet,11713.347,56.045,401,0
33.278,t2_squeezenet,11753.733,47.960,402,0
33.323,t2_squeezenet,11740.848,44.301,401,0
33.368,t2_squeezenet,11763.638,44.798,401,0
33.418,t2_squeezenet,11811.389,50.782,401,0
33.467,t2_squeezenet,11851.297,48.837,402,0
33.513,t2_squeezenet,11895.047,45.768,402,0
33.553,t2_squeezenet,11864.500,40.334,402,0
33.610,t2_squeezenet,11881.234,55.991,402,0
33.653,t2_squeezenet,11898.242,43.486,404,0
33.697,t2_squeezenet,11929.482,44.365,403,0
33.752,t2_squeezenet,11957.231,54.612,406,0
33.797,t2_squeezenet,11988.352,45.162,406,0
33.851,t2_squeezenet,12028.245,53.255,406,0
33.896,t2_squeezenet,12044.802,45.055,405,0
33.946,t2_squeezenet,12087.080,50.574,406,0
33.993,t2_squeezenet,12127.127,46.386,412,0
34.042,t2_squeezenet,12164.194,48.706,415,0
34.087,t2_squeezenet,12207.251,44.966,418,0
34.139,t2_squeezenet,12231.860,52.059,418,0
34.183,t2_squeezenet,12267.095,44.615,418,0
34.240,t2_squeezenet,12311.377,56.365,419,0
34.288,t2_squeezenet,12276.696,48.170,420,0
34.330,t2_squeezenet,12313.065,42.345,419,0
34.376,t2_squeezenet,12340.413,45.607,420,0
34.427,t2_squeezenet,12362.637,50.430,419,0
34.473,t2_squeezenet,12404.257,46.547,419,0
34.526,t2_squeezenet,12456.455,53.163,420,0
34.569,t2_squeezenet,12480.972,42.782,423,0
34.621,t2_squeezenet,12484.738,51.488,422,0
34.672,t2_squeezenet,12510.490,51.179,421,0
34.721,t2_squeezenet,12558.086,49.313,422,0
34.766,t2_squeezenet,12575.457,44.434,423,0
34.818,t2_squeezenet,12544.669,52.244,425,0
34.863,t2_squeezenet,12535.915,44.903,425,0
34.918,t2_squeezenet,12563.199,54.551,426,0
34.962,t2_squeezenet,12563.742,44.363,427,0
35.012,t2_squeezenet,12582.561,49.543,428,0
35.057,t2_squeezenet,12591.998,45.298,428,0
35.112,t2_squeezenet,12634.371,54.541,430,0
35.155,t2_squeezenet,12651.143,42.886,430,0
35.211,t2_squeezenet,12702.906,56.368,429,0
35.256,t2_squeezenet,12721.883,44.726,429,0
35.304,t2_squeezenet,12762.253,48.476,430,0
35.347,t2_squeezenet,12735.683,42.507,430,0
35.387,t2_squeezenet,12740.670,40.327,431,0
35.436,t2_squeezenet,12712.845,48.608,432,0
35.483,t2_squeezenet,12758.099,46.923,433,0
35.538,t2_squeezenet,12811.406,55.524,434,0
35.584,t2_squeezenet,12801.879,45.258,433,0
35.631,t2_squeezenet,12821.909,46.989,432,0
35.674,t2_squeezenet,12821.950,43.462,431,0
35.732,t2_squeezenet,12838.183,57.558,432,0
35.774,t2_squeezenet,12879.381,42.022,434,0
35.826,t2_squeezenet,12888.857,51.859,436,0
35.871,t2_squeezenet,12913.450,45.014,437,0
35.928,t2_squeezenet,12860.090,56.707,438,0
35.977,t2_squeezenet,12902.798,49.127,442,0
36.028,t2_squeezenet,12890.477,50.997,443,0
36.072,t2_squeezenet,12917.782,44.540,443,0
36.126,t2_squeezenet,12948.269,53.218,444,0
36.171,t2_squeezenet,12987.946,45.711,444,0
36.218,t2_squeezenet,13014.183,46.582,445,0
36.265,t2_squeezenet,13029.150,47.071,446,0
36.311,t2_squeezenet,12958.121,45.295,447,0
36.361,t2_squeezenet,13005.455,50.234,448,0
36.411,t2_squeezenet,13046.113,49.811,450,0
36.452,t2_squeezenet,13043.375,41.448,450,0
36.511,t2_squeezenet,13094.720,58.489,458,0
36.555,t2_squeezenet,13107.348,43.681,458,0
36.610,t2_squeezenet,13115.868,55.251,459,0
36.650,t2_squeezenet,13108.359,40.182,459,0
36.694,t2_squeezenet,13100.785,43.665,460,0
36.748,t2_squeezenet,13144.901,54.403,464,0
36.809,t2_squeezenet,13193.593,61.157,463,0
36.851,t2_squeezenet,13200.694,41.245,466,0
36.897,t2_squeezenet,13240.280,45.929,465,0
36.949,t2_squeezenet,13236.193,51.861,466,0
37.010,t2_squeezenet,13264.106,61.579,466,0
37.052,t2_squeezenet,13265.125,41.637,467,0
37.094,t2_squeezenet,13235.716,41.612,466,0
37.146,t2_squeezenet,13215.406,52.444,467,0
37.196,t2_squeezenet,13255.434,49.328,472,0
37.253,t2_squeezenet,13241.708,57.381,474,0
37.299,t2_squeezenet,13273.413,46.123,475,0
37.351,t2_squeezenet,13310.763,51.627,474,0
37.411,t2_squeezenet,13356.028,59.932,473,0
37.454,t2_squeezenet,13372.908,42.912,472,0
37.495,t2_squeezenet,13408.200,41.020,471,0
37.550,t2_squeezenet,13450.473,54.785,474,0
37.594,t2_squeezenet,13447.268,44.757,473,0
37.651,t2_squeezenet,13493.294,56.579,474,0
37.710,t2_squeezenet,13539.855,58.790,476,0
37.752,t2_squeezenet,13552.167,42.246,475,0
37.812,t2_squeezenet,13570.793,59.408,474,0
37.859,t2_squeezenet,13492.469,47.010,476,0
37.914,t2_squeezenet,13446.512,55.472,476,0
37.958,t2_squeezenet,13487.117,43.897,477,0
38.013,t2_squeezenet,13537.376,55.355,478,0
38.062,t2_squeezenet,13583.413,48.205,478,0
38.117,t2_squeezenet,13637.242,55.349,479,0
38.159,t2_squeezenet,13672.693,41.952,480,0
38.215,t2_squeezenet,13709.986,56.325,479,0
38.261,t2_squeezenet,13703.708,45.570,480,0
38.317,t2_squeezenet,13754.603,56.276,480,0
38.362,t2_squeezenet,13794.519,44.195,479,0
38.414,t2_squeezenet,13788.883,52.717,480,0
38.460,t2_squeezenet,13815.397,45.242,479,0
38.515,t2_squeezenet,13862.269,55.751,480,0
38.562,t2_squeezenet,13884.454,46.695,479,0
38.623,t2_squeezenet,13944.628,60.335,480,0
38.667,t2_squeezenet,13984.720,44.121,481,0
38.726,t2_squeezenet,14031.967,59.149,481,0
38.773,t2_squeezenet,14075.118,47.280,482,0
38.829,t2_squeezenet,14123.423,55.324,487,0
38.874,t2_squeezenet,14166.409,45.175,486,0
38.929,t2_squeezenet,14197.208,54.730,486,0
38.979,t2_squeezenet,14229.040,50.545,485,0
39.035,t2_squeezenet,14282.816,55.661,484,0
39.076,t2_squeezenet,14319.506,41.042,485,0
39.132,t2_squeezenet,14374.654,56.311,484,0
39.180,t2_squeezenet,14399.478,47.850,484,0
39.241,t2_squeezenet,14441.185,60.597,484,0
39.284,t2_squeezenet,14358.291,42.610,486,0
39.332,t2_squeezenet,14313.058,47.965,485,0
39.379,t2_squeezenet,14330.214,47.377,486,0
39.442,t2_squeezenet,14386.281,62.649,485,0
39.484,t2_squeezenet,14424.377,42.648,487,0
39.538,t2_squeezenet,14464.073,53.084,487,0
39.582,t2_squeezenet,14503.465,44.450,486,0
39.645,t2_squeezenet,14565.217,63.401,488,0
39.690,t2_squeezenet,14600.891,44.502,487,0
39.746,t2_squeezenet,14627.937,55.818,487,0
39.792,t2_squeezenet,14645.283,45.864,488,0
39.855,t2_squeezenet,14667.487,63.357,489,0
39.914,t2_squeezenet,14725.413,59.208,492,0
39.956,t2_squeezenet,14739.983,41.495,493,0
40.014,t2_squeezenet,14725.289,58.317,496,0
40.063,t2_squeezenet,14757.065,48.253,497,0
40.119,t2_squeezenet,14780.979,56.605,496,0
40.166,t2_squeezenet,14798.685,46.276,497,0
40.223,t2_squeezenet,14739.918,57.365,497,0
40.270,t2_squeezenet,14767.566,47.146,499,0
40.330,t2_squeezenet,14810.249,59.745,498,0
40.373,t2_squeezenet,14852.645,42.825,499,0
40.429,t2_squeezenet,14904.579,56.624,499,0
40.473,t2_squeezenet,14945.712,43.493,498,0
40.537,t2_squeezenet,15006.674,63.670,499,0
40.583,t2_squeezenet,15024.117,45.820,498,0
40.639,t2_squeezenet,15019.771,56.331,499,0
40.686,t2_squeezenet,15042.413,46.465,500,0
40.743,t2_squeezenet,15091.690,57.422,500,0
40.809,t2_squeezenet,15102.412,66.356,500,0
40.851,t2_squeezenet,15114.544,41.080,500,0
40.911,t2_squeezenet,15149.882,60.884,499,0
40.958,t2_squeezenet,15164.457,46.887,500,0
41.016,t2_squeezenet,15134.181,57.293,499,0
41.061,t2_squeezenet,15164.268,45.255,500,0
41.119,t2_squeezenet,15170.847,57.705,500,0
41.164,t2_squeezenet,15206.504,45.632,499,0
41.228,t2_squeezenet,15187.984,63.214,500,0
41.272,t2_squeezenet,15223.584,44.076,499,0
41.328,t2_squeezenet,15261.442,55.786,500,0
41.373,t2_squeezenet,15300.307,45.574,499,0
41.434,t2_squeezenet,15354.674,60.576,500,0
41.483,t2_squeezenet,15371.333,48.905,499,0
41.541,t2_squeezenet,15427.922,58.013,500,0
41.586,t2_squeezenet,15436.360,45.556,499,0
41.647,t2_squeezenet,15486.239,60.208,499,0
41.695,t2_squeezenet,15522.728,48.404,499,0
41.749,t2_squeezenet,15574.481,53.285,498,0
41.810,t2_squeezenet,15577.533,61.282,500,0
41.856,t2_squeezenet,15533.370,46.046,500,0
41.919,t2_squeezenet,15577.376,62.829,499,0
41.964,t2_squeezenet,15607.995,45.334,500,0
42.023,t2_squeezenet,15666.407,58.668,499,0
42.067,t2_squeezenet,15676.091,43.833,500,0
42.127,t2_squeezenet,15694.174,60.163,500,0
42.174,t2_squeezenet,15664.703,46.580,500,0
42.234,t2_squeezenet,15600.906,60.252,500,0
42.277,t2_squeezenet,15615.739,42.991,500,0
42.334,t2_squeezenet,15652.121,56.792,500,0
42.384,t2_squeezenet,15688.966,50.125,500,0
42.447,t2_squeezenet,15745.159,62.863,500,0
42.511,t2_squeezenet,15807.968,63.713,500,0
42.555,t2_squeezenet,15833.829,44.008,500,0
42.621,t2_squeezenet,15880.972,66.305,500,0
42.666,t2_squeezenet,15922.837,44.974,500,0
42.723,t2_squeezenet,15951.330,56.987,500,0
42.770,t2_squeezenet,15965.207,47.185,499,0
42.831,t2_squeezenet,16003.227,60.298,500,0
42.877,t2_squeezenet,16041.745,46.380,500,0
42.938,t2_squeezenet,16100.565,60.527,499,0
42.983,t2_squeezenet,16128.241,45.475,500,0
43.046,t2_squeezenet,16187.320,62.470,500,0
43.113,t2_squeezenet,16229.336,67.232,500,0
43.157,t2_squeezenet,16247.638,44.566,500,0
43.218,t2_squeezenet,16300.670,60.404,500,0
43.264,t2_squeezenet,16327.317,46.156,499,0
43.323,t2_squeezenet,16362.074,59.019,500,0
43.365,t2_squeezenet,16373.017,41.795,500,0
43.431,t2_squeezenet,16410.594,65.484,500,0
43.475,t2_squeezenet,16426.991,44.375,499,0
43.536,t2_squeezenet,16466.640,61.107,500,0
43.582,t2_squeezenet,16501.174,46.101,500,0
43.640,t2_squeezenet,16535.495,57.522,500,0
43.687,t2_squeezenet,16503.819,47.346,499,0
43.753,t2_squeezenet,16526.551,65.900,499,0
43.816,t2_squeezenet,16585.640,62.227,500,0
43.857,t2_squeezenet,16576.170,40.939,499,0
43.914,t2_squeezenet,16627.274,57.437,500,0
43.960,t2_squeezenet,16667.560,45.440,499,0
44.023,t2_squeezenet,16719.807,63.305,500,0
44.069,t2_squeezenet,16674.467,46.009,500,0
44.132,t2_squeezenet,16675.188,62.796,500,0
44.178,t2_squeezenet,16719.730,46.425,499,0
44.242,t2_squeezenet,16709.783,63.614,500,0
44.286,t2_squeezenet,16728.503,44.002,500,0
44.346,t2_squeezenet,16775.881,60.051,500,0
44.389,t2_squeezenet,16805.198,43.316,500,0
44.452,t2_squeezenet,16845.763,62.738,500,0
44.520,t2_squeezenet,16903.707,68.119,500,0
44.563,t2_squeezenet,16920.815,43.097,500,0
44.625,t2_squeezenet,16966.483,61.250,500,0
44.671,t2_squeezenet,17006.403,45.794,500,0
44.736,t2_squeezenet,17059.274,65.749,500,0
44.779,t2_squeezenet,17053.587,42.808,499,0
44.844,t2_squeezenet,17085.444,64.702,498,0
44.889,t2_squeezenet,17049.881,44.661,500,0
44.951,t2_squeezenet,17090.531,62.186,500,0
45.016,t2_squeezenet,17093.439,65.226,500,0
45.058,t2_squeezenet,17118.001,41.428,500,0
45.121,t2_squeezenet,17149.809,62.925,500,0
45.168,t2_squeezenet,17183.073,47.467,500,0
45.234,t2_squeezenet,17235.351,65.390,500,0
45.278,t2_squeezenet,17229.180,44.391,500,0
45.336,t2_squeezenet,17253.248,58.290,500,0
45.385,t2_squeezenet,17282.175,48.732,500,0
45.447,t2_squeezenet,17337.717,61.870,499,0
45.512,t2_squeezenet,17338.271,64.960,500,0
45.553,t2_squeezenet,17349.340,41.197,500,0
45.613,t2_squeezenet,17355.605,59.522,500,0
45.660,t2_squeezenet,17394.613,47.262,499,0
45.725,t2_squeezenet,17456.836,64.535,498,0
45.770,t2_squeezenet,17456.318,45.635,499,0
45.830,t2_squeezenet,17502.354,59.318,500,0
45.879,t2_squeezenet,17530.554,49.356,500,0
45.944,t2_squeezenet,17564.197,64.588,500,0
45.986,t2_squeezenet,17525.508,41.699,500,0
46.047,t2_squeezenet,17564.585,61.810,500,0
46.113,t2_squeezenet,17602.885,64.842,500,0
46.159,t2_squeezenet,17618.238,46.928,500,0
46.217,t2_squeezenet,17666.937,57.966,500,0
46.262,t2_squeezenet,17694.006,44.388,500,0
46.329,t2_squeezenet,17748.476,66.954,500,0
46.376,t2_squeezenet,17731.210,46.879,500,0
46.438,t2_squeezenet,17782.715,61.734,500,0
46.481,t2_squeezenet,17807.486,43.231,500,0
46.547,t2_squeezenet,17814.895,65.813,500,0
46.613,t2_squeezenet,17816.735,66.424,500,0
46.658,t2_squeezenet,17830.366,44.425,500,0
46.719,t2_squeezenet,17870.709,60.938,499,0
46.763,t2_squeezenet,17867.861,44.692,500,0
46.831,t2_squeezenet,17898.472,67.890,500,0
46.876,t2_squeezenet,17941.512,44.491,500,0
46.938,t2_squeezenet,17996.924,61.893,500,0
46.982,t2_squeezenet,18040.005,44.379,499,0
47.045,t2_squeezenet,18027.432,62.330,499,0
47.113,t2_squeezenet,18082.380,68.582,499,0
47.156,t2_squeezenet,18106.712,42.755,500,0
47.221,t2_squeezenet,18155.945,64.842,499,0
47.265,t2_squeezenet,18171.938,44.298,500,0
47.327,t2_squeezenet,18206.749,61.776,500,0
47.370,t2_squeezenet,18248.996,43.057,500,0
47.434,t2_squeezenet,18301.818,63.384,500,0
47.481,t2_squeezenet,18327.669,47.016,499,0
47.545,t2_squeezenet,18297.118,64.652,500,0
47.613,t2_squeezenet,18320.383,68.086,499,0
47.656,t2_squeezenet,18355.404,42.553,500,0
47.721,t2_squeezenet,18323.292,64.719,500,0
47.768,t2_squeezenet,18347.027,46.615,500,0
47.834,t2_squeezenet,18398.030,66.038,500,0
47.877,t2_squeezenet,18430.382,43.619,500,0
47.940,t2_squeezenet,18467.553,63.044,500,0
47.986,t2_squeezenet,18490.300,45.413,500,0
48.051,t2_squeezenet,18535.256,65.333,500,0
48.118,t2_squeezenet,18540.941,66.475,499,0
48.161,t2_squeezenet,18582.387,43.350,499,0
48.226,t2_squeezenet,18579.960,65.248,499,0
48.275,t2_squeezenet,18523.542,48.570,500,0
48.337,t2_squeezenet,18577.424,61.533,500,0
48.381,t2_squeezenet,18618.014,44.255,499,0
48.448,t2_squeezenet,18683.568,67.343,500,0
48.514,t2_squeezenet,18697.102,65.667,500,0
48.561,t2_squeezenet,18735.850,46.576,500,0
48.623,t2_squeezenet,18756.359,62.191,500,0
48.668,t2_squeezenet,18777.260,44.743,500,0
48.732,t2_squeezenet,18799.448,64.352,500,0
48.783,t2_squeezenet,18784.540,50.893,499,0
48.846,t2_squeezenet,18829.831,62.997,499,0
48.916,t2_squeezenet,18894.911,69.297,500,0
48.960,t2_squeezenet,18899.380,44.194,499,0
49.026,t2_squeezenet,18933.711,66.119,499,0
49.072,t2_squeezenet,18945.504,45.983,500,0
49.136,t2_squeezenet,18979.764,63.494,500,0
49.179,t2_squeezenet,18998.498,43.826,500,0
49.247,t2_squeezenet,19059.840,67.659,500,0
49.317,t2_squeezenet,19114.637,69.378,500,0
49.360,t2_squeezenet,19152.346,42.911,500,0
49.425,t2_squeezenet,19091.058,65.602,500,0
49.470,t2_squeezenet,19078.942,44.566,499,0
49.540,t2_squeezenet,19037.740,70.513,500,0
49.610,t2_squeezenet,19045.685,69.480,500,0
49.652,t2_squeezenet,19072.798,42.418,500,0
49.721,t2_squeezenet,19134.947,68.413,500,0
49.768,t2_squeezenet,19179.249,46.941,500,0
49.832,t2_squeezenet,19226.487,64.418,500,0
49.875,t2_squeezenet,19267.888,42.711,500,0
49.942,t2_squeezenet,19298.553,67.142,500,0
50.012,t2_squeezenet,19362.030,70.054,500,0
50.062,t2_squeezenet,19336.418,49.397,500,0
50.128,t2_squeezenet,19370.939,65.918,500,0
50.173,t2_squeezenet,19399.206,45.109,500,0
50.240,t2_squeezenet,19452.536,66.924,500,0
50.310,t2_squeezenet,19496.086,69.813,500,0
50.350,t2_squeezenet,19519.278,40.849,500,0
50.419,t2_squeezenet,19558.643,68.524,500,0
50.465,t2_squeezenet,19576.473,46.353,499,0
50.531,t2_squeezenet,19592.767,65.988,500,0
50.582,t2_squeezenet,19639.367,50.950,500,0
50.649,t2_squeezenet,19685.612,66.714,500,0
50.718,t2_squeezenet,19752.283,68.846,500,0
50.764,t2_squeezenet,19765.029,45.742,500,0
50.841,t2_squeezenet,19813.850,76.680,500,0
50.883,t2_squeezenet,19822.564,42.158,499,0
50.945,t2_squeezenet,19845.930,62.129,500,0
51.015,t2_squeezenet,19896.998,69.914,499,0
51.062,t2_squeezenet,19886.274,47.048,498,0
51.130,t2_squeezenet,19908.330,67.535,499,0
51.172,t2_squeezenet,19943.000,42.368,499,0
51.242,t2_squeezenet,19939.036,70.461,500,0
51.310,t2_squeezenet,19993.437,67.649,500,0
51.353,t2_squeezenet,20020.687,43.004,500,0
51.421,t2_squeezenet,20059.488,67.693,500,0
51.466,t2_squeezenet,20035.465,44.811,500,0
51.538,t2_squeezenet,20088.739,72.345,500,0
51.612,t2_squeezenet,20160.293,73.284,500,0
51.655,t2_squeezenet,20183.694,43.107,500,0
51.723,t2_squeezenet,20244.755,68.596,500,0
51.769,t2_squeezenet,20257.888,46.046,500,0
51.844,t2_squeezenet,20310.252,74.731,500,0
51.915,t2_squeezenet,20299.073,71.174,500,0
51.959,t2_squeezenet,20263.609,43.300,500,0
52.026,t2_squeezenet,20292.248,67.261,500,0
52.074,t2_squeezenet,20316.729,48.317,500,0
52.144,t2_squeezenet,20332.128,69.576,500,0
52.212,t2_squeezenet,20392.502,67.608,500,0
52.257,t2_squeezenet,20394.412,45.333,499,0
52.323,t2_squeezenet,20456.115,65.615,498,0
52.370,t2_squeezenet,20495.850,47.588,500,0
52.439,t2_squeezenet,20543.521,68.892,500,0
52.482,t2_squeezenet,20547.449,42.948,500,0
52.550,t2_squeezenet,20607.147,68.094,500,0
52.623,t2_squeezenet,20673.269,72.486,500,0
52.670,t2_squeezenet,20713.225,47.514,500,0
52.736,t2_squeezenet,20715.419,65.458,499,0
52.782,t2_squeezenet,20707.454,46.235,499,0
52.852,t2_squeezenet,20721.165,70.130,500,0
52.924,t2_squeezenet,20761.855,71.539,500,0
52.967,t2_squeezenet,20784.134,42.602,500,0
53.033,t2_squeezenet,20698.767,66.741,500,0
53.080,t2_squeezenet,20713.832,46.840,500,0
53.151,t2_squeezenet,20774.757,70.235,500,0
53.223,t2_squeezenet,20823.650,72.421,499,0
53.268,t2_squeezenet,20845.588,44.463,498,0
53.342,t2_squeezenet,20893.051,73.831,500,0
53.413,t2_squeezenet,20933.669,71.238,500,0
53.456,t2_squeezenet,20933.331,43.288,499,0
53.521,t2_squeezenet,20986.286,64.808,498,0
53.569,t2_squeezenet,21009.450,47.496,497,0
53.639,t2_squeezenet,21064.168,70.802,499,0
53.714,t2_squeezenet,21124.827,74.543,500,0
53.755,t2_squeezenet,21157.010,41.034,500,0
53.825,t2_squeezenet,21224.171,69.501,500,0
53.873,t2_squeezenet,21242.645,47.997,500,0
53.947,t2_squeezenet,21260.918,74.274,500,0
54.014,t2_squeezenet,21315.183,67.138,500,0
54.058,t2_squeezenet,21309.397,43.623,500,0
54.132,t2_squeezenet,21326.146,74.530,500,0
54.179,t2_squeezenet,21287.825,46.621,499,0
54.246,t2_squeezenet,21348.556,66.863,500,0
54.314,t2_squeezenet,21411.293,67.617,500,0
54.359,t2_squeezenet,21438.764,45.778,499,0
54.430,t2_squeezenet,21460.224,70.598,500,0
54.478,t2_squeezenet,21499.560,47.530,500,0
54.548,t2_squeezenet,21567.821,70.491,500,0
54.619,t2_squeezenet,21634.312,71.116,500,0
54.666,t2_squeezenet,21624.017,46.468,500,0
54.734,t2_squeezenet,21647.933,68.050,500,0
54.777,t2_squeezenet,21680.767,42.756,500,0
54.848,t2_squeezenet,21733.025,71.400,500,0
54.922,t2_squeezenet,21705.774,73.532,500,0
54.971,t2_squeezenet,21731.231,49.377,500,0
55.040,t2_squeezenet,21792.352,68.614,500,0
55.112,t2_squeezenet,21779.006,72.448,499,0
55.156,t2_squeezenet,21739.349,43.621,499,0
55.231,t2_squeezenet,21803.165,74.591,499,0
55.274,t2_squeezenet,21830.019,43.910,499,0
55.340,t2_squeezenet,21860.176,65.726,498,0
55.411,t2_squeezenet,21886.615,70.626,500,0
55.457,t2_squeezenet,21901.668,46.110,500,0
55.531,t2_squeezenet,21903.466,73.806,500,0
55.573,t2_squeezenet,21942.635,42.376,500,0
55.647,t2_squeezenet,22003.878,73.591,500,0
55.715,t2_squeezenet,22017.579,68.187,500,0
55.766,t2_squeezenet,22067.396,50.171,500,0
55.834,t2_squeezenet,22094.948,68.491,500,0
55.881,t2_squeezenet,22136.459,46.609,500,0
55.948,t2_squeezenet,22167.336,66.827,500,0
56.023,t2_squeezenet,22204.971,75.311,499,0
56.067,t2_squeezenet,22166.671,44.039,498,0
56.139,t2_squeezenet,22195.174,71.564,500,0
56.211,t2_squeezenet,22264.798,72.680,500,0
56.259,t2_squeezenet,22311.545,47.523,499,0
56.327,t2_squeezenet,22370.376,67.632,499,0
56.370,t2_squeezenet,22409.960,43.470,499,0
56.441,t2_squeezenet,22471.494,70.439,500,0
56.516,t2_squeezenet,22541.121,74.836,500,0
56.564,t2_squeezenet,22587.584,48.179,499,0
56.636,t2_squeezenet,22638.895,72.285,500,0
56.710,t2_squeezenet,22701.147,73.840,499,0
56.753,t2_squeezenet,22725.173,42.815,500,0
56.828,t2_squeezenet,22787.669,74.595,500,0
56.872,t2_squeezenet,22815.673,43.904,500,0
56.941,t2_squeezenet,22882.651,69.487,500,0
57.014,t2_squeezenet,22952.561,73.222,500,0
57.063,t2_squeezenet,22999.204,48.757,499,0
57.137,t2_squeezenet,23025.816,74.012,500,0
57.211,t2_squeezenet,23037.646,73.830,500,0
57.255,t2_squeezenet,23066.163,44.050,499,0
57.328,t2_squeezenet,23124.343,73.129,500,0
57.374,t2_squeezenet,23107.359,46.150,500,0
57.443,t2_squeezenet,23172.480,68.748,500,0
57.515,t2_squeezenet,23168.384,71.746,500,0
57.563,t2_squeezenet,23188.452,47.842,500,0
57.639,t2_squeezenet,23183.983,76.354,500,0
57.714,t2_squeezenet,23204.848,74.742,500,0
57.756,t2_squeezenet,23232.916,42.316,500,0
57.832,t2_squeezenet,23286.607,75.076,500,0
57.878,t2_squeezenet,23330.159,46.599,500,0
57.951,t2_squeezenet,23402.837,72.808,500,0
58.024,t2_squeezenet,23475.294,72.842,500,0
58.070,t2_squeezenet,23365.618,46.394,499,0
58.143,t2_squeezenet,23428.608,72.414,500,0
58.223,t2_squeezenet,23478.129,80.318,500,0
58.266,t2_squeezenet,23505.098,42.945,499,0
58.339,t2_squeezenet,23558.767,72.504,499,0
58.412,t2_squeezenet,23615.988,73.383,499,0
58.459,t2_squeezenet,23642.684,46.452,500,0
58.530,t2_squeezenet,23682.715,71.367,500,0
58.575,t2_squeezenet,23694.950,44.430,500,0
58.648,t2_squeezenet,23752.734,73.491,500,0
58.724,t2_squeezenet,23789.108,75.731,500,0
58.770,t2_squeezenet,23826.810,45.466,500,0
58.845,t2_squeezenet,23838.612,75.717,500,0
58.919,t2_squeezenet,23907.842,73.735,500,0
58.966,t2_squeezenet,23915.419,47.206,500,0
59.043,t2_squeezenet,23977.068,77.013,500,0
59.112,t2_squeezenet,24038.607,68.784,499,0
59.154,t2_squeezenet,24048.364,41.535,500,0
59.233,t2_squeezenet,24102.268,78.698,500,0
59.310,t2_squeezenet,24092.252,77.342,500,0
59.352,t2_squeezenet,24088.242,42.394,500,0
59.424,t2_squeezenet,24130.533,71.955,500,0
59.470,t2_squeezenet,24141.869,45.585,500,0
59.544,t2_squeezenet,24188.019,74.215,500,0
59.618,t2_squeezenet,24255.196,73.869,500,0
59.662,t2_squeezenet,24271.840,43.843,500,0
59.738,t2_squeezenet,24323.270,75.750,500,0
59.814,t2_squeezenet,24369.148,76.184,500,0
59.859,t2_squeezenet,24397.925,44.794,500,0
59.937,t2_squeezenet,24445.050,77.609,499,0
60.011,t2_squeezenet,24507.228,74.412,500,0
60.058,t2_squeezenet,24381.782,47.181,500,0
60.133,t2_squeezenet,24433.270,74.182,500,0
60.175,t2_squeezenet,24440.112,42.246,500,0
60.249,t2_squeezenet,24503.651,74.556,500,0
60.325,t2_squeezenet,24576.287,75.150,500,0
60.370,t2_squeezenet,24591.722,45.229,500,0
60.443,t2_squeezenet,24652.755,73.109,500,0
60.516,t2_squeezenet,24696.139,72.487,500,0
60.562,t2_squeezenet,24730.308,46.674,500,0
60.640,t2_squeezenet,24804.559,77.870,500,0
60.718,t2_squeezenet,24846.216,77.609,500,0
60.760,t2_squeezenet,24848.203,42.264,499,0
60.835,t2_squeezenet,24899.322,74.900,499,0
60.911,t2_squeezenet,24972.124,75.554,498,0
60.954,t2_squeezenet,25003.133,42.715,497,0
61.028,t2_squeezenet,25070.435,74.761,499,0
61.076,t2_squeezenet,25113.546,47.583,500,0
61.149,t2_squeezenet,25171.718,72.971,500,0
61.228,t2_squeezenet,25209.156,79.223,500,0
61.272,t2_squeezenet,25217.454,43.197,500,0
61.344,t2_squeezenet,25251.302,72.102,500,0
61.415,t2_squeezenet,25312.129,71.405,500,0
61.463,t2_squeezenet,25320.038,48.263,500,0
61.535,t2_squeezenet,25330.490,71.176,500,0
61.612,t2_squeezenet,25400.163,77.503,500,0
61.655,t2_squeezenet,25431.433,43.095,500,0
61.730,t2_squeezenet,25499.734,74.489,500,0
61.810,t2_squeezenet,25542.340,79.951,500,0
61.853,t2_squeezenet,25547.719,42.744,500,0
61.924,t2_squeezenet,25595.787,71.681,500,0
61.971,t2_squeezenet,25625.060,47.002,500,0
62.048,t2_squeezenet,25677.017,76.488,500,0
62.118,t2_squeezenet,25735.720,70.283,500,0
62.162,t2_squeezenet,25773.056,43.688,500,0
62.240,t2_squeezenet,25796.513,77.496,500,0
62.313,t2_squeezenet,25850.851,73.013,500,0
62.358,t2_squeezenet,25895.551,45.259,499,0
62.431,t2_squeezenet,25968.923,73.547,500,0
62.477,t2_squeezenet,26013.734,45.845,500,0
62.550,t2_squeezenet,26072.646,72.536,500,0
62.624,t2_squeezenet,26139.880,74.037,500,0
62.664,t2_squeezenet,26179.143,40.393,500,0
62.741,t2_squeezenet,26254.069,76.411,500,0
62.815,t2_squeezenet,26315.794,74.477,500,0
62.865,t2_squeezenet,26323.150,49.309,500,0
62.935,t2_squeezenet,26375.959,69.705,500,0
63.010,t2_squeezenet,26428.534,75.213,500,0
63.052,t2_squeezenet,26416.694,42.176,500,0
63.132,t2_squeezenet,26471.580,80.194,500,0
63.175,t2_squeezenet,26512.413,43.035,500,0
63.251,t2_squeezenet,26554.098,75.900,500,0
63.314,t2_squeezenet,26599.261,62.666,500,0
63.363,t2_squeezenet,26645.035,48.951,500,0
63.438,t2_squeezenet,26698.845,75.516,500,0
63.513,t2_squeezenet,26766.309,74.963,500,0
63.558,t2_squeezenet,26737.448,44.121,500,0
63.631,t2_squeezenet,26810.116,72.881,500,0
63.711,t2_squeezenet,26884.818,80.682,500,0
63.753,t2_squeezenet,26917.325,41.898,499,0
63.824,t2_squeezenet,26897.709,71.138,500,0
63.869,t2_squeezenet,26924.157,44.428,500,0
63.947,t2_squeezenet,26955.906,77.599,500,0
64.021,t2_squeezenet,26995.283,74.059,500,0
64.065,t2_squeezenet,27015.035,43.955,499,0
64.143,t2_squeezenet,27037.838,78.311,500,0
64.219,t2_squeezenet,27095.665,76.450,500,0
64.266,t2_squeezenet,27109.363,46.733,500,0
64.334,t2_squeezenet,27171.144,67.704,500,0
64.378,t2_squeezenet,27206.352,43.488,500,0
64.449,t2_squeezenet,27265.779,71.904,500,0
64.529,t2_squeezenet,27338.140,79.510,500,0
64.574,t2_squeezenet,27382.082,45.436,499,0
64.652,t2_squeezenet,27442.742,77.582,500,0
64.728,t2_squeezenet,27515.159,75.731,500,0
64.810,t2_squeezenet,27558.168,82.126,500,0
64.851,t2_squeezenet,27590.889,40.688,500,0
64.925,t2_squeezenet,27655.042,74.261,500,0
64.970,t2_squeezenet,27463.765,45.005,500,0
65.050,t2_squeezenet,27540.451,79.663,500,0
65.130,t2_squeezenet,27616.737,80.580,500,0
65.175,t2_squeezenet,27635.261,44.744,500,0
65.248,t2_squeezenet,27644.585,72.631,500,0
65.317,t2_squeezenet,27711.669,68.886,500,0
65.371,t2_squeezenet,27714.742,53.830,500,0
65.449,t2_squeezenet,27770.760,78.607,499,0
65.530,t2_squeezenet,27850.689,80.500,498,0
65.613,t2_squeezenet,27797.488,82.629,499,0
65.659,t2_squeezenet,27838.920,46.162,500,0
65.737,t2_squeezenet,27884.304,78.158,500,0
65.811,t2_squeezenet,27924.358,74.206,500,0
65.855,t2_squeezenet,27939.337,43.691,500,0
65.934,t2_squeezenet,27977.333,78.822,500,0
66.013,t2_squeezenet,28037.477,79.142,500,0
66.055,t2_squeezenet,28059.754,41.599,500,0
66.132,t2_squeezenet,28072.540,77.386,500,0
66.210,t2_squeezenet,28123.941,78.126,500,0
66.258,t2_squeezenet,28155.046,47.585,500,0
66.331,t2_squeezenet,28190.883,72.823,500,0
66.375,t2_squeezenet,28228.891,44.065,500,0
66.449,t2_squeezenet,28211.061,73.937,499,0
66.531,t2_squeezenet,28275.767,82.270,499,0
66.609,t2_squeezenet,28341.792,78.138,499,0
66.649,t2_squeezenet,28263.606,39.416,499,0
66.725,t2_squeezenet,28312.033,76.509,499,0
66.810,t2_squeezenet,28330.457,84.864,499,0
66.858,t2_squeezenet,28354.264,47.669,498,0
66.933,t2_squeezenet,28369.359,75.176,500,0
67.011,t2_squeezenet,28443.796,77.679,500,0
67.052,t2_squeezenet,28418.052,41.164,500,0
67.131,t2_squeezenet,28473.044,79.080,500,0
67.212,t2_squeezenet,28492.908,80.365,500,0
67.257,t2_squeezenet,28529.236,44.794,499,0
67.325,t2_squeezenet,28555.704,68.016,500,0
67.374,t2_squeezenet,28596.591,49.314,499,0
67.451,t2_squeezenet,28671.218,77.488,500,0
67.528,t2_squeezenet,28732.064,76.419,500,0
67.573,t2_squeezenet,28776.615,44.685,500,0
67.648,t2_squeezenet,28843.980,75.158,500,0
67.727,t2_squeezenet,28898.816,78.659,499,0
67.774,t2_squeezenet,28865.048,47.207,498,0
67.848,t2_squeezenet,28808.563,74.523,500,0
67.926,t2_squeezenet,28852.237,77.701,500,0
68.011,t2_squeezenet,28859.308,84.314,500,0
68.054,t2_squeezenet,28868.464,43.767,500,0
68.129,t2_squeezenet,28880.204,74.574,500,0
68.175,t2_squeezenet,28914.989,45.479,500,0
68.252,t2_squeezenet,28980.617,77.599,500,0
68.321,t2_squeezenet,28987.698,68.624,500,0
68.364,t2_squeezenet,29004.455,42.811,500,0
68.441,t2_squeezenet,28973.431,77.105,500,0
68.519,t2_squeezenet,29042.752,77.762,500,0
68.568,t2_squeezenet,29084.616,49.520,499,0
68.645,t2_squeezenet,29122.856,76.650,500,0
68.720,t2_squeezenet,29128.249,74.610,500,0
68.764,t2_squeezenet,29155.195,44.316,499,0
68.841,t2_squeezenet,29229.719,76.972,499,0
68.920,t2_squeezenet,29179.623,78.546,500,0
68.964,t2_squeezenet,29190.824,44.326,500,0
69.045,t2_squeezenet,29263.267,81.103,500,0
69.126,t2_squeezenet,29316.784,81.031,500,0
69.174,t2_squeezenet,29331.200,47.627,500,0
69.249,t2_squeezenet,29377.915,74.966,500,0
69.320,t2_squeezenet,29437.380,71.239,500,0
69.363,t2_squeezenet,29464.243,43.301,500,0
69.446,t2_squeezenet,29538.863,82.934,500,0
69.524,t2_squeezenet,29600.148,77.069,500,0
69.569,t2_squeezenet,29641.769,44.917,500,0
69.649,t2_squeezenet,29686.389,80.841,500,0
69.729,t2_squeezenet,29726.215,79.982,500,0
69.812,t2_squeezenet,29805.351,82.245,500,0
69.854,t2_squeezenet,29845.766,42.266,500,0
69.935,t2_squeezenet,29886.689,80.987,499,0
70.016,t2_squeezenet,29958.856,80.503,500,0
70.063,t2_squeezenet,29924.005,47.182,500,0
70.139,t2_squeezenet,29991.168,76.430,499,0
70.220,t2_squeezenet,30035.474,80.833,499,0
70.266,t2_squeezenet,30033.100,45.647,499,0
70.347,t2_squeezenet,30082.978,81.007,500,0
70.427,t2_squeezenet,30162.358,80.132,500,0
70.470,t2_squeezenet,30116.987,43.130,500,0
70.548,t2_squeezenet,30188.725,77.420,500,0
70.624,t2_squeezenet,30236.488,76.508,500,0
70.672,t2_squeezenet,30151.433,47.350,499,0
70.751,t2_squeezenet,30226.329,41.567,500,0
70.830,t2_squeezenet,30229.441,79.345,500,0
70.914,t2_squeezenet,30291.804,83.862,500,0
70.961,t2_squeezenet,30318.169,46.660,500,0
71.041,t2_squeezenet,30388.803,80.355,500,0
71.119,t2_squeezenet,30410.952,77.347,500,0
71.165,t2_squeezenet,30386.350,46.166,499,0
71.243,t2_squeezenet,30427.715,77.907,500,0
71.322,t2_squeezenet,30390.802,78.642,500,0
71.366,t2_squeezenet,30415.740,44.004,500,0
71.445,t2_squeezenet,30398.691,79.530,500,0
71.523,t2_squeezenet,30470.739,77.497,500,0
71.610,t2_squeezenet,30539.003,87.231,500,0
71.652,t2_squeezenet,30459.289,42.150,500,0
71.726,t2_squeezenet,30512.625,74.095,500,0
71.772,t2_squeezenet,30490.696,45.116,499,0
71.850,t2_squeezenet,30524.292,78.331,500,0
71.931,t2_squeezenet,30545.052,81.032,500,0
72.011,t2_squeezenet,30618.587,80.073,500,0
72.057,t2_squeezenet,30565.735,45.701,500,0
72.137,t2_squeezenet,30624.081,79.742,500,0
72.221,t2_squeezenet,30595.176,84.618,500,0
72.303,t2_squeezenet,30622.239,81.697,500,0
72.347,t2_squeezenet,30596.604,43.687,500,0
72.424,t2_squeezenet,30671.701,76.832,500,0
72.470,t2_squeezenet,30714.949,46.742,499,0
72.548,t2_squeezenet,30717.739,77.039,499,0
72.628,t2_squeezenet,30686.648,80.925,500,0
72.714,t2_squeezenet,30756.932,85.442,500,0
72.760,t2_squeezenet,30722.148,45.974,499,0
72.838,t2_squeezenet,30798.783,78.294,500,0
72.914,t2_squeezenet,30842.710,75.365,500,0
72.960,t2_squeezenet,30802.960,46.382,500,0
73.041,t2_squeezenet,30867.453,81.133,499,0
73.122,t2_squeezenet,30857.885,80.270,500,0
73.164,t2_squeezenet,30878.705,42.517,500,0
73.244,t2_squeezenet,30906.366,79.739,500,0
73.315,t2_squeezenet,30918.892,70.697,500,0
73.361,t2_squeezenet,30895.966,46.271,500,0
73.438,t2_squeezenet,30924.276,77.453,500,0
73.518,t2_squeezenet,30950.924,79.801,500,0
73.563,t2_squeezenet,30932.525,44.973,500,0
73.645,t2_squeezenet,30954.675,81.899,500,0
73.725,t2_squeezenet,30942.033,79.660,500,0
73.811,t2_squeezenet,31016.227,86.085,500,0
73.857,t2_squeezenet,31018.202,45.356,500,0
73.940,t2_squeezenet,30972.863,83.579,500,0
74.022,t2_squeezenet,31047.356,81.526,500,0
74.064,t2_squeezenet,31058.488,41.864,500,0
74.144,t2_squeezenet,31094.863,80.641,500,0
74.227,t2_squeezenet,31074.224,82.832,500,0
74.275,t2_squeezenet,31100.365,47.602,500,0
74.348,t2_squeezenet,31067.720,73.444,500,0
74.434,t2_squeezenet,31125.772,85.030,500,0
74.518,t2_squeezenet,31189.692,84.607,500,0
74.564,t2_squeezenet,31147.255,46.175,500,0
74.644,t2_squeezenet,31123.782,79.356,500,0
74.726,t2_squeezenet,31197.849,81.767,499,0
74.810,t2_squeezenet,31266.886,83.941,500,0
74.852,t2_squeezenet,31239.599,42.549,500,0
74.930,t2_squeezenet,31207.543,78.229,500,0
75.011,t2_squeezenet,31248.729,80.267,500,0
75.057,t2_squeezenet,31284.747,45.870,500,0
75.138,t2_squeezenet,31275.911,81.562,500,0
75.221,t2_squeezenet,31319.455,82.771,499,0
75.265,t2_squeezenet,31277.480,43.724,498,0
75.341,t2_squeezenet,31331.701,76.127,499,0
75.422,t2_squeezenet,31363.759,81.037,498,0
75.510,t2_squeezenet,31434.395,87.614,500,0
75.551,t2_squeezenet,31365.964,40.935,500,0
75.626,t2_squeezenet,31404.052,75.196,500,0
75.711,t2_squeezenet,31443.334,84.718,500,0
75.754,t2_squeezenet,31465.633,43.474,500,0
75.838,t2_squeezenet,31453.596,83.933,500,0
75.916,t2_squeezenet,31496.729,77.268,500,0
75.960,t2_squeezenet,31507.681,44.416,500,0
76.043,t2_squeezenet,31479.878,82.739,500,0
76.128,t2_squeezenet,31547.162,84.809,500,0
76.210,t2_squeezenet,31550.693,82.434,500,0
76.254,t2_squeezenet,31527.519,43.419,500,0
76.332,t2_squeezenet,31482.626,78.254,500,0
76.417,t2_squeezenet,31556.663,85.154,500,0
76.459,t2_squeezenet,31598.013,42.174,500,0
76.539,t2_squeezenet,31643.065,79.931,500,0
76.620,t2_squeezenet,31648.292,80.271,500,0
76.667,t2_squeezenet,31647.513,46.843,500,0
76.749,t2_squeezenet,31669.815,82.196,500,0
76.828,t2_squeezenet,31702.220,79.152,500,0
76.912,t2_squeezenet,31733.208,83.906,500,0
76.961,t2_squeezenet,31716.279,48.825,500,0
77.046,t2_squeezenet,31753.965,84.713,500,0
77.124,t2_squeezenet,31778.228,78.449,500,0
77.168,t2_squeezenet,31690.293,43.474,499,0
77.249,t2_squeezenet,31757.038,81.364,499,0
77.321,t2_squeezenet,31790.578,72.241,500,0
77.367,t2_squeezenet,31813.035,45.283,500,0
77.450,t2_squeezenet,31710.871,83.699,500,0
77.531,t2_squeezenet,31783.399,80.624,500,0
77.613,t2_squeezenet,31829.932,82.244,500,0
77.654,t2_squeezenet,31868.162,41.167,500,0
77.738,t2_squeezenet,31905.795,83.796,500,0
77.816,t2_squeezenet,31932.822,78.144,500,0
77.866,t2_squeezenet,31896.748,48.952,500,0
77.945,t2_squeezenet,31955.968,79.544,500,0
78.025,t2_squeezenet,31953.013,79.507,500,0
78.111,t2_squeezenet,31986.119,86.316,500,0
78.156,t2_squeezenet,31990.908,45.358,500,0
78.239,t2_squeezenet,31994.548,82.888,500,0
78.313,t2_squeezenet,32025.638,73.314,500,0
78.356,t2_squeezenet,32024.476,43.738,500,0
78.441,t2_squeezenet,32059.541,84.352,500,0
78.525,t2_squeezenet,32063.426,84.257,500,0
78.567,t2_squeezenet,32081.537,42.266,500,0
78.648,t2_squeezenet,32093.628,80.433,500,0
78.728,t2_squeezenet,32108.632,79.985,500,0
78.816,t2_squeezenet,32089.222,87.698,500,0
78.860,t2_squeezenet,32099.538,44.607,500,0
78.939,t2_squeezenet,32167.220,78.113,500,0
79.024,t2_squeezenet,32183.245,84.995,500,0
79.071,t2_squeezenet,32193.244,47.793,500,0
79.151,t2_squeezenet,32167.108,79.608,500,0
79.233,t2_squeezenet,32150.494,81.589,500,0
79.278,t2_squeezenet,32152.741,45.300,500,0
79.349,t2_squeezenet,32219.440,71.004,500,0
79.433,t2_squeezenet,32202.860,84.316,500,0
79.513,t2_squeezenet,32264.167,79.982,500,0
79.557,t2_squeezenet,32265.299,43.179,500,0
79.638,t2_squeezenet,32303.282,81.447,499,0
79.718,t2_squeezenet,32321.371,80.252,499,0
79.764,t2_squeezenet,32270.547,45.179,500,0
79.848,t2_squeezenet,32351.554,83.961,500,0
79.926,t2_squeezenet,32306.657,77.967,500,0
79.971,t2_squeezenet,32330.223,45.729,500,0
80.051,t2_squeezenet,32358.748,79.352,500,0
80.129,t2_squeezenet,32398.062,78.554,500,0
80.212,t2_squeezenet,32442.047,82.436,500,0
80.261,t2_squeezenet,32391.737,49.040,500,0
80.335,t2_squeezenet,32410.330,73.729,500,0
80.414,t2_squeezenet,32449.514,79.019,500,0
80.456,t2_squeezenet,32458.190,42.477,500,0
80.538,t2_squeezenet,32402.362,81.439,500,0
80.624,t2_squeezenet,32439.274,86.443,500,0
80.668,t2_squeezenet,32431.985,43.710,500,0
80.747,t2_squeezenet,32484.805,79.298,500,0
80.828,t2_squeezenet,32539.856,80.291,500,0
80.913,t2_squeezenet,32500.623,84.930,500,0
80.957,t2_squeezenet,32509.509,44.556,500,0
81.037,t2_squeezenet,32570.989,79.570,500,0
81.117,t2_squeezenet,32592.288,80.379,500,0
81.166,t2_squeezenet,32559.119,48.731,500,0
81.250,t2_squeezenet,32625.005,83.961,500,0
81.313,t2_squeezenet,32630.893,62.340,500,0
81.358,t2_squeezenet,32511.966,45.069,499,0
81.440,t2_squeezenet,32559.978,81.867,499,0
81.522,t2_squeezenet,32616.981,82.106,500,0
81.566,t2_squeezenet,32591.127,44.581,500,0
81.644,t2_squeezenet,32611.283,77.083,500,0
81.723,t2_squeezenet,32674.715,79.701,500,0
81.771,t2_squeezenet,32680.887,48.079,500,0
81.851,t2_squeezenet,32713.845,79.903,500,0
81.929,t2_squeezenet,32690.199,77.485,500,0
82.011,t2_squeezenet,32757.965,82.536,500,0
82.059,t2_squeezenet,32705.202,47.328,500,0
82.141,t2_squeezenet,32781.362,82.206,500,0
82.222,t2_squeezenet,32744.763,81.169,500,0
82.266,t2_squeezenet,32763.740,43.259,500,0
82.337,t2_squeezenet,32789.093,71.136,500,0
82.421,t2_squeezenet,32807.743,83.765,500,0
82.468,t2_squeezenet,32807.444,46.942,500,0
82.545,t2_squeezenet,32801.797,77.857,500,0
82.624,t2_squeezenet,32834.041,78.616,500,0
82.671,t2_squeezenet,32827.507,47.030,500,0
82.752,t2_squeezenet,32857.701,80.642,500,0
82.832,t2_squeezenet,32884.469,79.962,500,0
82.913,t2_squeezenet,32887.410,80.950,500,0
82.959,t2_squeezenet,32862.715,46.577,500,0
83.038,t2_squeezenet,32904.725,78.424,500,0
83.116,t2_squeezenet,32925.227,78.306,500,0
83.161,t2_squeezenet,32851.568,44.518,499,0
83.242,t2_squeezenet,32911.976,81.384,500,0
83.314,t2_squeezenet,32934.065,71.767,500,0
83.360,t2_squeezenet,32868.605,45.934,500,0
83.440,t2_squeezenet,32930.267,80.278,500,0
83.521,t2_squeezenet,32980.217,80.177,500,0
83.567,t2_squeezenet,32961.317,46.381,500,0
83.646,t2_squeezenet,32978.356,79.028,500,0
83.726,t2_squeezenet,32964.539,79.781,500,0
83.810,t2_squeezenet,33038.557,83.678,500,0
83.857,t2_squeezenet,32964.107,47.440,500,0
83.939,t2_squeezenet,33045.189,81.656,500,0
84.015,t2_squeezenet,32926.147,76.437,500,0
84.059,t2_squeezenet,32943.457,43.255,500,0
84.140,t2_squeezenet,32991.661,81.661,500,0
84.223,t2_squeezenet,33003.513,82.636,500,0
84.269,t2_squeezenet,33048.798,46.096,499,0
84.339,t2_squeezenet,33089.609,70.116,500,0
84.421,t2_squeezenet,33068.477,81.867,500,0
84.468,t2_squeezenet,33085.606,46.845,500,0
84.551,t2_squeezenet,33120.762,82.627,500,0
84.628,t2_squeezenet,33161.243,76.847,500,0
84.711,t2_squeezenet,33165.824,82.841,500,0
84.752,t2_squeezenet,33134.422,41.423,500,0
84.839,t2_squeezenet,33158.849,86.592,500,0
84.916,t2_squeezenet,33169.007,77.364,500,0
84.960,t2_squeezenet,33170.379,43.758,500,0
85.040,t2_squeezenet,33194.492,80.318,500,0
85.126,t2_squeezenet,33198.036,85.477,500,0
85.210,t2_squeezenet,33246.434,83.512,500,0
85.250,t2_squeezenet,33202.819,40.515,500,0
85.322,t2_squeezenet,33247.401,71.765,500,0
85.369,t2_squeezenet,33221.697,46.664,500,0
85.451,t2_squeezenet,33106.250,82.321,500,0
85.528,t2_squeezenet,33179.697,77.009,500,0
85.576,t2_squeezenet,33226.349,47.470,500,0
85.652,t2_squeezenet,33251.652,76.506,500,0
85.735,t2_squeezenet,33287.715,83.267,500,0
85.814,t2_squeezenet,33329.309,78.595,500,0
85.859,t2_squeezenet,33247.165,44.971,500,0
85.940,t2_squeezenet,33298.981,80.861,500,0
86.022,t2_squeezenet,33257.439,81.725,500,0
86.068,t2_squeezenet,33249.373,45.724,500,0
86.146,t2_squeezenet,33300.538,78.058,500,0
86.227,t2_squeezenet,33306.113,80.882,500,0
86.274,t2_squeezenet,33344.611,47.421,500,0
86.352,t2_squeezenet,33381.858,78.206,500,0
86.434,t2_squeezenet,33390.085,81.385,500,0
86.514,t2_squeezenet,33417.854,80.344,500,0
86.563,t2_squeezenet,33282.826,48.468,499,0
86.649,t2_squeezenet,33350.863,86.182,500,0
86.738,t2_squeezenet,33432.968,88.853,500,0
86.821,t2_squeezenet,33466.249,83.299,500,0
86.872,t2_squeezenet,33286.439,51.107,499,0
86.951,t2_squeezenet,33358.830,78.876,500,0
87.035,t2_squeezenet,33398.837,83.999,500,0
87.115,t2_squeezenet,33465.941,79.519,500,0
87.162,t2_squeezenet,33489.499,46.713,500,0
87.246,t2_squeezenet,33506.245,84.358,500,0
87.314,t2_squeezenet,33493.690,68.032,500,0
87.357,t2_squeezenet,33512.580,43.412,500,0
87.444,t2_squeezenet,33538.514,86.187,500,0
87.527,t2_squeezenet,33563.751,83.596,500,0
87.610,t2_squeezenet,33560.247,82.347,500,0
87.650,t2_squeezenet,33584.980,40.466,499,0
87.733,t2_squeezenet,33546.249,82.582,499,0
87.816,t2_squeezenet,33582.093,83.011,499,0
87.864,t2_squeezenet,33611.003,47.770,500,0
87.945,t2_squeezenet,33532.438,81.256,499,0
88.025,t2_squeezenet,33604.084,80.222,500,0
88.068,t2_squeezenet,33593.489,42.744,499,0
88.148,t2_squeezenet,33670.413,80.217,500,0
88.229,t2_squeezenet,33646.749,80.999,500,0
88.273,t2_squeezenet,33636.739,44.012,500,0
88.344,t2_squeezenet,33659.728,71.007,500,0
88.428,t2_squeezenet,33677.989,84.009,500,0
88.512,t2_squeezenet,33734.954,83.289,500,0
88.554,t2_squeezenet,33704.812,42.501,499,0
88.632,t2_squeezenet,33702.153,77.998,500,0
88.717,t2_squeezenet,33679.549,84.090,500,0
88.765,t2_squeezenet,33649.109,48.066,500,0
88.844,t2_squeezenet,33617.277,79.182,500,0
88.923,t2_squeezenet,33656.533,79.063,500,0
88.967,t2_squeezenet,33590.617,43.688,499,0
89.054,t2_squeezenet,33669.139,87.354,500,0
89.137,t2_squeezenet,33749.264,83.116,500,0
89.215,t2_squeezenet,33767.374,78.175,499,0
89.259,t2_squeezenet,33759.419,43.327,500,0
89.330,t2_squeezenet,33793.306,70.994,500,0
89.417,t2_squeezenet,33793.934,87.501,500,0
89.463,t2_squeezenet,33786.183,45.480,500,0
89.542,t2_squeezenet,33806.704,79.397,500,0
89.622,t2_squeezenet,33837.199,79.139,500,0
89.670,t2_squeezenet,33825.504,48.775,500,0
89.751,t2_squeezenet,33854.777,80.188,500,0
89.834,t2_squeezenet,33718.983,82.868,500,0
89.911,t2_squeezenet,33790.844,77.901,500,0
89.955,t2_squeezenet,33817.565,43.686,500,0
90.040,t2_squeezenet,33874.955,85.140,500,0
90.124,t2_squeezenet,33814.233,83.175,500,0
90.168,t2_squeezenet,33807.376,44.274,500,0
90.250,t2_squeezenet,33842.664,82.247,500,0
90.319,t2_squeezenet,33905.158,68.639,500,0
90.363,t2_squeezenet,33901.055,43.812,500,0
90.441,t2_squeezenet,33836.315,77.970,500,0
90.522,t2_squeezenet,33908.506,80.867,500,0
90.570,t2_squeezenet,33858.895,48.376,499,0
90.652,t2_squeezenet,33937.401,82.252,500,0
90.732,t2_squeezenet,33969.522,79.598,500,0
90.811,t2_squeezenet,33949.020,79.371,499,0
90.854,t2_squeezenet,33968.896,42.789,499,0
90.936,t2_squeezenet,33939.548,82.003,498,0
91.018,t2_squeezenet,33951.014,81.278,497,0
91.060,t2_squeezenet,33982.547,42.753,497,0
91.140,t2_squeezenet,33992.409,79.864,497,0
91.225,t2_squeezenet,33951.290,84.166,497,0
91.269,t2_squeezenet,33961.207,44.334,499,0
91.340,t2_squeezenet,34004.917,70.776,500,0
91.419,t2_squeezenet,34032.339,79.711,500,0
91.467,t2_squeezenet,33963.689,47.570,500,0
91.549,t2_squeezenet,34025.307,82.324,500,0
91.627,t2_squeezenet,34051.397,77.910,500,0
91.671,t2_squeezenet,33985.661,43.956,499,0
91.754,t2_squeezenet,34038.117,82.785,500,0
91.841,t2_squeezenet,34031.436,86.534,500,0
91.921,t2_squeezenet,34085.533,80.660,500,0
91.964,t2_squeezenet,34050.351,42.333,500,0
92.044,t2_squeezenet,34076.250,79.917,500,0
92.132,t2_squeezenet,34057.098,88.324,500,0
92.213,t2_squeezenet,34134.106,81.002,499,0
92.258,t2_squeezenet,34082.077,44.250,499,0
92.329,t2_squeezenet,34050.412,71.681,499,0
92.415,t2_squeezenet,34071.770,85.680,500,0
92.461,t2_squeezenet,34029.544,46.456,499,0
92.540,t2_squeezenet,34103.921,78.327,498,0
92.623,t2_squeezenet,34141.437,83.588,497,0
92.668,t2_squeezenet,34125.732,44.646,500,0
92.749,t2_squeezenet,34136.848,80.683,499,0
92.834,t2_squeezenet,34172.277,85.186,500,0
92.917,t2_squeezenet,34156.103,82.843,500,0
92.962,t2_squeezenet,34140.835,44.925,500,0
93.046,t2_squeezenet,34187.913,84.074,500,0
93.130,t2_squeezenet,34193.949,84.327,500,0
93.211,t2_squeezenet,34236.466,80.907,500,0
93.254,t2_squeezenet,34134.856,42.729,500,0
93.326,t2_squeezenet,34200.268,71.570,500,0
93.411,t2_squeezenet,34214.504,85.129,500,0
93.454,t2_squeezenet,34218.702,42.731,500,0
93.536,t2_squeezenet,34224.448,81.891,500,0
93.618,t2_squeezenet,34260.049,82.389,500,0
93.666,t2_squeezenet,34204.901,48.098,500,0
93.750,t2_squeezenet,34218.932,84.073,500,0
93.827,t2_squeezenet,34275.620,76.115,500,0
93.911,t2_squeezenet,34290.054,84.798,500,0
93.956,t2_squeezenet,34285.759,44.148,500,0
94.039,t2_squeezenet,34280.279,83.487,500,0
94.122,t2_squeezenet,34303.322,82.765,500,0
94.167,t2_squeezenet,34208.587,44.832,499,0
94.249,t2_squeezenet,34279.562,82.365,499,0
94.328,t2_squeezenet,34279.439,78.618,499,0
94.409,t2_squeezenet,34316.774,81.438,500,0
94.450,t2_squeezenet,34285.337,40.237,500,0
94.529,t2_squeezenet,34285.267,79.664,500,0
94.618,t2_squeezenet,34367.002,88.897,500,0
94.664,t2_squeezenet,34308.831,45.841,499,0
94.747,t2_squeezenet,34305.376,82.755,500,0
94.827,t2_squeezenet,34380.092,79.473,500,0
94.913,t2_squeezenet,34360.535,86.375,500,0
94.961,t2_squeezenet,34385.997,47.931,500,0
95.039,t2_squeezenet,34391.307,78.315,500,0
95.122,t2_squeezenet,34304.381,82.821,500,0
95.167,t2_squeezenet,34182.100,44.712,500,0
95.250,t2_squeezenet,34248.154,83.155,500,0
95.320,t2_squeezenet,34301.405,69.936,500,0
95.364,t2_squeezenet,34302.863,44.223,500,0
95.449,t2_squeezenet,34376.769,84.553,500,0
95.530,t2_squeezenet,34410.393,80.652,500,0
95.615,t2_squeezenet,34465.565,85.514,500,0
95.656,t2_squeezenet,34420.544,40.783,499,0
95.739,t2_squeezenet,34405.300,83.058,500,0
95.819,t2_squeezenet,34447.586,80.230,500,0
95.912,t2_squeezenet,34487.103,92.136,500,0
95.954,t2_squeezenet,34444.347,42.005,500,0
96.038,t2_squeezenet,34435.415,83.825,500,0
96.123,t2_squeezenet,34483.939,85.017,499,0
96.170,t2_squeezenet,34505.590,47.064,499,0
96.254,t2_squeezenet,34521.252,84.368,500,0
96.314,t2_squeezenet,34495.902,59.838,500,0
96.359,t2_squeezenet,34499.413,44.582,499,0
96.445,t2_squeezenet,34507.969,85.905,500,0
96.526,t2_squeezenet,34524.942,81.432,500,0
96.611,t2_squeezenet,34557.394,84.380,500,0
96.654,t2_squeezenet,34532.158,43.173,500,0
96.738,t2_squeezenet,34555.683,83.800,500,0
96.824,t2_squeezenet,34569.806,86.365,500,0
96.866,t2_squeezenet,34507.797,41.871,500,0
96.946,t2_squeezenet,34587.511,79.777,500,0
97.031,t2_squeezenet,34584.001,85.218,500,0
97.115,t2_squeezenet,34618.757,83.897,500,0
97.164,t2_squeezenet,34612.349,48.508,500,0
97.247,t2_squeezenet,34587.767,83.204,500,0
97.320,t2_squeezenet,34593.410,73.161,500,0
97.363,t2_squeezenet,34553.345,42.964,499,0
97.449,t2_squeezenet,34629.895,85.431,500,0
97.534,t2_squeezenet,34653.250,85.393,500,0
97.619,t2_squeezenet,34658.009,85.064,500,0
97.667,t2_squeezenet,34651.369,47.752,500,0
97.754,t2_squeezenet,34651.134,86.629,500,0
97.837,t2_squeezenet,34700.871,83.304,500,0
97.918,t2_squeezenet,34710.459,81.427,500,0
97.963,t2_squeezenet,34653.223,44.217,499,0
98.047,t2_squeezenet,34723.155,84.852,500,0
98.133,t2_squeezenet,34744.611,85.191,500,0
98.217,t2_squeezenet,34765.836,84.631,500,0
98.263,t2_squeezenet,34739.460,45.434,500,0
98.337,t2_squeezenet,34739.064,73.740,500,0
98.423,t2_squeezenet,34784.718,86.532,500,0
98.509,t2_squeezenet,34725.266,86.162,500,0
98.550,t2_squeezenet,34764.809,40.134,499,0
98.633,t2_squeezenet,34771.173,83.561,500,0
98.720,t2_squeezenet,34838.738,86.656,500,0
98.765,t2_squeezenet,34815.494,45.279,499,0
98.849,t2_squeezenet,34734.446,83.751,499,0
98.929,t2_squeezenet,34789.090,79.543,500,0
99.019,t2_squeezenet,34859.369,90.249,500,0
99.066,t2_squeezenet,34839.405,47.057,499,0
99.144,t2_squeezenet,34871.581,78.122,499,0
99.229,t2_squeezenet,34883.379,84.569,500,0
99.274,t2_squeezenet,34864.500,45.011,499,0
99.349,t2_squeezenet,34870.800,75.343,499,0
99.434,t2_squeezenet,34845.853,84.313,500,0
99.518,t2_squeezenet,34917.475,84.272,500,0
99.561,t2_squeezenet,34900.354,43.048,500,0
99.648,t2_squeezenet,34902.395,87.236,500,0
99.735,t2_squeezenet,34922.040,86.202,500,0
99.815,t2_squeezenet,34949.676,80.716,500,0
99.860,t2_squeezenet,34922.821,44.419,500,0
99.943,t2_squeezenet,34969.763,82.960,500,0
100.029,t2_squeezenet,34949.064,86.113,500,0
100.113,t2_squeezenet,34972.564,84.382,499,0
100.157,t2_squeezenet,34972.153,43.622,499,0
100.244,t2_squeezenet,34971.292,86.885,500,0
100.318,t2_squeezenet,34995.286,74.021,500,0
100.362,t2_squeezenet,34796.079,43.652,499,0
100.444,t2_squeezenet,34841.307,81.964,498,0
100.528,t2_squeezenet,34873.672,83.915,500,0
100.614,t2_squeezenet,34955.973,86.735,500,0
100.662,t2_squeezenet,34999.358,47.852,500,0
100.747,t2_squeezenet,34960.054,84.162,500,0
100.830,t2_squeezenet,34998.925,83.746,500,0
100.914,t2_squeezenet,35057.023,83.132,500,0
100.960,t2_squeezenet,34981.804,46.084,499,0
101.041,t2_squeezenet,35018.265,81.487,499,0
101.124,t2_squeezenet,35045.854,83.228,500,0
101.213,t2_squeezenet,35049.868,89.031,500,0
101.261,t2_squeezenet,35025.201,47.729,499,0
101.334,t2_squeezenet,35068.667,72.925,500,0
101.416,t2_squeezenet,35042.809,81.510,500,0
101.461,t2_squeezenet,34961.215,44.786,500,0
101.552,t2_squeezenet,35001.356,91.741,500,0
101.637,t2_squeezenet,35003.480,84.209,500,0
101.719,t2_squeezenet,35027.238,82.164,500,0
101.762,t2_squeezenet,35016.162,43.315,500,0
101.847,t2_squeezenet,34988.243,84.489,500,0
101.935,t2_squeezenet,35061.199,88.041,500,0
102.021,t2_squeezenet,35096.290,86.303,499,0
102.066,t2_squeezenet,35067.087,45.205,499,0
102.150,t2_squeezenet,35130.300,83.445,500,0
102.239,t2_squeezenet,35178.931,88.776,500,0
102.313,t2_squeezenet,35176.503,74.215,500,0
102.354,t2_squeezenet,35045.076,41.448,500,0
102.440,t2_squeezenet,35115.816,85.314,500,0
102.529,t2_squeezenet,35154.039,89.120,500,0
102.616,t2_squeezenet,35214.241,86.839,499,0
102.658,t2_squeezenet,35158.998,42.205,498,0
102.740,t2_squeezenet,35203.257,82.043,500,0
102.826,t2_squeezenet,35247.711,85.621,500,0
102.912,t2_squeezenet,35107.400,85.715,500,0
102.953,t2_squeezenet,35147.099,41.648,500,0
103.038,t2_squeezenet,35221.487,84.955,500,0
103.124,t2_squeezenet,35233.304,85.575,500,0
103.212,t2_squeezenet,35280.913,87.983,500,0
103.254,t2_squeezenet,35235.122,41.991,499,0
103.324,t2_squeezenet,35248.762,69.510,500,0
103.367,t2_squeezenet,35196.068,43.548,499,0
103.450,t2_squeezenet,35242.389,83.272,500,0
103.534,t2_squeezenet,35272.462,83.888,500,0
103.618,t2_squeezenet,35275.283,83.642,500,0
103.662,t2_squeezenet,35221.369,43.544,499,0
103.749,t2_squeezenet,35278.257,86.911,500,0
103.834,t2_squeezenet,35257.833,85.451,500,0
103.917,t2_squeezenet,35332.246,82.432,500,0
103.961,t2_squeezenet,35295.254,44.195,500,0
104.042,t2_squeezenet,35230.567,81.564,500,0
104.129,t2_squeezenet,35280.651,86.665,500,0
104.215,t2_squeezenet,35350.546,86.243,500,0
104.262,t2_squeezenet,35326.963,46.219,500,0
104.330,t2_squeezenet,35330.301,68.111,499,0
104.416,t2_squeezenet,35363.402,86.328,500,0
104.461,t2_squeezenet,35331.971,45.156,500,0
104.542,t2_squeezenet,35361.335,80.148,500,0
104.626,t2_squeezenet,35317.048,84.758,500,0
104.710,t2_squeezenet,35365.552,83.332,500,0
104.757,t2_squeezenet,35314.242,47.461,500,0
104.840,t2_squeezenet,35387.722,82.911,500,0
104.925,t2_squeezenet,35370.593,85.176,500,0
105.011,t2_squeezenet,35415.591,85.415,500,0
105.056,t2_squeezenet,35332.387,45.046,500,0
105.140,t2_squeezenet,35374.785,84.146,500,0
105.220,t2_squeezenet,35368.748,79.680,500,0
105.266,t2_squeezenet,35299.739,46.245,500,0
105.346,t2_squeezenet,35332.337,79.452,500,0
105.431,t2_squeezenet,35415.105,85.449,500,0
105.516,t2_squeezenet,35297.477,84.490,500,0
105.560,t2_squeezenet,35322.708,43.955,500,0
105.644,t2_squeezenet,35356.793,83.774,500,0
105.731,t2_squeezenet,35424.567,87.872,500,0
105.814,t2_squeezenet,35451.536,82.486,500,0
105.858,t2_squeezenet,35410.503,43.588,500,0
105.945,t2_squeezenet,35454.321,86.996,500,0
106.032,t2_squeezenet,35454.692,87.534,500,0
106.118,t2_squeezenet,35408.316,85.387,500,0
106.161,t2_squeezenet,35415.740,43.735,499,0
106.244,t2_squeezenet,35425.366,82.940,500,0
106.319,t2_squeezenet,35486.078,74.449,499,0
106.366,t2_squeezenet,35442.463,46.663,499,0
106.445,t2_squeezenet,35431.832,79.535,500,0
106.528,t2_squeezenet,35481.518,82.687,500,0
106.614,t2_squeezenet,35419.439,86.426,500,0
106.664,t2_squeezenet,35455.010,49.850,500,0
106.748,t2_squeezenet,35497.684,83.736,500,0
106.831,t2_squeezenet,35507.244,82.893,500,0
106.914,t2_squeezenet,35515.843,82.408,500,0
106.961,t2_squeezenet,35477.297,47.502,499,0
107.045,t2_squeezenet,35521.227,83.935,500,0
107.127,t2_squeezenet,35491.514,82.308,500,0
107.215,t2_squeezenet,35559.624,87.071,500,0
107.261,t2_squeezenet,35488.628,45.915,500,0
107.334,t2_squeezenet,35529.888,73.360,500,0
107.418,t2_squeezenet,35560.229,83.565,500,0
107.459,t2_squeezenet,35527.484,41.839,499,0
107.545,t2_squeezenet,35529.310,85.344,500,0
107.633,t2_squeezenet,35568.516,88.337,500,0
107.719,t2_squeezenet,35550.508,85.761,500,0
107.762,t2_squeezenet,35537.697,42.630,500,0
107.851,t2_squeezenet,35530.952,89.670,500,0
107.939,t2_squeezenet,35580.805,87.526,500,0
108.024,t2_squeezenet,35496.450,84.942,500,0
108.065,t2_squeezenet,35498.278,40.887,499,0
108.146,t2_squeezenet,35539.731,81.511,499,0
108.232,t2_squeezenet,35559.854,85.863,500,0
108.281,t2_squeezenet,35508.832,48.374,500,0
108.350,t2_squeezenet,35577.513,69.051,500,0
108.434,t2_squeezenet,35524.464,84.260,500,0
108.515,t2_squeezenet,35591.816,80.513,500,0
108.561,t2_squeezenet,35515.467,45.901,499,0
108.645,t2_squeezenet,35598.206,83.925,500,0
108.726,t2_squeezenet,35578.514,81.373,499,0
108.811,t2_squeezenet,35619.169,84.972,499,0
108.856,t2_squeezenet,35597.230,44.745,500,0
108.942,t2_squeezenet,35617.579,85.634,500,0
109.024,t2_squeezenet,35651.042,82.079,500,0
109.067,t2_squeezenet,35611.557,43.251,499,0
109.151,t2_squeezenet,35619.608,84.536,499,0
109.240,t2_squeezenet,35625.034,88.896,499,0
109.309,t2_squeezenet,35661.725,68.894,500,0
109.348,t2_squeezenet,35619.705,38.229,500,0
109.431,t2_squeezenet,35616.076,83.674,500,0
109.514,t2_squeezenet,35597.456,82.993,500,0
109.561,t2_squeezenet,35595.667,46.685,500,0
109.645,t2_squeezenet,35586.192,83.876,500,0
109.726,t2_squeezenet,35640.511,80.842,500,0
109.812,t2_squeezenet,35656.551,86.400,500,0
109.857,t2_squeezenet,35617.077,44.583,499,0
109.938,t2_squeezenet,35625.127,81.129,500,0
110.022,t2_squeezenet,35601.924,83.990,500,0
110.069,t2_squeezenet,35593.266,46.356,500,0
110.154,t2_squeezenet,35634.923,85.300,500,0
110.237,t2_squeezenet,35669.713,82.550,500,0
110.282,t2_squeezenet,35550.753,44.925,500,0
110.347,t2_squeezenet,35565.562,65.644,500,0
110.431,t2_squeezenet,35611.181,83.861,500,0
110.519,t2_squeezenet,35645.127,87.541,500,0
110.562,t2_squeezenet,35566.660,43.622,500,0
110.648,t2_squeezenet,35607.726,85.263,500,0
110.731,t2_squeezenet,35652.650,82.885,500,0
110.818,t2_squeezenet,35490.474,87.770,500,0
110.861,t2_squeezenet,35521.404,42.838,499,0
110.944,t2_squeezenet,35512.905,83.044,500,0
111.029,t2_squeezenet,35570.623,84.601,500,0
111.118,t2_squeezenet,35623.122,89.132,500,0
111.162,t2_squeezenet,35634.515,44.121,500,0
111.248,t2_squeezenet,35680.351,85.227,500,0
111.313,t2_squeezenet,35673.347,65.476,500,0
111.359,t2_squeezenet,35637.378,46.239,499,0
111.452,t2_squeezenet,35692.551,92.433,500,0
111.535,t2_squeezenet,35678.629,82.956,500,0
111.618,t2_squeezenet,35700.464,83.184,500,0
111.661,t2_squeezenet,35692.427,43.087,499,0
111.747,t2_squeezenet,35657.076,85.327,500,0
111.830,t2_squeezenet,35685.380,83.536,500,0
111.919,t2_squeezenet,35686.158,88.919,499,0
111.966,t2_squeezenet,35704.648,47.077,499,0
112.053,t2_squeezenet,35701.309,86.776,500,0
112.138,t2_squeezenet,35717.834,84.559,500,0
112.218,t2_squeezenet,35737.313,79.890,500,0
112.265,t2_squeezenet,35715.304,47.423,500,0
112.327,t2_squeezenet,35687.351,62.155,500,0
112.418,t2_squeezenet,35742.815,90.714,500,0
112.463,t2_squeezenet,35698.820,44.735,500,0
112.551,t2_squeezenet,35711.583,88.019,500,0
112.635,t2_squeezenet,35722.461,84.120,500,0
112.722,t2_squeezenet,35743.301,86.503,500,0
112.765,t2_squeezenet,35698.133,43.557,500,0
112.847,t2_squeezenet,35606.814,82.070,500,0
112.936,t2_squeezenet,35657.085,88.139,500,0
113.022,t2_squeezenet,35736.187,86.810,500,0
113.068,t2_squeezenet,35716.015,45.036,500,0
113.149,t2_squeezenet,35743.108,81.340,500,0
113.235,t2_squeezenet,35755.027,86.335,499,0
113.281,t2_squeezenet,35736.877,46.103,500,0
113.353,t2_squeezenet,35737.442,71.228,500,0
113.438,t2_squeezenet,35752.348,85.028,500,0
113.517,t2_squeezenet,35769.757,79.269,500,0
113.560,t2_squeezenet,35736.566,43.061,500,0
113.646,t2_squeezenet,35764.972,85.985,500,0
113.730,t2_squeezenet,35725.370,83.687,500,0
113.814,t2_squeezenet,35785.779,84.321,500,0
113.860,t2_squeezenet,35720.361,45.245,500,0
113.947,t2_squeezenet,35735.358,87.462,500,0
114.031,t2_squeezenet,35785.251,83.694,500,0
114.110,t2_squeezenet,35783.041,79.088,500,0
114.151,t2_squeezenet,35777.035,41.183,499,0
114.238,t2_squeezenet,35730.396,86.314,500,0
114.311,t2_squeezenet,35772.402,72.963,500,0
114.354,t2_squeezenet,35769.658,43.645,500,0
114.436,t2_squeezenet,35783.686,82.094,500,0
114.519,t2_squeezenet,35764.579,82.461,500,0
114.566,t2_squeezenet,35714.990,46.708,500,0
114.651,t2_squeezenet,35778.347,84.893,500,0
114.734,t2_squeezenet,35794.715,82.845,500,0
114.816,t2_squeezenet,35778.790,82.826,500,0
114.863,t2_squeezenet,35764.134,46.303,500,0
114.948,t2_squeezenet,35792.665,84.898,500,0
115.031,t2_squeezenet,35764.990,83.686,500,0
115.115,t2_squeezenet,35827.579,83.576,500,0
115.163,t2_squeezenet,35811.293,47.879,500,0
115.252,t2_squeezenet,35801.122,89.380,500,0
115.322,t2_squeezenet,35775.383,69.216,500,0
115.362,t2_squeezenet,35675.063,40.134,499,0
115.445,t2_squeezenet,35717.490,83.065,500,0
115.531,t2_squeezenet,35795.295,85.746,500,0
115.618,t2_squeezenet,35838.615,87.148,500,0
115.662,t2_squeezenet,35813.779,43.845,499,0
115.748,t2_squeezenet,35820.369,86.172,500,0
115.832,t2_squeezenet,35840.065,84.176,500,0
115.917,t2_squeezenet,35821.206,84.206,500,0
115.961,t2_squeezenet,35823.345,44.715,500,0
116.043,t2_squeezenet,35827.390,81.414,500,0
116.128,t2_squeezenet,35864.103,85.118,500,0
116.219,t2_squeezenet,35881.615,90.641,500,0
116.265,t2_squeezenet,35809.388,46.570,500,0
116.327,t2_squeezenet,35815.537,62.045,500,0
116.412,t2_squeezenet,35873.198,84.406,500,0
116.454,t2_squeezenet,35823.635,42.627,500,0
116.545,t2_squeezenet,35831.667,90.021,500,0
116.629,t2_squeezenet,35820.410,84.408,500,0
116.713,t2_squeezenet,35861.207,84.047,500,0
116.758,t2_squeezenet,35844.067,44.723,500,0
116.846,t2_squeezenet,35862.629,87.667,500,0
116.928,t2_squeezenet,35876.673,82.654,500,0
117.017,t2_squeezenet,35882.092,88.588,500,0
117.060,t2_squeezenet,35853.060,43.303,500,0
117.145,t2_squeezenet,35870.870,84.743,500,0
117.232,t2_squeezenet,35821.652,87.411,500,0
117.276,t2_squeezenet,35828.285,43.011,500,0
117.354,t2_squeezenet,35841.211,78.222,500,0
117.439,t2_squeezenet,35902.595,84.820,500,0
117.525,t2_squeezenet,35917.174,86.184,500,0
117.613,t2_squeezenet,35937.975,88.268,500,0
117.655,t2_squeezenet,35903.694,41.872,500,0
117.739,t2_squeezenet,35947.882,83.748,500,0
117.829,t2_squeezenet,35954.853,90.184,500,0
117.916,t2_squeezenet,35977.396,87.334,500,0
117.959,t2_squeezenet,35934.690,42.372,500,0
118.047,t2_squeezenet,35974.999,87.957,500,0
118.131,t2_squeezenet,35970.002,84.440,500,0
118.220,t2_squeezenet,35988.513,88.757,500,0
118.267,t2_squeezenet,35952.100,46.919,500,0
118.326,t2_squeezenet,35987.486,58.807,500,0
118.417,t2_squeezenet,35990.192,91.127,500,0
118.465,t2_squeezenet,35944.421,48.015,499,0
118.549,t2_squeezenet,35941.228,83.198,500,0
118.634,t2_squeezenet,36003.128,85.660,500,0
118.720,t2_squeezenet,35995.691,85.766,500,0
118.768,t2_squeezenet,35990.938,47.701,500,0
118.850,t2_squeezenet,35983.712,40.699,500,0
118.937,t2_squeezenet,36020.011,86.951,500,0
119.018,t2_squeezenet,36035.783,81.067,500,0
119.111,t2_squeezenet,36007.859,92.631,500,0
119.157,t2_squeezenet,35995.533,45.955,500,0
119.241,t2_squeezenet,36073.669,84.090,500,0
119.312,t2_squeezenet,36061.659,70.560,499,0
119.355,t2_squeezenet,36037.242,43.169,500,0
119.440,t2_squeezenet,36079.377,85.278,499,0
119.530,t2_squeezenet,36083.475,89.637,500,0
119.613,t2_squeezenet,36091.808,83.223,500,0
119.657,t2_squeezenet,36081.517,43.890,500,0
119.741,t2_squeezenet,36034.278,83.994,500,0
119.827,t2_squeezenet,36074.996,85.431,499,0
119.913,t2_squeezenet,36093.260,86.143,500,0
119.956,t2_squeezenet,36064.593,43.255,499,0
120.042,t2_squeezenet,36086.700,85.421,499,0
120.127,t2_squeezenet,36094.758,85.545,500,0
120.212,t2_squeezenet,36148.670,84.541,500,0
120.256,t2_squeezenet,36110.519,43.774,499,0
120.322,t2_squeezenet,36005.531,66.851,499,0
120.411,t2_squeezenet,36088.196,88.526,500,0
120.455,t2_squeezenet,36080.619,44.229,500,0
120.537,t2_squeezenet,36093.899,82.238,500,0
120.624,t2_squeezenet,36153.843,86.210,499,0
120.711,t2_squeezenet,36132.878,86.886,500,0
120.752,t2_squeezenet,36100.162,41.665,500,0
120.838,t2_squeezenet,36097.472,85.542,500,0
120.924,t2_squeezenet,36160.467,85.592,500,0
121.015,t2_squeezenet,36111.582,90.982,500,0
121.064,t2_squeezenet,36106.242,49.344,500,0
121.146,t2_squeezenet,36183.676,82.298,500,0
121.230,t2_squeezenet,36167.364,83.889,500,0
121.276,t2_squeezenet,36123.815,45.484,500,0
121.354,t2_squeezenet,36141.815,77.992,500,0
121.438,t2_squeezenet,36184.732,84.142,500,0
121.525,t2_squeezenet,36176.556,87.373,500,0
121.612,t2_squeezenet,36226.134,87.003,500,0
121.658,t2_squeezenet,36196.092,46.000,499,0
121.744,t2_squeezenet,36201.805,85.477,499,0
121.827,t2_squeezenet,36237.854,83.183,500,0
121.912,t2_squeezenet,36228.586,84.289,500,0
121.955,t2_squeezenet,36203.708,43.882,500,0
122.044,t2_squeezenet,36215.940,88.520,500,0
122.128,t2_squeezenet,36248.744,83.478,500,0
122.215,t2_squeezenet,36265.063,87.871,500,0
122.266,t2_squeezenet,36216.964,50.233,500,0
122.330,t2_squeezenet,36222.697,64.455,500,0
122.417,t2_squeezenet,36259.949,86.380,500,0
122.459,t2_squeezenet,36191.523,42.068,500,0
122.544,t2_squeezenet,36254.329,84.705,500,0
122.633,t2_squeezenet,36278.110,89.833,500,0
122.717,t2_squeezenet,36277.204,83.935,500,0
122.762,t2_squeezenet,36188.395,44.510,500,0
122.849,t2_squeezenet,36202.786,87.077,500,0
122.935,t2_squeezenet,36285.206,86.140,500,0
123.026,t2_squeezenet,36266.530,90.597,500,0
123.110,t2_squeezenet,36232.155,84.490,500,0
123.152,t2_squeezenet,36273.741,41.729,500,0
123.246,t2_squeezenet,36292.633,93.727,500,0
123.317,t2_squeezenet,36235.085,70.832,500,0
123.361,t2_squeezenet,36220.397,43.929,499,0
123.443,t2_squeezenet,36275.127,82.168,500,0
123.528,t2_squeezenet,36218.778,85.021,500,0
123.617,t2_squeezenet,36285.626,88.826,500,0
123.667,t2_squeezenet,36282.700,49.474,500,0
123.749,t2_squeezenet,36286.921,82.071,500,0
123.837,t2_squeezenet,36244.353,88.522,500,0
123.921,t2_squeezenet,36213.030,83.568,500,0
124.012,t2_squeezenet,36200.934,91.125,500,0
124.054,t2_squeezenet,36224.370,41.493,499,0
124.135,t2_squeezenet,36295.121,81.628,500,0
124.226,t2_squeezenet,36231.893,91.239,500,0
124.276,t2_squeezenet,36281.449,49.862,500,0
124.346,t2_squeezenet,36248.064,69.264,500,0
124.426,t2_squeezenet,36319.288,80.189,500,0
124.514,t2_squeezenet,36329.406,88.067,500,0
124.560,t2_squeezenet,36312.213,46.183,500,0
124.644,t2_squeezenet,36341.897,83.832,500,0
124.729,t2_squeezenet,36367.710,84.377,500,0
124.813,t2_squeezenet,36379.748,84.230,500,0
124.858,t2_squeezenet,36295.496,45.334,499,0
124.945,t2_squeezenet,36381.358,87.217,500,0
125.033,t2_squeezenet,36366.866,87.809,500,0
125.118,t2_squeezenet,36400.537,84.278,500,0
125.161,t2_squeezenet,36385.248,43.180,500,0
125.249,t2_squeezenet,36345.440,87.890,500,0
125.311,t2_squeezenet,36341.340,62.377,500,0
125.354,t2_squeezenet,36372.657,42.308,500,0
125.435,t2_squeezenet,36380.476,81.369,500,0
125.525,t2_squeezenet,36295.149,90.461,500,0
125.613,t2_squeezenet,36382.525,87.551,500,0
125.656,t2_squeezenet,36373.540,42.628,500,0
125.739,t2_squeezenet,36408.452,83.027,500,0
125.821,t2_squeezenet,36363.986,82.258,500,0
125.912,t2_squeezenet,36416.749,90.960,500,0
125.955,t2_squeezenet,36388.971,42.913,499,0
126.041,t2_squeezenet,36414.131,86.390,500,0
126.126,t2_squeezenet,36449.210,84.371,500,0
126.214,t2_squeezenet,36449.956,88.057,500,0
126.265,t2_squeezenet,36410.016,51.207,499,0
126.319,t2_squeezenet,36383.679,53.405,500,0
126.363,t2_squeezenet,36407.355,44.619,500,0
126.445,t2_squeezenet,36400.848,81.947,500,0
126.532,t2_squeezenet,36395.215,86.393,500,0
126.616,t2_squeezenet,36423.968,84.118,500,0
126.660,t2_squeezenet,36363.348,44.114,500,0
126.746,t2_squeezenet,36406.874,85.697,500,0
126.835,t2_squeezenet,36444.341,88.852,500,0
126.919,t2_squeezenet,36475.291,84.245,500,0
126.961,t2_squeezenet,36370.510,42.279,500,0
127.042,t2_squeezenet,36438.119,81.060,500,0
127.134,t2_squeezenet,36477.837,91.072,500,0
127.222,t2_squeezenet,36410.124,88.070,500,0
127.269,t2_squeezenet,36225.150,47.248,500,0
127.330,t2_squeezenet,36222.716,61.104,500,0
127.414,t2_squeezenet,36230.395,83.897,500,0
127.460,t2_squeezenet,36211.972,45.546,500,0
127.548,t2_squeezenet,36297.683,87.779,500,0
127.629,t2_squeezenet,36378.350,81.799,500,0
127.715,t2_squeezenet,36430.996,85.532,500,0
127.761,t2_squeezenet,36442.600,46.253,499,0
127.847,t2_squeezenet,36490.400,85.947,500,0
127.932,t2_squeezenet,36484.664,85.009,500,0
128.016,t2_squeezenet,36531.524,84.226,500,0
128.065,t2_squeezenet,36505.905,48.013,499,0
128.150,t2_squeezenet,36436.853,85.413,500,0
128.241,t2_squeezenet,36503.947,90.822,500,0
128.310,t2_squeezenet,36539.617,69.012,500,0
128.350,t2_squeezenet,36490.252,40.415,500,0
128.438,t2_squeezenet,36509.635,87.237,500,0
128.527,t2_squeezenet,36523.410,88.973,500,0
128.612,t2_squeezenet,36563.028,85.313,500,0
128.655,t2_squeezenet,36438.854,42.786,499,0
128.740,t2_squeezenet,36430.942,85.421,500,0
128.825,t2_squeezenet,36495.201,84.865,500,0
128.866,t2_squeezenet,36510.391,40.355,499,0
128.948,t2_squeezenet,36297.602,82.309,500,0
129.037,t2_squeezenet,36386.086,89.018,500,0
129.124,t2_squeezenet,36461.228,87.183,500,0
129.168,t2_squeezenet,36499.709,43.384,500,0
129.253,t2_squeezenet,36488.333,85.557,500,0
129.310,t2_squeezenet,36542.072,56.693,500,0
129.356,t2_squeezenet,36482.376,46.296,500,0
129.437,t2_squeezenet,36505.649,80.902,500,0
129.527,t2_squeezenet,36564.057,89.744,500,0
129.612,t2_squeezenet,36554.137,84.616,500,0
129.657,t2_squeezenet,36511.847,45.182,499,0
129.744,t2_squeezenet,36531.649,86.813,500,0
129.827,t2_squeezenet,36559.555,83.515,500,0
129.913,t2_squeezenet,36554.862,85.971,500,0
129.956,t2_squeezenet,36528.959,42.832,500,0
130.043,t2_squeezenet,36546.021,86.936,500,0
130.128,t2_squeezenet,36581.712,84.281,500,0
130.212,t2_squeezenet,36566.867,84.005,500,0
130.262,t2_squeezenet,36590.261,50.589,500,0
130.314,t2_squeezenet,36501.706,51.463,499,0
130.358,t2_squeezenet,36511.633,43.971,500,0
130.446,t2_squeezenet,36527.979,88.386,500,0
130.530,t2_squeezenet,36549.725,83.433,500,0
130.618,t2_squeezenet,36558.375,87.601,500,0
130.665,t2_squeezenet,36433.131,47.833,500,0
130.746,t2_squeezenet,36489.971,80.358,500,0
130.833,t2_squeezenet,36469.427,87.069,500,0
130.919,t2_squeezenet,36548.743,85.581,500,0
131.011,t2_squeezenet,36585.963,92.472,500,0
131.054,t2_squeezenet,36593.698,43.290,500,0
131.138,t2_squeezenet,36595.304,83.360,500,0
131.226,t2_squeezenet,36537.060,88.392,500,0
131.278,t2_squeezenet,36538.646,51.158,500,0
131.337,t2_squeezenet,36569.637,59.182,500,0
131.424,t2_squeezenet,36537.192,87.526,500,0
131.513,t2_squeezenet,36593.129,88.864,500,0
131.609,t2_squeezenet,36632.611,96.135,500,0
131.655,t2_squeezenet,36582.805,46.057,500,0
131.739,t2_squeezenet,36576.993,83.070,500,0
131.824,t2_squeezenet,36600.837,84.986,500,0
131.912,t2_squeezenet,36602.600,88.303,500,0
131.957,t2_squeezenet,36622.590,45.500,500,0
132.046,t2_squeezenet,36681.630,88.754,500,0
132.133,t2_squeezenet,36644.748,86.957,500,0
132.225,t2_squeezenet,36667.448,91.405,500,0
132.274,t2_squeezenet,36592.388,49.470,500,0
132.343,t2_squeezenet,36621.689,68.333,500,0
132.429,t2_squeezenet,36642.834,86.221,500,0
132.516,t2_squeezenet,36683.825,86.910,500,0
132.563,t2_squeezenet,36627.140,47.565,500,0
132.650,t2_squeezenet,36662.142,86.363,500,0
132.738,t2_squeezenet,36611.301,87.941,500,0
132.821,t2_squeezenet,36637.213,83.516,500,0
132.912,t2_squeezenet,36720.340,90.912,500,0
132.961,t2_squeezenet,36699.623,48.501,499,0
133.047,t2_squeezenet,36671.116,85.759,500,0
133.136,t2_squeezenet,36708.504,89.597,500,0
133.225,t2_squeezenet,36716.495,88.196,500,0
133.274,t2_squeezenet,36727.255,49.721,499,0
133.333,t2_squeezenet,36697.360,58.573,498,0
133.421,t2_squeezenet,36726.695,87.860,500,0
133.511,t2_squeezenet,36720.547,90.441,500,0
133.554,t2_squeezenet,36724.598,42.912,499,0
133.644,t2_squeezenet,36764.285,89.685,500,0
133.738,t2_squeezenet,36759.521,93.446,500,0
133.819,t2_squeezenet,36744.289,81.019,500,0
133.914,t2_squeezenet,36788.790,94.904,500,0
133.960,t2_squeezenet,36796.664,46.632,500,0
134.048,t2_squeezenet,36795.756,87.817,500,0
134.135,t2_squeezenet,36753.406,86.787,500,0
134.225,t2_squeezenet,36810.617,89.694,500,0
134.276,t2_squeezenet,36801.438,51.152,500,0
134.336,t2_squeezenet,36744.182,60.305,500,0
134.422,t2_squeezenet,36781.494,85.565,499,0
134.511,t2_squeezenet,36824.618,88.480,500,0
134.555,t2_squeezenet,36760.224,44.157,500,0
134.649,t2_squeezenet,36780.710,93.790,500,0
134.735,t2_squeezenet,36755.647,86.512,500,0
134.824,t2_squeezenet,36830.673,89.166,500,0
134.912,t2_squeezenet,36863.214,88.064,500,0
134.958,t2_squeezenet,36806.683,45.503,500,0
135.045,t2_squeezenet,36811.783,87.430,500,0
135.133,t2_squeezenet,36869.691,87.471,500,0
135.224,t2_squeezenet,36858.767,91.567,500,0
135.272,t2_squeezenet,36790.592,47.557,500,0
135.345,t2_squeezenet,36771.882,72.909,500,0
135.431,t2_squeezenet,36842.563,85.674,500,0
135.517,t2_squeezenet,36871.405,86.264,500,0
135.561,t2_squeezenet,36791.045,43.987,500,0
135.651,t2_squeezenet,36783.131,90.215,500,0
135.739,t2_squeezenet,36829.606,87.564,500,0
135.825,t2_squeezenet,36880.469,85.772,500,0
135.916,t2_squeezenet,36823.949,91.192,500,0
135.963,t2_squeezenet,36817.342,47.304,500,0
136.054,t2_squeezenet,36882.248,90.967,500,0
136.140,t2_squeezenet,36860.470,85.468,500,0
136.231,t2_squeezenet,36866.858,90.959,500,0
136.278,t2_squeezenet,36912.572,47.158,500,0
136.346,t2_squeezenet,36886.313,68.178,500,0
136.434,t2_squeezenet,36898.139,87.699,500,0
136.521,t2_squeezenet,36931.445,87.184,500,0
136.612,t2_squeezenet,36910.628,90.375,499,0
136.655,t2_squeezenet,36918.920,43.171,499,0
136.747,t2_squeezenet,36918.591,91.580,500,0
136.833,t2_squeezenet,36952.750,86.480,500,0
136.922,t2_squeezenet,36974.175,88.939,500,0
137.013,t2_squeezenet,36857.522,91.286,499,0
137.060,t2_squeezenet,36901.436,46.356,500,0
137.147,t2_squeezenet,36916.149,86.887,500,0
137.236,t2_squeezenet,36981.793,88.949,500,0
137.280,t2_squeezenet,36808.342,44.439,500,0
137.347,t2_squeezenet,36866.943,66.351,500,0
137.435,t2_squeezenet,36946.078,88.019,499,0
137.523,t2_squeezenet,36991.168,88.331,500,0
137.612,t2_squeezenet,36980.144,89.044,500,0
137.658,t2_squeezenet,36980.986,45.880,500,0
137.753,t2_squeezenet,37002.051,94.578,500,0
137.838,t2_squeezenet,36960.735,85.615,500,0
137.928,t2_squeezenet,36959.630,89.137,500,0
138.015,t2_squeezenet,36959.306,87.305,500,0
138.062,t2_squeezenet,36995.988,47.146,500,0
138.147,t2_squeezenet,37007.541,85.383,500,0
138.238,t2_squeezenet,36928.963,90.819,500,0
138.285,t2_squeezenet,36952.892,46.459,500,0
138.348,t2_squeezenet,36971.104,62.902,500,0
138.437,t2_squeezenet,37008.626,88.732,500,0
138.522,t2_squeezenet,36993.751,85.052,500,0
138.611,t2_squeezenet,37053.749,89.013,500,0
138.656,t2_squeezenet,37013.153,45.245,500,0
138.743,t2_squeezenet,37022.969,86.863,500,0
138.827,t2_squeezenet,37046.058,84.047,500,0
138.915,t2_squeezenet,37050.296,88.008,500,0
138.961,t2_squeezenet,36894.913,45.638,499,0
139.053,t2_squeezenet,36928.908,92.620,500,0
139.140,t2_squeezenet,36991.972,86.403,500,0
139.229,t2_squeezenet,37063.879,88.719,500,0
139.275,t2_squeezenet,37011.559,46.478,500,0
139.332,t2_squeezenet,36993.376,56.820,500,0
139.423,t2_squeezenet,37068.098,90.658,500,0
139.512,t2_squeezenet,37022.868,89.311,500,0
139.557,t2_squeezenet,36884.719,44.496,499,0
139.645,t2_squeezenet,36950.496,87.882,500,0
139.736,t2_squeezenet,37009.043,91.528,500,0
139.828,t2_squeezenet,37087.423,91.778,500,0
139.914,t2_squeezenet,37039.673,85.820,500,0
139.959,t2_squeezenet,37039.112,45.221,500,0
140.047,t2_squeezenet,37038.526,87.588,500,0
140.135,t2_squeezenet,37091.482,87.817,500,0
140.223,t2_squeezenet,37098.184,88.320,500,0
140.270,t2_squeezenet,37014.552,47.574,500,0
140.327,t2_squeezenet,37064.122,56.648,500,0
140.416,t2_squeezenet,37044.420,88.907,499,0
140.461,t2_squeezenet,37080.168,44.370,499,0
140.546,t2_squeezenet,37091.677,85.349,500,0
140.635,t2_squeezenet,37099.084,88.951,500,0
140.727,t2_squeezenet,37018.054,92.382,500,0
140.818,t2_squeezenet,37081.472,90.808,500,0
140.864,t2_squeezenet,37054.397,45.450,500,0
140.951,t2_squeezenet,37106.940,87.441,500,0
141.043,t2_squeezenet,37102.231,91.256,500,0
141.131,t2_squeezenet,37121.457,88.128,500,0
141.214,t2_squeezenet,37167.660,83.638,500,0
141.265,t2_squeezenet,37127.046,50.118,499,0
141.315,t2_squeezenet,37092.521,50.288,499,0
141.364,t2_squeezenet,37017.853,48.557,500,0
141.450,t2_squeezenet,37040.651,86.420,500,0
141.537,t2_squeezenet,37115.991,86.540,500,0
141.624,t2_squeezenet,37114.410,87.155,500,0
141.716,t2_squeezenet,37106.364,91.918,500,0
141.759,t2_squeezenet,37104.335,43.033,499,0
141.846,t2_squeezenet,37135.536,87.195,500,0
141.935,t2_squeezenet,37125.916,89.211,500,0
142.026,t2_squeezenet,37170.213,90.824,500,0
142.116,t2_squeezenet,37184.696,89.833,500,0
142.158,t2_squeezenet,37145.807,41.877,500,0
142.252,t2_squeezenet,37160.714,94.522,500,0
142.311,t2_squeezenet,37126.983,58.332,500,0
142.354,t2_squeezenet,37096.386,43.336,500,0
142.440,t2_squeezenet,37163.483,85.331,500,0
142.525,t2_squeezenet,37174.584,85.780,500,0
142.615,t2_squeezenet,37166.741,89.204,500,0
142.662,t2_squeezenet,37122.904,47.488,500,0
142.750,t2_squeezenet,37170.396,88.137,500,0
142.833,t2_squeezenet,37163.171,82.196,500,0
142.922,t2_squeezenet,37152.496,89.152,500,0
143.012,t2_squeezenet,37186.880,90.231,500,0
143.055,t2_squeezenet,37193.716,43.288,500,0
143.140,t2_squeezenet,37194.655,84.782,500,0
143.230,t2_squeezenet,37194.789,90.067,500,0
143.280,t2_squeezenet,37108.507,49.201,500,0
143.337,t2_squeezenet,37160.399,56.940,500,0
143.426,t2_squeezenet,37073.542,89.332,500,0
143.511,t2_squeezenet,37130.780,85.150,500,0
143.552,t2_squeezenet,37147.883,40.497,500,0
143.644,t2_squeezenet,37172.243,92.477,499,0
143.731,t2_squeezenet,37182.442,86.214,500,0
143.818,t2_squeezenet,37188.577,87.688,500,0
143.863,t2_squeezenet,37184.166,44.349,500,0
143.952,t2_squeezenet,37202.335,89.040,499,0
144.041,t2_squeezenet,37173.436,89.125,500,0
144.160,t2_squeezenet,37117.690,119.036,500,0
144.253,t2_squeezenet,37210.714,93.057,500,0
144.315,t2_squeezenet,37267.395,61.398,500,0
144.363,t2_squeezenet,37229.528,47.977,500,0
144.451,t2_squeezenet,37221.643,88.148,500,0
144.538,t2_squeezenet,37260.030,86.973,500,0
144.624,t2_squeezenet,37235.914,85.907,500,0
144.715,t2_squeezenet,37197.460,90.892,500,0
144.759,t2_squeezenet,37222.870,44.550,500,0
144.842,t2_squeezenet,37293.004,82.964,500,0
144.931,t2_squeezenet,37286.582,88.077,500,0
145.015,t2_squeezenet,37258.194,84.683,500,0
145.112,t2_squeezenet,37326.515,96.246,500,0
145.155,t2_squeezenet,37301.113,43.712,499,0
145.247,t2_squeezenet,37254.126,92.093,500,0
145.310,t2_squeezenet,37215.470,62.791,500,0
145.354,t2_squeezenet,37165.486,43.828,500,0
145.441,t2_squeezenet,37242.099,86.624,500,0
145.529,t2_squeezenet,37291.148,87.822,500,0
145.618,t2_squeezenet,37337.001,89.688,500,0
145.666,t2_squeezenet,37306.034,47.052,500,0
145.752,t2_squeezenet,37303.926,86.259,500,0
145.840,t2_squeezenet,37272.073,88.152,500,0
145.927,t2_squeezenet,37354.933,86.985,500,0
146.015,t2_squeezenet,37265.688,88.173,500,0
146.067,t2_squeezenet,37248.313,51.877,500,0
146.147,t2_squeezenet,37305.582,79.917,500,0
146.238,t2_squeezenet,37359.844,90.934,500,0
146.283,t2_squeezenet,37324.532,44.802,500,0
146.354,t2_squeezenet,37258.919,70.750,500,0
146.440,t2_squeezenet,37228.118,86.193,500,0
146.525,t2_squeezenet,37275.541,85.402,500,0
146.613,t2_squeezenet,37353.657,87.604,500,0
146.656,t2_squeezenet,37331.663,42.843,500,0
146.744,t2_squeezenet,37372.720,88.212,500,0
146.833,t2_squeezenet,37357.461,88.684,500,0
146.922,t2_squeezenet,37398.420,88.740,500,0
147.011,t2_squeezenet,37382.253,89.114,500,0
147.058,t2_squeezenet,37404.778,46.608,500,0
147.147,t2_squeezenet,37418.743,88.956,500,0
147.237,t2_squeezenet,37375.422,90.638,500,0
147.283,t2_squeezenet,37382.123,45.639,500,0
147.335,t2_squeezenet,37365.463,52.021,500,0
147.423,t2_squeezenet,37387.466,87.725,500,0
147.512,t2_squeezenet,37435.296,89.191,500,0
147.555,t2_squeezenet,37380.185,42.843,500,0
147.643,t2_squeezenet,37405.296,87.903,500,0
147.728,t2_squeezenet,37415.858,84.826,500,0
147.816,t2_squeezenet,37417.481,87.827,500,0
147.862,t2_squeezenet,37387.971,45.668,500,0
147.948,t2_squeezenet,37391.923,86.096,500,0
148.036,t2_squeezenet,37416.298,88.293,500,0
148.122,t2_squeezenet,37466.685,85.786,500,0
148.210,t2_squeezenet,37466.139,87.986,500,0
148.261,t2_squeezenet,37387.589,51.160,500,0
148.312,t2_squeezenet,37429.353,50.642,500,0
148.355,t2_squeezenet,37400.430,43.087,500,0
148.440,t2_squeezenet,37406.937,84.672,499,0
148.525,t2_squeezenet,37367.810,84.895,500,0
148.615,t2_squeezenet,37447.520,89.843,500,0
148.663,t2_squeezenet,37390.589,48.350,500,0
148.748,t2_squeezenet,37376.403,85.277,500,0
148.833,t2_squeezenet,37404.670,84.424,500,0
148.920,t2_squeezenet,37404.226,87.504,500,0
148.966,t2_squeezenet,37422.365,45.882,500,0
149.050,t2_squeezenet,37357.793,83.306,500,0
149.135,t2_squeezenet,37416.765,85.511,500,0
149.224,t2_squeezenet,37445.143,89.154,500,0
149.276,t2_squeezenet,37321.491,51.555,499,0
149.326,t2_squeezenet,37359.024,49.508,499,0
149.411,t2_squeezenet,37439.182,85.272,500,0
149.452,t2_squeezenet,37371.000,41.298,500,0
149.539,t2_squeezenet,37350.109,86.598,500,0
149.629,t2_squeezenet,37397.475,89.858,500,0
149.713,t2_squeezenet,37434.449,84.610,500,0
149.757,t2_squeezenet,37378.381,43.161,499,0
149.843,t2_squeezenet,37400.777,86.001,499,0
149.933,t2_squeezenet,37452.219,89.881,500,0
150.019,t2_squeezenet,37447.573,86.030,500,0
150.062,t2_squeezenet,37409.380,43.614,500,0
150.151,t2_squeezenet,37407.935,88.403,500,0
150.245,t2_squeezenet,37435.459,94.213,500,0
150.310,t2_squeezenet,37407.948,65.397,500,0
150.349,t2_squeezenet,37408.652,39.016,499,0
150.432,t2_squeezenet,37370.450,82.386,500,0
150.517,t2_squeezenet,37411.751,84.940,500,0
150.610,t2_squeezenet,37365.439,93.390,500,0
150.655,t2_squeezenet,37409.812,45.007,499,0
150.738,t2_squeezenet,37403.428,82.274,499,0
150.825,t2_squeezenet,37408.956,86.951,500,0
150.911,t2_squeezenet,37404.540,86.331,500,0
150.954,t2_squeezenet,37435.672,42.823,499,0
151.035,t2_squeezenet,37473.937,81.102,500,0
151.124,t2_squeezenet,37418.550,88.397,500,0
151.212,t2_squeezenet,37465.641,88.355,500,0
151.266,t2_squeezenet,37433.823,53.553,500,0
151.313,t2_squeezenet,37433.075,47.306,500,0
151.354,t2_squeezenet,37406.497,41.244,500,0
151.439,t2_squeezenet,37390.377,84.391,500,0
151.524,t2_squeezenet,37332.776,84.898,500,0
151.612,t2_squeezenet,37412.780,88.430,500,0
151.653,t2_squeezenet,37342.140,40.489,500,0
151.739,t2_squeezenet,37399.185,86.006,500,0
151.827,t2_squeezenet,37390.667,87.895,500,0
151.914,t2_squeezenet,37457.017,87.780,500,0
151.958,t2_squeezenet,37435.113,43.535,500,0
152.040,t2_squeezenet,37473.497,82.525,500,0
152.126,t2_squeezenet,37453.497,85.546,500,0
152.212,t2_squeezenet,37453.155,85.836,500,0
152.259,t2_squeezenet,37419.808,46.999,500,0
152.311,t2_squeezenet,37424.288,52.039,500,0
152.356,t2_squeezenet,37373.543,44.925,500,0
152.443,t2_squeezenet,37369.162,86.978,500,0
152.530,t2_squeezenet,37399.739,87.265,500,0
152.613,t2_squeezenet,37414.068,82.630,500,0
152.656,t2_squeezenet,37367.858,43.098,500,0
152.739,t2_squeezenet,37349.246,82.975,500,0
152.832,t2_squeezenet,37440.420,92.274,500,0
152.917,t2_squeezenet,37471.874,85.421,500,0
152.962,t2_squeezenet,37429.964,44.564,499,0
153.045,t2_squeezenet,37340.363,83.525,500,0
153.130,t2_squeezenet,37386.270,84.820,500,0
153.215,t2_squeezenet,37466.486,84.836,500,0
153.261,t2_squeezenet,37408.700,45.782,499,0
153.314,t2_squeezenet,37363.464,53.464,499,0
153.360,t2_squeezenet,37390.665,45.922,499,0
153.448,t2_squeezenet,37374.911,87.507,499,0
153.535,t2_squeezenet,37350.852,87.238,500,0
153.619,t2_squeezenet,37390.845,83.758,500,0
153.662,t2_squeezenet,37380.627,43.615,499,0
153.751,t2_squeezenet,37401.028,88.380,500,0
153.837,t2_squeezenet,37415.824,86.391,499,0
153.919,t2_squeezenet,37436.775,81.936,500,0
153.965,t2_squeezenet,37392.426,45.851,500,0
154.050,t2_squeezenet,37376.244,84.483,500,0
154.139,t2_squeezenet,37392.154,89.094,500,0
154.223,t2_squeezenet,37452.541,84.026,500,0
154.271,t2_squeezenet,37402.787,48.151,500,0
154.327,t2_squeezenet,37383.161,55.966,500,0
154.416,t2_squeezenet,37397.434,88.922,500,0
154.461,t2_squeezenet,37400.242,44.495,499,0
154.544,t2_squeezenet,37357.183,83.139,498,0
154.629,t2_squeezenet,37367.387,84.912,500,0
154.715,t2_squeezenet,37429.480,86.556,500,0
154.764,t2_squeezenet,37378.134,48.832,499,0
154.847,t2_squeezenet,37338.960,83.048,499,0
154.932,t2_squeezenet,37392.707,84.207,500,0
155.020,t2_squeezenet,37404.303,88.604,499,0
155.067,t2_squeezenet,37403.172,46.535,500,0
155.151,t2_squeezenet,37393.964,83.741,500,0
155.236,t2_squeezenet,37397.217,85.616,499,0
155.285,t2_squeezenet,37352.871,48.488,500,0
155.352,t2_squeezenet,37363.120,67.103,500,0
155.436,t2_squeezenet,37350.074,83.974,500,0
155.521,t2_squeezenet,37335.287,84.564,500,0
155.567,t2_squeezenet,37345.253,46.038,499,0
155.651,t2_squeezenet,37341.178,83.764,500,0
155.736,t2_squeezenet,37379.741,85.335,500,0
155.824,t2_squeezenet,37321.686,88.285,500,0
155.910,t2_squeezenet,37372.190,85.456,500,0
155.955,t2_squeezenet,37362.719,44.904,500,0
156.047,t2_squeezenet,37368.154,92.037,500,0
156.131,t2_squeezenet,37403.692,84.344,500,0
156.219,t2_squeezenet,37398.866,87.907,500,0
156.268,t2_squeezenet,37403.893,48.733,500,0
156.327,t2_squeezenet,37334.442,59.455,500,0
156.413,t2_squeezenet,37387.207,85.222,500,0
156.457,t2_squeezenet,37335.191,44.371,500,0
156.542,t2_squeezenet,37302.501,85.322,500,0
156.630,t2_squeezenet,37318.518,87.947,499,0
156.718,t2_squeezenet,37365.739,87.231,500,0
156.760,t2_squeezenet,37293.365,42.427,500,0
156.849,t2_squeezenet,37374.754,88.779,500,0
156.934,t2_squeezenet,37395.671,85.451,500,0
157.026,t2_squeezenet,37394.044,91.223,500,0
157.111,t2_squeezenet,37388.439,85.307,500,0
157.152,t2_squeezenet,37276.313,41.348,499,0
157.243,t2_squeezenet,37346.490,90.078,500,0
157.291,t2_squeezenet,37251.793,48.025,499,0
157.342,t2_squeezenet,37290.661,51.753,500,0
157.431,t2_squeezenet,37374.751,88.740,500,0
157.518,t2_squeezenet,37389.436,87.137,500,0
157.609,t2_squeezenet,37338.859,91.037,500,0
157.651,t2_squeezenet,37324.798,41.384,500,0
157.736,t2_squeezenet,37327.948,85.505,500,0
157.823,t2_squeezenet,37369.423,86.607,500,0
157.913,t2_squeezenet,37426.645,90.371,500,0
157.961,t2_squeezenet,37280.622,47.038,500,0
158.044,t2_squeezenet,37362.823,83.776,500,0
158.133,t2_squeezenet,37408.866,88.424,500,0
158.221,t2_squeezenet,37451.341,88.013,500,0
158.275,t2_squeezenet,37436.018,54.115,500,0
158.321,t2_squeezenet,37391.460,45.933,500,0
158.365,t2_squeezenet,37327.391,43.763,500,0
158.449,t2_squeezenet,37362.361,84.073,500,0
158.533,t2_squeezenet,37379.677,83.933,500,0
158.622,t2_squeezenet,37380.175,89.141,500,0
158.667,t2_squeezenet,37357.242,44.313,500,0
158.747,t2_squeezenet,37333.694,80.411,500,0
158.835,t2_squeezenet,37383.255,87.793,500,0
158.922,t2_squeezenet,37358.227,87.254,500,0
159.013,t2_squeezenet,37273.274,90.524,500,0
159.056,t2_squeezenet,37270.540,43.674,500,0
159.142,t2_squeezenet,37355.598,85.535,500,0
159.233,t2_squeezenet,37392.425,90.989,500,0
159.284,t2_squeezenet,37336.987,50.532,500,0
159.329,t2_squeezenet,37369.448,45.586,500,0
159.412,t2_squeezenet,37303.678,82.714,500,0
159.456,t2_squeezenet,37263.719,44.079,500,0
159.548,t2_squeezenet,37310.915,91.618,500,0
159.632,t2_squeezenet,37366.014,83.849,500,0
159.717,t2_squeezenet,37333.291,84.620,500,0
159.760,t2_squeezenet,37303.950,43.782,500,0
159.846,t2_squeezenet,37355.639,85.896,500,0
159.937,t2_squeezenet,37368.856,90.543,500,0
160.018,t2_squeezenet,37351.334,81.076,500,0
160.064,t2_squeezenet,37333.101,45.572,500,0
160.146,t2_squeezenet,37330.313,81.849,500,0
160.235,t2_squeezenet,37339.631,89.671,500,0
160.279,t2_squeezenet,37326.741,44.032,500,0
160.328,t2_squeezenet,37263.353,48.306,499,0
160.412,t2_squeezenet,37296.783,84.606,498,0
160.458,t2_squeezenet,37298.784,45.430,498,0
160.545,t2_squeezenet,37276.592,87.459,500,0
160.630,t2_squeezenet,37228.709,84.664,500,0
160.715,t2_squeezenet,37308.520,84.700,500,0
160.761,t2_squeezenet,37297.313,46.122,500,0
160.847,t2_squeezenet,37317.920,86.073,500,0
160.935,t2_squeezenet,37302.818,87.890,500,0
161.020,t2_squeezenet,37317.417,84.704,500,0
161.064,t2_squeezenet,37267.394,44.673,500,0
161.149,t2_squeezenet,37308.603,84.923,500,0
161.237,t2_squeezenet,37313.436,87.612,500,0
161.281,t2_squeezenet,37216.783,43.650,500,0
161.338,t2_squeezenet,37260.739,57.406,500,0
161.422,t2_squeezenet,37285.198,84.010,500,0
161.513,t2_squeezenet,37250.784,90.841,500,0
161.554,t2_squeezenet,37268.100,40.433,499,0
161.633,t2_squeezenet,37279.413,79.732,500,0
161.719,t2_squeezenet,37288.008,85.594,500,0
161.810,t2_squeezenet,37254.782,91.301,500,0
161.855,t2_squeezenet,37247.073,44.246,500,0
161.941,t2_squeezenet,37277.121,86.346,500,0
162.024,t2_squeezenet,37278.010,83.141,500,0
162.111,t2_squeezenet,37251.550,86.941,500,0
162.155,t2_squeezenet,37218.372,43.747,500,0
162.241,t2_squeezenet,37245.126,86.330,500,0
162.287,t2_squeezenet,37216.376,45.614,500,0
162.344,t2_squeezenet,37215.972,57.230,500,0
162.432,t2_squeezenet,37195.701,87.790,500,0
162.516,t2_squeezenet,37265.015,83.571,500,0
162.559,t2_squeezenet,37247.256,42.889,500,0
162.649,t2_squeezenet,37295.098,90.602,500,0
162.735,t2_squeezenet,37261.717,85.316,500,0
162.826,t2_squeezenet,37242.090,90.676,500,0
162.867,t2_squeezenet,37243.695,41.275,500,0
162.948,t2_squeezenet,37254.621,80.984,500,0
163.040,t2_squeezenet,37299.300,91.759,500,0
163.126,t2_squeezenet,37287.658,85.852,500,0
163.214,t2_squeezenet,37251.979,88.683,500,0
163.267,t2_squeezenet,37303.200,52.557,500,0
163.314,t2_squeezenet,37268.818,47.415,500,0
163.362,t2_squeezenet,37207.222,47.141,499,0
163.441,t2_squeezenet,37169.045,79.426,500,0
163.526,t2_squeezenet,37253.189,84.511,500,0
163.615,t2_squeezenet,37285.213,89.369,500,0
163.667,t2_squeezenet,37297.064,51.471,500,0
163.751,t2_squeezenet,37302.904,84.545,500,0
163.839,t2_squeezenet,37282.961,87.794,500,0
163.921,t2_squeezenet,37302.855,82.212,500,0
164.011,t2_squeezenet,37318.695,90.000,500,0
164.057,t2_squeezenet,37308.349,45.480,500,0
164.136,t2_squeezenet,37293.369,78.846,500,0
164.223,t2_squeezenet,37299.191,87.430,500,0
164.272,t2_squeezenet,37293.955,48.470,500,0
164.327,t2_squeezenet,37266.649,54.988,500,0
164.414,t2_squeezenet,37275.607,87.578,500,0
164.457,t2_squeezenet,37225.906,42.935,499,0
164.540,t2_squeezenet,37266.409,82.941,500,0
164.632,t2_squeezenet,37258.102,91.994,500,0
164.719,t2_squeezenet,37292.677,86.146,500,0
164.762,t2_squeezenet,37283.409,43.112,500,0
164.847,t2_squeezenet,37297.012,85.391,500,0
164.937,t2_squeezenet,37266.376,89.495,500,0
165.022,t2_squeezenet,37256.883,85.659,500,0
165.112,t2_squeezenet,37302.508,89.424,500,0
165.153,t2_squeezenet,37300.050,41.552,500,0
165.239,t2_squeezenet,37237.799,85.796,500,0
165.287,t2_squeezenet,37217.458,47.763,500,0
165.350,t2_squeezenet,37243.495,62.894,500,0
165.431,t2_squeezenet,37232.925,80.999,500,0
165.521,t2_squeezenet,37237.287,89.452,500,0
165.611,t2_squeezenet,37277.504,90.109,500,0
165.654,t2_squeezenet,37284.962,43.100,499,0
165.738,t2_squeezenet,37283.347,84.554,500,0
165.824,t2_squeezenet,37277.404,85.624,500,0
165.916,t2_squeezenet,37223.625,91.525,500,0
165.964,t2_squeezenet,37271.388,47.927,500,0
166.049,t2_squeezenet,37300.924,85.102,500,0
166.134,t2_squeezenet,37239.126,85.200,500,0
166.224,t2_squeezenet,37303.840,89.639,500,0
166.276,t2_squeezenet,37319.101,52.161,500,0
166.329,t2_squeezenet,37241.998,53.094,499,0
166.415,t2_squeezenet,37271.425,86.217,500,0
166.459,t2_squeezenet,37230.547,43.109,500,0
166.546,t2_squeezenet,37287.095,86.922,500,0
166.636,t2_squeezenet,37297.033,89.972,500,0
166.724,t2_squeezenet,37363.577,88.045,500,0
166.813,t2_squeezenet,37348.033,88.918,500,0
166.855,t2_squeezenet,37319.197,42.394,500,0
166.945,t2_squeezenet,37285.913,90.434,500,0
167.029,t2_squeezenet,37326.621,84.018,500,0
167.117,t2_squeezenet,37364.125,87.877,500,0
167.209,t2_squeezenet,37345.841,91.962,500,0
167.258,t2_squeezenet,37325.934,48.624,500,0
167.317,t2_squeezenet,37359.756,58.659,500,0
167.360,t2_squeezenet,37289.111,43.596,500,0
167.449,t2_squeezenet,37298.532,88.406,500,0
167.538,t2_squeezenet,37317.792,88.890,500,0
167.633,t2_squeezenet,37302.732,95.348,500,0
167.721,t2_squeezenet,37365.594,87.549,500,0
167.763,t2_squeezenet,37387.062,42.196,500,0
167.850,t2_squeezenet,37400.145,86.558,500,0
167.941,t2_squeezenet,37389.423,91.764,499,0
168.031,t2_squeezenet,37384.029,89.927,499,0
168.120,t2_squeezenet,37432.284,88.892,500,0
168.210,t2_squeezenet,37461.634,89.432,500,0
168.255,t2_squeezenet,37421.814,45.606,500,0
168.316,t2_squeezenet,37336.711,60.661,500,0
168.362,t2_squeezenet,37321.878,45.511,500,0
168.449,t2_squeezenet,37361.272,87.498,500,0
168.536,t2_squeezenet,37327.923,86.551,500,0
168.626,t2_squeezenet,37381.517,90.217,500,0
168.714,t2_squeezenet,37404.232,88.247,500,0
168.755,t2_squeezenet,37372.320,41.048,500,0
168.846,t2_squeezenet,37420.616,90.937,500,0
168.935,t2_squeezenet,37374.902,88.167,500,0
169.028,t2_squeezenet,37401.344,93.626,500,0
169.117,t2_squeezenet,37448.785,88.606,500,0
169.161,t2_squeezenet,37366.239,43.631,500,0
169.256,t2_squeezenet,37428.046,95.389,500,0
169.312,t2_squeezenet,37377.880,55.636,499,0
169.358,t2_squeezenet,37391.285,45.989,500,0
169.442,t2_squeezenet,37312.020,84.125,500,0
169.535,t2_squeezenet,37397.254,92.918,500,0
169.624,t2_squeezenet,37396.319,89.258,500,0
169.715,t2_squeezenet,37419.978,90.997,500,0
169.760,t2_squeezenet,37408.434,44.986,500,0
169.849,t2_squeezenet,37394.866,88.296,500,0
169.937,t2_squeezenet,37391.256,87.941,500,0
170.025,t2_squeezenet,37415.513,88.170,500,0
170.113,t2_squeezenet,37456.161,88.269,500,0
170.156,t2_squeezenet,37398.264,42.361,500,0
170.250,t2_squeezenet,37423.608,94.144,500,0
170.298,t2_squeezenet,37321.453,47.979,500,0
170.351,t2_squeezenet,37337.851,53.394,500,0
170.439,t2_squeezenet,37380.247,87.240,500,0
170.527,t2_squeezenet,37385.976,88.388,500,0
170.615,t2_squeezenet,37266.355,87.906,500,0
170.662,t2_squeezenet,37310.336,47.302,500,0
170.747,t2_squeezenet,37371.899,85.006,500,0
170.834,t2_squeezenet,37337.933,86.699,500,0
170.918,t2_squeezenet,37287.819,83.614,500,0
171.011,t2_squeezenet,37371.163,92.957,500,0
171.054,t2_squeezenet,37380.834,43.640,500,0
171.142,t2_squeezenet,37361.797,87.720,500,0
171.232,t2_squeezenet,37412.174,90.144,500,0
171.283,t2_squeezenet,37361.805,50.404,500,0
171.340,t2_squeezenet,37376.827,57.207,500,0
171.427,t2_squeezenet,37352.455,86.728,500,0
171.515,t2_squeezenet,37319.139,88.005,500,0
171.563,t2_squeezenet,37320.370,48.326,500,0
171.653,t2_squeezenet,37357.970,90.198,500,0
171.740,t2_squeezenet,37311.359,86.777,500,0
171.824,t2_squeezenet,37374.939,84.125,500,0
171.913,t2_squeezenet,37390.393,88.132,500,0
171.958,t2_squeezenet,37399.217,45.730,499,0
172.044,t2_squeezenet,37385.730,86.107,498,0
172.134,t2_squeezenet,37343.633,89.208,500,0
172.223,t2_squeezenet,37381.994,89.308,500,0
172.273,t2_squeezenet,37352.036,50.143,500,0
172.324,t2_squeezenet,37299.699,50.939,500,0
172.413,t2_squeezenet,37332.163,88.876,500,0
172.458,t2_squeezenet,37303.891,44.303,500,0
172.546,t2_squeezenet,37318.004,88.592,500,0
172.636,t2_squeezenet,37353.142,90.205,500,0
172.727,t2_squeezenet,37375.643,90.093,500,0
172.812,t2_squeezenet,37372.539,85.128,500,0
172.857,t2_squeezenet,37326.808,44.842,500,0
172.944,t2_squeezenet,37339.897,87.337,500,0
173.034,t2_squeezenet,37352.579,89.665,500,0
173.119,t2_squeezenet,37340.453,84.924,500,0
173.163,t2_squeezenet,37335.823,44.443,499,0
173.258,t2_squeezenet,37332.597,94.851,500,0
173.316,t2_squeezenet,37350.692,58.028,499,0
173.359,t2_squeezenet,37299.081,42.422,499,0
173.445,t2_squeezenet,37292.421,86.165,500,0
173.538,t2_squeezenet,37305.865,92.951,500,0
173.629,t2_squeezenet,37332.651,90.713,500,0
173.723,t2_squeezenet,37302.547,94.615,500,0
173.811,t2_squeezenet,37335.336,88.078,500,0
173.853,t2_squeezenet,37203.340,41.713,500,0
173.945,t2_squeezenet,37266.494,91.500,500,0
174.038,t2_squeezenet,37359.111,93.529,500,0
174.124,t2_squeezenet,37325.200,86.071,500,0
174.215,t2_squeezenet,37320.772,90.424,500,0
174.267,t2_squeezenet,37212.912,51.861,499,0
174.319,t2_squeezenet,37261.746,52.577,499,0
174.410,t2_squeezenet,37327.997,90.602,500,0
174.449,t2_squeezenet,37293.622,39.408,500,0
174.540,t2_squeezenet,37297.780,90.774,500,0
174.630,t2_squeezenet,37335.825,89.382,500,0
174.727,t2_squeezenet,37280.107,97.026,500,0
174.818,t2_squeezenet,37334.149,91.627,500,0
174.863,t2_squeezenet,37309.462,44.758,500,0
174.954,t2_squeezenet,37325.396,90.265,500,0
175.050,t2_squeezenet,37346.308,96.359,500,0
175.142,t2_squeezenet,37351.665,91.548,500,0
175.231,t2_squeezenet,37323.805,89.622,500,0
175.281,t2_squeezenet,37335.130,49.843,500,0
175.333,t2_squeezenet,37296.672,52.141,500,0
175.423,t2_squeezenet,37360.184,89.118,500,0
175.512,t2_squeezenet,37326.150,89.607,500,0
175.557,t2_squeezenet,37308.153,44.517,500,0
175.651,t2_squeezenet,37347.845,94.211,500,0
175.741,t2_squeezenet,37374.036,89.444,500,0
175.826,t2_squeezenet,37319.598,85.437,500,0
175.913,t2_squeezenet,37386.499,86.716,500,0
175.957,t2_squeezenet,37319.987,44.066,499,0
176.048,t2_squeezenet,37342.805,91.382,499,0
176.137,t2_squeezenet,37393.025,88.389,500,0
176.231,t2_squeezenet,37339.035,93.921,500,0
176.278,t2_squeezenet,37302.254,47.556,500,0
176.334,t2_squeezenet,37338.237,55.994,500,0
176.429,t2_squeezenet,37321.048,95.111,500,0
176.515,t2_squeezenet,37368.971,86.001,500,0
176.559,t2_squeezenet,37321.933,43.645,499,0
176.646,t2_squeezenet,37346.227,86.372,500,0
176.740,t2_squeezenet,37353.084,94.347,500,0
176.828,t2_squeezenet,37385.334,88.241,500,0
176.917,t2_squeezenet,37355.133,88.808,500,0
177.011,t2_squeezenet,37429.348,93.679,500,0
177.056,t2_squeezenet,37398.179,44.843,500,0
177.143,t2_squeezenet,37404.750,87.309,500,0
177.236,t2_squeezenet,37377.808,93.161,500,0
177.284,t2_squeezenet,37346.907,47.882,499,0
177.335,t2_squeezenet,37346.992,51.038,500,0
177.426,t2_squeezenet,37377.275,90.630,500,0
177.513,t2_squeezenet,37345.559,86.680,500,0
177.555,t2_squeezenet,37327.082,42.411,500,0
177.646,t2_squeezenet,37336.398,90.678,500,0
177.731,t2_squeezenet,37306.490,84.850,500,0
177.821,t2_squeezenet,37329.225,90.245,500,0
177.910,t2_squeezenet,37414.049,88.819,500,0
177.952,t2_squeezenet,37322.349,42.563,500,0
178.045,t2_squeezenet,37386.015,92.026,500,0
178.133,t2_squeezenet,37376.172,88.327,500,0
178.221,t2_squeezenet,37401.672,87.991,500,0
178.270,t2_squeezenet,37360.755,49.132,500,0
178.322,t2_squeezenet,37364.051,51.414,499,0
178.412,t2_squeezenet,37352.974,90.746,499,0
178.455,t2_squeezenet,37306.748,42.380,500,0
178.543,t2_squeezenet,37231.751,87.905,500,0
178.628,t2_squeezenet,37293.387,85.465,500,0
178.724,t2_squeezenet,37380.422,95.294,500,0
178.767,t2_squeezenet,37351.695,43.646,500,0
178.849,t2_squeezenet,37378.499,81.810,500,0
178.936,t2_squeezenet,37347.652,86.796,500,0
179.029,t2_squeezenet,37400.306,92.680,500,0
179.120,t2_squeezenet,37343.507,91.470,500,0
179.210,t2_squeezenet,37394.517,89.874,500,0
179.260,t2_squeezenet,37406.546,49.910,500,0
179.312,t2_squeezenet,37342.989,52.312,500,0
179.358,t2_squeezenet,37325.124,45.176,500,0
179.447,t2_squeezenet,37314.767,89.404,500,0
179.534,t2_squeezenet,37365.532,87.040,500,0
179.623,t2_squeezenet,37358.192,88.319,500,0
179.714,t2_squeezenet,37361.112,91.373,500,0
179.757,t2_squeezenet,37382.089,43.463,500,0
179.849,t2_squeezenet,37399.287,91.058,500,0
179.937,t2_squeezenet,37407.499,88.734,500,0
180.028,t2_squeezenet,37396.391,90.375,500,0
180.117,t2_squeezenet,37410.268,88.931,500,0
180.158,t2_squeezenet,37372.202,41.479,500,0
180.251,t2_squeezenet,37396.705,92.629,499,0
180.311,t2_squeezenet,37354.551,60.316,499,0
180.358,t2_squeezenet,37310.204,46.524,499,0
180.446,t2_squeezenet,37354.969,87.878,500,0
180.533,t2_squeezenet,37320.805,86.891,500,0
180.618,t2_squeezenet,37354.138,85.425,500,0
180.710,t2_squeezenet,37412.276,91.803,500,0
180.751,t2_squeezenet,37390.080,41.152,500,0
180.838,t2_squeezenet,37407.129,86.564,500,0
180.927,t2_squeezenet,37411.047,89.525,500,0
181.021,t2_squeezenet,37356.865,93.415,500,0
181.112,t2_squeezenet,37436.216,90.958,500,0
181.154,t2_squeezenet,37396.480,42.027,499,0
181.256,t2_squeezenet,37402.479,101.917,500,0
181.317,t2_squeezenet,37316.674,61.415,500,0
181.385,t2_squeezenet,37374.873,67.609,500,0
181.443,t2_squeezenet,37399.720,57.831,499,0
181.503,t2_squeezenet,37319.478,60.447,500,0
181.565,t2_squeezenet,37270.308,61.431,500,0
181.631,t2_squeezenet,37280.412,66.314,500,0
181.687,t2_squeezenet,37295.819,55.578,499,0
181.747,t2_squeezenet,37294.686,59.730,500,0
181.801,t2_squeezenet,37245.229,54.030,500,0
181.852,t2_squeezenet,37216.281,50.718,500,0
181.899,t2_squeezenet,37169.755,47.577,500,0
181.942,t2_squeezenet,37170.610,42.938,500,0
181.989,t2_squeezenet,37123.075,47.025,500,0
182.038,t2_squeezenet,37069.324,48.492,500,0
182.085,t2_squeezenet,37066.339,47.306,500,0
182.129,t2_squeezenet,36965.319,44.314,500,0
182.173,t2_squeezenet,36961.217,43.585,500,0
182.217,t2_squeezenet,36955.712,43.872,500,0
182.269,t2_squeezenet,36945.147,51.682,500,0
182.310,t2_squeezenet,36907.001,41.591,500,0
182.353,t2_squeezenet,36852.933,42.763,500,0
182.401,t2_squeezenet,36872.175,47.896,499,0
182.450,t2_squeezenet,36817.060,48.380,500,0
182.496,t2_squeezenet,36784.342,46.641,500,0
182.541,t2_squeezenet,36720.046,44.417,500,0
182.585,t2_squeezenet,36742.647,44.296,500,0
182.633,t2_squeezenet,36680.202,47.715,500,0
182.681,t2_squeezenet,36655.913,48.124,500,0
182.722,t2_squeezenet,36612.925,41.243,499,0
182.768,t2_squeezenet,36605.355,45.792,500,0
182.813,t2_squeezenet,36563.321,44.650,500,0
182.860,t2_squeezenet,36529.658,47.138,499,0
182.906,t2_squeezenet,36552.250,46.000,499,0
182.950,t2_squeezenet,36500.029,44.091,499,0
182.994,t2_squeezenet,36467.257,44.099,498,0
183.044,t2_squeezenet,36414.179,49.698,497,0
183.090,t2_squeezenet,36431.377,46.214,496,0
183.133,t2_squeezenet,36384.444,42.320,498,0
183.178,t2_squeezenet,36256.437,45.222,498,0
183.225,t2_squeezenet,36287.977,46.605,498,0
183.270,t2_squeezenet,36249.300,44.995,500,0
183.315,t2_squeezenet,36214.108,45.691,500,0
183.359,t2_squeezenet,36184.055,43.482,499,0
183.404,t2_squeezenet,36149.424,45.460,499,0
183.456,t2_squeezenet,36148.293,51.610,499,0
183.500,t2_squeezenet,36164.445,43.556,499,0
183.545,t2_squeezenet,36101.146,45.269,498,0
183.591,t2_squeezenet,36068.492,45.791,498,0
183.637,t2_squeezenet,36060.584,46.529,497,0
183.684,t2_squeezenet,36024.569,46.061,498,0
183.728,t2_squeezenet,35991.228,44.212,498,0
183.770,t2_squeezenet,35946.216,42.218,498,0
183.818,t2_squeezenet,35936.707,47.902,500,0
183.867,t2_squeezenet,35917.532,48.406,500,0
183.910,t2_squeezenet,35856.374,43.626,500,0
183.956,t2_squeezenet,35815.102,45.891,500,0
184.003,t2_squeezenet,35771.192,46.909,499,0
184.051,t2_squeezenet,35787.717,47.915,499,0
184.098,t2_squeezenet,35761.900,46.728,500,0
184.141,t2_squeezenet,35699.587,42.842,500,0
184.184,t2_squeezenet,35736.569,43.698,500,0
184.234,t2_squeezenet,35700.738,49.499,499,0
184.278,t2_squeezenet,35642.424,44.226,500,0
184.321,t2_squeezenet,35652.823,42.853,500,0
184.369,t2_squeezenet,35568.359,47.490,500,0
184.416,t2_squeezenet,35567.718,46.840,500,0
184.464,t2_squeezenet,35503.892,48.136,500,0
184.509,t2_squeezenet,35514.899,45.038,500,0
184.553,t2_squeezenet,35491.477,43.936,500,0
184.598,t2_squeezenet,35460.787,45.417,500,0
184.647,t2_squeezenet,35360.682,48.262,500,0
184.690,t2_squeezenet,35358.811,43.691,500,0
184.734,t2_squeezenet,35382.312,43.907,500,0
184.779,t2_squeezenet,35334.918,44.995,500,0
184.826,t2_squeezenet,35334.108,46.444,500,0
184.874,t2_squeezenet,35301.677,47.596,500,0
184.917,t2_squeezenet,35285.520,43.859,499,0
184.962,t2_squeezenet,35132.552,44.471,499,0
185.010,t2_squeezenet,35148.464,47.656,499,0
