t_s,tenant,latency_ms,service_ms,qdepth,warmup
0.053,t2_squeezenet,34.050,32.512,0,1
0.189,t2_squeezenet,48.699,43.945,0,1
0.250,t2_squeezenet,55.151,50.475,1,1
0.292,t2_squeezenet,69.049,42.393,1,1
0.335,t2_squeezenet,55.125,42.124,1,1
0.383,t2_squeezenet,74.842,48.231,1,1
0.430,t2_squeezenet,55.094,47.384,1,1
0.473,t2_squeezenet,57.038,42.739,0,1
0.761,t2_squeezenet,38.250,34.953,2,1
0.794,t2_squeezenet,68.202,33.285,1,1
0.824,t2_squeezenet,80.365,29.165,0,1
0.879,t2_squeezenet,31.741,29.605,0,1
0.958,t2_squeezenet,33.498,29.102,0,1
1.078,t2_squeezenet,35.880,33.862,2,1
1.111,t2_squeezenet,59.723,32.743,1,1
1.140,t2_squeezenet,81.120,29.525,0,1
1.226,t2_squeezenet,33.067,29.629,0,1
1.444,t2_squeezenet,39.137,35.709,1,1
1.473,t2_squeezenet,51.470,29.477,2,1
1.505,t2_squeezenet,55.978,32.193,2,1
1.541,t2_squeezenet,87.520,35.516,2,1
1.574,t2_squeezenet,95.879,32.508,3,1
1.607,t2_squeezenet,69.431,33.672,2,1
1.663,t2_squeezenet,112.106,56.178,1,1
1.707,t2_squeezenet,149.295,43.117,1,1
1.759,t2_squeezenet,77.727,52.757,1,1
1.813,t2_squeezenet,58.568,53.864,0,1
1.870,t2_squeezenet,48.390,46.709,0,1
1.937,t2_squeezenet,44.875,41.397,0,1
2.006,t2_squeezenet,44.347,43.695,0,1
2.058,t2_squeezenet,49.626,47.160,1,1
2.100,t2_squeezenet,86.606,41.529,1,1
2.135,t2_squeezenet,37.801,35.018,0,1
2.271,t2_squeezenet,46.230,45.214,0,1
2.329,t2_squeezenet,50.030,47.727,1,1
2.374,t2_squeezenet,72.078,44.427,0,1
2.604,t2_squeezenet,32.619,32.305,0,1
2.670,t2_squeezenet,30.093,30.065,2,1
2.700,t2_squeezenet,48.914,29.790,2,1
2.729,t2_squeezenet,62.837,29.093,2,1
2.762,t2_squeezenet,85.928,33.805,2,1
2.799,t2_squeezenet,83.690,36.539,1,1
2.835,t2_squeezenet,85.996,36.317,1,1
2.869,t2_squeezenet,55.625,33.781,0,1
3.091,t2_squeezenet,31.252,29.366,0,1
3.148,t2_squeezenet,40.397,36.751,0,1
3.223,t2_squeezenet,43.376,38.473,0,1
3.290,t2_squeezenet,47.483,47.237,1,1
3.326,t2_squeezenet,57.197,35.658,0,1
3.397,t2_squeezenet,43.922,40.989,0,1
3.480,t2_squeezenet,49.885,46.949,0,1
3.712,t2_squeezenet,34.613,29.914,0,1
3.825,t2_squeezenet,41.383,37.302,0,1
3.880,t2_squeezenet,37.873,34.634,0,1
3.968,t2_squeezenet,41.516,36.936,3,1
4.003,t2_squeezenet,57.110,35.070,2,1
4.038,t2_squeezenet,82.176,34.676,2,1
4.072,t2_squeezenet,113.433,34.137,2,1
4.102,t2_squeezenet,65.112,29.887,2,1
4.138,t2_squeezenet,70.768,35.771,1,1
4.174,t2_squeezenet,85.899,36.114,2,1
4.212,t2_squeezenet,54.281,37.925,2,1
4.247,t2_squeezenet,79.221,34.809,1,1
4.279,t2_squeezenet,87.305,32.194,0,1
4.324,t2_squeezenet,30.668,30.289,2,1
4.354,t2_squeezenet,54.476,29.987,1,1
4.386,t2_squeezenet,84.826,31.355,0,1
4.476,t2_squeezenet,48.268,44.485,0,1
4.802,t2_squeezenet,35.378,32.221,0,1
4.880,t2_squeezenet,44.281,43.038,1,1
4.923,t2_squeezenet,47.530,42.932,0,1
5.115,t2_squeezenet,31.367,30.021,0,1
5.150,t2_squeezenet,30.393,29.207,2,1
5.179,t2_squeezenet,53.674,29.093,2,1
5.208,t2_squeezenet,65.709,29.496,1,1
5.238,t2_squeezenet,63.508,29.557,0,1
5.361,t2_squeezenet,38.799,37.327,2,1
5.392,t2_squeezenet,40.312,30.672,2,1
5.426,t2_squeezenet,66.840,34.015,1,1
5.457,t2_squeezenet,83.779,30.679,0,1
5.528,t2_squeezenet,39.752,35.770,1,1
5.558,t2_squeezenet,65.141,29.727,0,1
5.597,t2_squeezenet,34.822,29.788,1,1
5.627,t2_squeezenet,51.365,29.561,0,1
5.720,t2_squeezenet,34.056,32.751,1,1
5.754,t2_squeezenet,38.464,33.968,2,1
5.788,t2_squeezenet,60.079,33.445,2,1
5.820,t2_squeezenet,70.588,31.601,2,1
5.849,t2_squeezenet,94.337,29.803,1,1
5.882,t2_squeezenet,85.427,32.416,1,1
5.916,t2_squeezenet,38.143,34.214,0,1
6.285,t2_squeezenet,33.340,29.603,0,1
6.419,t2_squeezenet,33.413,33.130,0,1
6.531,t2_squeezenet,37.804,35.671,1,1
6.565,t2_squeezenet,46.866,34.739,0,1
6.651,t2_squeezenet,32.793,29.365,1,1
6.686,t2_squeezenet,41.709,35.471,1,1
6.717,t2_squeezenet,36.765,30.942,0,1
6.893,t2_squeezenet,32.663,29.432,0,1
6.938,t2_squeezenet,38.239,34.853,2,1
6.974,t2_squeezenet,68.924,35.988,2,1
7.009,t2_squeezenet,98.913,34.549,2,1
7.040,t2_squeezenet,67.810,31.599,3,1
7.069,t2_squeezenet,64.914,29.051,2,1
7.099,t2_squeezenet,60.563,29.623,2,1
7.133,t2_squeezenet,92.942,33.547,1,1
7.167,t2_squeezenet,68.765,34.928,0,1
7.235,t2_squeezenet,38.789,37.111,0,1
7.367,t2_squeezenet,41.236,40.843,0,1
7.458,t2_squeezenet,35.624,34.750,0,1
7.553,t2_squeezenet,43.237,43.182,2,1
7.592,t2_squeezenet,71.872,39.689,2,1
7.626,t2_squeezenet,80.099,33.926,1,1
7.661,t2_squeezenet,106.827,34.426,1,1
7.693,t2_squeezenet,54.654,31.848,0,1
7.744,t2_squeezenet,38.470,36.313,0,1
7.836,t2_squeezenet,34.875,31.062,1,1
7.866,t2_squeezenet,52.864,29.978,1,1
7.901,t2_squeezenet,39.974,35.138,1,1
7.935,t2_squeezenet,66.117,33.336,1,1
7.968,t2_squeezenet,58.224,33.418,0,1
8.020,t2_squeezenet,35.585,31.682,0,1
8.143,t2_squeezenet,33.028,31.655,1,1
8.175,t2_squeezenet,42.526,31.876,1,1
8.215,t2_squeezenet,56.575,40.411,0,1
8.296,t2_squeezenet,30.637,30.539,0,1
8.422,t2_squeezenet,29.428,29.395,0,1
8.505,t2_squeezenet,36.932,32.213,0,1
8.566,t2_squeezenet,36.867,36.160,1,1
8.608,t2_squeezenet,49.985,41.533,1,1
8.647,t2_squeezenet,55.053,39.505,3,1
8.679,t2_squeezenet,70.388,31.253,4,1
8.708,t2_squeezenet,98.345,29.026,4,1
8.737,t2_squeezenet,90.921,29.032,3,1
8.767,t2_squeezenet,108.382,30.107,3,1
8.804,t2_squeezenet,134.851,37.609,2,1
8.841,t2_squeezenet,156.963,36.364,1,1
8.884,t2_squeezenet,134.821,43.614,0,1
8.937,t2_squeezenet,51.571,47.740,1,1
8.985,t2_squeezenet,82.695,47.590,0,1
9.045,t2_squeezenet,47.474,43.803,3,1
9.089,t2_squeezenet,80.014,43.889,5,1
9.137,t2_squeezenet,120.744,48.104,6,1
9.183,t2_squeezenet,152.801,46.348,7,1
9.226,t2_squeezenet,174.333,42.296,6,1
9.270,t2_squeezenet,198.928,44.499,5,1
9.316,t2_squeezenet,240.452,45.745,5,1
9.361,t2_squeezenet,262.876,45.243,4,1
9.403,t2_squeezenet,280.602,42.212,3,1
9.446,t2_squeezenet,282.567,42.825,4,1
9.491,t2_squeezenet,321.653,44.520,4,1
9.527,t2_squeezenet,233.436,35.863,3,1
9.564,t2_squeezenet,131.966,36.959,3,1
9.594,t2_squeezenet,148.403,29.814,3,1
9.623,t2_squeezenet,150.121,29.097,2,1
9.653,t2_squeezenet,119.043,29.768,1,1
9.682,t2_squeezenet,93.334,29.400,0,1
9.747,t2_squeezenet,30.308,29.084,0,1
9.903,t2_squeezenet,35.482,34.905,0,1
10.056,t2_squeezenet,38.499,37.074,2,1
10.091,t2_squeezenet,48.468,34.858,2,1
10.126,t2_squeezenet,73.194,35.139,1,1
10.165,t2_squeezenet,83.948,38.239,1,1
10.206,t2_squeezenet,43.009,41.764,1,1
10.250,t2_squeezenet,75.910,43.509,0,1
10.289,t2_squeezenet,36.596,33.809,1,1
10.322,t2_squeezenet,35.549,32.768,0,1
10.391,t2_squeezenet,37.427,33.984,2,1
10.435,t2_squeezenet,75.953,44.207,1,1
10.481,t2_squeezenet,91.168,45.075,1,1
10.528,t2_squeezenet,57.166,47.452,1,1
10.564,t2_squeezenet,62.436,35.685,2,1
10.593,t2_squeezenet,55.490,29.130,1,1
10.622,t2_squeezenet,70.516,29.158,2,1
10.651,t2_squeezenet,46.721,29.039,1,1
10.687,t2_squeezenet,66.671,35.656,0,1
10.748,t2_squeezenet,35.430,31.100,0,1
10.837,t2_squeezenet,37.965,37.517,2,1
10.869,t2_squeezenet,59.588,32.041,1,1
10.902,t2_squeezenet,90.272,33.009,0,1
10.946,t2_squeezenet,37.759,34.044,0,1
11.036,t2_squeezenet,33.459,29.101,1,1
11.068,t2_squeezenet,50.816,31.977,0,1
11.251,t2_squeezenet,37.175,35.608,1,1
11.283,t2_squeezenet,60.323,32.201,1,1
11.312,t2_squeezenet,33.469,29.050,0,1
11.486,t2_squeezenet,40.456,37.194,0,1
11.715,t2_squeezenet,48.061,46.618,2,1
11.751,t2_squeezenet,64.194,35.726,2,1
11.790,t2_squeezenet,89.303,38.921,1,1
11.834,t2_squeezenet,116.831,44.277,1,1
11.877,t2_squeezenet,77.993,43.198,0,1
11.945,t2_squeezenet,51.347,47.018,1,1
11.990,t2_squeezenet,75.217,45.561,1,1
12.032,t2_squeezenet,74.940,41.734,2,1
12.076,t2_squeezenet,84.232,43.882,3,1
12.123,t2_squeezenet,108.548,46.597,3,1
12.166,t2_squeezenet,114.959,43.025,2,1
12.201,t2_squeezenet,149.594,35.169,2,1
12.247,t2_squeezenet,130.152,45.534,3,1
12.289,t2_squeezenet,116.302,42.356,3,1
12.333,t2_squeezenet,125.165,43.889,2,1
12.383,t2_squeezenet,145.958,49.681,1,1
12.427,t2_squeezenet,178.610,44.503,0,1
12.772,t2_squeezenet,38.947,36.225,2,1
12.808,t2_squeezenet,48.103,35.930,1,1
12.844,t2_squeezenet,77.446,35.245,0,1
12.889,t2_squeezenet,32.279,29.654,0,1
12.934,t2_squeezenet,39.650,35.606,0,1
13.001,t2_squeezenet,32.304,31.520,0,1
13.281,t2_squeezenet,48.320,47.119,0,1
13.386,t2_squeezenet,35.914,33.380,1,1
13.419,t2_squeezenet,57.297,32.745,0,1
13.465,t2_squeezenet,32.015,31.636,0,1
13.562,t2_squeezenet,32.739,31.250,0,1
13.635,t2_squeezenet,44.603,42.402,1,1
13.674,t2_squeezenet,44.390,38.377,2,1
13.704,t2_squeezenet,63.238,30.687,2,1
13.733,t2_squeezenet,80.130,29.030,2,1
13.763,t2_squeezenet,77.080,29.627,1,1
13.793,t2_squeezenet,86.390,29.506,1,1
13.822,t2_squeezenet,33.974,29.652,0,1
14.041,t2_squeezenet,33.632,31.944,0,1
14.118,t2_squeezenet,50.199,45.884,1,1
14.158,t2_squeezenet,52.044,40.637,2,1
14.200,t2_squeezenet,70.367,42.243,1,1
14.243,t2_squeezenet,108.131,42.395,0,1
14.347,t2_squeezenet,45.057,42.819,2,1
14.386,t2_squeezenet,76.205,39.016,1,1
14.420,t2_squeezenet,106.457,33.345,0,1
14.509,t2_squeezenet,47.894,43.327,0,1
14.569,t2_squeezenet,37.133,34.287,0,1
14.780,t2_squeezenet,40.490,38.631,0,1
14.916,t2_squeezenet,37.641,34.275,0,1
15.060,t2_squeezenet,48.826,48.329,1,1
15.099,t2_squeezenet,83.690,38.833,1,1
15.130,t2_squeezenet,52.545,30.470,0,1
15.319,t2_squeezenet,46.471,42.758,0,1
15.427,t2_squeezenet,33.941,31.724,0,1
15.485,t2_squeezenet,35.419,32.531,1,1
15.518,t2_squeezenet,48.809,32.647,0,1
15.652,t2_squeezenet,43.643,43.097,0,1
15.711,t2_squeezenet,35.054,33.501,0,1
15.810,t2_squeezenet,50.760,47.813,2,1
15.846,t2_squeezenet,75.582,35.752,1,1
15.888,t2_squeezenet,105.738,42.117,0,1
15.987,t2_squeezenet,48.185,43.223,0,1
16.074,t2_squeezenet,31.214,31.136,1,1
16.116,t2_squeezenet,63.797,42.579,0,1
16.174,t2_squeezenet,45.105,42.277,3,1
16.225,t2_squeezenet,80.834,50.791,4,1
16.269,t2_squeezenet,106.606,43.869,4,1
16.311,t2_squeezenet,144.718,42.008,3,1
16.359,t2_squeezenet,179.777,48.078,3,1
16.404,t2_squeezenet,201.523,45.602,3,1
16.448,t2_squeezenet,199.323,44.030,2,1
16.480,t2_squeezenet,148.983,31.403,1,1
16.510,t2_squeezenet,129.300,30.307,2,1
16.549,t2_squeezenet,51.991,38.614,1,1
16.593,t2_squeezenet,85.548,44.092,0,1
16.677,t2_squeezenet,33.668,32.773,1,1
16.713,t2_squeezenet,56.552,36.884,2,1
16.748,t2_squeezenet,67.750,34.782,1,1
16.783,t2_squeezenet,100.719,34.769,0,1
16.854,t2_squeezenet,33.183,29.883,1,1
16.883,t2_squeezenet,45.584,29.102,0,1
16.932,t2_squeezenet,30.971,29.063,1,1
16.962,t2_squeezenet,37.676,29.635,0,1
17.154,t2_squeezenet,35.076,30.424,0,1
17.205,t2_squeezenet,44.707,41.292,0,1
17.280,t2_squeezenet,43.891,43.821,0,1
17.353,t2_squeezenet,49.979,47.998,0,1
17.405,t2_squeezenet,44.870,42.050,1,1
17.449,t2_squeezenet,52.979,43.817,0,1
17.504,t2_squeezenet,53.505,49.308,4,1
17.550,t2_squeezenet,95.724,45.854,3,1
17.591,t2_squeezenet,127.554,41.910,2,1
17.638,t2_squeezenet,152.493,46.835,1,1
17.683,t2_squeezenet,184.300,44.479,1,1
17.724,t2_squeezenet,74.888,40.803,0,1
17.797,t2_squeezenet,34.719,32.663,1,1
17.842,t2_squeezenet,57.049,45.422,2,1
17.892,t2_squeezenet,83.812,49.708,1,1
17.935,t2_squeezenet,117.761,42.669,1,1
17.977,t2_squeezenet,50.821,42.219,0,1
18.073,t2_squeezenet,37.043,34.940,1,1
18.109,t2_squeezenet,37.556,35.543,1,1
18.142,t2_squeezenet,55.966,33.280,0,1
18.230,t2_squeezenet,36.712,32.059,2,1
18.276,t2_squeezenet,73.606,46.140,1,1
18.311,t2_squeezenet,82.425,35.083,1,1
18.342,t2_squeezenet,42.396,31.221,1,1
18.386,t2_squeezenet,71.862,44.012,0,1
18.436,t2_squeezenet,49.680,44.681,0,1
18.495,t2_squeezenet,45.191,43.909,1,1
18.525,t2_squeezenet,33.596,29.396,1,1
18.554,t2_squeezenet,47.427,29.096,0,1
18.642,t2_squeezenet,36.830,32.146,2,1
18.684,t2_squeezenet,75.583,41.750,2,1
18.716,t2_squeezenet,99.238,32.759,1,1
18.757,t2_squeezenet,75.994,41.098,0,1
18.823,t2_squeezenet,48.428,44.762,2,1
18.855,t2_squeezenet,52.864,32.358,1,1
18.896,t2_squeezenet,74.373,40.705,1,1
18.941,t2_squeezenet,64.026,45.295,0,1
19.072,t2_squeezenet,45.324,44.876,1,1
19.118,t2_squeezenet,91.099,46.120,1,1
19.166,t2_squeezenet,72.814,47.349,2,1
19.208,t2_squeezenet,74.946,42.325,1,1
19.250,t2_squeezenet,92.536,41.812,0,1
19.391,t2_squeezenet,43.195,43.143,0,1
19.483,t2_squeezenet,48.270,46.424,1,1
19.527,t2_squeezenet,54.131,44.086,1,1
19.570,t2_squeezenet,80.890,43.091,0,1
19.711,t2_squeezenet,35.332,34.555,1,1
19.745,t2_squeezenet,50.366,34.094,1,1
19.782,t2_squeezenet,40.743,36.871,2,1
19.819,t2_squeezenet,71.765,36.676,1,1
19.854,t2_squeezenet,101.752,34.984,0,1
19.901,t2_squeezenet,41.157,36.525,0,1
19.972,t2_squeezenet,36.682,35.500,1,1
20.007,t2_squeezenet,58.343,35.182,0,0
20.049,t2_squeezenet,39.949,37.596,1,0
20.085,t2_squeezenet,36.796,35.357,1,0
20.125,t2_squeezenet,74.134,40.559,1,0
20.168,t2_squeezenet,69.054,42.994,0,0
20.229,t2_squeezenet,45.530,45.441,0,0
20.381,t2_squeezenet,40.208,35.632,0,0
20.474,t2_squeezenet,33.163,31.996,2,0
20.503,t2_squeezenet,53.959,29.038,1,0
20.533,t2_squeezenet,69.129,29.756,0,0
20.629,t2_squeezenet,37.522,35.409,0,0
20.756,t2_squeezenet,32.354,30.207,2,0
20.786,t2_squeezenet,60.139,29.839,1,0
20.822,t2_squeezenet,68.700,36.407,2,0
20.858,t2_squeezenet,66.197,36.034,2,0
20.902,t2_squeezenet,93.986,43.950,2,0
20.946,t2_squeezenet,105.084,43.485,2,0
20.990,t2_squeezenet,90.010,44.419,1,0
21.037,t2_squeezenet,92.346,46.943,1,0
21.083,t2_squeezenet,89.978,45.702,0,0
21.137,t2_squeezenet,37.056,33.660,0,0
21.264,t2_squeezenet,31.968,30.869,2,0
21.301,t2_squeezenet,60.438,36.736,3,0
21.346,t2_squeezenet,99.720,44.849,4,0
21.391,t2_squeezenet,125.257,44.903,3,0
21.434,t2_squeezenet,140.339,43.321,3,0
21.479,t2_squeezenet,142.057,44.951,3,0
21.521,t2_squeezenet,183.053,41.448,2,0
21.563,t2_squeezenet,137.204,41.855,1,0
21.599,t2_squeezenet,135.445,36.169,1,0
21.634,t2_squeezenet,43.722,35.690,0,0
21.765,t2_squeezenet,32.999,29.136,0,0
21.997,t2_squeezenet,30.569,29.434,0,0
22.117,t2_squeezenet,33.000,29.289,0,0
22.173,t2_squeezenet,33.276,30.581,1,0
22.205,t2_squeezenet,57.878,32.354,0,0
22.298,t2_squeezenet,34.700,31.727,0,0
22.436,t2_squeezenet,38.781,36.330,1,0
22.466,t2_squeezenet,47.024,30.230,0,0
22.557,t2_squeezenet,36.648,35.281,1,0
22.594,t2_squeezenet,67.785,36.679,1,0
22.626,t2_squeezenet,55.420,32.438,1,0
22.657,t2_squeezenet,42.008,30.757,1,0
22.687,t2_squeezenet,57.549,30.340,1,0
22.732,t2_squeezenet,48.938,44.282,1,0
22.768,t2_squeezenet,67.668,36.741,0,0
22.914,t2_squeezenet,39.052,38.673,1,0
22.946,t2_squeezenet,68.546,32.317,0,0
22.986,t2_squeezenet,38.925,34.634,0,0
23.067,t2_squeezenet,41.568,40.934,0,0
23.144,t2_squeezenet,46.322,45.730,0,0
23.234,t2_squeezenet,51.794,49.707,1,0
23.276,t2_squeezenet,77.218,41.652,0,0
23.359,t2_squeezenet,49.787,47.347,0,0
23.502,t2_squeezenet,37.106,36.753,1,0
23.531,t2_squeezenet,61.882,29.198,1,0
23.569,t2_squeezenet,40.835,38.239,0,0
23.715,t2_squeezenet,29.569,29.400,0,0
23.755,t2_squeezenet,38.912,35.240,1,0
23.791,t2_squeezenet,44.611,35.183,0,0
23.862,t2_squeezenet,39.265,35.691,0,0
23.948,t2_squeezenet,40.126,35.402,0,0
23.993,t2_squeezenet,30.554,29.639,0,0
24.058,t2_squeezenet,38.553,35.473,0,0
24.098,t2_squeezenet,31.872,29.001,0,0
24.306,t2_squeezenet,35.265,30.608,1,0
24.335,t2_squeezenet,62.923,29.023,0,0
24.379,t2_squeezenet,34.448,34.425,0,0
24.518,t2_squeezenet,35.822,32.357,0,0
24.602,t2_squeezenet,44.162,43.320,1,0
24.638,t2_squeezenet,70.937,36.216,0,0
24.760,t2_squeezenet,38.215,35.967,0,0
24.836,t2_squeezenet,41.624,40.545,0,0
24.902,t2_squeezenet,48.233,45.926,2,0
24.948,t2_squeezenet,75.963,45.740,2,0
24.984,t2_squeezenet,106.910,35.950,2,0
25.020,t2_squeezenet,96.820,36.631,1,0
25.057,t2_squeezenet,77.981,36.105,1,0
25.097,t2_squeezenet,49.190,40.559,1,0
25.144,t2_squeezenet,84.310,46.867,2,0
25.183,t2_squeezenet,71.539,39.108,2,0
25.215,t2_squeezenet,95.401,31.272,2,0
25.245,t2_squeezenet,82.042,30.561,2,0
25.278,t2_squeezenet,82.179,32.658,3,0
25.312,t2_squeezenet,80.576,33.872,3,0
25.358,t2_squeezenet,110.070,46.257,2,0
25.401,t2_squeezenet,130.656,43.319,3,0
25.447,t2_squeezenet,149.855,45.732,2,0
25.492,t2_squeezenet,126.698,44.766,2,0
25.540,t2_squeezenet,148.282,47.575,1,0
25.573,t2_squeezenet,86.807,33.326,2,0
25.603,t2_squeezenet,59.873,30.205,1,0
25.634,t2_squeezenet,76.657,30.863,0,0
25.673,t2_squeezenet,37.974,33.294,2,0
25.705,t2_squeezenet,52.317,32.908,1,0
25.736,t2_squeezenet,68.040,30.861,2,0
25.772,t2_squeezenet,65.099,35.270,1,0
25.815,t2_squeezenet,91.936,43.044,1,0
25.848,t2_squeezenet,53.439,33.019,2,0
25.879,t2_squeezenet,49.190,31.385,2,0
25.910,t2_squeezenet,74.529,31.206,1,0
25.943,t2_squeezenet,75.566,32.414,2,0
25.988,t2_squeezenet,69.339,44.986,1,0
26.031,t2_squeezenet,109.535,43.100,0,0
26.084,t2_squeezenet,39.213,37.499,0,0
26.211,t2_squeezenet,41.190,36.330,1,0
26.252,t2_squeezenet,66.057,40.631,0,0
26.313,t2_squeezenet,44.001,41.192,0,0
26.462,t2_squeezenet,32.568,32.533,0,0
26.561,t2_squeezenet,35.347,32.932,2,0
26.593,t2_squeezenet,62.972,31.813,1,0
26.625,t2_squeezenet,85.022,31.941,0,0
26.701,t2_squeezenet,39.726,35.970,1,0
26.737,t2_squeezenet,63.514,35.870,1,0
26.772,t2_squeezenet,43.927,34.963,0,0
26.844,t2_squeezenet,38.323,36.104,0,0
26.920,t2_squeezenet,34.990,30.499,0,0
27.071,t2_squeezenet,48.986,48.949,1,0
27.110,t2_squeezenet,50.939,38.862,0,0
27.196,t2_squeezenet,36.161,35.942,1,0
27.232,t2_squeezenet,48.135,36.281,1,0
27.268,t2_squeezenet,54.485,35.265,1,0
27.303,t2_squeezenet,49.015,34.809,1,0
27.340,t2_squeezenet,66.963,37.376,0,0
27.542,t2_squeezenet,31.207,30.276,0,0
27.612,t2_squeezenet,46.087,44.230,1,0
27.644,t2_squeezenet,62.287,32.457,0,0
27.768,t2_squeezenet,46.779,42.679,2,0
27.800,t2_squeezenet,47.121,32.082,2,0
27.849,t2_squeezenet,82.533,48.132,3,0
27.883,t2_squeezenet,85.550,34.945,2,0
27.914,t2_squeezenet,70.604,30.405,1,0
27.943,t2_squeezenet,94.534,29.051,0,0
27.978,t2_squeezenet,30.461,29.581,0,0
28.096,t2_squeezenet,37.868,37.708,0,0
28.137,t2_squeezenet,39.304,36.002,0,0
28.187,t2_squeezenet,31.245,29.071,3,0
28.217,t2_squeezenet,40.296,29.820,3,0
28.251,t2_squeezenet,72.591,34.109,3,0
28.282,t2_squeezenet,100.649,31.785,2,0
28.312,t2_squeezenet,103.746,29.036,3,0
28.342,t2_squeezenet,106.967,30.460,2,0
28.381,t2_squeezenet,83.043,38.737,1,0
28.424,t2_squeezenet,117.501,42.953,1,0
28.469,t2_squeezenet,83.586,45.517,0,0
28.525,t2_squeezenet,49.609,45.448,1,0
28.558,t2_squeezenet,71.498,33.361,1,0
28.595,t2_squeezenet,68.576,36.695,1,0
28.632,t2_squeezenet,64.493,36.835,0,0
28.751,t2_squeezenet,42.526,37.582,0,0
28.812,t2_squeezenet,34.355,31.132,1,0
28.859,t2_squeezenet,68.531,46.512,3,0
28.907,t2_squeezenet,87.123,47.988,3,0
28.938,t2_squeezenet,114.251,30.886,3,0
28.967,t2_squeezenet,120.095,29.342,3,0
29.004,t2_squeezenet,113.711,37.335,3,0
29.040,t2_squeezenet,130.331,35.774,2,0
29.070,t2_squeezenet,132.070,30.306,1,0
29.101,t2_squeezenet,113.032,30.682,1,0
29.133,t2_squeezenet,61.879,31.980,0,0
29.325,t2_squeezenet,47.269,44.088,0,0
29.474,t2_squeezenet,36.105,32.380,1,0
29.508,t2_squeezenet,62.249,34.161,0,0
29.585,t2_squeezenet,39.766,36.515,0,0
29.660,t2_squeezenet,48.556,44.495,0,0
29.731,t2_squeezenet,48.861,45.666,0,0
29.852,t2_squeezenet,32.286,29.131,0,0
29.938,t2_squeezenet,35.466,30.970,0,0
30.002,t2_squeezenet,37.224,33.604,0,0
30.038,t2_squeezenet,33.200,30.687,0,0
30.085,t2_squeezenet,34.854,31.447,0,0
30.167,t2_squeezenet,48.176,47.102,1,0
30.203,t2_squeezenet,57.659,35.582,0,0
30.268,t2_squeezenet,42.022,39.992,0,0
30.321,t2_squeezenet,34.602,32.269,1,0
30.354,t2_squeezenet,63.746,32.898,1,0
30.385,t2_squeezenet,45.940,31.462,1,0
30.417,t2_squeezenet,51.725,31.394,1,0
30.448,t2_squeezenet,54.272,31.483,0,0
30.717,t2_squeezenet,44.353,40.781,0,0
30.856,t2_squeezenet,42.775,42.735,0,0
31.004,t2_squeezenet,41.706,41.585,0,0
31.057,t2_squeezenet,51.062,47.311,1,0
31.095,t2_squeezenet,74.163,38.501,1,0
31.132,t2_squeezenet,59.464,36.297,0,0
31.267,t2_squeezenet,47.925,43.684,2,0
31.304,t2_squeezenet,66.700,37.358,1,0
31.334,t2_squeezenet,80.430,30.354,0,0
31.501,t2_squeezenet,46.990,44.228,0,0
31.592,t2_squeezenet,48.453,44.271,1,0
31.635,t2_squeezenet,79.678,43.007,1,0
31.680,t2_squeezenet,52.157,44.892,1,0
31.720,t2_squeezenet,48.448,40.494,0,0
31.808,t2_squeezenet,34.419,32.014,2,0
31.841,t2_squeezenet,57.456,32.908,2,0
31.874,t2_squeezenet,69.890,33.076,1,0
31.903,t2_squeezenet,92.645,29.034,0,0
32.082,t2_squeezenet,47.693,47.344,0,0
32.136,t2_squeezenet,33.238,29.139,0,0
32.320,t2_squeezenet,38.921,37.038,1,0
32.358,t2_squeezenet,42.373,37.765,2,0
32.394,t2_squeezenet,48.433,36.332,3,0
32.425,t2_squeezenet,67.770,31.024,2,0
32.459,t2_squeezenet,83.096,33.273,2,0
32.501,t2_squeezenet,118.974,42.468,2,0
32.544,t2_squeezenet,111.605,42.606,1,0
32.583,t2_squeezenet,108.654,38.944,1,0
32.615,t2_squeezenet,71.221,32.331,0,0
32.753,t2_squeezenet,49.696,45.269,2,0
32.792,t2_squeezenet,85.296,39.743,2,0
32.835,t2_squeezenet,112.010,42.262,1,0
32.865,t2_squeezenet,108.690,30.644,1,0
32.901,t2_squeezenet,54.053,35.580,1,0
32.935,t2_squeezenet,38.353,34.274,0,0
32.997,t2_squeezenet,37.621,36.623,0,0
33.193,t2_squeezenet,36.672,34.013,0,0
33.301,t2_squeezenet,40.867,36.811,1,0
33.335,t2_squeezenet,69.618,33.823,1,0
33.366,t2_squeezenet,35.094,31.516,0,0
33.422,t2_squeezenet,39.886,35.804,1,0
33.468,t2_squeezenet,50.715,45.328,2,0
33.499,t2_squeezenet,67.382,31.025,1,0
33.530,t2_squeezenet,71.620,31.337,1,0
33.575,t2_squeezenet,57.840,44.899,1,0
33.625,t2_squeezenet,89.178,49.417,1,0
33.668,t2_squeezenet,87.919,43.160,0,0
33.717,t2_squeezenet,48.882,43.844,0,0
33.776,t2_squeezenet,49.276,48.623,0,0
33.918,t2_squeezenet,36.399,35.906,2,0
33.953,t2_squeezenet,54.580,35.199,2,0
33.990,t2_squeezenet,86.100,36.393,2,0
34.021,t2_squeezenet,71.876,31.815,1,0
34.051,t2_squeezenet,76.605,29.045,0,0
34.353,t2_squeezenet,37.969,33.757,1,0
34.388,t2_squeezenet,42.734,35.508,1,0
34.422,t2_squeezenet,50.982,33.518,0,0
34.578,t2_squeezenet,33.108,30.136,0,0
34.617,t2_squeezenet,38.779,33.795,1,0
34.647,t2_squeezenet,35.887,29.523,0,0
34.689,t2_squeezenet,33.576,31.955,0,0
34.769,t2_squeezenet,33.189,30.169,1,0
34.799,t2_squeezenet,49.232,29.212,1,0
34.835,t2_squeezenet,51.710,35.926,1,0
34.871,t2_squeezenet,61.756,35.941,0,0
34.926,t2_squeezenet,34.849,30.199,0,0
35.083,t2_squeezenet,39.081,34.343,0,0
35.227,t2_squeezenet,34.334,32.628,3,0
35.271,t2_squeezenet,76.400,43.420,4,0
35.307,t2_squeezenet,109.815,36.505,3,0
35.339,t2_squeezenet,140.244,31.574,3,0
35.370,t2_squeezenet,138.082,30.908,2,0
35.401,t2_squeezenet,133.190,31.218,2,0
35.432,t2_squeezenet,123.873,31.149,1,0
35.464,t2_squeezenet,91.323,32.107,1,0
35.498,t2_squeezenet,53.814,33.579,2,0
35.533,t2_squeezenet,61.664,35.168,1,0
35.573,t2_squeezenet,95.590,40.061,0,0
35.791,t2_squeezenet,49.400,45.616,0,0
35.868,t2_squeezenet,51.334,46.649,3,0
35.913,t2_squeezenet,88.580,44.675,3,0
35.957,t2_squeezenet,120.937,43.686,2,0
36.002,t2_squeezenet,149.894,45.121,2,0
36.053,t2_squeezenet,164.688,50.640,1,0
36.088,t2_squeezenet,107.756,35.609,1,0
36.131,t2_squeezenet,75.650,42.148,1,0
36.176,t2_squeezenet,54.768,45.590,0,0
36.225,t2_squeezenet,47.613,43.957,2,0
36.274,t2_squeezenet,87.522,48.327,1,0
36.318,t2_squeezenet,114.538,44.230,1,0
36.358,t2_squeezenet,55.649,40.130,1,0
36.403,t2_squeezenet,51.255,45.149,1,0
36.451,t2_squeezenet,65.018,47.448,0,0
36.525,t2_squeezenet,48.193,43.539,2,0
36.570,t2_squeezenet,66.371,45.120,3,0
36.614,t2_squeezenet,109.213,44.042,3,0
36.662,t2_squeezenet,126.956,47.634,2,0
36.698,t2_squeezenet,148.849,36.231,1,0
36.732,t2_squeezenet,149.814,33.441,0,0
36.866,t2_squeezenet,42.793,41.879,0,0
36.933,t2_squeezenet,50.673,46.927,0,0
36.990,t2_squeezenet,50.969,46.415,1,0
37.031,t2_squeezenet,72.417,40.752,0,0
37.134,t2_squeezenet,51.127,46.965,1,0
37.180,t2_squeezenet,74.906,45.872,2,0
37.223,t2_squeezenet,57.858,42.547,2,0
37.266,t2_squeezenet,92.568,42.890,1,0
37.313,t2_squeezenet,121.536,46.737,1,0
37.359,t2_squeezenet,52.135,46.395,1,0
37.395,t2_squeezenet,49.535,35.671,0,0
37.497,t2_squeezenet,34.657,30.746,2,0
37.526,t2_squeezenet,61.829,29.028,2,0
37.555,t2_squeezenet,74.341,29.578,3,0
37.585,t2_squeezenet,76.481,29.611,3,0
37.620,t2_squeezenet,75.652,35.383,2,0
37.656,t2_squeezenet,103.697,35.985,1,0
37.701,t2_squeezenet,133.108,44.519,1,0
37.737,t2_squeezenet,36.905,35.588,0,0
38.003,t2_squeezenet,29.632,29.295,0,0
38.225,t2_squeezenet,45.155,44.835,0,0
38.406,t2_squeezenet,30.145,29.165,0,0
38.485,t2_squeezenet,40.397,37.927,0,0
38.545,t2_squeezenet,33.863,29.522,0,0
38.649,t2_squeezenet,34.583,33.311,0,0
38.689,t2_squeezenet,35.497,34.603,0,0
38.795,t2_squeezenet,34.479,31.433,1,0
38.828,t2_squeezenet,37.029,33.219,2,0
38.861,t2_squeezenet,55.480,32.972,4,0
38.896,t2_squeezenet,83.442,34.841,3,0
38.933,t2_squeezenet,102.241,37.244,2,0
38.972,t2_squeezenet,133.693,39.051,1,0
39.018,t2_squeezenet,158.703,45.096,1,0
39.065,t2_squeezenet,66.213,47.708,2,0
39.109,t2_squeezenet,60.473,43.229,1,0
39.152,t2_squeezenet,95.190,43.598,1,0
39.197,t2_squeezenet,46.258,45.072,0,0
39.367,t2_squeezenet,42.322,37.871,2,0
39.412,t2_squeezenet,79.791,44.460,2,0
39.455,t2_squeezenet,110.343,42.854,1,0
39.501,t2_squeezenet,99.742,46.758,1,0
39.537,t2_squeezenet,69.118,35.357,0,0
39.621,t2_squeezenet,46.646,44.246,0,0
39.674,t2_squeezenet,43.783,42.319,0,0
39.737,t2_squeezenet,52.391,47.577,0,0
39.785,t2_squeezenet,38.259,37.236,0,0
39.851,t2_squeezenet,42.649,41.017,0,0
39.959,t2_squeezenet,50.748,46.554,0,0
40.040,t2_squeezenet,35.825,34.488,0,0
40.097,t2_squeezenet,34.891,32.291,1,0
40.130,t2_squeezenet,43.418,32.506,0,0
40.200,t2_squeezenet,31.179,30.097,2,0
40.243,t2_squeezenet,62.461,42.071,1,0
40.275,t2_squeezenet,81.773,31.842,2,0
40.306,t2_squeezenet,46.548,31.817,1,0
40.339,t2_squeezenet,74.216,32.408,0,0
40.420,t2_squeezenet,31.030,30.810,0,0
40.685,t2_squeezenet,48.937,47.092,1,0
40.721,t2_squeezenet,62.881,35.771,1,0
40.755,t2_squeezenet,43.539,33.869,0,0
40.814,t2_squeezenet,34.251,33.602,1,0
40.846,t2_squeezenet,40.796,32.185,0,0
40.912,t2_squeezenet,31.619,30.007,0,0
40.951,t2_squeezenet,34.080,29.167,1,0
40.980,t2_squeezenet,37.449,29.078,1,0
41.012,t2_squeezenet,46.601,31.371,0,0
41.091,t2_squeezenet,45.496,43.506,0,0
41.262,t2_squeezenet,39.990,39.007,0,0
41.608,t2_squeezenet,33.838,31.900,0,0
41.682,t2_squeezenet,47.078,43.678,1,0
41.726,t2_squeezenet,58.438,43.862,2,0
41.774,t2_squeezenet,84.262,47.995,1,0
41.815,t2_squeezenet,116.373,40.832,1,0
41.850,t2_squeezenet,58.609,35.440,0,0
42.014,t2_squeezenet,49.340,46.981,0,0
42.060,t2_squeezenet,35.247,30.374,1,0
42.091,t2_squeezenet,33.044,31.755,0,0
42.412,t2_squeezenet,46.566,42.619,0,0
42.470,t2_squeezenet,50.474,47.493,2,0
42.515,t2_squeezenet,94.176,45.056,1,0
42.559,t2_squeezenet,90.743,43.845,0,0
42.635,t2_squeezenet,50.291,45.325,1,0
42.684,t2_squeezenet,84.256,48.814,0,0
42.757,t2_squeezenet,42.952,41.709,0,0
42.808,t2_squeezenet,50.398,46.080,3,0
42.858,t2_squeezenet,91.744,49.405,2,0
42.898,t2_squeezenet,114.118,40.198,1,0
42.938,t2_squeezenet,149.891,39.638,1,0
42.976,t2_squeezenet,46.722,38.457,0,0
43.049,t2_squeezenet,41.224,37.470,0,0
43.100,t2_squeezenet,39.011,35.230,1,0
43.135,t2_squeezenet,48.744,35.369,0,0
43.171,t2_squeezenet,32.530,31.159,1,0
43.213,t2_squeezenet,46.941,42.230,1,0
43.249,t2_squeezenet,55.681,35.250,0,0
43.294,t2_squeezenet,44.126,40.131,2,0
43.342,t2_squeezenet,76.063,48.401,3,0
43.383,t2_squeezenet,104.109,40.526,4,0
43.420,t2_squeezenet,117.926,36.875,4,0
43.451,t2_squeezenet,145.533,31.341,3,0
43.493,t2_squeezenet,132.946,42.136,2,0
43.539,t2_squeezenet,160.211,45.678,1,0
43.587,t2_squeezenet,184.283,47.887,2,0
43.625,t2_squeezenet,56.363,37.711,2,0
43.656,t2_squeezenet,75.850,31.156,1,0
43.696,t2_squeezenet,79.152,39.429,3,0
43.746,t2_squeezenet,73.129,49.988,3,0
43.784,t2_squeezenet,102.339,38.844,2,0
43.815,t2_squeezenet,131.150,30.559,1,0
43.849,t2_squeezenet,128.540,33.878,1,0
43.883,t2_squeezenet,66.888,33.716,2,0
43.913,t2_squeezenet,47.292,29.852,1,0
43.947,t2_squeezenet,80.433,34.615,1,0
43.981,t2_squeezenet,60.348,33.887,0,0
44.118,t2_squeezenet,31.729,30.946,0,0
44.224,t2_squeezenet,30.567,29.821,0,0
44.284,t2_squeezenet,36.027,34.300,0,0
44.385,t2_squeezenet,49.598,45.292,0,0
44.427,t2_squeezenet,35.720,32.028,0,0
44.497,t2_squeezenet,34.733,30.037,1,0
44.533,t2_squeezenet,46.539,35.889,0,0
44.579,t2_squeezenet,40.252,35.423,1,0
44.609,t2_squeezenet,61.261,30.156,1,0
44.639,t2_squeezenet,40.147,30.186,1,0
44.668,t2_squeezenet,53.310,29.186,0,0
44.791,t2_squeezenet,37.518,36.268,0,0
44.867,t2_squeezenet,43.658,41.003,0,0
45.023,t2_squeezenet,45.613,44.485,2,0
45.056,t2_squeezenet,75.101,32.748,1,0
45.086,t2_squeezenet,100.990,30.166,0,0
45.129,t2_squeezenet,34.088,32.317,0,0
45.182,t2_squeezenet,33.898,33.173,0,0
45.271,t2_squeezenet,35.566,32.849,0,0
45.352,t2_squeezenet,33.968,30.378,1,0
45.381,t2_squeezenet,62.270,29.708,0,0
45.436,t2_squeezenet,32.220,29.245,0,0
45.480,t2_squeezenet,35.489,33.754,0,0
45.703,t2_squeezenet,37.220,35.843,1,0
45.737,t2_squeezenet,60.433,34.450,0,0
45.845,t2_squeezenet,41.359,36.341,1,0
45.880,t2_squeezenet,42.711,35.503,0,0
45.915,t2_squeezenet,32.510,30.008,1,0
45.955,t2_squeezenet,60.770,39.961,1,0
45.999,t2_squeezenet,64.362,43.216,1,0
46.037,t2_squeezenet,43.848,38.224,0,0
46.266,t2_squeezenet,40.839,37.094,2,0
46.302,t2_squeezenet,71.291,36.093,1,0
46.337,t2_squeezenet,88.342,35.212,1,0
46.373,t2_squeezenet,35.415,35.173,1,0
46.405,t2_squeezenet,52.831,31.830,0,0
46.452,t2_squeezenet,38.116,36.956,0,0
46.540,t2_squeezenet,33.545,32.824,0,0
46.641,t2_squeezenet,39.139,34.734,0,0
46.747,t2_squeezenet,43.298,40.432,1,0
46.784,t2_squeezenet,59.442,36.505,1,0
46.829,t2_squeezenet,79.708,45.110,1,0
46.872,t2_squeezenet,54.986,43.275,1,0
46.916,t2_squeezenet,86.245,43.749,0,0
46.987,t2_squeezenet,45.029,40.059,0,0
47.059,t2_squeezenet,51.845,47.051,0,0
47.125,t2_squeezenet,36.465,34.936,0,0
47.267,t2_squeezenet,36.448,35.598,0,0
47.415,t2_squeezenet,39.299,36.686,1,0
47.451,t2_squeezenet,57.364,36.437,0,0
47.572,t2_squeezenet,36.930,34.346,1,0
47.601,t2_squeezenet,38.295,29.128,1,0
47.631,t2_squeezenet,45.723,30.222,1,0
47.661,t2_squeezenet,47.024,30.273,0,0
47.712,t2_squeezenet,46.282,45.948,2,0
47.747,t2_squeezenet,69.304,34.233,1,0
47.779,t2_squeezenet,76.672,32.218,0,0
47.833,t2_squeezenet,34.671,33.531,1,0
47.864,t2_squeezenet,45.455,31.750,1,0
47.897,t2_squeezenet,53.288,32.167,0,0
47.933,t2_squeezenet,36.093,31.544,0,0
48.008,t2_squeezenet,29.690,29.243,0,0
48.265,t2_squeezenet,36.776,34.098,0,0
48.468,t2_squeezenet,37.127,35.923,5,0
48.499,t2_squeezenet,61.773,30.851,4,0
48.528,t2_squeezenet,80.870,29.111,4,0
48.557,t2_squeezenet,105.608,29.032,3,0
48.588,t2_squeezenet,132.838,30.295,2,0
48.617,t2_squeezenet,149.246,29.387,2,0
48.648,t2_squeezenet,141.889,30.571,3,0
48.691,t2_squeezenet,82.023,43.285,2,0
48.736,t2_squeezenet,114.027,44.786,1,0
48.771,t2_squeezenet,140.708,35.054,1,0
48.803,t2_squeezenet,56.276,31.994,2,0
48.835,t2_squeezenet,50.918,31.918,1,0
48.867,t2_squeezenet,65.532,32.312,3,0
48.899,t2_squeezenet,48.751,32.184,4,0
48.936,t2_squeezenet,85.280,36.770,5,0
48.979,t2_squeezenet,120.118,42.823,5,0
49.022,t2_squeezenet,139.136,42.526,8,0
49.054,t2_squeezenet,163.770,32.491,7,0
49.098,t2_squeezenet,193.237,43.270,8,0
49.136,t2_squeezenet,227.232,38.128,7,0
49.166,t2_squeezenet,209.974,30.475,6,0
49.198,t2_squeezenet,204.010,31.503,5,0
49.245,t2_squeezenet,247.644,47.643,4,0
49.280,t2_squeezenet,273.799,34.878,3,0
49.311,t2_squeezenet,301.739,30.203,2,0
49.353,t2_squeezenet,298.064,42.151,2,0
49.389,t2_squeezenet,296.498,35.875,1,0
49.421,t2_squeezenet,78.696,32.724,0,0
49.566,t2_squeezenet,37.164,33.214,0,0
49.627,t2_squeezenet,37.661,35.472,2,0
49.661,t2_squeezenet,60.556,34.728,4,0
49.697,t2_squeezenet,87.033,35.283,4,0
49.733,t2_squeezenet,96.987,36.462,4,0
49.763,t2_squeezenet,117.445,29.994,3,0
49.792,t2_squeezenet,143.482,29.045,3,0
49.821,t2_squeezenet,154.870,29.004,2,0
49.852,t2_squeezenet,127.641,30.163,1,0
49.881,t2_squeezenet,100.714,29.781,2,0
49.916,t2_squeezenet,53.430,34.804,2,0
49.947,t2_squeezenet,81.402,30.375,1,0
49.976,t2_squeezenet,61.539,29.641,0,0
50.092,t2_squeezenet,31.433,29.765,0,0
50.127,t2_squeezenet,33.573,29.763,0,0
50.198,t2_squeezenet,39.249,35.541,0,0
50.261,t2_squeezenet,45.018,42.498,0,0
50.491,t2_squeezenet,43.707,43.350,1,0
50.534,t2_squeezenet,43.996,42.296,2,0
50.577,t2_squeezenet,53.389,43.375,4,0
50.623,t2_squeezenet,98.348,45.695,4,0
50.663,t2_squeezenet,129.061,40.064,3,0
50.698,t2_squeezenet,158.947,34.574,2,0
50.733,t2_squeezenet,188.746,35.267,2,0
50.767,t2_squeezenet,165.774,33.759,1,0
50.796,t2_squeezenet,73.561,29.134,2,0
50.826,t2_squeezenet,55.690,29.598,1,0
50.858,t2_squeezenet,72.258,32.829,0,0
50.939,t2_squeezenet,43.207,39.781,0,0
50.997,t2_squeezenet,43.627,43.361,0,0
51.044,t2_squeezenet,39.587,36.634,0,0
51.105,t2_squeezenet,35.620,35.019,0,0
51.288,t2_squeezenet,44.298,41.236,1,0
51.332,t2_squeezenet,57.464,43.335,0,0
51.414,t2_squeezenet,37.756,36.601,1,0
51.448,t2_squeezenet,52.494,34.502,0,0
51.590,t2_squeezenet,31.173,29.987,1,0
51.620,t2_squeezenet,43.476,29.019,1,0
51.655,t2_squeezenet,43.114,35.251,2,0
51.690,t2_squeezenet,65.353,35.249,1,0
51.725,t2_squeezenet,87.612,34.596,2,0
51.760,t2_squeezenet,58.419,35.220,1,0
51.796,t2_squeezenet,91.989,36.222,1,0
51.825,t2_squeezenet,47.069,29.152,2,0
51.856,t2_squeezenet,57.014,30.519,2,0
51.898,t2_squeezenet,75.422,42.113,1,0
51.929,t2_squeezenet,103.775,31.172,0,0
51.981,t2_squeezenet,39.447,36.702,0,0
52.175,t2_squeezenet,52.530,51.359,1,0
52.218,t2_squeezenet,58.270,43.189,2,0
52.261,t2_squeezenet,71.936,42.971,1,0
52.308,t2_squeezenet,113.864,46.870,1,0
52.355,t2_squeezenet,92.569,46.939,1,0
52.392,t2_squeezenet,45.514,36.937,0,0
52.548,t2_squeezenet,49.901,44.844,0,0
52.800,t2_squeezenet,53.839,48.939,0,0
52.838,t2_squeezenet,36.312,33.308,0,0
52.885,t2_squeezenet,42.853,42.027,3,0
52.919,t2_squeezenet,50.722,34.342,2,0
52.953,t2_squeezenet,70.700,33.218,2,0
52.985,t2_squeezenet,100.757,31.740,3,0
53.015,t2_squeezenet,94.867,30.268,2,0
53.051,t2_squeezenet,93.163,36.445,2,0
53.094,t2_squeezenet,129.997,42.932,2,0
53.127,t2_squeezenet,105.746,32.407,1,0
53.158,t2_squeezenet,70.424,30.768,3,0
53.192,t2_squeezenet,60.517,34.432,3,0
53.236,t2_squeezenet,89.350,44.251,3,0
53.283,t2_squeezenet,132.961,46.813,3,0
53.330,t2_squeezenet,144.106,46.628,4,0
53.373,t2_squeezenet,180.070,42.774,4,0
53.408,t2_squeezenet,165.624,35.142,4,0
53.442,t2_squeezenet,148.638,33.909,3,0
53.483,t2_squeezenet,175.360,41.348,3,0
53.517,t2_squeezenet,167.445,34.174,3,0
53.548,t2_squeezenet,150.101,30.979,2,0
53.583,t2_squeezenet,122.802,34.178,2,0
53.615,t2_squeezenet,99.405,31.977,2,0
53.646,t2_squeezenet,75.358,31.884,2,0
53.680,t2_squeezenet,66.040,33.429,1,0
53.716,t2_squeezenet,78.840,35.751,1,0
53.746,t2_squeezenet,63.118,30.498,0,0
53.885,t2_squeezenet,43.841,42.719,0,0
53.973,t2_squeezenet,45.310,41.884,1,0
54.008,t2_squeezenet,74.893,35.777,0,0
54.063,t2_squeezenet,29.516,29.052,2,0
54.093,t2_squeezenet,47.364,30.190,2,0
54.122,t2_squeezenet,66.830,29.379,1,0
54.156,t2_squeezenet,78.436,33.554,0,0
54.294,t2_squeezenet,34.207,31.907,0,0
54.420,t2_squeezenet,35.775,34.323,1,0
54.454,t2_squeezenet,66.550,34.389,0,0
54.572,t2_squeezenet,34.507,32.291,0,0
54.625,t2_squeezenet,36.516,32.060,1,0
54.661,t2_squeezenet,47.906,36.424,1,0
54.704,t2_squeezenet,62.873,42.649,1,0
54.737,t2_squeezenet,51.053,33.122,1,0
54.772,t2_squeezenet,66.566,35.511,1,0
54.808,t2_squeezenet,49.721,35.094,2,0
54.844,t2_squeezenet,54.700,36.911,2,0
54.877,t2_squeezenet,75.070,32.069,1,0
54.907,t2_squeezenet,81.548,30.840,0,0
54.961,t2_squeezenet,37.982,33.037,0,0
55.036,t2_squeezenet,45.879,44.511,0,0
55.184,t2_squeezenet,34.273,31.690,0,0
55.228,t2_squeezenet,34.633,33.293,0,0
55.366,t2_squeezenet,47.899,46.642,1,0
55.409,t2_squeezenet,57.341,42.994,0,0
55.460,t2_squeezenet,46.662,46.616,1,0
55.502,t2_squeezenet,59.945,41.496,1,0
55.531,t2_squeezenet,61.259,29.102,0,0
55.611,t2_squeezenet,39.838,38.936,0,0
55.671,t2_squeezenet,32.484,30.508,0,0
55.711,t2_squeezenet,32.337,29.022,1,0
55.741,t2_squeezenet,58.746,30.743,0,0
55.845,t2_squeezenet,33.425,32.408,0,0
55.908,t2_squeezenet,37.876,32.858,0,0
56.015,t2_squeezenet,39.127,36.553,2,0
56.046,t2_squeezenet,53.932,30.825,1,0
56.075,t2_squeezenet,78.435,29.017,0,0
56.121,t2_squeezenet,32.295,30.784,1,0
56.152,t2_squeezenet,37.251,31.173,0,0
56.198,t2_squeezenet,40.666,40.306,0,0
56.271,t2_squeezenet,52.517,48.151,0,0
56.412,t2_squeezenet,32.599,29.324,0,0
56.460,t2_squeezenet,35.687,32.959,0,0
56.513,t2_squeezenet,35.469,32.748,0,0
56.585,t2_squeezenet,44.339,41.348,1,0
56.631,t2_squeezenet,72.719,46.688,2,0
56.672,t2_squeezenet,78.691,40.686,1,0
56.703,t2_squeezenet,84.113,30.308,0,0
56.787,t2_squeezenet,40.802,39.293,1,0
56.820,t2_squeezenet,52.871,32.353,1,0
56.857,t2_squeezenet,53.109,36.990,0,0
56.963,t2_squeezenet,42.728,40.264,0,0
57.083,t2_squeezenet,33.982,29.155,0,0
57.151,t2_squeezenet,39.969,36.602,0,0
57.185,t2_squeezenet,33.476,29.235,0,0
57.297,t2_squeezenet,50.886,46.451,0,0
57.367,t2_squeezenet,46.102,44.180,3,0
57.413,t2_squeezenet,89.422,46.169,2,0
57.453,t2_squeezenet,116.675,39.993,1,0
57.495,t2_squeezenet,156.412,42.190,1,0
57.535,t2_squeezenet,46.418,39.701,1,0
57.565,t2_squeezenet,48.963,29.774,1,0
57.599,t2_squeezenet,46.616,34.310,1,0
57.635,t2_squeezenet,51.569,35.991,0,0
57.672,t2_squeezenet,32.233,31.953,0,0
57.728,t2_squeezenet,34.147,30.296,2,0
57.759,t2_squeezenet,63.726,30.999,2,0
57.791,t2_squeezenet,74.786,31.972,1,0
57.823,t2_squeezenet,64.757,32.056,0,0
57.985,t2_squeezenet,36.107,34.851,0,0
58.076,t2_squeezenet,38.009,35.633,1,0
58.111,t2_squeezenet,57.878,34.581,0,0
58.298,t2_squeezenet,51.423,49.353,1,0
58.341,t2_squeezenet,49.575,43.839,1,0
58.376,t2_squeezenet,53.820,34.153,1,0
58.412,t2_squeezenet,67.702,36.200,1,0
58.442,t2_squeezenet,46.264,29.984,1,0
58.475,t2_squeezenet,34.437,33.275,0,0
58.529,t2_squeezenet,48.237,44.188,0,0
58.638,t2_squeezenet,35.821,32.941,1,0
58.669,t2_squeezenet,63.148,30.939,0,0
58.795,t2_squeezenet,53.007,49.134,0,0
58.981,t2_squeezenet,29.333,29.130,3,0
59.011,t2_squeezenet,44.034,29.864,2,0
59.045,t2_squeezenet,70.840,33.952,1,0
59.078,t2_squeezenet,100.788,33.315,0,0
59.117,t2_squeezenet,35.444,33.543,1,0
59.153,t2_squeezenet,56.366,36.218,0,0
59.218,t2_squeezenet,38.600,34.963,0,0
59.258,t2_squeezenet,30.654,29.401,0,0
59.346,t2_squeezenet,34.650,32.577,0,0
59.485,t2_squeezenet,42.766,38.382,1,0
59.528,t2_squeezenet,50.103,42.417,1,0
59.560,t2_squeezenet,73.982,32.077,0,0
59.601,t2_squeezenet,35.828,31.011,0,0
59.663,t2_squeezenet,33.976,31.265,0,0
59.731,t2_squeezenet,33.662,32.336,0,0
59.793,t2_squeezenet,38.358,37.412,0,0
59.844,t2_squeezenet,39.120,35.235,2,0
59.876,t2_squeezenet,58.701,32.018,2,0
59.909,t2_squeezenet,66.515,33.063,1,0
59.941,t2_squeezenet,88.176,31.823,0,0
60.141,t2_squeezenet,34.844,30.967,0,0
60.265,t2_squeezenet,46.030,43.235,0,0
60.479,t2_squeezenet,36.824,36.403,0,0
60.600,t2_squeezenet,35.150,34.999,1,0
60.634,t2_squeezenet,38.368,33.587,2,0
60.670,t2_squeezenet,62.220,36.176,3,0
60.705,t2_squeezenet,92.480,35.148,2,0
60.740,t2_squeezenet,93.667,35.179,3,0
60.776,t2_squeezenet,126.923,35.705,2,0
60.814,t2_squeezenet,91.814,37.691,1,0
60.845,t2_squeezenet,109.529,30.721,0,0
60.921,t2_squeezenet,36.403,36.254,0,0
60.981,t2_squeezenet,33.305,29.211,0,0
61.015,t2_squeezenet,33.926,29.027,1,0
61.045,t2_squeezenet,36.556,29.634,0,0
61.099,t2_squeezenet,38.746,34.369,1,0
61.135,t2_squeezenet,38.897,35.211,0,0
61.192,t2_squeezenet,38.554,37.645,0,0
61.244,t2_squeezenet,33.182,31.195,0,0
61.344,t2_squeezenet,34.219,29.349,1,0
61.373,t2_squeezenet,54.805,29.059,2,0
61.407,t2_squeezenet,47.840,33.757,1,0
61.444,t2_squeezenet,81.143,37.471,1,0
61.486,t2_squeezenet,56.443,41.105,1,0
61.520,t2_squeezenet,35.409,34.361,0,0
61.595,t2_squeezenet,43.356,42.797,0,0
61.670,t2_squeezenet,41.076,39.640,1,0
61.713,t2_squeezenet,47.254,43.613,0,0
61.818,t2_squeezenet,36.171,33.256,0,0
61.907,t2_squeezenet,35.441,34.162,1,0
61.955,t2_squeezenet,68.239,47.797,0,0
62.066,t2_squeezenet,30.290,29.559,1,0
62.095,t2_squeezenet,33.498,29.443,1,0
62.130,t2_squeezenet,36.587,34.339,0,0
62.195,t2_squeezenet,44.387,40.095,0,0
62.339,t2_squeezenet,50.343,46.896,2,0
62.382,t2_squeezenet,56.929,43.555,2,0
62.425,t2_squeezenet,95.863,42.255,2,0
62.470,t2_squeezenet,102.191,45.610,2,0
62.517,t2_squeezenet,134.072,46.778,2,0
62.560,t2_squeezenet,109.585,42.843,1,0
62.593,t2_squeezenet,98.254,33.308,0,0
62.708,t2_squeezenet,47.985,43.405,0,0
62.867,t2_squeezenet,50.053,47.799,0,0
62.934,t2_squeezenet,39.788,36.343,0,0
62.978,t2_squeezenet,36.580,34.123,0,0
63.087,t2_squeezenet,37.401,33.142,1,0
63.121,t2_squeezenet,57.294,34.088,0,0
63.193,t2_squeezenet,41.849,40.797,2,0
63.231,t2_squeezenet,72.611,38.394,2,0
63.271,t2_squeezenet,96.524,39.566,1,0
63.307,t2_squeezenet,90.163,36.255,1,0
63.345,t2_squeezenet,50.332,38.566,3,0
63.391,t2_squeezenet,78.614,44.936,2,0
63.434,t2_squeezenet,109.508,43.366,1,0
63.481,t2_squeezenet,142.017,47.350,1,0
63.531,t2_squeezenet,65.162,49.449,0,0
63.623,t2_squeezenet,49.137,46.712,0,0
63.726,t2_squeezenet,39.432,37.019,0,0
63.797,t2_squeezenet,48.335,44.878,1,0
63.842,t2_squeezenet,53.432,45.519,0,0
64.130,t2_squeezenet,37.579,34.200,0,0
64.202,t2_squeezenet,46.120,41.394,1,0
64.237,t2_squeezenet,64.415,34.934,1,0
64.272,t2_squeezenet,52.588,35.124,1,0
64.320,t2_squeezenet,55.403,47.667,1,0
64.363,t2_squeezenet,45.709,42.997,0,0
64.422,t2_squeezenet,43.989,43.079,0,0
64.500,t2_squeezenet,34.761,31.962,1,0
64.536,t2_squeezenet,47.480,36.035,0,0
64.584,t2_squeezenet,47.261,43.026,1,0
64.626,t2_squeezenet,57.758,42.485,3,0
64.659,t2_squeezenet,62.951,32.958,2,0
64.690,t2_squeezenet,75.642,30.210,2,0
64.733,t2_squeezenet,114.290,43.169,1,0
64.769,t2_squeezenet,91.617,36.212,0,0
64.831,t2_squeezenet,42.206,41.981,1,0
64.863,t2_squeezenet,48.336,31.658,0,0
64.958,t2_squeezenet,44.381,43.976,0,0
65.069,t2_squeezenet,40.120,35.119,0,0
65.238,t2_squeezenet,39.317,37.118,2,0
65.275,t2_squeezenet,64.316,37.127,2,0
65.310,t2_squeezenet,89.901,35.179,1,0
65.345,t2_squeezenet,88.207,34.667,0,0
65.393,t2_squeezenet,38.606,38.259,3,0
65.428,t2_squeezenet,57.492,35.074,2,0
65.463,t2_squeezenet,87.859,34.571,1,0
65.495,t2_squeezenet,110.708,32.129,0,0
65.536,t2_squeezenet,38.564,35.975,0,0
65.624,t2_squeezenet,40.248,36.630,1,0
65.653,t2_squeezenet,50.686,29.766,1,0
65.682,t2_squeezenet,41.673,29.139,0,0
65.876,t2_squeezenet,34.651,31.535,0,0
65.916,t2_squeezenet,31.145,30.417,1,0
65.952,t2_squeezenet,51.802,35.440,0,0
66.109,t2_squeezenet,38.638,35.330,0,0
66.270,t2_squeezenet,34.438,30.112,1,0
66.299,t2_squeezenet,42.261,29.096,1,0
66.333,t2_squeezenet,42.211,33.900,0,0
66.401,t2_squeezenet,38.552,37.112,0,0
66.481,t2_squeezenet,29.859,29.021,0,0
66.551,t2_squeezenet,38.855,35.365,0,0
66.687,t2_squeezenet,30.584,29.251,1,0
66.716,t2_squeezenet,53.907,29.463,1,0
66.752,t2_squeezenet,65.290,35.821,0,0
66.830,t2_squeezenet,35.230,32.268,1,0
66.863,t2_squeezenet,68.136,33.378,0,0
66.913,t2_squeezenet,35.693,33.933,1,0
66.943,t2_squeezenet,55.922,30.276,0,0
67.005,t2_squeezenet,45.863,41.453,0,0
67.070,t2_squeezenet,36.402,35.182,0,0
67.231,t2_squeezenet,32.515,29.093,0,0
67.323,t2_squeezenet,38.047,35.784,4,0
67.365,t2_squeezenet,74.394,42.013,6,0
67.409,t2_squeezenet,117.024,43.923,6,0
67.454,t2_squeezenet,144.581,45.155,7,0
67.501,t2_squeezenet,186.958,46.708,7,0
67.546,t2_squeezenet,214.352,44.996,10,0
67.589,t2_squeezenet,246.921,42.863,9,0
67.633,t2_squeezenet,288.556,44.923,9,0
67.684,t2_squeezenet,296.894,50.603,8,0
67.727,t2_squeezenet,316.590,42.695,7,0
67.768,t2_squeezenet,320.511,41.437,7,0
67.816,t2_squeezenet,343.670,47.421,8,0
67.860,t2_squeezenet,356.276,44.223,7,0
67.907,t2_squeezenet,398.335,46.841,6,0
67.939,t2_squeezenet,423.625,31.768,7,0
67.982,t2_squeezenet,462.667,43.278,6,0
68.016,t2_squeezenet,401.472,33.691,5,0
68.050,t2_squeezenet,311.116,33.671,4,0
68.082,t2_squeezenet,311.970,32.180,4,0
68.117,t2_squeezenet,322.885,35.003,3,0
68.163,t2_squeezenet,242.706,45.908,3,0
68.210,t2_squeezenet,282.965,47.159,2,0
68.254,t2_squeezenet,175.038,43.530,1,0
68.285,t2_squeezenet,150.908,31.138,0,0
68.333,t2_squeezenet,38.111,33.376,0,0
68.437,t2_squeezenet,34.049,32.687,1,0
68.470,t2_squeezenet,38.930,33.017,0,0
68.508,t2_squeezenet,34.783,33.251,3,0
68.539,t2_squeezenet,59.661,30.870,2,0
68.572,t2_squeezenet,92.094,32.769,1,0
68.614,t2_squeezenet,133.548,42.191,0,0
68.845,t2_squeezenet,52.471,47.179,1,0
68.880,t2_squeezenet,68.076,34.464,1,0
68.918,t2_squeezenet,44.758,38.026,1,0
68.965,t2_squeezenet,60.482,47.293,1,0
69.011,t2_squeezenet,68.266,45.298,1,0
69.052,t2_squeezenet,77.245,40.944,1,0
69.098,t2_squeezenet,84.201,46.233,1,0
69.144,t2_squeezenet,67.482,45.784,1,0
69.194,t2_squeezenet,53.513,50.406,1,0
69.239,t2_squeezenet,68.539,44.716,0,0
69.292,t2_squeezenet,43.133,43.013,1,0
69.327,t2_squeezenet,62.384,34.636,0,0
69.428,t2_squeezenet,35.593,35.244,1,0
69.458,t2_squeezenet,56.906,30.349,0,0
69.519,t2_squeezenet,37.858,35.026,1,0
69.549,t2_squeezenet,37.700,30.351,1,0
69.579,t2_squeezenet,53.188,29.721,0,0
69.619,t2_squeezenet,29.822,29.795,0,0
69.671,t2_squeezenet,32.852,32.181,0,0
69.850,t2_squeezenet,36.995,36.879,0,0
69.934,t2_squeezenet,29.258,29.046,0,0
70.000,t2_squeezenet,36.238,35.686,0,0
70.072,t2_squeezenet,39.778,36.457,0,0
70.126,t2_squeezenet,37.811,33.729,1,0
70.161,t2_squeezenet,59.242,34.668,1,0
70.194,t2_squeezenet,38.708,33.455,0,0
70.234,t2_squeezenet,29.792,29.483,0,0
70.306,t2_squeezenet,41.901,36.905,1,0
70.350,t2_squeezenet,53.488,43.365,0,0
70.401,t2_squeezenet,44.396,41.383,1,0
70.447,t2_squeezenet,66.046,46.001,0,0
70.770,t2_squeezenet,43.981,43.594,0,0
70.815,t2_squeezenet,43.545,39.648,0,0
70.893,t2_squeezenet,50.197,46.803,2,0
70.938,t2_squeezenet,73.932,45.740,2,0
70.983,t2_squeezenet,113.710,44.724,2,0
71.027,t2_squeezenet,97.899,43.557,2,0
71.071,t2_squeezenet,118.483,44.403,3,0
71.120,t2_squeezenet,108.888,48.545,3,0
71.163,t2_squeezenet,127.423,43.628,2,0
71.204,t2_squeezenet,160.722,40.302,2,0
71.250,t2_squeezenet,134.963,45.706,3,0
71.296,t2_squeezenet,101.146,46.691,5,0
71.339,t2_squeezenet,96.643,42.844,5,0
71.370,t2_squeezenet,122.405,31.260,4,0
71.403,t2_squeezenet,134.543,32.222,3,0
71.436,t2_squeezenet,153.470,33.503,3,0
71.472,t2_squeezenet,180.171,35.373,2,0
71.503,t2_squeezenet,182.452,31.775,2,0
71.533,t2_squeezenet,128.053,29.060,1,0
71.563,t2_squeezenet,87.850,30.022,1,0
71.598,t2_squeezenet,47.095,35.487,1,0
71.631,t2_squeezenet,59.192,32.941,0,0
71.688,t2_squeezenet,35.720,31.577,0,0
71.805,t2_squeezenet,31.001,30.703,2,0
71.835,t2_squeezenet,53.909,30.541,2,0
71.867,t2_squeezenet,62.618,31.963,1,0
71.905,t2_squeezenet,88.552,38.026,1,0
71.947,t2_squeezenet,55.853,41.769,0,0
71.997,t2_squeezenet,31.200,29.585,0,0
72.053,t2_squeezenet,40.449,35.778,1,0
72.088,t2_squeezenet,39.779,34.480,0,0
72.134,t2_squeezenet,39.748,36.467,2,0
72.177,t2_squeezenet,59.288,42.379,1,0
72.219,t2_squeezenet,89.238,42.384,0,0
72.278,t2_squeezenet,40.034,38.152,3,0
72.323,t2_squeezenet,47.941,45.204,7,0
72.358,t2_squeezenet,81.989,35.142,7,0
72.397,t2_squeezenet,120.873,39.197,6,0
72.440,t2_squeezenet,161.624,42.774,6,0
72.482,t2_squeezenet,178.750,41.815,6,0
72.528,t2_squeezenet,211.097,45.748,6,0
72.575,t2_squeezenet,256.595,47.368,5,0
72.617,t2_squeezenet,295.414,41.465,4,0
72.661,t2_squeezenet,313.854,43.804,4,0
72.705,t2_squeezenet,274.220,44.117,5,0
72.752,t2_squeezenet,287.386,46.686,5,0
72.801,t2_squeezenet,291.211,48.795,6,0
72.843,t2_squeezenet,226.026,42.745,7,0
72.889,t2_squeezenet,220.781,45.310,6,0
72.926,t2_squeezenet,254.194,37.674,5,0
72.959,t2_squeezenet,218.344,32.447,4,0
73.000,t2_squeezenet,224.428,41.020,6,0
73.046,t2_squeezenet,262.399,45.778,6,0
73.082,t2_squeezenet,255.798,36.586,5,0
73.128,t2_squeezenet,286.883,45.879,4,0
73.173,t2_squeezenet,185.711,44.560,3,0
73.217,t2_squeezenet,229.439,43.988,3,0
73.261,t2_squeezenet,261.696,44.114,3,0
73.310,t2_squeezenet,291.233,48.877,2,0
73.354,t2_squeezenet,153.808,44.026,2,0
73.396,t2_squeezenet,159.590,41.531,1,0
73.441,t2_squeezenet,114.062,45.289,1,0
73.486,t2_squeezenet,90.173,45.107,1,0
73.533,t2_squeezenet,88.844,46.944,0,0
73.595,t2_squeezenet,39.755,36.338,1,0
73.627,t2_squeezenet,38.822,31.884,0,0
73.688,t2_squeezenet,34.448,30.895,2,0
73.718,t2_squeezenet,52.487,29.645,2,0
73.747,t2_squeezenet,65.325,29.072,3,0
73.787,t2_squeezenet,80.455,39.908,4,0
73.832,t2_squeezenet,111.117,44.737,3,0
73.876,t2_squeezenet,152.271,44.048,5,0
73.920,t2_squeezenet,170.757,44.425,4,0
73.967,t2_squeezenet,210.909,46.651,3,0
74.000,t2_squeezenet,167.515,32.578,2,0
74.029,t2_squeezenet,180.710,29.057,1,0
74.058,t2_squeezenet,190.345,29.626,0,0
74.373,t2_squeezenet,32.662,31.113,2,0
74.405,t2_squeezenet,58.618,31.885,2,0
74.453,t2_squeezenet,97.837,47.758,1,0
74.489,t2_squeezenet,85.869,35.749,0,0
74.569,t2_squeezenet,39.673,34.636,1,0
74.606,t2_squeezenet,73.511,37.371,0,0
74.672,t2_squeezenet,39.701,35.341,0,0
74.719,t2_squeezenet,41.548,36.652,1,0
74.753,t2_squeezenet,74.767,34.092,0,0
74.986,t2_squeezenet,36.650,35.116,1,0
75.018,t2_squeezenet,65.243,31.471,0,0
75.068,t2_squeezenet,50.397,45.466,0,0
75.128,t2_squeezenet,41.460,38.295,0,0
75.178,t2_squeezenet,34.812,30.244,0,0
75.273,t2_squeezenet,47.995,43.891,1,0
75.316,t2_squeezenet,52.842,42.754,1,0
75.363,t2_squeezenet,61.809,47.515,0,0
75.469,t2_squeezenet,38.257,34.447,0,0
75.514,t2_squeezenet,30.178,29.994,0,0
75.548,t2_squeezenet,31.539,29.135,0,0
75.626,t2_squeezenet,39.298,36.955,1,0
75.661,t2_squeezenet,62.909,35.650,0,0
75.814,t2_squeezenet,32.362,31.090,0,0
75.849,t2_squeezenet,32.432,29.987,1,0
75.888,t2_squeezenet,46.568,38.358,0,0
76.116,t2_squeezenet,40.206,36.521,0,0
76.170,t2_squeezenet,38.247,33.863,0,0
76.305,t2_squeezenet,46.828,43.009,0,0
76.354,t2_squeezenet,48.795,44.448,0,0
76.452,t2_squeezenet,32.171,31.400,1,0
76.484,t2_squeezenet,58.004,32.065,0,0
76.592,t2_squeezenet,32.802,32.383,0,0
76.658,t2_squeezenet,51.076,50.808,0,0
76.775,t2_squeezenet,46.577,45.353,1,0
76.821,t2_squeezenet,76.374,46.523,0,0
76.877,t2_squeezenet,48.757,45.066,2,0
76.920,t2_squeezenet,74.932,42.845,4,0
76.964,t2_squeezenet,113.080,43.762,4,0
77.012,t2_squeezenet,130.589,48.419,3,0
77.059,t2_squeezenet,176.726,46.499,2,0
77.100,t2_squeezenet,202.310,41.253,1,0
77.145,t2_squeezenet,200.597,45.023,1,0
77.191,t2_squeezenet,84.510,45.806,0,0
77.408,t2_squeezenet,46.207,44.441,0,0
77.469,t2_squeezenet,39.943,36.239,0,0
77.627,t2_squeezenet,43.082,39.967,0,0
77.694,t2_squeezenet,41.362,36.711,0,0
77.827,t2_squeezenet,48.696,46.531,2,0
77.870,t2_squeezenet,70.941,43.222,1,0
77.914,t2_squeezenet,91.846,44.567,0,0
77.997,t2_squeezenet,51.416,46.892,0,0
78.037,t2_squeezenet,39.371,34.818,0,0
78.261,t2_squeezenet,47.247,46.764,2,0
78.299,t2_squeezenet,71.398,38.579,1,0
78.336,t2_squeezenet,92.453,36.426,1,0
78.371,t2_squeezenet,50.212,34.562,0,0
78.497,t2_squeezenet,38.732,35.711,1,0
78.527,t2_squeezenet,34.154,29.917,1,0
78.560,t2_squeezenet,62.171,32.897,0,0
78.781,t2_squeezenet,31.671,29.101,0,0
78.847,t2_squeezenet,30.931,29.870,1,0
78.876,t2_squeezenet,42.883,29.067,1,0
78.905,t2_squeezenet,49.530,29.056,0,0
78.955,t2_squeezenet,33.413,29.905,0,0
79.009,t2_squeezenet,31.513,29.073,1,0
79.039,t2_squeezenet,37.332,29.052,1,0
79.069,t2_squeezenet,35.367,30.698,1,0
79.106,t2_squeezenet,55.362,36.554,2,0
79.135,t2_squeezenet,52.892,29.102,1,0
79.164,t2_squeezenet,75.456,29.021,1,0
79.194,t2_squeezenet,32.904,29.735,0,0
79.274,t2_squeezenet,32.464,29.118,2,0
79.303,t2_squeezenet,55.239,29.017,1,0
79.337,t2_squeezenet,86.238,34.718,1,0
79.372,t2_squeezenet,41.061,34.756,1,0
79.407,t2_squeezenet,59.059,34.456,0,0
79.546,t2_squeezenet,34.198,32.299,1,0
79.587,t2_squeezenet,57.204,41.383,0,0
79.650,t2_squeezenet,47.784,43.009,0,0
79.744,t2_squeezenet,46.152,43.267,0,0
79.808,t2_squeezenet,47.589,43.117,1,0
79.852,t2_squeezenet,90.550,44.393,0,0
79.978,t2_squeezenet,38.918,34.132,1,0
80.010,t2_squeezenet,60.395,32.528,1,0
80.050,t2_squeezenet,44.304,39.689,0,0
80.319,t2_squeezenet,49.070,46.249,1,0
80.363,t2_squeezenet,83.972,43.212,0,0
80.482,t2_squeezenet,51.282,48.608,1,0
80.524,t2_squeezenet,50.608,42.239,1,0
80.568,t2_squeezenet,53.281,43.033,1,0
80.613,t2_squeezenet,79.557,45.450,0,0
80.684,t2_squeezenet,39.985,35.040,1,0
80.719,t2_squeezenet,61.062,35.176,1,0
80.757,t2_squeezenet,56.985,38.106,0,0
80.823,t2_squeezenet,38.520,35.476,1,0
80.861,t2_squeezenet,76.171,38.422,1,0
80.900,t2_squeezenet,47.027,38.451,0,0
81.133,t2_squeezenet,48.843,45.416,2,0
81.166,t2_squeezenet,44.611,33.558,1,0
81.199,t2_squeezenet,68.510,32.539,0,0
81.354,t2_squeezenet,41.457,38.544,2,0
81.388,t2_squeezenet,65.192,34.133,3,0
81.432,t2_squeezenet,106.488,43.963,2,0
81.464,t2_squeezenet,106.016,32.250,1,0
81.497,t2_squeezenet,135.796,32.451,0,0
81.652,t2_squeezenet,49.882,48.373,1,0
81.684,t2_squeezenet,38.291,32.407,0,0
81.815,t2_squeezenet,35.487,34.875,0,0
81.906,t2_squeezenet,37.590,35.501,0,0
82.022,t2_squeezenet,33.019,29.670,1,0
82.052,t2_squeezenet,46.316,30.197,1,0
82.090,t2_squeezenet,44.913,38.026,1,0
82.126,t2_squeezenet,70.180,35.890,0,0
82.238,t2_squeezenet,35.367,35.339,0,0
82.285,t2_squeezenet,39.550,36.796,1,0
82.320,t2_squeezenet,46.702,35.441,0,0
82.508,t2_squeezenet,36.135,35.784,0,0
82.613,t2_squeezenet,32.072,29.115,0,0
82.766,t2_squeezenet,47.313,42.315,2,0
82.815,t2_squeezenet,92.710,48.332,1,0
82.862,t2_squeezenet,133.331,47.369,2,0
82.909,t2_squeezenet,90.940,47.092,3,0
82.953,t2_squeezenet,116.063,43.458,2,0
82.997,t2_squeezenet,119.303,43.952,1,0
83.044,t2_squeezenet,154.088,47.163,0,0
83.147,t2_squeezenet,45.781,41.780,1,0
83.192,t2_squeezenet,61.834,45.771,0,0
83.328,t2_squeezenet,36.104,34.375,2,0
83.360,t2_squeezenet,64.808,31.806,4,0
83.389,t2_squeezenet,80.826,29.008,3,0
83.425,t2_squeezenet,91.505,36.132,2,0
83.462,t2_squeezenet,105.003,36.810,1,0
83.497,t2_squeezenet,138.906,34.937,1,0
83.537,t2_squeezenet,68.797,40.004,2,0
83.573,t2_squeezenet,44.968,36.493,2,0
83.605,t2_squeezenet,69.248,32.012,2,0
83.646,t2_squeezenet,84.766,40.748,1,0
83.693,t2_squeezenet,105.663,46.593,0,0
83.778,t2_squeezenet,37.595,34.953,0,0
83.819,t2_squeezenet,34.847,30.347,0,0
83.895,t2_squeezenet,37.981,35.850,1,0
83.931,t2_squeezenet,43.148,35.680,3,0
83.963,t2_squeezenet,36.450,31.714,3,0
83.996,t2_squeezenet,68.307,33.904,3,0
84.028,t2_squeezenet,98.738,31.781,4,0
84.057,t2_squeezenet,117.088,29.038,5,0
84.087,t2_squeezenet,113.367,29.718,5,0
84.117,t2_squeezenet,114.017,29.858,5,0
84.147,t2_squeezenet,138.623,30.141,5,0
84.188,t2_squeezenet,145.098,41.210,6,0
84.236,t2_squeezenet,192.167,47.260,8,0
84.281,t2_squeezenet,217.796,45.029,8,0
84.330,t2_squeezenet,217.299,49.497,10,0
84.374,t2_squeezenet,230.921,43.720,10,0
84.416,t2_squeezenet,250.598,41.683,9,0
84.461,t2_squeezenet,293.889,45.114,10,0
84.510,t2_squeezenet,312.050,48.651,11,0
84.552,t2_squeezenet,340.967,42.064,10,0
84.595,t2_squeezenet,362.681,43.675,12,0
84.638,t2_squeezenet,395.647,42.923,11,0
84.674,t2_squeezenet,387.286,35.979,10,0
84.707,t2_squeezenet,416.831,32.192,9,0
84.738,t2_squeezenet,421.937,31.792,8,0
84.769,t2_squeezenet,397.137,31.005,9,0
84.802,t2_squeezenet,381.207,32.220,8,0
84.835,t2_squeezenet,392.578,32.909,8,0
84.868,t2_squeezenet,386.614,32.864,8,0
84.903,t2_squeezenet,404.787,35.183,8,0
84.943,t2_squeezenet,382.060,40.376,8,0
84.992,t2_squeezenet,416.879,48.621,7,0
85.038,t2_squeezenet,457.326,45.912,6,0
85.070,t2_squeezenet,324.968,32.559,5,0
85.102,t2_squeezenet,333.110,31.751,4,0
85.135,t2_squeezenet,309.937,33.147,5,0
85.168,t2_squeezenet,312.585,32.502,5,0
85.199,t2_squeezenet,329.211,30.971,5,0
85.231,t2_squeezenet,315.924,31.615,6,0
85.263,t2_squeezenet,151.713,32.885,5,0
85.297,t2_squeezenet,170.932,33.087,5,0
85.340,t2_squeezenet,197.696,43.314,6,0
85.385,t2_squeezenet,197.793,44.733,5,0
85.429,t2_squeezenet,218.400,44.662,5,0
85.476,t2_squeezenet,255.366,46.865,4,0
85.520,t2_squeezenet,245.417,43.419,4,0
85.555,t2_squeezenet,247.785,34.724,4,0
85.589,t2_squeezenet,257.438,34.852,4,0
85.624,t2_squeezenet,233.274,34.521,4,0
85.660,t2_squeezenet,178.733,35.552,3,0
85.689,t2_squeezenet,165.437,29.585,2,0
85.728,t2_squeezenet,141.017,38.421,1,0
85.772,t2_squeezenet,169.522,44.182,1,0
85.815,t2_squeezenet,83.013,43.017,1,0
85.853,t2_squeezenet,67.024,37.888,1,0
85.899,t2_squeezenet,71.408,45.806,2,0
85.934,t2_squeezenet,51.685,35.342,1,0
85.976,t2_squeezenet,78.557,42.300,0,0
86.056,t2_squeezenet,51.853,48.861,0,0
86.260,t2_squeezenet,50.539,47.148,2,0
86.310,t2_squeezenet,85.018,49.676,1,0
86.346,t2_squeezenet,91.240,35.872,0,0
86.427,t2_squeezenet,32.808,30.446,0,0
86.655,t2_squeezenet,40.289,35.733,0,0
86.739,t2_squeezenet,46.087,43.011,2,0
86.782,t2_squeezenet,70.937,43.160,3,0
86.827,t2_squeezenet,110.062,45.132,2,0
86.873,t2_squeezenet,123.270,45.949,1,0
86.912,t2_squeezenet,151.071,38.685,1,0
86.948,t2_squeezenet,57.403,36.545,0,0
87.008,t2_squeezenet,38.966,34.612,0,0
87.191,t2_squeezenet,50.248,45.632,1,0
87.236,t2_squeezenet,53.977,45.311,0,0
87.323,t2_squeezenet,42.628,40.802,1,0
87.355,t2_squeezenet,40.421,31.652,1,0
87.387,t2_squeezenet,56.113,32.221,0,0
87.450,t2_squeezenet,38.214,33.278,1,0
87.485,t2_squeezenet,68.270,34.327,0,0
87.568,t2_squeezenet,36.801,32.780,0,0
87.641,t2_squeezenet,35.749,32.541,0,0
87.733,t2_squeezenet,36.681,35.721,0,0
87.772,t2_squeezenet,33.936,29.053,0,0
87.971,t2_squeezenet,41.204,37.085,0,0
88.037,t2_squeezenet,39.192,35.679,1,0
88.073,t2_squeezenet,60.914,35.733,1,0
88.108,t2_squeezenet,45.255,35.295,2,0
88.144,t2_squeezenet,49.950,35.578,2,0
88.181,t2_squeezenet,79.365,37.269,1,0
88.225,t2_squeezenet,96.431,43.814,0,0
88.335,t2_squeezenet,52.894,49.275,2,0
88.379,t2_squeezenet,62.578,44.250,2,0
88.421,t2_squeezenet,103.758,41.382,2,0
88.466,t2_squeezenet,113.682,45.026,1,0
88.513,t2_squeezenet,127.758,46.499,1,0
88.553,t2_squeezenet,83.077,40.375,0,0
88.639,t2_squeezenet,35.513,35.003,0,0
88.887,t2_squeezenet,38.264,36.152,2,0
88.921,t2_squeezenet,49.855,33.776,1,0
88.958,t2_squeezenet,85.291,36.987,2,0
89.004,t2_squeezenet,80.261,45.228,1,0
89.046,t2_squeezenet,103.679,42.820,1,0
89.091,t2_squeezenet,76.125,44.415,0,0
89.146,t2_squeezenet,53.050,49.665,1,0
89.189,t2_squeezenet,64.149,43.041,2,0
89.233,t2_squeezenet,69.051,44.299,1,0
89.278,t2_squeezenet,90.302,44.597,0,0
89.346,t2_squeezenet,43.534,42.366,1,0
89.383,t2_squeezenet,75.751,37.722,0,0
89.434,t2_squeezenet,38.715,35.025,0,0
89.551,t2_squeezenet,50.386,46.058,1,0
89.599,t2_squeezenet,96.785,47.637,0,0
89.678,t2_squeezenet,45.925,43.546,2,0
89.722,t2_squeezenet,59.754,44.018,1,0
89.769,t2_squeezenet,106.434,47.450,3,0
89.812,t2_squeezenet,86.082,42.287,3,0
89.847,t2_squeezenet,103.693,35.021,3,0
89.882,t2_squeezenet,118.146,35.627,2,0
89.920,t2_squeezenet,117.288,38.081,1,0
89.963,t2_squeezenet,129.247,42.230,0,0
90.144,t2_squeezenet,47.658,44.106,2,0
90.188,t2_squeezenet,62.603,44.089,1,0
90.233,t2_squeezenet,93.974,44.699,1,0
90.279,t2_squeezenet,75.292,46.402,3,0
90.321,t2_squeezenet,71.913,42.210,2,0
90.365,t2_squeezenet,102.868,43.736,1,0
90.413,t2_squeezenet,144.824,47.615,0,0
90.659,t2_squeezenet,36.716,33.086,1,0
90.688,t2_squeezenet,50.013,29.432,0,0
90.743,t2_squeezenet,33.306,29.102,2,0
90.772,t2_squeezenet,56.787,28.976,1,0
90.802,t2_squeezenet,69.235,30.279,1,0
90.832,t2_squeezenet,51.357,29.389,1,0
90.868,t2_squeezenet,60.756,35.946,0,0
90.931,t2_squeezenet,35.372,32.712,1,0
90.960,t2_squeezenet,51.298,29.057,0,0
91.117,t2_squeezenet,38.955,36.033,0,0
91.158,t2_squeezenet,39.706,36.011,2,0
91.193,t2_squeezenet,55.742,34.912,2,0
91.224,t2_squeezenet,73.974,30.646,2,0
91.263,t2_squeezenet,102.674,39.233,1,0
91.311,t2_squeezenet,94.696,47.388,1,0
91.353,t2_squeezenet,69.874,41.937,0,0
91.405,t2_squeezenet,43.914,41.967,1,0
91.444,t2_squeezenet,55.610,39.303,0,0
91.519,t2_squeezenet,49.235,44.189,1,0
91.554,t2_squeezenet,68.015,35.754,1,0
91.588,t2_squeezenet,65.372,33.400,0,0
91.658,t2_squeezenet,30.273,29.503,0,0
91.743,t2_squeezenet,30.788,29.157,0,0
91.833,t2_squeezenet,32.048,30.145,2,0
91.875,t2_squeezenet,65.063,41.119,1,0
91.917,t2_squeezenet,87.673,42.832,1,0
91.955,t2_squeezenet,56.147,37.732,0,0
92.091,t2_squeezenet,31.689,29.780,0,0
92.147,t2_squeezenet,39.378,35.451,2,0
92.181,t2_squeezenet,39.347,34.052,1,0
92.213,t2_squeezenet,69.122,32.250,0,0
92.295,t2_squeezenet,50.675,45.898,2,0
92.334,t2_squeezenet,80.936,39.167,1,0
92.372,t2_squeezenet,100.899,38.522,1,0
92.403,t2_squeezenet,45.562,31.049,1,0
92.435,t2_squeezenet,62.229,31.961,1,0
92.470,t2_squeezenet,61.373,34.356,0,0
92.634,t2_squeezenet,47.555,42.762,0,0
92.689,t2_squeezenet,33.709,29.054,1,0
92.722,t2_squeezenet,46.798,33.531,3,0
92.755,t2_squeezenet,58.519,33.325,4,0
92.789,t2_squeezenet,73.149,33.977,4,0
92.824,t2_squeezenet,103.603,34.658,5,0
92.860,t2_squeezenet,138.046,36.264,6,0
92.891,t2_squeezenet,168.424,30.534,5,0
92.922,t2_squeezenet,138.020,31.292,4,0
92.966,t2_squeezenet,154.954,43.570,3,0
93.014,t2_squeezenet,199.466,47.913,2,0
93.056,t2_squeezenet,219.967,42.423,1,0
93.099,t2_squeezenet,240.374,43.004,1,0
93.144,t2_squeezenet,73.735,44.741,0,0
93.298,t2_squeezenet,31.643,31.536,0,0
93.383,t2_squeezenet,31.096,29.696,1,0
93.419,t2_squeezenet,57.751,35.064,1,0
93.454,t2_squeezenet,49.636,35.314,0,0
93.598,t2_squeezenet,36.230,32.705,0,0
93.637,t2_squeezenet,37.429,33.175,1,0
93.667,t2_squeezenet,60.951,30.895,0,0
93.732,t2_squeezenet,49.031,44.035,0,0
93.779,t2_squeezenet,33.737,32.346,1,0
93.819,t2_squeezenet,51.471,40.070,1,0
93.863,t2_squeezenet,47.802,43.027,0,0
93.936,t2_squeezenet,43.584,42.153,0,0
94.118,t2_squeezenet,34.218,30.785,1,0
94.163,t2_squeezenet,69.250,44.877,0,0
94.226,t2_squeezenet,33.805,32.347,0,0
94.374,t2_squeezenet,34.734,31.852,0,0
94.416,t2_squeezenet,32.462,31.466,0,0
94.516,t2_squeezenet,31.553,29.835,2,0
94.552,t2_squeezenet,60.577,35.652,1,0
94.590,t2_squeezenet,74.435,37.636,1,0
94.621,t2_squeezenet,57.625,30.782,1,0
94.655,t2_squeezenet,38.960,34.050,2,0
94.700,t2_squeezenet,77.654,45.676,2,0
94.743,t2_squeezenet,103.517,42.045,1,0
94.777,t2_squeezenet,87.768,34.587,1,0
94.814,t2_squeezenet,60.588,37.045,0,0
94.876,t2_squeezenet,38.608,36.097,0,0
94.981,t2_squeezenet,33.793,29.185,0,0
95.068,t2_squeezenet,41.423,36.448,0,0
95.130,t2_squeezenet,35.364,31.044,1,0
95.161,t2_squeezenet,64.396,31.830,0,0
95.418,t2_squeezenet,49.782,49.196,0,0
95.501,t2_squeezenet,34.224,32.028,0,0
95.614,t2_squeezenet,45.321,42.130,0,0
95.656,t2_squeezenet,34.049,31.373,0,0
95.711,t2_squeezenet,38.584,34.434,0,0
95.747,t2_squeezenet,33.978,31.456,2,0
95.778,t2_squeezenet,56.636,31.216,1,0
95.824,t2_squeezenet,99.688,45.568,0,0
95.964,t2_squeezenet,44.359,44.043,0,0
96.033,t2_squeezenet,41.738,38.112,1,0
96.064,t2_squeezenet,36.931,31.157,0,0
96.191,t2_squeezenet,45.583,40.586,0,0
96.357,t2_squeezenet,48.634,45.081,1,0
96.400,t2_squeezenet,54.999,42.738,1,0
96.446,t2_squeezenet,72.630,45.689,0,0
96.505,t2_squeezenet,47.279,43.576,1,0
96.545,t2_squeezenet,64.831,40.365,0,0
96.821,t2_squeezenet,35.660,32.506,0,0
96.890,t2_squeezenet,37.546,33.947,0,0
96.951,t2_squeezenet,48.007,45.359,0,0
97.083,t2_squeezenet,39.232,35.840,0,0
97.201,t2_squeezenet,43.551,42.133,1,0
97.249,t2_squeezenet,59.064,47.915,0,0
97.308,t2_squeezenet,33.812,33.130,3,0
97.337,t2_squeezenet,54.868,29.498,2,0
97.373,t2_squeezenet,86.243,35.650,2,0
97.408,t2_squeezenet,107.619,35.341,1,0
97.442,t2_squeezenet,73.969,33.320,0,0
97.605,t2_squeezenet,35.236,31.810,1,0
97.634,t2_squeezenet,35.829,29.616,0,0
97.717,t2_squeezenet,34.704,31.772,1,0
97.749,t2_squeezenet,47.797,32.510,0,0
97.834,t2_squeezenet,35.909,34.080,2,0
97.868,t2_squeezenet,57.441,33.455,1,0
97.913,t2_squeezenet,83.746,44.886,1,0
97.960,t2_squeezenet,86.598,47.376,0,0
98.079,t2_squeezenet,33.197,32.631,0,0
98.131,t2_squeezenet,37.129,32.152,0,0
98.173,t2_squeezenet,33.111,31.346,1,0
98.205,t2_squeezenet,64.937,32.078,1,0
98.238,t2_squeezenet,52.576,32.885,1,0
98.267,t2_squeezenet,43.977,29.361,1,0
98.299,t2_squeezenet,41.948,31.702,0,0
98.349,t2_squeezenet,34.691,30.362,0,0
98.454,t2_squeezenet,44.875,43.812,0,0
98.614,t2_squeezenet,38.090,38.062,1,0
98.659,t2_squeezenet,80.687,44.676,0,0
98.710,t2_squeezenet,41.274,40.770,0,0
98.812,t2_squeezenet,37.356,36.979,1,0
98.843,t2_squeezenet,58.096,30.794,0,0
98.922,t2_squeezenet,46.796,43.695,2,0
98.969,t2_squeezenet,86.415,46.931,1,0
99.015,t2_squeezenet,113.559,45.696,1,0
99.052,t2_squeezenet,74.098,36.504,2,0
99.083,t2_squeezenet,61.941,31.480,2,0
99.115,t2_squeezenet,68.305,32.104,1,0
99.158,t2_squeezenet,90.359,42.727,2,0
99.189,t2_squeezenet,55.742,30.480,1,0
99.218,t2_squeezenet,67.181,29.005,0,0
99.307,t2_squeezenet,33.890,29.182,0,0
99.383,t2_squeezenet,36.052,34.576,2,0
99.426,t2_squeezenet,71.880,43.617,2,0
99.471,t2_squeezenet,110.172,44.287,2,0
99.512,t2_squeezenet,110.209,41.081,1,0
99.549,t2_squeezenet,89.128,37.376,0,0
99.732,t2_squeezenet,35.690,31.018,0,0
99.772,t2_squeezenet,34.021,29.880,0,0
99.807,t2_squeezenet,34.819,29.783,0,0
99.873,t2_squeezenet,35.349,30.921,0,0
99.918,t2_squeezenet,36.541,34.198,0,0
100.093,t2_squeezenet,33.008,29.188,0,0
100.132,t2_squeezenet,34.895,34.026,0,0
100.203,t2_squeezenet,45.460,44.608,1,0
100.248,t2_squeezenet,58.239,44.400,0,0
100.335,t2_squeezenet,46.886,44.603,1,0
100.377,t2_squeezenet,71.643,42.748,1,0
100.423,t2_squeezenet,53.572,45.833,1,0
100.471,t2_squeezenet,55.554,47.794,2,0
100.516,t2_squeezenet,83.082,45.210,2,0
100.561,t2_squeezenet,125.990,44.503,1,0
100.605,t2_squeezenet,124.773,44.375,2,0
100.649,t2_squeezenet,64.731,43.928,1,0
100.699,t2_squeezenet,95.454,49.725,0,0
100.893,t2_squeezenet,45.690,41.810,3,0
100.928,t2_squeezenet,78.897,34.348,2,0
100.966,t2_squeezenet,109.366,38.712,1,0
101.013,t2_squeezenet,135.331,46.782,0,0
101.290,t2_squeezenet,47.877,43.691,0,0
101.342,t2_squeezenet,47.804,46.531,0,0
101.404,t2_squeezenet,42.832,41.406,0,0
101.536,t2_squeezenet,34.370,31.431,1,0
101.575,t2_squeezenet,71.819,38.778,1,0
101.620,t2_squeezenet,53.736,44.261,0,0
101.817,t2_squeezenet,45.666,44.544,0,0
101.868,t2_squeezenet,37.418,35.092,2,0
101.901,t2_squeezenet,52.044,32.940,1,0
101.944,t2_squeezenet,77.805,42.386,2,0
101.988,t2_squeezenet,58.936,44.463,1,0
102.032,t2_squeezenet,94.629,43.612,1,0
102.072,t2_squeezenet,69.800,40.582,0,0
102.165,t2_squeezenet,34.627,31.528,1,0
102.198,t2_squeezenet,36.175,33.179,0,0
102.359,t2_squeezenet,52.109,49.641,1,0
102.406,t2_squeezenet,94.282,47.019,0,0
102.478,t2_squeezenet,46.748,45.844,1,0
102.525,t2_squeezenet,86.876,46.889,1,0
102.571,t2_squeezenet,92.938,46.293,1,0
102.619,t2_squeezenet,49.822,48.072,1,0
102.660,t2_squeezenet,71.878,41.246,1,0
102.704,t2_squeezenet,50.359,43.706,1,0
102.755,t2_squeezenet,51.552,50.368,0,0
102.805,t2_squeezenet,38.830,34.868,1,0
102.840,t2_squeezenet,42.212,34.799,2,0
102.883,t2_squeezenet,67.991,43.655,2,0
102.924,t2_squeezenet,92.863,40.313,2,0
102.958,t2_squeezenet,88.446,34.564,2,0
102.992,t2_squeezenet,90.904,34.165,3,0
103.026,t2_squeezenet,92.204,33.548,3,0
103.065,t2_squeezenet,100.318,38.771,2,0
103.109,t2_squeezenet,120.687,44.570,1,0
103.154,t2_squeezenet,150.622,44.311,0,0
103.209,t2_squeezenet,38.240,35.072,0,0
103.249,t2_squeezenet,38.933,34.152,2,0
103.281,t2_squeezenet,63.804,32.498,1,0
103.313,t2_squeezenet,88.773,32.344,1,0
103.349,t2_squeezenet,38.474,35.190,0,0
103.414,t2_squeezenet,45.057,40.013,2,0
103.456,t2_squeezenet,62.620,42.194,1,0
103.502,t2_squeezenet,93.457,45.183,1,0
103.547,t2_squeezenet,83.187,45.866,0,0
103.809,t2_squeezenet,45.022,44.382,2,0
103.856,t2_squeezenet,84.652,46.677,1,0
103.893,t2_squeezenet,119.694,36.634,1,0
103.923,t2_squeezenet,47.951,30.626,0,0
103.976,t2_squeezenet,36.768,32.153,1,0
104.018,t2_squeezenet,48.583,42.176,0,0
104.086,t2_squeezenet,42.671,42.448,1,0
104.132,t2_squeezenet,83.154,46.351,3,0
104.180,t2_squeezenet,93.801,47.830,2,0
104.222,t2_squeezenet,124.949,42.037,1,0
104.259,t2_squeezenet,151.951,36.329,0,0
104.317,t2_squeezenet,37.116,32.629,0,0
104.374,t2_squeezenet,37.054,32.478,0,0
104.619,t2_squeezenet,35.475,32.293,0,0
104.728,t2_squeezenet,36.846,32.862,0,0
104.794,t2_squeezenet,49.466,45.925,0,0
104.925,t2_squeezenet,30.051,29.757,1,0
104.954,t2_squeezenet,41.580,29.195,1,0
104.990,t2_squeezenet,47.764,35.562,1,0
105.021,t2_squeezenet,52.935,30.841,4,0
105.050,t2_squeezenet,55.909,29.442,3,0
105.079,t2_squeezenet,79.336,29.093,2,0
105.108,t2_squeezenet,93.423,29.038,2,0
105.143,t2_squeezenet,125.800,34.669,2,0
105.179,t2_squeezenet,87.535,35.583,1,0
105.211,t2_squeezenet,76.663,32.443,0,0
105.273,t2_squeezenet,33.774,31.706,2,0
105.303,t2_squeezenet,61.007,29.478,1,0
105.332,t2_squeezenet,77.678,29.077,0,0
105.613,t2_squeezenet,32.827,32.774,0,0
105.655,t2_squeezenet,38.282,36.643,2,0
105.698,t2_squeezenet,67.725,42.884,2,0
105.743,t2_squeezenet,111.390,45.086,2,0
105.791,t2_squeezenet,122.727,48.343,3,0
105.835,t2_squeezenet,105.270,43.885,2,0
105.879,t2_squeezenet,135.635,43.552,1,0
105.926,t2_squeezenet,162.215,46.980,0,0
106.227,t2_squeezenet,35.216,31.760,1,0
106.259,t2_squeezenet,54.664,32.408,0,0
106.333,t2_squeezenet,40.398,37.942,1,0
106.364,t2_squeezenet,46.962,31.254,2,0
106.396,t2_squeezenet,36.090,32.113,2,0
106.430,t2_squeezenet,67.929,33.445,1,0
106.461,t2_squeezenet,96.640,31.628,0,0
106.542,t2_squeezenet,46.729,44.685,0,0
106.710,t2_squeezenet,53.531,49.281,2,0
106.754,t2_squeezenet,95.587,44.448,1,0
106.796,t2_squeezenet,90.024,41.886,0,0
106.872,t2_squeezenet,45.807,40.771,1,0
106.907,t2_squeezenet,67.445,34.841,0,0
106.991,t2_squeezenet,46.759,42.776,0,0
107.154,t2_squeezenet,38.548,36.546,1,0
107.186,t2_squeezenet,40.055,32.564,1,0
107.219,t2_squeezenet,53.690,32.959,1,0
107.251,t2_squeezenet,48.581,31.280,1,0
107.282,t2_squeezenet,41.872,31.351,1,0
107.314,t2_squeezenet,52.046,32.057,0,0
107.419,t2_squeezenet,31.023,29.167,0,0
107.514,t2_squeezenet,31.966,29.304,1,0
107.543,t2_squeezenet,60.765,29.048,1,0
107.572,t2_squeezenet,52.655,29.045,1,0
107.603,t2_squeezenet,49.828,30.324,0,0
107.887,t2_squeezenet,47.689,45.923,2,0
107.923,t2_squeezenet,67.219,36.584,1,0
107.958,t2_squeezenet,89.818,34.235,0,0
108.005,t2_squeezenet,42.040,37.709,2,0
108.040,t2_squeezenet,70.119,34.664,1,0
108.075,t2_squeezenet,96.719,34.822,1,0
108.110,t2_squeezenet,53.627,34.959,0,0
108.210,t2_squeezenet,31.181,29.101,0,0
108.286,t2_squeezenet,39.145,35.794,0,0
108.321,t2_squeezenet,34.003,29.035,0,0
108.377,t2_squeezenet,39.515,36.481,0,0
108.416,t2_squeezenet,34.381,33.981,2,0
108.451,t2_squeezenet,53.056,34.621,2,0
108.487,t2_squeezenet,88.659,36.320,3,0
108.525,t2_squeezenet,98.406,37.750,3,0
108.567,t2_squeezenet,112.728,41.793,4,0
108.612,t2_squeezenet,153.527,44.888,3,0
108.656,t2_squeezenet,142.653,43.687,4,0
108.704,t2_squeezenet,148.510,47.812,3,0
108.747,t2_squeezenet,182.002,43.864,3,0
108.791,t2_squeezenet,176.287,43.526,2,0
108.836,t2_squeezenet,202.035,45.224,1,0
108.885,t2_squeezenet,174.253,48.651,1,0
108.931,t2_squeezenet,58.810,45.967,0,0
108.979,t2_squeezenet,43.003,42.948,0,0
109.128,t2_squeezenet,42.368,41.708,0,0
109.285,t2_squeezenet,43.205,40.830,0,0
109.496,t2_squeezenet,33.051,29.121,0,0
109.576,t2_squeezenet,33.623,29.280,0,0
109.812,t2_squeezenet,49.341,48.069,3,0
109.857,t2_squeezenet,76.693,45.035,2,0
109.899,t2_squeezenet,112.949,42.335,1,0
109.931,t2_squeezenet,131.015,31.647,1,0
109.973,t2_squeezenet,67.120,42.548,0,0
110.039,t2_squeezenet,29.829,29.669,0,0
110.100,t2_squeezenet,34.056,30.716,2,0
110.131,t2_squeezenet,48.254,31.299,2,0
110.164,t2_squeezenet,72.513,33.478,2,0
110.198,t2_squeezenet,78.309,33.275,1,0
110.240,t2_squeezenet,106.494,41.727,0,0
110.306,t2_squeezenet,50.523,45.848,0,0
110.402,t2_squeezenet,40.181,40.043,1,0
110.447,t2_squeezenet,82.892,45.877,0,0
110.531,t2_squeezenet,52.378,48.195,0,0
110.606,t2_squeezenet,30.028,29.238,1,0
110.635,t2_squeezenet,44.028,29.023,1,0
110.664,t2_squeezenet,37.719,29.210,0,0
110.741,t2_squeezenet,44.595,41.421,2,0
110.774,t2_squeezenet,51.766,32.851,2,0
110.807,t2_squeezenet,71.664,32.562,3,0
110.840,t2_squeezenet,76.660,33.260,3,0
110.882,t2_squeezenet,83.971,41.579,2,0
110.920,t2_squeezenet,118.462,38.700,1,0
110.967,t2_squeezenet,135.380,46.775,0,0
111.278,t2_squeezenet,43.457,42.140,1,0
111.325,t2_squeezenet,78.367,46.978,1,0
111.374,t2_squeezenet,93.188,48.586,1,0
111.415,t2_squeezenet,77.602,41.412,1,0
111.460,t2_squeezenet,59.661,44.767,0,0
111.617,t2_squeezenet,35.151,34.252,0,0
111.732,t2_squeezenet,47.230,43.396,0,0
111.829,t2_squeezenet,50.433,46.380,2,0
111.873,t2_squeezenet,82.338,44.182,1,0
111.914,t2_squeezenet,103.905,41.113,1,0
111.946,t2_squeezenet,59.471,31.537,0,0
111.995,t2_squeezenet,34.555,34.314,0,0
112.216,t2_squeezenet,44.248,43.097,1,0
112.264,t2_squeezenet,75.152,48.252,1,0
112.310,t2_squeezenet,76.634,46.016,0,0
112.427,t2_squeezenet,42.397,39.825,2,0
112.460,t2_squeezenet,67.366,32.440,1,0
112.493,t2_squeezenet,76.752,33.227,1,0
112.524,t2_squeezenet,36.980,31.005,0,0
112.570,t2_squeezenet,41.742,41.120,2,0
112.607,t2_squeezenet,50.642,37.091,1,0
112.639,t2_squeezenet,69.729,31.744,0,0
112.720,t2_squeezenet,33.994,30.662,0,0
112.780,t2_squeezenet,47.756,42.839,0,0
112.833,t2_squeezenet,38.926,38.431,0,0
112.995,t2_squeezenet,40.957,40.648,1,0
113.034,t2_squeezenet,65.446,38.953,0,0
113.129,t2_squeezenet,35.660,34.343,1,0
113.165,t2_squeezenet,48.877,35.477,1,0
113.194,t2_squeezenet,32.378,29.199,1,0
113.224,t2_squeezenet,44.128,29.975,1,0
113.261,t2_squeezenet,61.209,36.521,0,0
113.302,t2_squeezenet,40.387,36.346,0,0
113.384,t2_squeezenet,39.321,36.094,0,0
113.556,t2_squeezenet,41.863,40.311,0,0
113.628,t2_squeezenet,45.193,41.652,0,0
113.672,t2_squeezenet,35.008,33.670,0,0
113.776,t2_squeezenet,35.435,34.006,1,0
113.812,t2_squeezenet,45.743,35.609,0,0
114.009,t2_squeezenet,35.955,35.035,2,0
114.046,t2_squeezenet,72.082,37.146,2,0
114.081,t2_squeezenet,94.208,34.877,2,0
114.116,t2_squeezenet,101.045,34.649,1,0
114.153,t2_squeezenet,80.876,36.956,3,0
114.196,t2_squeezenet,77.457,42.769,3,0
114.238,t2_squeezenet,110.801,42.194,2,0
114.272,t2_squeezenet,143.073,34.271,1,0
114.311,t2_squeezenet,150.616,38.344,0,0
114.376,t2_squeezenet,38.326,34.932,1,0
114.407,t2_squeezenet,35.964,30.466,2,0
114.439,t2_squeezenet,55.728,32.185,2,0
114.469,t2_squeezenet,72.953,30.667,1,0
114.501,t2_squeezenet,89.713,31.501,0,0
114.567,t2_squeezenet,35.275,30.520,1,0
114.596,t2_squeezenet,55.222,29.115,1,0
114.632,t2_squeezenet,50.089,35.450,0,0
114.683,t2_squeezenet,38.926,36.198,1,0
114.718,t2_squeezenet,58.610,35.341,0,0
114.770,t2_squeezenet,34.106,31.062,1,0
114.799,t2_squeezenet,54.200,29.586,0,0
114.880,t2_squeezenet,40.541,35.614,1,0
114.918,t2_squeezenet,67.928,37.034,0,0
115.095,t2_squeezenet,40.842,35.843,1,0
115.130,t2_squeezenet,68.308,35.077,0,0
115.218,t2_squeezenet,39.563,37.377,0,0
115.291,t2_squeezenet,37.757,36.815,1,0
115.327,t2_squeezenet,41.875,36.510,0,0
115.382,t2_squeezenet,35.223,34.381,0,0
115.498,t2_squeezenet,38.308,34.661,0,0
115.622,t2_squeezenet,34.383,33.613,0,0
115.810,t2_squeezenet,45.185,41.173,1,0
115.853,t2_squeezenet,80.083,42.393,1,0
115.897,t2_squeezenet,79.615,43.905,2,0
115.941,t2_squeezenet,76.108,44.097,5,0
115.979,t2_squeezenet,106.277,38.580,5,0
116.015,t2_squeezenet,115.748,35.360,5,0
116.054,t2_squeezenet,151.515,38.798,4,0
116.098,t2_squeezenet,188.220,43.910,3,0
116.131,t2_squeezenet,211.277,32.766,3,0
116.174,t2_squeezenet,230.183,43.073,3,0
116.223,t2_squeezenet,237.722,49.284,3,0
116.257,t2_squeezenet,132.815,34.108,3,0
116.293,t2_squeezenet,154.471,35.944,2,0
116.340,t2_squeezenet,160.387,46.992,1,0
116.386,t2_squeezenet,162.818,45.933,0,0
116.458,t2_squeezenet,36.788,36.317,1,0
116.494,t2_squeezenet,71.026,36.232,0,0
116.576,t2_squeezenet,35.249,31.740,1,0
116.612,t2_squeezenet,60.821,35.679,0,0
116.651,t2_squeezenet,36.991,33.559,1,0
116.686,t2_squeezenet,47.148,34.775,2,0
116.720,t2_squeezenet,59.470,34.175,1,0
116.752,t2_squeezenet,86.498,31.566,1,0
116.783,t2_squeezenet,56.342,31.514,1,0
116.816,t2_squeezenet,45.806,32.516,1,0
116.848,t2_squeezenet,41.829,32.738,2,0
116.879,t2_squeezenet,52.273,30.730,1,0
116.918,t2_squeezenet,72.721,39.236,2,0
116.962,t2_squeezenet,77.451,43.373,1,0
117.009,t2_squeezenet,123.442,47.363,0,0
117.166,t2_squeezenet,31.587,29.776,1,0
117.195,t2_squeezenet,48.455,29.121,1,0
117.225,t2_squeezenet,40.129,29.792,0,0
117.333,t2_squeezenet,45.518,42.920,1,0
117.380,t2_squeezenet,89.435,46.587,1,0
117.427,t2_squeezenet,66.394,47.068,2,0
117.462,t2_squeezenet,78.003,34.881,1,0
117.496,t2_squeezenet,104.236,34.002,0,0
117.551,t2_squeezenet,38.048,34.397,1,0
117.591,t2_squeezenet,68.149,40.360,2,0
117.629,t2_squeezenet,67.486,37.537,2,0
117.677,t2_squeezenet,112.653,47.769,1,0
117.707,t2_squeezenet,100.541,29.978,0,0
117.849,t2_squeezenet,36.484,36.026,0,0
117.991,t2_squeezenet,38.737,35.481,2,0
118.027,t2_squeezenet,68.746,36.460,1,0
118.062,t2_squeezenet,71.764,34.931,0,0
118.169,t2_squeezenet,37.974,35.900,3,0
118.205,t2_squeezenet,70.360,35.475,3,0
118.234,t2_squeezenet,87.037,29.064,3,0
118.263,t2_squeezenet,113.810,29.694,3,0
118.293,t2_squeezenet,120.255,29.473,2,0
118.322,t2_squeezenet,96.413,29.107,1,0
118.351,t2_squeezenet,103.269,29.110,1,0
118.381,t2_squeezenet,55.536,29.577,0,0
118.435,t2_squeezenet,32.319,29.205,1,0
118.464,t2_squeezenet,50.273,29.041,0,0
118.554,t2_squeezenet,32.562,29.228,0,0
118.618,t2_squeezenet,36.685,33.212,0,0
118.840,t2_squeezenet,39.611,34.647,1,0
118.873,t2_squeezenet,50.357,33.364,0,0
118.913,t2_squeezenet,32.267,29.900,0,0
119.015,t2_squeezenet,35.037,31.061,0,0
119.106,t2_squeezenet,37.577,35.138,0,0
119.247,t2_squeezenet,35.574,34.892,0,0
119.405,t2_squeezenet,33.998,30.753,1,0
119.441,t2_squeezenet,55.798,35.821,2,0
119.471,t2_squeezenet,39.400,29.866,1,0
119.503,t2_squeezenet,69.305,31.847,1,0
119.537,t2_squeezenet,60.790,34.000,2,0
119.566,t2_squeezenet,51.886,29.648,1,0
119.595,t2_squeezenet,72.547,29.085,1,0
119.625,t2_squeezenet,33.451,29.338,0,0
119.796,t2_squeezenet,32.960,30.106,1,0
119.826,t2_squeezenet,52.845,29.140,0,0
120.017,t2_squeezenet,32.624,29.273,1,0
120.052,t2_squeezenet,58.778,34.948,2,0
120.084,t2_squeezenet,54.998,31.770,2,0
120.115,t2_squeezenet,73.793,31.227,1,0
120.147,t2_squeezenet,84.941,31.645,1,0
120.194,t2_squeezenet,66.615,46.830,1,0
120.241,t2_squeezenet,68.129,46.997,0,0
120.550,t2_squeezenet,38.096,33.454,0,0
120.890,t2_squeezenet,44.001,40.851,1,0
120.935,t2_squeezenet,55.150,45.501,1,0
120.982,t2_squeezenet,68.859,47.037,0,0
121.044,t2_squeezenet,45.223,41.471,2,0
121.087,t2_squeezenet,66.655,42.592,1,0
121.128,t2_squeezenet,100.672,40.965,2,0
121.167,t2_squeezenet,53.515,39.452,1,0
121.214,t2_squeezenet,99.644,46.865,2,0
121.249,t2_squeezenet,75.240,35.187,2,0
121.280,t2_squeezenet,89.448,30.284,2,0
121.309,t2_squeezenet,87.728,29.481,2,0
121.341,t2_squeezenet,65.523,31.418,2,0
121.376,t2_squeezenet,76.673,35.659,1,0
121.416,t2_squeezenet,77.916,39.656,1,0
121.449,t2_squeezenet,44.959,33.220,0,0
121.565,t2_squeezenet,30.497,29.572,0,0
121.640,t2_squeezenet,29.755,29.184,0,0
121.725,t2_squeezenet,30.876,29.544,1,0
121.761,t2_squeezenet,48.081,35.696,0,0
121.866,t2_squeezenet,43.603,39.902,1,0
121.908,t2_squeezenet,78.268,41.213,0,0
122.038,t2_squeezenet,29.833,29.114,0,0
122.123,t2_squeezenet,42.221,39.758,1,0
122.167,t2_squeezenet,54.190,43.915,3,0
122.208,t2_squeezenet,77.076,41.116,5,0
122.241,t2_squeezenet,85.798,32.853,4,0
122.272,t2_squeezenet,108.844,30.401,4,0
122.314,t2_squeezenet,142.125,41.964,3,0
122.349,t2_squeezenet,177.258,35.634,2,0
122.391,t2_squeezenet,214.456,41.681,5,0
122.433,t2_squeezenet,163.956,41.491,4,0
122.477,t2_squeezenet,126.690,43.977,4,0
122.520,t2_squeezenet,145.235,43.272,5,0
122.567,t2_squeezenet,187.598,47.319,5,0
122.606,t2_squeezenet,218.180,38.834,4,0
122.642,t2_squeezenet,203.469,36.018,4,0
122.679,t2_squeezenet,174.465,36.075,4,0
122.715,t2_squeezenet,210.723,36.724,5,0
122.752,t2_squeezenet,230.911,36.195,4,0
122.786,t2_squeezenet,168.751,34.451,3,0
122.819,t2_squeezenet,143.474,32.688,3,0
122.854,t2_squeezenet,170.299,34.851,2,0
122.890,t2_squeezenet,199.436,36.160,2,0
122.925,t2_squeezenet,122.437,35.092,2,0
122.960,t2_squeezenet,101.249,34.715,1,0
122.997,t2_squeezenet,90.715,36.893,1,0
123.032,t2_squeezenet,54.374,35.440,0,0
123.072,t2_squeezenet,38.637,34.615,2,0
123.109,t2_squeezenet,66.680,36.702,1,0
123.146,t2_squeezenet,95.093,37.474,0,0
123.201,t2_squeezenet,39.018,34.808,1,0
123.237,t2_squeezenet,72.575,35.599,1,0
123.273,t2_squeezenet,61.569,36.085,1,0
123.309,t2_squeezenet,60.257,35.509,2,0
123.343,t2_squeezenet,64.047,34.564,1,0
123.380,t2_squeezenet,94.678,36.988,1,0
123.415,t2_squeezenet,50.913,35.121,0,0
123.492,t2_squeezenet,36.950,36.644,1,0
123.528,t2_squeezenet,72.656,35.782,1,0
123.562,t2_squeezenet,43.619,33.808,0,0
123.668,t2_squeezenet,35.487,35.384,0,0
123.781,t2_squeezenet,50.236,45.263,0,0
123.843,t2_squeezenet,49.903,46.265,2,0
123.878,t2_squeezenet,58.769,35.213,1,0
123.914,t2_squeezenet,74.144,35.996,0,0
123.981,t2_squeezenet,35.890,31.007,0,0
124.091,t2_squeezenet,35.864,34.460,0,0
124.228,t2_squeezenet,37.908,35.831,0,0
124.390,t2_squeezenet,33.269,29.819,3,0
124.424,t2_squeezenet,60.412,34.747,4,0
124.456,t2_squeezenet,81.804,31.276,4,0
124.495,t2_squeezenet,111.351,39.406,3,0
124.540,t2_squeezenet,124.988,44.735,4,0
124.578,t2_squeezenet,161.825,37.699,4,0
124.621,t2_squeezenet,173.988,43.688,3,0
124.660,t2_squeezenet,162.815,38.597,3,0
124.695,t2_squeezenet,195.799,35.257,4,0
124.727,t2_squeezenet,155.264,32.181,3,0
124.757,t2_squeezenet,99.457,29.515,2,0
124.787,t2_squeezenet,124.743,29.512,2,0
124.816,t2_squeezenet,133.648,29.150,3,0
124.845,t2_squeezenet,79.324,29.071,4,0
124.874,t2_squeezenet,77.049,29.161,3,0
124.904,t2_squeezenet,96.081,29.907,2,0
124.933,t2_squeezenet,115.220,29.347,1,0
124.971,t2_squeezenet,141.538,38.145,1,0
125.015,t2_squeezenet,76.361,43.135,3,0
125.054,t2_squeezenet,68.966,39.126,4,0
125.086,t2_squeezenet,96.544,32.239,3,0
125.126,t2_squeezenet,121.303,39.399,2,0
125.165,t2_squeezenet,149.378,39.249,3,0
125.196,t2_squeezenet,151.648,31.572,2,0
125.233,t2_squeezenet,91.062,36.530,1,0
125.279,t2_squeezenet,124.366,46.222,0,0
125.343,t2_squeezenet,34.944,33.009,1,0
125.373,t2_squeezenet,36.116,30.668,0,0
125.512,t2_squeezenet,47.162,42.212,0,0
125.562,t2_squeezenet,46.613,44.618,0,0
125.639,t2_squeezenet,47.891,47.102,0,0
125.696,t2_squeezenet,39.063,36.529,1,0
125.725,t2_squeezenet,51.464,29.138,0,0
125.765,t2_squeezenet,30.352,29.352,0,0
125.917,t2_squeezenet,34.636,31.152,0,0
125.986,t2_squeezenet,46.708,42.687,1,0
126.029,t2_squeezenet,66.686,43.822,0,0
126.303,t2_squeezenet,49.476,45.841,2,0
126.344,t2_squeezenet,88.530,40.186,1,0
126.387,t2_squeezenet,112.510,43.233,0,0
126.455,t2_squeezenet,45.623,42.836,1,0
126.491,t2_squeezenet,43.875,36.254,0,0
126.631,t2_squeezenet,47.051,43.460,1,0
126.673,t2_squeezenet,53.077,41.753,0,0
126.757,t2_squeezenet,37.318,33.309,0,0
126.949,t2_squeezenet,35.917,31.692,0,0
126.997,t2_squeezenet,34.102,32.603,0,0
127.037,t2_squeezenet,34.029,29.364,0,0
127.168,t2_squeezenet,32.232,30.387,1,0
127.205,t2_squeezenet,38.967,36.455,0,0
127.259,t2_squeezenet,31.732,29.260,1,0
127.295,t2_squeezenet,42.633,35.627,0,0
127.411,t2_squeezenet,38.058,34.408,0,0
127.531,t2_squeezenet,30.861,29.203,0,0
127.678,t2_squeezenet,39.775,35.523,0,0
127.891,t2_squeezenet,34.516,31.084,1,0
127.920,t2_squeezenet,38.258,29.022,0,0
128.036,t2_squeezenet,34.093,30.072,1,0
128.080,t2_squeezenet,75.210,44.071,0,0
128.150,t2_squeezenet,47.431,44.383,2,0
128.196,t2_squeezenet,76.955,45.556,2,0
128.239,t2_squeezenet,120.153,43.337,4,0
128.278,t2_squeezenet,106.467,39.171,3,0
128.321,t2_squeezenet,116.216,42.989,3,0
128.369,t2_squeezenet,153.663,47.577,2,0
128.410,t2_squeezenet,182.366,41.241,1,0
128.442,t2_squeezenet,137.569,31.637,3,0
128.475,t2_squeezenet,64.664,33.189,3,0
128.520,t2_squeezenet,107.649,44.539,2,0
128.556,t2_squeezenet,140.424,36.376,3,0
128.602,t2_squeezenet,134.195,45.995,3,0
128.645,t2_squeezenet,122.603,42.679,4,0
128.680,t2_squeezenet,127.968,35.106,3,0
128.728,t2_squeezenet,154.265,47.387,3,0
128.776,t2_squeezenet,171.311,48.191,2,0
128.817,t2_squeezenet,192.942,41.169,1,0
128.862,t2_squeezenet,145.199,44.811,1,0
128.908,t2_squeezenet,70.021,45.628,0,0
129.007,t2_squeezenet,47.711,43.593,1,0
129.039,t2_squeezenet,63.875,32.525,0,0
129.082,t2_squeezenet,34.709,32.626,1,0
129.115,t2_squeezenet,61.292,32.929,1,0
129.155,t2_squeezenet,45.455,40.210,0,0
129.260,t2_squeezenet,37.609,33.805,0,0
129.368,t2_squeezenet,45.752,41.879,0,0
129.840,t2_squeezenet,32.535,31.059,0,0
129.920,t2_squeezenet,38.852,33.988,0,0
130.023,t2_squeezenet,39.476,37.570,2,0
130.052,t2_squeezenet,59.599,29.145,3,0
130.088,t2_squeezenet,86.268,35.399,4,0
130.118,t2_squeezenet,91.025,29.894,3,0
130.148,t2_squeezenet,100.283,30.299,2,0
130.184,t2_squeezenet,123.252,35.563,1,0
130.218,t2_squeezenet,141.517,34.659,0,0
130.279,t2_squeezenet,30.583,29.803,0,0
130.375,t2_squeezenet,37.671,36.086,1,0
130.411,t2_squeezenet,50.194,35.713,2,0
130.442,t2_squeezenet,62.887,30.532,2,0
130.476,t2_squeezenet,89.000,34.238,1,0
130.513,t2_squeezenet,90.056,36.715,1,0
130.548,t2_squeezenet,54.810,35.751,0,0
130.670,t2_squeezenet,40.295,40.260,1,0
130.711,t2_squeezenet,76.889,41.586,1,0
130.756,t2_squeezenet,70.691,44.882,1,0
130.795,t2_squeezenet,75.804,38.775,0,0
130.873,t2_squeezenet,43.166,42.823,0,0
131.044,t2_squeezenet,44.125,44.057,0,0
131.175,t2_squeezenet,30.701,29.901,0,0
131.210,t2_squeezenet,29.996,29.220,1,0
131.239,t2_squeezenet,35.542,29.033,0,0
131.295,t2_squeezenet,40.019,36.258,1,0
131.332,t2_squeezenet,53.001,36.801,1,0
131.370,t2_squeezenet,68.552,38.121,0,0
131.454,t2_squeezenet,36.420,32.685,0,0
131.701,t2_squeezenet,31.481,29.959,0,0
131.810,t2_squeezenet,36.689,32.384,0,0
131.981,t2_squeezenet,44.220,40.157,0,0
132.091,t2_squeezenet,36.937,33.119,0,0
132.208,t2_squeezenet,45.093,40.957,0,0
132.440,t2_squeezenet,53.484,50.065,1,0
132.477,t2_squeezenet,59.478,37.363,0,0
132.567,t2_squeezenet,46.432,43.617,1,0
132.614,t2_squeezenet,77.119,47.161,0,0
132.716,t2_squeezenet,46.792,46.037,1,0
132.760,t2_squeezenet,50.338,43.904,1,0
132.794,t2_squeezenet,47.371,34.607,2,0
132.828,t2_squeezenet,58.650,33.211,2,0
132.859,t2_squeezenet,69.890,31.182,2,0
132.890,t2_squeezenet,93.471,31.250,1,0
132.924,t2_squeezenet,72.917,33.841,1,0
132.971,t2_squeezenet,59.300,47.194,1,0
133.001,t2_squeezenet,59.729,29.587,1,0
133.032,t2_squeezenet,36.106,31.061,1,0
133.062,t2_squeezenet,46.034,30.495,1,0
133.095,t2_squeezenet,45.383,33.039,1,0
133.133,t2_squeezenet,65.704,37.745,0,0
133.312,t2_squeezenet,48.855,47.199,1,0
133.354,t2_squeezenet,61.556,41.812,0,0
133.430,t2_squeezenet,35.919,35.453,0,0
133.488,t2_squeezenet,40.549,37.532,1,0
133.524,t2_squeezenet,46.613,35.380,2,0
133.557,t2_squeezenet,69.051,33.686,1,0
133.594,t2_squeezenet,80.602,36.547,0,0
133.687,t2_squeezenet,45.210,42.392,1,0
133.730,t2_squeezenet,78.645,43.001,3,0
133.777,t2_squeezenet,59.786,47.135,4,0
133.821,t2_squeezenet,101.541,43.338,4,0
133.857,t2_squeezenet,129.161,36.415,3,0
133.889,t2_squeezenet,124.247,31.458,2,0
133.919,t2_squeezenet,150.497,30.808,1,0
133.950,t2_squeezenet,150.749,30.573,0,0
134.298,t2_squeezenet,46.743,43.599,3,0
134.345,t2_squeezenet,89.654,46.762,2,0
134.390,t2_squeezenet,113.101,44.510,1,0
134.432,t2_squeezenet,147.318,42.349,1,0
134.476,t2_squeezenet,52.511,44.268,0,0
134.552,t2_squeezenet,47.208,43.958,2,0
134.594,t2_squeezenet,88.634,42.466,3,0
134.641,t2_squeezenet,109.829,46.455,3,0
134.688,t2_squeezenet,129.348,47.416,4,0
134.733,t2_squeezenet,141.819,44.657,4,0
134.778,t2_squeezenet,174.950,44.991,3,0
134.821,t2_squeezenet,163.466,42.762,3,0
134.866,t2_squeezenet,186.495,45.280,4,0
134.914,t2_squeezenet,205.189,48.275,5,0
134.956,t2_squeezenet,164.891,41.428,4,0
134.999,t2_squeezenet,163.091,43.242,4,0
135.047,t2_squeezenet,197.797,48.146,3,0
135.095,t2_squeezenet,215.929,47.622,3,0
135.140,t2_squeezenet,245.393,45.225,3,0
135.184,t2_squeezenet,201.950,43.533,3,0
135.228,t2_squeezenet,171.859,43.729,2,0
135.275,t2_squeezenet,138.039,47.125,1,0
135.321,t2_squeezenet,157.793,46.379,0,0
135.369,t2_squeezenet,42.671,41.927,1,0
135.411,t2_squeezenet,61.326,42.323,0,0
135.556,t2_squeezenet,35.486,33.501,0,0
135.614,t2_squeezenet,33.664,32.518,0,0
135.654,t2_squeezenet,30.643,30.578,0,0
135.829,t2_squeezenet,37.513,32.712,1,0
135.862,t2_squeezenet,54.340,32.816,1,0
135.904,t2_squeezenet,70.257,42.104,0,0
136.016,t2_squeezenet,45.990,45.601,2,0
136.063,t2_squeezenet,54.228,47.257,2,0
136.104,t2_squeezenet,91.019,41.282,1,0
136.146,t2_squeezenet,83.849,41.539,0,0
136.301,t2_squeezenet,38.888,38.384,0,0
136.376,t2_squeezenet,40.768,39.379,1,0
136.413,t2_squeezenet,44.571,36.222,2,0
136.459,t2_squeezenet,76.764,46.626,4,0
136.495,t2_squeezenet,83.202,36.005,4,0
136.541,t2_squeezenet,112.071,45.727,5,0
136.587,t2_squeezenet,150.768,45.502,5,0
136.630,t2_squeezenet,186.270,43.121,4,0
136.674,t2_squeezenet,212.002,44.621,4,0
136.713,t2_squeezenet,204.618,38.873,3,0
136.753,t2_squeezenet,238.008,39.322,4,0
136.788,t2_squeezenet,236.532,35.558,4,0
136.824,t2_squeezenet,186.671,35.883,3,0
136.856,t2_squeezenet,111.748,31.462,3,0
136.887,t2_squeezenet,136.410,31.150,3,0
136.929,t2_squeezenet,173.029,42.171,4,0
136.975,t2_squeezenet,147.480,46.263,3,0
137.024,t2_squeezenet,150.341,48.475,3,0
137.069,t2_squeezenet,173.149,44.940,3,0
137.113,t2_squeezenet,204.132,44.182,2,0
137.157,t2_squeezenet,160.083,43.990,1,0
137.202,t2_squeezenet,139.489,44.747,0,0
137.254,t2_squeezenet,52.059,47.236,0,0
137.318,t2_squeezenet,45.885,43.007,1,0
137.365,t2_squeezenet,55.822,47.279,0,0
137.517,t2_squeezenet,47.538,45.523,1,0
137.563,t2_squeezenet,74.526,45.750,1,0
137.603,t2_squeezenet,45.717,40.545,1,0
137.642,t2_squeezenet,48.412,39.015,0,0
137.738,t2_squeezenet,45.461,45.004,0,0
137.813,t2_squeezenet,39.907,39.588,0,0
137.894,t2_squeezenet,32.763,29.843,0,0
138.066,t2_squeezenet,36.515,35.268,0,0
138.148,t2_squeezenet,35.217,31.127,0,0
138.325,t2_squeezenet,42.321,40.777,0,0
138.563,t2_squeezenet,49.654,49.604,0,0
138.654,t2_squeezenet,47.334,45.365,1,0
138.687,t2_squeezenet,75.017,33.125,0,0
139.056,t2_squeezenet,39.831,38.974,1,0
139.102,t2_squeezenet,48.352,45.703,0,0
139.188,t2_squeezenet,35.505,30.629,0,0
139.222,t2_squeezenet,29.426,29.151,2,0
139.251,t2_squeezenet,41.644,29.044,1,0
139.283,t2_squeezenet,64.790,31.345,0,0
139.339,t2_squeezenet,33.443,31.088,1,0
139.371,t2_squeezenet,36.819,31.991,1,0
139.405,t2_squeezenet,56.781,33.822,0,0
139.522,t2_squeezenet,47.794,46.393,2,0
139.572,t2_squeezenet,89.174,49.186,3,0
139.615,t2_squeezenet,128.414,43.151,2,0
139.659,t2_squeezenet,102.783,44.595,4,0
139.704,t2_squeezenet,135.916,45.070,3,0
139.750,t2_squeezenet,125.305,45.499,3,0
139.792,t2_squeezenet,146.967,41.646,2,0
139.831,t2_squeezenet,173.115,39.001,3,0
139.867,t2_squeezenet,136.376,36.272,2,0
139.899,t2_squeezenet,84.882,32.105,1,0
139.934,t2_squeezenet,117.809,34.535,1,0
139.969,t2_squeezenet,40.141,35.383,0,0
140.041,t2_squeezenet,39.244,36.180,0,0
140.190,t2_squeezenet,41.961,37.791,1,0
140.225,t2_squeezenet,49.282,34.659,1,0
140.259,t2_squeezenet,43.938,34.458,0,0
140.325,t2_squeezenet,36.030,35.713,1,0
140.361,t2_squeezenet,55.637,35.201,1,0
140.390,t2_squeezenet,34.938,29.537,1,0
140.421,t2_squeezenet,51.618,30.946,0,0
140.457,t2_squeezenet,33.967,31.168,0,0
140.585,t2_squeezenet,50.583,46.705,1,0
140.628,t2_squeezenet,82.990,42.348,1,0
140.671,t2_squeezenet,71.021,43.094,0,0
140.715,t2_squeezenet,39.601,39.037,1,0
140.747,t2_squeezenet,61.120,31.965,0,0
140.943,t2_squeezenet,45.900,43.754,2,0
140.988,t2_squeezenet,81.064,45.071,2,0
141.032,t2_squeezenet,100.111,44.129,2,0
141.070,t2_squeezenet,85.422,38.375,1,0
141.100,t2_squeezenet,72.515,29.620,0,0
141.171,t2_squeezenet,39.812,35.253,1,0
141.209,t2_squeezenet,51.021,37.998,1,0
141.244,t2_squeezenet,47.781,35.157,0,0
141.309,t2_squeezenet,30.425,29.067,0,0
141.344,t2_squeezenet,31.134,30.023,0,0
141.491,t2_squeezenet,41.164,40.648,0,0
141.556,t2_squeezenet,32.305,29.055,1,0
141.588,t2_squeezenet,60.364,32.417,0,0
141.649,t2_squeezenet,44.521,40.784,1,0
141.689,t2_squeezenet,45.564,39.960,1,0
141.738,t2_squeezenet,68.905,48.811,0,0
141.784,t2_squeezenet,43.611,40.440,1,0
141.827,t2_squeezenet,49.395,43.356,0,0
141.910,t2_squeezenet,32.942,32.103,0,0
142.053,t2_squeezenet,44.426,41.898,0,0
142.111,t2_squeezenet,37.850,37.409,0,0
142.176,t2_squeezenet,35.721,34.909,1,0
142.213,t2_squeezenet,37.948,36.617,0,0
142.264,t2_squeezenet,39.554,35.604,1,0
142.299,t2_squeezenet,48.075,34.912,0,0
142.356,t2_squeezenet,38.126,37.015,0,0
142.462,t2_squeezenet,30.628,29.649,0,0
142.516,t2_squeezenet,31.471,29.255,0,0
142.565,t2_squeezenet,29.320,29.035,0,0
142.616,t2_squeezenet,38.393,35.071,2,0
142.655,t2_squeezenet,71.460,39.523,1,0
142.688,t2_squeezenet,96.121,33.201,0,0
142.816,t2_squeezenet,31.905,31.022,2,0
142.848,t2_squeezenet,36.117,31.635,2,0
142.880,t2_squeezenet,68.584,32.695,1,0
142.914,t2_squeezenet,76.003,33.103,0,0
143.014,t2_squeezenet,47.356,44.861,1,0
143.048,t2_squeezenet,62.934,34.269,2,0
143.080,t2_squeezenet,53.899,31.409,3,0
143.110,t2_squeezenet,65.688,29.780,3,0
143.144,t2_squeezenet,78.119,34.404,3,0
143.178,t2_squeezenet,101.936,34.009,2,0
143.214,t2_squeezenet,112.932,35.365,1,0
143.248,t2_squeezenet,111.342,34.570,0,0
143.480,t2_squeezenet,48.443,44.750,0,0
143.556,t2_squeezenet,46.490,45.434,0,0
143.635,t2_squeezenet,45.058,43.099,1,0
143.682,t2_squeezenet,65.504,46.589,0,0
143.766,t2_squeezenet,44.611,43.497,3,0
143.811,t2_squeezenet,74.136,45.418,2,0
143.856,t2_squeezenet,103.069,45.176,1,0
143.906,t2_squeezenet,150.497,49.054,0,0
143.957,t2_squeezenet,44.860,41.620,1,0
144.001,t2_squeezenet,87.905,43.674,1,0
144.049,t2_squeezenet,49.858,48.152,1,0
144.096,t2_squeezenet,79.120,46.854,0,0
144.229,t2_squeezenet,49.015,46.677,2,0
144.278,t2_squeezenet,71.492,48.608,2,0
144.320,t2_squeezenet,91.359,42.522,1,0
144.363,t2_squeezenet,114.814,42.616,0,0
144.497,t2_squeezenet,46.788,42.553,2,0
144.543,t2_squeezenet,90.281,45.602,2,0
144.589,t2_squeezenet,112.095,46.222,3,0
144.635,t2_squeezenet,133.310,45.741,2,0
144.678,t2_squeezenet,129.224,42.906,4,0
144.721,t2_squeezenet,165.833,42.640,3,0
144.772,t2_squeezenet,117.234,51.035,4,0
144.824,t2_squeezenet,164.389,51.991,4,0
144.858,t2_squeezenet,184.687,33.994,4,0
144.898,t2_squeezenet,152.452,40.364,4,0
144.937,t2_squeezenet,185.001,38.548,3,0
144.978,t2_squeezenet,190.063,41.260,4,0
145.019,t2_squeezenet,186.719,40.886,4,0
145.051,t2_squeezenet,173.651,32.011,3,0
145.086,t2_squeezenet,126.837,34.546,2,0
145.136,t2_squeezenet,170.965,50.502,2,0
145.182,t2_squeezenet,176.164,46.126,1,0
145.219,t2_squeezenet,115.159,36.045,1,0
145.253,t2_squeezenet,46.990,34.694,0,0
145.302,t2_squeezenet,34.145,34.032,1,0
145.336,t2_squeezenet,63.313,33.014,1,0
145.377,t2_squeezenet,69.601,41.648,1,0
145.421,t2_squeezenet,71.094,43.696,2,0
145.459,t2_squeezenet,67.575,38.121,3,0
145.497,t2_squeezenet,103.197,37.931,2,0
145.536,t2_squeezenet,114.398,38.437,1,0
145.580,t2_squeezenet,141.949,44.816,1,0
145.626,t2_squeezenet,67.841,45.565,2,0
145.662,t2_squeezenet,65.002,36.114,1,0
145.706,t2_squeezenet,85.452,43.663,0,0
145.791,t2_squeezenet,46.673,44.366,1,0
145.842,t2_squeezenet,66.596,50.836,1,0
145.885,t2_squeezenet,45.762,42.752,1,0
145.919,t2_squeezenet,51.798,33.895,2,0
145.956,t2_squeezenet,64.152,37.304,3,0
146.003,t2_squeezenet,99.141,47.181,4,0
146.047,t2_squeezenet,122.968,43.949,3,0
146.090,t2_squeezenet,140.802,43.007,2,0
146.136,t2_squeezenet,174.652,45.428,1,0
146.183,t2_squeezenet,188.163,47.128,3,0
146.232,t2_squeezenet,79.955,49.340,3,0
146.274,t2_squeezenet,112.521,41.691,4,0
146.316,t2_squeezenet,143.464,42.150,4,0
146.363,t2_squeezenet,178.076,46.850,5,0
146.411,t2_squeezenet,162.597,47.563,4,0
146.451,t2_squeezenet,182.172,40.399,4,0
146.496,t2_squeezenet,195.970,45.004,4,0
146.541,t2_squeezenet,223.344,44.884,3,0
146.589,t2_squeezenet,234.059,47.283,3,0
146.636,t2_squeezenet,201.786,47.587,3,0
146.678,t2_squeezenet,191.009,42.220,3,0
146.723,t2_squeezenet,173.881,44.973,2,0
146.771,t2_squeezenet,143.815,47.429,1,0
146.817,t2_squeezenet,175.187,45.604,1,0
146.859,t2_squeezenet,68.059,42.063,0,0
146.981,t2_squeezenet,44.140,40.953,1,0
147.018,t2_squeezenet,48.695,37.066,1,0
147.053,t2_squeezenet,49.560,35.327,0,0
147.185,t2_squeezenet,36.531,35.400,0,0
147.297,t2_squeezenet,38.850,36.320,0,0
147.379,t2_squeezenet,33.648,31.002,0,0
147.490,t2_squeezenet,49.412,45.215,2,0
147.535,t2_squeezenet,86.774,44.781,2,0
147.566,t2_squeezenet,116.995,31.247,2,0
147.597,t2_squeezenet,100.723,30.831,3,0
147.637,t2_squeezenet,100.203,40.335,2,0
147.679,t2_squeezenet,112.485,41.296,1,0
147.709,t2_squeezenet,124.650,30.083,0,0
147.808,t2_squeezenet,44.708,43.708,0,0
147.903,t2_squeezenet,37.623,33.761,0,0
147.973,t2_squeezenet,33.499,29.973,0,0
148.024,t2_squeezenet,35.349,30.991,0,0
148.084,t2_squeezenet,37.869,34.507,1,0
148.120,t2_squeezenet,66.515,35.424,1,0
148.151,t2_squeezenet,59.476,30.734,0,0
148.345,t2_squeezenet,51.251,47.462,0,0
148.416,t2_squeezenet,34.711,30.189,0,0
148.491,t2_squeezenet,34.338,29.905,0,0
148.548,t2_squeezenet,39.191,37.021,2,0
148.578,t2_squeezenet,62.225,30.002,1,0
148.608,t2_squeezenet,88.654,29.562,0,0
148.971,t2_squeezenet,30.988,29.205,1,0
149.000,t2_squeezenet,36.412,29.068,0,0
149.188,t2_squeezenet,38.603,36.252,0,0
149.248,t2_squeezenet,44.983,44.730,0,0
149.320,t2_squeezenet,43.726,41.512,1,0
149.351,t2_squeezenet,70.724,30.648,1,0
149.383,t2_squeezenet,41.933,31.470,0,0
149.454,t2_squeezenet,34.553,30.859,1,0
149.489,t2_squeezenet,36.890,35.026,0,0
149.594,t2_squeezenet,36.358,33.926,0,0
149.757,t2_squeezenet,35.450,31.686,0,0
149.844,t2_squeezenet,48.038,46.203,1,0
149.876,t2_squeezenet,72.768,31.818,0,0
149.946,t2_squeezenet,44.708,39.841,1,0
149.992,t2_squeezenet,48.687,45.620,2,0
150.028,t2_squeezenet,44.677,36.690,1,0
150.065,t2_squeezenet,79.917,36.661,0,0
150.141,t2_squeezenet,35.173,30.745,1,0
150.171,t2_squeezenet,62.346,29.576,1,0
150.201,t2_squeezenet,51.296,29.829,1,0
150.230,t2_squeezenet,47.817,29.169,1,0
150.262,t2_squeezenet,54.435,31.759,1,0
150.296,t2_squeezenet,61.162,34.541,0,0
150.337,t2_squeezenet,38.046,35.191,0,0
150.379,t2_squeezenet,34.301,32.531,0,0
150.483,t2_squeezenet,38.386,37.535,0,0
150.541,t2_squeezenet,43.962,43.057,1,0
150.584,t2_squeezenet,73.359,42.240,2,0
150.629,t2_squeezenet,81.733,45.870,1,0
150.670,t2_squeezenet,105.439,40.305,0,0
150.769,t2_squeezenet,45.250,43.188,0,0
150.830,t2_squeezenet,48.794,45.131,0,0
150.901,t2_squeezenet,42.490,40.437,0,0
151.010,t2_squeezenet,49.626,47.943,0,0
151.116,t2_squeezenet,46.934,44.571,1,0
151.162,t2_squeezenet,72.689,45.600,2,0
151.205,t2_squeezenet,73.798,43.890,1,0
151.242,t2_squeezenet,98.954,36.836,2,0
151.278,t2_squeezenet,68.659,35.735,2,0
151.313,t2_squeezenet,90.162,35.275,2,0
151.351,t2_squeezenet,86.966,37.152,2,0
151.385,t2_squeezenet,95.465,34.770,1,0
151.420,t2_squeezenet,77.959,34.317,0,0
151.567,t2_squeezenet,45.733,41.479,1,0
151.613,t2_squeezenet,83.535,45.352,1,0
151.657,t2_squeezenet,65.583,44.578,3,0
151.704,t2_squeezenet,86.480,46.871,3,0
151.743,t2_squeezenet,117.731,38.622,2,0
151.774,t2_squeezenet,128.765,30.720,2,0
151.805,t2_squeezenet,131.437,30.907,2,0
151.847,t2_squeezenet,85.912,42.140,1,0
151.884,t2_squeezenet,98.816,37.502,2,0
151.916,t2_squeezenet,44.539,31.809,2,0
151.945,t2_squeezenet,64.107,28.991,1,0
151.976,t2_squeezenet,64.842,30.248,0,0
152.032,t2_squeezenet,38.035,36.005,1,0
152.067,t2_squeezenet,50.587,35.175,3,0
152.098,t2_squeezenet,55.637,30.630,3,0
152.127,t2_squeezenet,77.967,29.764,3,0
152.167,t2_squeezenet,109.838,39.246,2,0
152.200,t2_squeezenet,117.858,32.926,2,0
152.237,t2_squeezenet,118.238,37.370,2,0
152.281,t2_squeezenet,93.736,44.067,2,0
152.327,t2_squeezenet,108.231,45.999,1,0
152.371,t2_squeezenet,118.251,43.841,1,0
152.414,t2_squeezenet,49.196,42.958,1,0
152.459,t2_squeezenet,77.351,44.385,0,0
152.524,t2_squeezenet,48.157,45.534,0,0
152.744,t2_squeezenet,33.020,32.459,0,0
152.831,t2_squeezenet,41.644,41.599,1,0
152.878,t2_squeezenet,72.804,46.528,0,0
152.981,t2_squeezenet,45.278,41.869,0,0
153.091,t2_squeezenet,47.043,43.914,0,0
153.133,t2_squeezenet,33.919,32.339,0,0
153.228,t2_squeezenet,36.291,34.299,0,0
153.274,t2_squeezenet,40.126,35.221,2,0
153.309,t2_squeezenet,65.073,35.028,1,0
153.345,t2_squeezenet,95.657,35.952,1,0
153.376,t2_squeezenet,50.570,31.435,0,0
153.444,t2_squeezenet,35.454,32.595,1,0
153.476,t2_squeezenet,51.404,31.086,2,0
153.505,t2_squeezenet,43.307,29.870,2,0
153.537,t2_squeezenet,70.013,31.334,1,0
153.574,t2_squeezenet,71.234,37.031,0,0
153.659,t2_squeezenet,49.581,44.923,1,0
153.704,t2_squeezenet,92.554,44.896,3,0
153.746,t2_squeezenet,85.705,41.949,3,0
153.793,t2_squeezenet,120.882,46.513,6,0
153.839,t2_squeezenet,163.333,46.215,6,0
153.885,t2_squeezenet,151.826,45.829,7,0
153.920,t2_squeezenet,160.001,35.346,6,0
153.952,t2_squeezenet,189.724,32.043,5,0
153.982,t2_squeezenet,209.925,29.052,5,0
154.011,t2_squeezenet,219.881,29.593,4,0
154.041,t2_squeezenet,214.757,29.483,5,0
154.070,t2_squeezenet,215.096,29.102,4,0
154.099,t2_squeezenet,229.818,29.019,3,0
154.128,t2_squeezenet,158.346,29.185,2,0
154.158,t2_squeezenet,138.651,29.718,1,0
154.193,t2_squeezenet,173.106,35.440,0,0
154.251,t2_squeezenet,33.029,32.210,1,0
154.286,t2_squeezenet,59.882,34.754,1,0
154.318,t2_squeezenet,52.595,32.459,1,0
154.352,t2_squeezenet,58.029,33.745,1,0
154.387,t2_squeezenet,49.926,35.259,2,0
154.422,t2_squeezenet,54.476,35.242,1,0
154.456,t2_squeezenet,85.189,33.339,0,0
154.521,t2_squeezenet,30.285,29.757,0,0
154.685,t2_squeezenet,51.159,47.673,2,0
154.727,t2_squeezenet,84.800,41.842,3,0
154.762,t2_squeezenet,90.127,35.313,3,0
154.800,t2_squeezenet,98.595,37.562,3,0
154.835,t2_squeezenet,133.906,35.578,4,0
154.870,t2_squeezenet,142.913,34.771,4,0
154.902,t2_squeezenet,128.190,31.392,3,0
154.931,t2_squeezenet,129.475,29.356,3,0
154.963,t2_squeezenet,155.358,31.715,3,0
154.997,t2_squeezenet,135.659,34.418,2,0
155.040,t2_squeezenet,122.772,43.106,2,0
155.072,t2_squeezenet,114.027,31.531,1,0
155.104,t2_squeezenet,81.098,31.840,1,0
155.136,t2_squeezenet,54.317,32.592,0,0
155.257,t2_squeezenet,31.552,29.835,0,0
155.321,t2_squeezenet,33.358,33.155,0,0
155.372,t2_squeezenet,40.278,35.521,0,0
155.416,t2_squeezenet,36.299,34.326,0,0
155.501,t2_squeezenet,31.434,29.163,1,0
155.534,t2_squeezenet,60.355,33.267,1,0
155.568,t2_squeezenet,51.864,34.264,2,0
155.598,t2_squeezenet,51.397,29.079,2,0
155.627,t2_squeezenet,59.724,29.023,1,0
155.656,t2_squeezenet,84.370,29.508,2,0
155.686,t2_squeezenet,50.342,29.431,2,0
155.720,t2_squeezenet,71.388,34.073,2,0
155.755,t2_squeezenet,69.294,34.867,5,0
155.787,t2_squeezenet,95.260,32.173,4,0
155.816,t2_squeezenet,88.506,29.457,3,0
155.845,t2_squeezenet,106.220,29.120,4,0
155.881,t2_squeezenet,134.611,35.750,4,0
155.918,t2_squeezenet,164.738,36.925,6,0
155.955,t2_squeezenet,127.964,36.675,6,0
155.990,t2_squeezenet,145.733,35.471,6,0
156.025,t2_squeezenet,155.268,34.433,6,0
156.062,t2_squeezenet,176.056,37.156,5,0
156.097,t2_squeezenet,185.360,34.450,5,0
156.132,t2_squeezenet,219.980,35.278,6,0
156.168,t2_squeezenet,222.316,36.411,5,0
156.206,t2_squeezenet,231.791,37.249,5,0
156.236,t2_squeezenet,233.927,30.362,5,0
156.265,t2_squeezenet,194.678,28.991,5,0
156.295,t2_squeezenet,175.141,29.661,4,0
156.324,t2_squeezenet,203.551,29.479,4,0
156.353,t2_squeezenet,154.222,29.090,4,0
156.385,t2_squeezenet,170.399,31.748,4,0
156.420,t2_squeezenet,164.181,34.474,3,0
156.455,t2_squeezenet,135.181,35.886,3,0
156.492,t2_squeezenet,151.789,36.028,2,0
156.527,t2_squeezenet,169.350,35.755,2,0
156.570,t2_squeezenet,136.826,42.314,1,0
156.613,t2_squeezenet,109.555,43.287,1,0
156.651,t2_squeezenet,66.585,38.136,0,0
156.690,t2_squeezenet,36.182,33.863,0,0
156.729,t2_squeezenet,33.691,29.138,0,0
156.794,t2_squeezenet,29.633,29.051,0,0
156.868,t2_squeezenet,44.250,43.318,1,0
156.911,t2_squeezenet,53.412,43.282,3,0
156.958,t2_squeezenet,80.882,46.788,2,0
157.006,t2_squeezenet,98.361,47.503,2,0
157.042,t2_squeezenet,132.578,35.855,3,0
157.077,t2_squeezenet,109.524,35.350,4,0
157.113,t2_squeezenet,90.578,35.738,3,0
157.148,t2_squeezenet,125.770,35.492,3,0
157.183,t2_squeezenet,137.837,34.919,2,0
157.222,t2_squeezenet,149.342,38.380,3,0
157.257,t2_squeezenet,128.369,35.358,2,0
157.292,t2_squeezenet,79.819,34.545,1,0
157.328,t2_squeezenet,107.215,35.989,0,0
157.543,t2_squeezenet,50.149,47.703,0,0
157.623,t2_squeezenet,49.209,44.697,3,0
157.667,t2_squeezenet,77.993,44.503,4,0
157.715,t2_squeezenet,124.116,47.448,4,0
157.754,t2_squeezenet,147.696,39.002,4,0
157.796,t2_squeezenet,168.437,42.221,4,0
157.840,t2_squeezenet,202.804,43.974,5,0
157.887,t2_squeezenet,210.378,46.347,5,0
157.935,t2_squeezenet,184.175,47.871,4,0
157.980,t2_squeezenet,196.182,45.137,5,0
158.024,t2_squeezenet,210.422,44.129,7,0
158.067,t2_squeezenet,244.510,43.343,6,0
158.115,t2_squeezenet,234.860,47.462,6,0
158.161,t2_squeezenet,205.131,45.968,7,0
158.199,t2_squeezenet,226.844,38.062,7,0
158.242,t2_squeezenet,247.484,43.318,6,0
158.279,t2_squeezenet,266.832,37.053,5,0
158.312,t2_squeezenet,292.749,32.491,5,0
158.349,t2_squeezenet,248.374,37.263,6,0
158.394,t2_squeezenet,251.135,44.517,7,0
158.434,t2_squeezenet,273.913,40.531,6,0
158.467,t2_squeezenet,268.886,32.704,5,0
158.500,t2_squeezenet,193.229,32.608,4,0
158.531,t2_squeezenet,198.558,31.368,4,0
158.562,t2_squeezenet,219.740,31.374,5,0
158.605,t2_squeezenet,253.562,42.380,6,0
158.645,t2_squeezenet,252.592,39.853,6,0
158.674,t2_squeezenet,167.398,29.053,5,0
158.703,t2_squeezenet,166.020,29.062,5,0
158.738,t2_squeezenet,194.300,35.012,4,0
158.775,t2_squeezenet,207.052,37.091,5,0
158.808,t2_squeezenet,215.181,33.090,5,0
158.842,t2_squeezenet,202.880,33.962,6,0
158.872,t2_squeezenet,181.233,29.624,5,0
158.901,t2_squeezenet,161.597,29.420,4,0
158.933,t2_squeezenet,180.409,31.906,3,0
158.977,t2_squeezenet,190.715,43.598,2,0
159.020,t2_squeezenet,189.863,42.946,2,0
159.064,t2_squeezenet,226.287,44.350,1,0
159.112,t2_squeezenet,91.901,47.267,0,0
159.168,t2_squeezenet,36.635,36.155,1,0
159.202,t2_squeezenet,59.231,34.039,2,0
159.236,t2_squeezenet,55.425,33.308,1,0
159.271,t2_squeezenet,88.645,35.171,0,0
159.377,t2_squeezenet,38.747,35.116,3,0
159.412,t2_squeezenet,48.485,35.299,2,0
159.448,t2_squeezenet,76.679,36.094,2,0
159.484,t2_squeezenet,109.185,35.644,1,0
159.521,t2_squeezenet,96.100,36.722,0,0
159.567,t2_squeezenet,39.652,35.721,0,0
159.610,t2_squeezenet,37.034,33.753,1,0
159.647,t2_squeezenet,59.660,36.898,0,0
159.754,t2_squeezenet,35.772,35.341,2,0
159.791,t2_squeezenet,53.813,37.509,1,0
159.827,t2_squeezenet,88.727,35.791,3,0
159.860,t2_squeezenet,56.440,33.437,2,0
159.899,t2_squeezenet,92.528,38.313,1,0
159.938,t2_squeezenet,128.950,39.498,1,0
159.984,t2_squeezenet,56.798,45.653,1,0
160.032,t2_squeezenet,85.461,48.239,0,0
160.111,t2_squeezenet,46.309,43.339,0,0
160.233,t2_squeezenet,31.406,31.090,2,0
160.265,t2_squeezenet,53.229,31.846,2,0
160.312,t2_squeezenet,81.122,46.829,1,0
160.352,t2_squeezenet,108.123,39.669,0,0
160.412,t2_squeezenet,47.573,44.742,2,0
160.458,t2_squeezenet,86.063,45.728,2,0
160.506,t2_squeezenet,107.682,47.883,1,0
160.551,t2_squeezenet,124.148,45.004,1,0
160.594,t2_squeezenet,85.445,43.145,1,0
160.637,t2_squeezenet,67.762,43.448,0,0
160.693,t2_squeezenet,50.507,50.175,0,0
160.751,t2_squeezenet,45.733,43.145,0,0
160.958,t2_squeezenet,42.954,37.907,0,0
161.023,t2_squeezenet,35.281,34.479,0,0
161.154,t2_squeezenet,35.898,34.815,1,0
161.191,t2_squeezenet,57.999,36.409,2,0
161.225,t2_squeezenet,60.418,34.757,3,0
161.261,t2_squeezenet,73.894,35.492,2,0
161.298,t2_squeezenet,96.971,36.530,1,0
161.338,t2_squeezenet,123.906,40.018,2,0
161.379,t2_squeezenet,72.496,41.692,1,0
161.423,t2_squeezenet,115.009,44.049,0,0
161.491,t2_squeezenet,48.828,46.796,0,0
161.547,t2_squeezenet,41.660,41.447,0,0
161.644,t2_squeezenet,50.589,46.206,1,0
161.692,t2_squeezenet,78.573,47.853,1,0
161.736,t2_squeezenet,60.481,43.748,1,0
161.778,t2_squeezenet,84.817,41.548,0,0
161.889,t2_squeezenet,46.658,44.574,0,0
161.937,t2_squeezenet,45.765,43.105,0,0
161.991,t2_squeezenet,45.455,43.797,1,0
162.039,t2_squeezenet,65.304,47.926,1,0
162.077,t2_squeezenet,57.056,37.923,0,0
162.140,t2_squeezenet,46.684,42.542,0,0
162.188,t2_squeezenet,44.913,43.166,2,0
162.237,t2_squeezenet,80.760,49.060,1,0
162.279,t2_squeezenet,121.860,41.370,1,0
162.312,t2_squeezenet,73.852,33.252,0,0
162.456,t2_squeezenet,38.474,37.159,2,0
162.492,t2_squeezenet,62.598,36.690,3,0
162.528,t2_squeezenet,95.433,36.061,2,0
162.564,t2_squeezenet,106.018,35.823,2,0
162.601,t2_squeezenet,124.723,36.748,2,0
162.636,t2_squeezenet,77.712,35.225,2,0
162.672,t2_squeezenet,90.366,35.202,1,0
162.708,t2_squeezenet,96.962,36.025,0,0
162.764,t2_squeezenet,39.214,36.047,2,0
162.799,t2_squeezenet,49.686,34.974,2,0
162.835,t2_squeezenet,83.002,36.039,1,0
162.872,t2_squeezenet,100.500,36.476,1,0
162.906,t2_squeezenet,35.921,34.459,0,0
162.997,t2_squeezenet,49.761,45.086,0,0
163.174,t2_squeezenet,39.560,35.391,0,0
163.352,t2_squeezenet,44.860,40.854,1,0
163.386,t2_squeezenet,68.379,33.922,1,0
163.416,t2_squeezenet,58.129,30.095,0,0
163.581,t2_squeezenet,36.624,33.199,1,0
163.611,t2_squeezenet,37.747,30.354,3,0
163.643,t2_squeezenet,58.277,31.954,2,0
163.674,t2_squeezenet,83.828,30.783,2,0
163.708,t2_squeezenet,112.069,34.240,1,0
163.756,t2_squeezenet,106.066,47.720,0,0
163.867,t2_squeezenet,37.965,34.821,0,0
163.957,t2_squeezenet,38.192,34.432,1,0
163.986,t2_squeezenet,56.714,29.599,1,0
164.021,t2_squeezenet,36.376,34.809,1,0
164.052,t2_squeezenet,62.566,31.224,0,0
164.096,t2_squeezenet,36.330,33.288,2,0
164.126,t2_squeezenet,61.852,30.100,1,0
164.155,t2_squeezenet,84.655,29.379,1,0
164.187,t2_squeezenet,60.633,31.689,0,0
164.343,t2_squeezenet,41.434,39.775,0,0
164.450,t2_squeezenet,32.115,31.106,1,0
164.481,t2_squeezenet,50.793,30.451,0,0
164.579,t2_squeezenet,46.910,42.666,2,0
164.613,t2_squeezenet,51.510,34.199,4,0
164.646,t2_squeezenet,70.524,32.624,3,0
164.679,t2_squeezenet,85.305,33.266,2,0
164.717,t2_squeezenet,115.453,37.524,2,0
164.748,t2_squeezenet,138.333,31.384,2,0
164.781,t2_squeezenet,94.895,32.287,2,0
164.813,t2_squeezenet,81.557,32.746,1,0
164.853,t2_squeezenet,93.724,39.347,1,0
164.890,t2_squeezenet,72.065,37.058,0,0
164.931,t2_squeezenet,40.803,36.063,0,0
164.967,t2_squeezenet,32.834,30.403,0,0
165.021,t2_squeezenet,33.156,29.596,2,0
165.057,t2_squeezenet,63.420,35.394,3,0
165.089,t2_squeezenet,88.276,32.155,2,0
165.124,t2_squeezenet,83.364,34.419,1,0
165.161,t2_squeezenet,111.625,37.527,2,0
165.202,t2_squeezenet,64.182,40.403,1,0
165.244,t2_squeezenet,88.252,42.082,2,0
165.279,t2_squeezenet,77.563,35.586,3,0
165.322,t2_squeezenet,93.290,42.491,2,0
165.365,t2_squeezenet,117.506,43.130,1,0
165.399,t2_squeezenet,149.251,33.412,0,0
165.547,t2_squeezenet,36.862,31.927,1,0
165.579,t2_squeezenet,47.625,31.843,0,0
165.645,t2_squeezenet,46.359,41.378,1,0
165.675,t2_squeezenet,37.509,29.568,0,0
165.765,t2_squeezenet,30.614,29.162,0,0
165.833,t2_squeezenet,47.192,42.847,0,0
165.920,t2_squeezenet,42.603,41.785,2,0
165.954,t2_squeezenet,49.654,33.221,1,0
165.983,t2_squeezenet,66.524,29.202,1,0
166.018,t2_squeezenet,51.251,35.572,2,0
166.063,t2_squeezenet,58.520,44.603,2,0
166.105,t2_squeezenet,91.253,41.837,2,0
166.149,t2_squeezenet,95.014,43.805,1,0
166.197,t2_squeezenet,96.039,47.863,2,0
166.243,t2_squeezenet,79.871,46.047,3,0
166.281,t2_squeezenet,114.532,38.188,3,0
166.325,t2_squeezenet,101.466,44.330,3,0
166.358,t2_squeezenet,130.257,32.337,2,0
166.390,t2_squeezenet,116.669,32.678,2,0
166.420,t2_squeezenet,135.469,29.034,1,0
166.453,t2_squeezenet,65.380,33.195,0,0
166.573,t2_squeezenet,37.524,34.178,0,0
166.773,t2_squeezenet,42.600,42.449,1,0
166.807,t2_squeezenet,64.936,33.957,1,0
166.841,t2_squeezenet,68.128,34.338,0,0
166.877,t2_squeezenet,31.655,30.674,0,0
166.915,t2_squeezenet,36.931,32.927,1,0
166.948,t2_squeezenet,50.630,32.857,1,0
166.983,t2_squeezenet,67.568,35.119,1,0
167.014,t2_squeezenet,31.460,31.213,0,0
167.054,t2_squeezenet,31.672,29.792,1,0
167.095,t2_squeezenet,59.906,40.424,0,0
167.141,t2_squeezenet,31.291,31.206,1,0
167.181,t2_squeezenet,62.464,40.043,0,0
167.284,t2_squeezenet,31.312,30.762,0,0
167.334,t2_squeezenet,34.152,34.110,0,0
167.392,t2_squeezenet,49.841,48.311,0,0
167.444,t2_squeezenet,42.955,41.482,0,0
167.501,t2_squeezenet,48.371,46.429,1,0
167.545,t2_squeezenet,68.372,44.776,0,0
167.620,t2_squeezenet,42.692,39.041,1,0
167.651,t2_squeezenet,51.478,31.308,1,0
167.694,t2_squeezenet,73.403,42.462,0,0
167.933,t2_squeezenet,33.112,31.229,1,0
167.968,t2_squeezenet,42.356,35.053,0,0
168.047,t2_squeezenet,37.882,33.354,3,0
168.077,t2_squeezenet,57.501,29.088,3,0
168.106,t2_squeezenet,64.080,29.500,2,0
168.136,t2_squeezenet,91.305,29.499,1,0
168.165,t2_squeezenet,88.663,29.133,1,0
168.194,t2_squeezenet,54.625,29.064,0,0
168.257,t2_squeezenet,37.369,32.330,0,0
168.293,t2_squeezenet,35.748,31.080,0,0
168.368,t2_squeezenet,44.815,44.256,0,0
168.444,t2_squeezenet,48.947,46.171,0,0
168.554,t2_squeezenet,43.294,38.660,1,0
168.585,t2_squeezenet,47.554,30.533,1,0
168.628,t2_squeezenet,58.629,43.732,2,0
168.675,t2_squeezenet,77.201,46.614,1,0
168.719,t2_squeezenet,97.453,43.983,0,0
168.821,t2_squeezenet,31.851,30.588,2,0
168.850,t2_squeezenet,56.103,29.181,1,0
168.880,t2_squeezenet,66.569,29.769,2,0
168.909,t2_squeezenet,46.221,29.649,1,0
168.938,t2_squeezenet,59.323,29.132,1,0
168.969,t2_squeezenet,31.694,30.155,0,0
169.009,t2_squeezenet,35.645,35.177,1,0
169.043,t2_squeezenet,65.973,33.771,1,0
169.075,t2_squeezenet,60.835,32.308,1,0
169.104,t2_squeezenet,40.731,29.058,2,0
169.134,t2_squeezenet,56.506,29.715,1,0
169.164,t2_squeezenet,86.724,30.441,0,0
169.205,t2_squeezenet,31.245,30.566,1,0
169.249,t2_squeezenet,44.533,44.146,2,0
169.297,t2_squeezenet,64.451,47.649,4,0
169.343,t2_squeezenet,104.419,46.466,4,0
169.387,t2_squeezenet,117.193,43.612,3,0
169.430,t2_squeezenet,145.192,43.446,2,0
169.475,t2_squeezenet,182.018,44.337,2,0
169.524,t2_squeezenet,212.591,49.004,4,0
169.566,t2_squeezenet,133.208,41.671,4,0
169.607,t2_squeezenet,128.931,41.592,4,0
169.640,t2_squeezenet,159.310,33.025,3,0
169.688,t2_squeezenet,193.043,47.648,2,0
169.722,t2_squeezenet,193.953,33.968,2,0
169.752,t2_squeezenet,178.636,30.315,2,0
169.785,t2_squeezenet,87.428,32.727,2,0
169.828,t2_squeezenet,101.874,42.843,2,0
169.867,t2_squeezenet,113.002,38.559,1,0
169.900,t2_squeezenet,72.609,33.169,1,0
169.944,t2_squeezenet,72.062,44.149,1,0
169.989,t2_squeezenet,85.819,44.851,1,0
170.039,t2_squeezenet,84.695,49.616,1,0
170.074,t2_squeezenet,53.947,34.960,1,0
170.111,t2_squeezenet,46.952,37.483,1,0
170.156,t2_squeezenet,60.954,45.075,1,0
170.204,t2_squeezenet,54.292,48.281,0,0
170.310,t2_squeezenet,42.075,39.266,1,0
170.356,t2_squeezenet,53.089,46.305,0,0
170.412,t2_squeezenet,46.828,45.799,0,0
170.516,t2_squeezenet,34.152,32.654,0,0
170.618,t2_squeezenet,34.381,31.738,0,0
170.661,t2_squeezenet,33.506,32.747,0,0
170.797,t2_squeezenet,37.022,34.156,0,0
170.843,t2_squeezenet,32.666,31.171,0,0
170.880,t2_squeezenet,31.579,31.429,1,0
170.911,t2_squeezenet,42.452,31.868,0,0
171.014,t2_squeezenet,34.756,31.779,1,0
171.047,t2_squeezenet,58.398,33.389,0,0
171.166,t2_squeezenet,34.956,32.726,0,0
171.308,t2_squeezenet,31.299,29.992,1,0
171.339,t2_squeezenet,54.899,30.668,0,0
171.380,t2_squeezenet,34.282,31.353,0,0
171.537,t2_squeezenet,33.960,30.047,0,0
171.623,t2_squeezenet,37.652,35.211,0,0
171.662,t2_squeezenet,39.215,34.500,0,0
171.776,t2_squeezenet,36.200,31.479,1,0
171.820,t2_squeezenet,80.255,44.302,1,0
171.868,t2_squeezenet,49.735,47.110,1,0
171.908,t2_squeezenet,43.526,40.502,1,0
171.949,t2_squeezenet,56.525,40.673,0,0
172.019,t2_squeezenet,40.190,39.482,2,0
172.050,t2_squeezenet,65.190,30.962,1,0
172.082,t2_squeezenet,81.381,31.770,0,0
172.160,t2_squeezenet,32.509,32.455,0,0
172.289,t2_squeezenet,44.383,43.042,1,0
172.335,t2_squeezenet,63.144,46.296,1,0
172.371,t2_squeezenet,72.323,35.910,1,0
172.407,t2_squeezenet,62.685,35.716,0,0
172.458,t2_squeezenet,36.689,35.864,1,0
172.497,t2_squeezenet,47.299,38.675,0,0
172.576,t2_squeezenet,47.255,43.950,1,0
172.622,t2_squeezenet,49.088,45.763,1,0
172.669,t2_squeezenet,59.503,47.001,0,0
172.711,t2_squeezenet,34.039,32.288,1,0
172.743,t2_squeezenet,56.435,31.063,1,0
172.774,t2_squeezenet,36.773,31.210,0,0
172.864,t2_squeezenet,31.548,29.739,0,0
172.909,t2_squeezenet,31.840,29.084,0,0
173.128,t2_squeezenet,33.300,31.944,0,0
173.373,t2_squeezenet,48.334,47.295,0,0
173.565,t2_squeezenet,33.750,30.034,0,0
173.599,t2_squeezenet,32.718,29.737,2,0
173.629,t2_squeezenet,40.953,29.563,1,0
173.658,t2_squeezenet,66.869,29.129,0,0
173.928,t2_squeezenet,31.101,30.936,2,0
173.959,t2_squeezenet,61.912,31.459,2,0
173.993,t2_squeezenet,85.107,34.060,1,0
174.024,t2_squeezenet,70.696,31.018,0,0
174.137,t2_squeezenet,34.544,31.541,1,0
174.166,t2_squeezenet,45.661,29.038,0,0
174.308,t2_squeezenet,32.052,31.024,1,0
174.337,t2_squeezenet,32.438,29.027,0,0
174.434,t2_squeezenet,35.017,31.027,3,0
174.465,t2_squeezenet,62.309,30.602,3,0
174.496,t2_squeezenet,76.682,31.842,2,0
174.528,t2_squeezenet,102.923,31.356,2,0
174.560,t2_squeezenet,116.975,31.966,2,0
174.592,t2_squeezenet,85.530,31.961,1,0
174.627,t2_squeezenet,73.070,35.543,1,0
174.662,t2_squeezenet,42.876,34.797,1,0
174.695,t2_squeezenet,55.143,32.835,0,0
174.792,t2_squeezenet,40.049,36.106,1,0
174.827,t2_squeezenet,63.862,34.804,0,0
174.953,t2_squeezenet,35.437,33.343,0,0
175.060,t2_squeezenet,38.231,36.076,2,0
175.095,t2_squeezenet,70.835,35.153,1,0
175.133,t2_squeezenet,99.524,38.020,0,0
175.262,t2_squeezenet,33.751,32.947,0,0
175.368,t2_squeezenet,38.013,34.464,1,0
175.401,t2_squeezenet,41.762,33.007,0,0
175.475,t2_squeezenet,29.163,29.073,0,0
175.739,t2_squeezenet,37.044,35.334,1,0
175.772,t2_squeezenet,63.621,33.100,0,0
175.868,t2_squeezenet,33.253,30.274,1,0
175.900,t2_squeezenet,43.390,32.036,3,0
175.935,t2_squeezenet,53.793,35.393,5,0
175.969,t2_squeezenet,85.056,34.237,4,0
176.005,t2_squeezenet,109.244,35.277,4,0
176.040,t2_squeezenet,125.151,35.498,3,0
176.075,t2_squeezenet,147.134,34.958,2,0
176.111,t2_squeezenet,178.413,35.596,1,0
176.147,t2_squeezenet,144.655,36.471,0,0
176.392,t2_squeezenet,37.915,36.406,1,0
176.431,t2_squeezenet,77.073,39.338,1,0
176.463,t2_squeezenet,69.944,31.874,2,0
176.498,t2_squeezenet,40.166,34.242,1,0
176.527,t2_squeezenet,67.891,29.849,0,0
176.590,t2_squeezenet,36.689,32.107,1,0
176.620,t2_squeezenet,46.104,29.728,1,0
176.650,t2_squeezenet,44.917,30.172,1,0
176.681,t2_squeezenet,44.775,30.855,1,0
176.716,t2_squeezenet,65.726,35.473,1,0
176.765,t2_squeezenet,48.976,48.465,0,0
176.842,t2_squeezenet,36.123,31.480,0,0
176.928,t2_squeezenet,45.894,45.505,0,0
176.989,t2_squeezenet,46.586,45.634,2,0
177.034,t2_squeezenet,88.926,45.059,2,0
177.077,t2_squeezenet,122.730,42.915,5,0
177.122,t2_squeezenet,99.553,44.952,5,0
177.168,t2_squeezenet,124.088,46.180,5,0
177.201,t2_squeezenet,150.912,32.739,5,0
177.243,t2_squeezenet,191.049,42.541,5,0
177.295,t2_squeezenet,234.863,51.681,4,0
177.329,t2_squeezenet,228.617,34.158,3,0
177.359,t2_squeezenet,213.866,29.111,2,0
177.394,t2_squeezenet,203.930,35.148,2,0
177.430,t2_squeezenet,187.137,36.331,2,0
177.466,t2_squeezenet,99.797,35.408,3,0
177.498,t2_squeezenet,80.469,32.297,2,0
177.535,t2_squeezenet,97.598,36.831,1,0
177.577,t2_squeezenet,124.829,42.117,0,0
177.646,t2_squeezenet,46.733,44.111,1,0
177.694,t2_squeezenet,64.099,47.691,1,0
177.737,t2_squeezenet,85.170,43.163,1,0
177.774,t2_squeezenet,75.482,36.367,3,0
177.808,t2_squeezenet,49.309,34.299,3,0
177.840,t2_squeezenet,81.274,32.234,2,0
177.869,t2_squeezenet,108.701,28.982,1,0
177.902,t2_squeezenet,102.094,32.923,1,0
177.936,t2_squeezenet,58.645,33.744,0,0
177.980,t2_squeezenet,30.895,29.153,1,0
178.019,t2_squeezenet,42.446,38.492,0,0
178.094,t2_squeezenet,46.429,44.527,0,0
178.201,t2_squeezenet,40.481,35.800,0,0
178.309,t2_squeezenet,37.836,37.278,0,0
178.364,t2_squeezenet,35.666,34.980,0,0
178.515,t2_squeezenet,34.679,34.458,2,0
178.545,t2_squeezenet,58.013,29.560,1,0
178.575,t2_squeezenet,62.507,30.703,1,0
178.611,t2_squeezenet,45.814,35.093,0,0
178.708,t2_squeezenet,40.837,36.829,2,0
178.742,t2_squeezenet,47.379,33.345,1,0
178.776,t2_squeezenet,79.008,34.589,2,0
178.813,t2_squeezenet,39.614,36.569,1,0
178.850,t2_squeezenet,75.074,37.139,1,0
178.891,t2_squeezenet,69.449,41.462,0,0
178.956,t2_squeezenet,37.731,34.208,1,0
179.003,t2_squeezenet,83.335,46.960,0,0
179.099,t2_squeezenet,33.093,30.025,1,0
179.131,t2_squeezenet,37.938,31.740,0,0
179.216,t2_squeezenet,35.016,34.413,1,0
179.248,t2_squeezenet,53.441,32.377,1,0
179.284,t2_squeezenet,63.333,35.781,3,0
179.321,t2_squeezenet,56.762,37.211,2,0
179.358,t2_squeezenet,89.165,36.743,2,0
179.389,t2_squeezenet,117.625,30.701,1,0
179.420,t2_squeezenet,80.297,30.933,0,0
179.548,t2_squeezenet,42.932,42.232,0,0
179.998,t2_squeezenet,33.959,33.546,0,0
180.124,t2_squeezenet,32.463,29.328,0,0
180.292,t2_squeezenet,47.662,45.943,0,0
180.408,t2_squeezenet,36.453,35.625,2,0
180.444,t2_squeezenet,67.869,35.399,2,0
180.481,t2_squeezenet,103.494,37.713,1,0
180.517,t2_squeezenet,73.269,35.458,1,0
180.548,t2_squeezenet,35.203,31.134,1,0
180.577,t2_squeezenet,33.437,29.219,0,0
180.633,t2_squeezenet,44.602,40.704,2,0
180.664,t2_squeezenet,67.941,30.632,1,0
180.705,t2_squeezenet,95.145,41.432,0,0
180.800,t2_squeezenet,30.595,29.212,2,0
180.836,t2_squeezenet,52.597,35.198,1,0
180.867,t2_squeezenet,67.145,31.451,1,0
180.897,t2_squeezenet,54.656,29.394,0,0
181.028,t2_squeezenet,39.047,35.260,0,0
181.084,t2_squeezenet,38.502,35.721,0,0
181.333,t2_squeezenet,35.659,31.505,0,0
181.390,t2_squeezenet,45.348,41.844,1,0
181.432,t2_squeezenet,73.594,41.289,1,0
181.477,t2_squeezenet,65.963,45.136,2,0
181.509,t2_squeezenet,75.361,32.327,2,0
181.540,t2_squeezenet,89.039,30.745,1,0
181.585,t2_squeezenet,76.777,45.084,1,0
181.636,t2_squeezenet,85.002,50.594,1,0
181.680,t2_squeezenet,90.149,44.378,0,0
181.733,t2_squeezenet,43.642,42.452,2,0
181.769,t2_squeezenet,74.445,36.166,2,0
181.805,t2_squeezenet,79.055,35.558,1,0
181.848,t2_squeezenet,79.083,43.055,0,0
181.939,t2_squeezenet,63.576,60.971,1,0
181.995,t2_squeezenet,60.850,55.311,3,0
182.044,t2_squeezenet,97.780,49.603,2,0
182.085,t2_squeezenet,115.105,40.849,1,0
182.125,t2_squeezenet,146.042,39.670,0,0
182.346,t2_squeezenet,44.764,43.835,0,0
182.485,t2_squeezenet,35.818,32.954,0,0
182.527,t2_squeezenet,36.432,31.497,0,0
182.571,t2_squeezenet,31.135,29.201,0,0
183.168,t2_squeezenet,37.527,34.339,3,0
183.201,t2_squeezenet,69.998,33.386,2,0
183.233,t2_squeezenet,77.597,31.585,1,0
183.263,t2_squeezenet,98.545,30.627,0,0
183.403,t2_squeezenet,45.054,43.795,1,0
183.448,t2_squeezenet,85.113,44.962,0,0
183.499,t2_squeezenet,46.330,45.943,1,0
183.547,t2_squeezenet,69.791,48.051,0,0
183.615,t2_squeezenet,40.473,37.354,0,0
183.727,t2_squeezenet,37.058,35.583,1,0
183.757,t2_squeezenet,49.662,29.814,1,0
183.787,t2_squeezenet,34.422,29.876,2,0
183.820,t2_squeezenet,58.930,33.525,3,0
183.853,t2_squeezenet,79.390,32.304,2,0
183.882,t2_squeezenet,89.943,29.052,1,0
183.912,t2_squeezenet,118.568,29.782,1,0
183.945,t2_squeezenet,57.021,33.638,2,0
183.987,t2_squeezenet,69.374,41.608,1,0
184.026,t2_squeezenet,95.069,38.706,0,0
184.111,t2_squeezenet,48.077,44.616,0,0
184.157,t2_squeezenet,38.415,36.172,0,0
184.232,t2_squeezenet,35.571,34.400,1,0
184.266,t2_squeezenet,64.201,33.714,1,0
184.301,t2_squeezenet,49.233,34.536,0,0
184.343,t2_squeezenet,33.370,32.412,0,0
184.402,t2_squeezenet,45.649,43.801,1,0
184.453,t2_squeezenet,66.615,51.355,0,0
184.524,t2_squeezenet,33.071,29.594,0,0
184.661,t2_squeezenet,33.303,30.990,0,0
184.801,t2_squeezenet,34.009,33.948,0,0
184.897,t2_squeezenet,32.993,29.817,1,0
184.928,t2_squeezenet,31.882,30.296,0,0
184.975,t2_squeezenet,35.374,32.083,0,0
