t_s,tenant,latency_ms,service_ms,qdepth,warmup
0.055,t2_squeezenet,41.024,39.189,0,1
0.147,t2_squeezenet,46.793,46.558,1,1
0.188,t2_squeezenet,49.023,41.127,1,1
0.237,t2_squeezenet,76.890,48.284,2,1
0.281,t2_squeezenet,78.968,44.360,2,1
0.328,t2_squeezenet,105.079,46.561,2,1
0.373,t2_squeezenet,102.574,45.441,1,1
0.418,t2_squeezenet,117.821,44.456,0,1
0.554,t2_squeezenet,34.898,34.875,2,1
0.589,t2_squeezenet,67.451,34.947,1,1
0.628,t2_squeezenet,93.785,38.420,1,1
0.661,t2_squeezenet,52.947,33.145,0,1
0.698,t2_squeezenet,34.773,32.453,0,1
0.781,t2_squeezenet,33.327,31.682,2,1
0.810,t2_squeezenet,56.016,29.080,1,1
0.839,t2_squeezenet,79.327,29.103,0,1
0.895,t2_squeezenet,39.991,35.618,0,1
1.043,t2_squeezenet,36.830,36.292,3,1
1.073,t2_squeezenet,54.433,29.852,3,1
1.103,t2_squeezenet,64.399,29.775,3,1
1.132,t2_squeezenet,91.110,29.574,4,1
1.168,t2_squeezenet,109.532,35.686,3,1
1.198,t2_squeezenet,96.947,29.861,2,1
1.234,t2_squeezenet,122.772,35.472,2,1
1.277,t2_squeezenet,162.141,43.625,2,1
1.320,t2_squeezenet,115.688,42.362,2,1
1.366,t2_squeezenet,109.888,46.425,2,1
1.413,t2_squeezenet,110.046,46.813,2,1
1.459,t2_squeezenet,105.298,45.707,3,1
1.504,t2_squeezenet,102.342,44.891,3,1
1.561,t2_squeezenet,125.749,57.014,2,1
1.627,t2_squeezenet,188.697,66.167,2,1
1.692,t2_squeezenet,193.794,65.034,3,1
1.746,t2_squeezenet,156.263,53.966,2,1
1.804,t2_squeezenet,175.791,58.518,1,1
1.861,t2_squeezenet,216.541,56.717,1,1
1.923,t2_squeezenet,82.707,62.110,4,1
1.979,t2_squeezenet,89.525,55.506,5,1
2.032,t2_squeezenet,130.663,52.614,5,1
2.087,t2_squeezenet,175.486,55.821,4,1
2.147,t2_squeezenet,227.554,59.855,3,1
2.206,t2_squeezenet,256.964,58.144,3,1
2.263,t2_squeezenet,289.765,57.213,3,1
2.321,t2_squeezenet,299.876,57.608,3,1
2.384,t2_squeezenet,187.060,63.137,4,1
2.441,t2_squeezenet,209.353,57.380,4,1
2.495,t2_squeezenet,212.673,54.310,4,1
2.551,t2_squeezenet,223.247,55.912,3,1
2.612,t2_squeezenet,265.640,60.954,2,1
2.664,t2_squeezenet,256.600,51.325,2,1
2.719,t2_squeezenet,257.386,55.505,2,1
2.780,t2_squeezenet,141.444,61.095,2,1
2.839,t2_squeezenet,124.108,58.736,4,1
2.895,t2_squeezenet,137.877,55.584,4,1
2.950,t2_squeezenet,132.558,54.714,6,1
3.007,t2_squeezenet,175.731,57.187,7,1
3.064,t2_squeezenet,225.481,56.690,7,1
3.120,t2_squeezenet,279.954,56.616,9,1
3.163,t2_squeezenet,267.005,43.059,8,1
3.204,t2_squeezenet,285.806,40.393,8,1
3.247,t2_squeezenet,313.835,43.056,7,1
3.294,t2_squeezenet,308.791,46.481,6,1
3.343,t2_squeezenet,351.294,49.714,5,1
3.399,t2_squeezenet,389.578,55.533,4,1
3.454,t2_squeezenet,371.609,55.105,4,1
3.513,t2_squeezenet,426.050,59.255,5,1
3.565,t2_squeezenet,477.028,51.867,4,1
3.617,t2_squeezenet,436.373,51.746,3,1
3.674,t2_squeezenet,249.707,57.288,3,1
3.731,t2_squeezenet,256.903,57.043,6,1
3.787,t2_squeezenet,284.154,55.658,5,1
3.841,t2_squeezenet,189.342,54.063,5,1
3.896,t2_squeezenet,218.563,54.475,7,1
3.953,t2_squeezenet,271.788,57.544,8,1
4.005,t2_squeezenet,311.244,51.966,8,1
4.058,t2_squeezenet,337.049,52.208,8,1
4.113,t2_squeezenet,286.829,55.502,9,1
4.173,t2_squeezenet,325.794,59.933,12,1
4.228,t2_squeezenet,375.063,54.661,11,1
4.271,t2_squeezenet,408.077,42.909,11,1
4.316,t2_squeezenet,370.514,44.841,10,1
4.358,t2_squeezenet,409.096,41.810,9,1
4.395,t2_squeezenet,396.564,37.707,8,1
4.432,t2_squeezenet,423.563,36.447,7,1
4.467,t2_squeezenet,379.139,34.838,6,1
4.543,t2_squeezenet,434.506,76.481,6,1
4.627,t2_squeezenet,509.832,83.836,6,1
4.665,t2_squeezenet,531.997,37.522,5,1
4.748,t2_squeezenet,607.203,83.149,6,1
4.836,t2_squeezenet,665.556,87.981,8,1
4.882,t2_squeezenet,653.332,46.078,7,1
4.961,t2_squeezenet,434.637,78.675,7,1
5.041,t2_squeezenet,419.902,80.266,10,1
5.078,t2_squeezenet,380.012,36.649,10,1
5.153,t2_squeezenet,437.010,75.332,12,1
5.235,t2_squeezenet,447.585,81.397,12,1
5.269,t2_squeezenet,463.311,34.820,11,1
5.346,t2_squeezenet,514.583,76.974,11,1
5.385,t2_squeezenet,424.818,38.908,11,1
5.427,t2_squeezenet,438.516,41.836,11,1
5.472,t2_squeezenet,479.114,44.321,13,1
5.553,t2_squeezenet,557.041,81.074,13,1
5.644,t2_squeezenet,603.267,90.940,14,1
5.730,t2_squeezenet,666.199,86.117,17,1
5.772,t2_squeezenet,683.541,41.662,17,1
5.860,t2_squeezenet,770.685,87.974,17,1
5.945,t2_squeezenet,813.567,85.119,18,1
6.035,t2_squeezenet,834.128,90.144,18,1
6.077,t2_squeezenet,786.489,42.055,18,1
6.158,t2_squeezenet,798.616,80.809,18,1
6.247,t2_squeezenet,822.555,89.378,22,1
6.338,t2_squeezenet,905.375,90.745,25,1
6.391,t2_squeezenet,940.317,53.276,25,1
6.437,t2_squeezenet,980.593,45.771,25,1
6.485,t2_squeezenet,968.458,47.884,25,1
6.568,t2_squeezenet,1000.217,82.657,29,1
6.656,t2_squeezenet,1019.997,88.013,34,1
6.741,t2_squeezenet,1096.983,85.561,34,1
6.828,t2_squeezenet,1148.946,86.321,33,1
6.869,t2_squeezenet,1185.308,41.563,35,1
6.957,t2_squeezenet,1245.153,87.360,36,1
7.040,t2_squeezenet,1271.588,83.305,36,1
7.131,t2_squeezenet,1274.871,90.561,35,1
7.177,t2_squeezenet,1304.993,46.174,35,1
7.260,t2_squeezenet,1368.923,82.801,35,1
7.346,t2_squeezenet,1377.407,86.279,37,1
7.403,t2_squeezenet,1343.422,56.521,38,1
7.452,t2_squeezenet,1338.470,48.847,39,1
7.530,t2_squeezenet,1369.520,78.518,41,1
7.573,t2_squeezenet,1393.076,42.377,41,1
7.662,t2_squeezenet,1436.173,89.579,43,1
7.748,t2_squeezenet,1507.272,85.599,45,1
7.837,t2_squeezenet,1595.339,88.831,47,1
7.880,t2_squeezenet,1614.549,42.957,46,1
7.964,t2_squeezenet,1689.200,83.754,48,1
8.054,t2_squeezenet,1771.693,90.479,47,1
8.138,t2_squeezenet,1845.144,83.673,48,1
8.180,t2_squeezenet,1840.377,42.277,48,1
8.269,t2_squeezenet,1834.106,88.311,48,1
8.360,t2_squeezenet,1912.853,91.162,47,1
8.421,t2_squeezenet,1906.001,61.065,46,1
8.463,t2_squeezenet,1940.407,42.502,49,1
8.546,t2_squeezenet,2017.505,82.329,49,1
8.634,t2_squeezenet,2092.916,87.763,50,1
8.727,t2_squeezenet,2171.546,93.472,54,1
8.767,t2_squeezenet,2197.527,40.200,54,1
8.850,t2_squeezenet,2276.700,82.157,57,1
8.941,t2_squeezenet,2351.293,90.911,56,1
9.028,t2_squeezenet,2420.896,87.028,55,1
9.070,t2_squeezenet,2433.289,42.179,54,1
9.156,t2_squeezenet,2515.193,85.978,53,1
9.240,t2_squeezenet,2510.746,84.208,55,1
9.332,t2_squeezenet,2503.927,92.037,56,1
9.382,t2_squeezenet,2544.348,49.977,56,1
9.436,t2_squeezenet,2578.732,53.960,55,1
9.480,t2_squeezenet,2579.067,43.768,54,1
9.565,t2_squeezenet,2624.222,84.535,54,1
9.655,t2_squeezenet,2623.289,90.137,55,1
9.738,t2_squeezenet,2598.624,83.307,55,1
9.829,t2_squeezenet,2583.467,90.464,56,1
9.875,t2_squeezenet,2611.445,45.946,59,1
9.959,t2_squeezenet,2688.605,84.722,60,1
10.044,t2_squeezenet,2753.251,84.295,59,1
10.132,t2_squeezenet,2782.314,88.159,59,1
10.180,t2_squeezenet,2818.867,47.615,60,1
10.264,t2_squeezenet,2847.778,84.832,61,1
10.350,t2_squeezenet,2909.454,85.814,63,1
10.410,t2_squeezenet,2923.149,59.311,62,1
10.457,t2_squeezenet,2966.289,47.174,62,1
10.534,t2_squeezenet,3021.582,76.582,62,1
10.580,t2_squeezenet,3009.466,46.072,61,1
10.667,t2_squeezenet,3074.991,87.219,61,1
10.753,t2_squeezenet,3135.299,85.914,61,1
10.844,t2_squeezenet,3215.798,90.538,62,1
10.929,t2_squeezenet,3263.209,85.199,62,1
10.970,t2_squeezenet,3292.976,41.113,61,1
11.059,t2_squeezenet,3315.149,88.470,61,1
11.146,t2_squeezenet,3341.139,87.151,62,1
11.235,t2_squeezenet,3423.109,89.392,62,1
11.278,t2_squeezenet,3464.259,42.747,62,1
11.371,t2_squeezenet,3488.194,93.085,65,1
11.430,t2_squeezenet,3479.239,58.371,64,1
11.476,t2_squeezenet,3513.720,46.050,63,1
11.558,t2_squeezenet,3455.924,82.648,64,1
11.644,t2_squeezenet,3535.200,85.741,67,1
11.732,t2_squeezenet,3582.994,87.813,70,1
11.780,t2_squeezenet,3511.322,47.643,70,1
11.860,t2_squeezenet,3433.694,80.628,70,1
11.945,t2_squeezenet,3504.328,84.650,71,1
12.036,t2_squeezenet,3586.029,91.282,72,1
12.128,t2_squeezenet,3665.760,91.729,73,1
12.171,t2_squeezenet,3649.707,42.485,74,1
12.255,t2_squeezenet,3667.118,84.581,75,1
12.342,t2_squeezenet,3738.583,86.891,74,1
12.406,t2_squeezenet,3772.069,63.812,75,1
12.449,t2_squeezenet,3790.591,43.351,75,1
12.537,t2_squeezenet,3862.334,87.689,75,1
12.582,t2_squeezenet,3880.851,44.674,76,1
12.667,t2_squeezenet,3965.615,85.119,80,1
12.754,t2_squeezenet,4005.676,86.294,80,1
12.842,t2_squeezenet,4054.253,88.735,81,1
12.930,t2_squeezenet,4117.299,88.012,82,1
12.976,t2_squeezenet,4141.942,45.264,82,1
13.065,t2_squeezenet,4222.779,89.284,84,1
13.145,t2_squeezenet,3956.108,79.673,85,1
13.235,t2_squeezenet,4027.683,90.698,87,1
13.328,t2_squeezenet,4115.714,92.202,88,1
13.374,t2_squeezenet,4097.501,46.545,89,1
13.427,t2_squeezenet,4122.867,52.897,88,1
13.474,t2_squeezenet,4112.950,46.360,90,1
13.563,t2_squeezenet,4013.953,89.739,91,1
13.651,t2_squeezenet,4017.762,87.235,93,1
13.739,t2_squeezenet,4097.802,88.206,94,1
13.827,t2_squeezenet,4134.234,87.938,95,1
13.869,t2_squeezenet,4108.004,42.598,95,1
13.960,t2_squeezenet,4154.864,90.394,94,1
14.045,t2_squeezenet,4211.971,84.697,95,1
14.130,t2_squeezenet,4288.998,85.489,96,1
14.175,t2_squeezenet,4325.390,45.086,95,1
14.265,t2_squeezenet,4391.661,89.649,99,1
14.351,t2_squeezenet,4462.723,85.581,99,1
14.443,t2_squeezenet,4496.257,92.216,101,1
14.530,t2_squeezenet,4427.033,87.457,103,1
14.577,t2_squeezenet,4430.680,46.423,103,1
14.661,t2_squeezenet,4486.554,83.649,102,1
14.744,t2_squeezenet,4553.711,83.140,102,1
14.833,t2_squeezenet,4640.212,89.763,104,1
14.926,t2_squeezenet,4613.632,92.861,104,1
14.970,t2_squeezenet,4651.486,43.473,105,1
15.056,t2_squeezenet,4735.873,86.533,108,1
15.142,t2_squeezenet,4716.063,85.611,109,1
15.231,t2_squeezenet,4753.812,88.369,110,1
15.276,t2_squeezenet,4650.235,45.129,109,1
15.359,t2_squeezenet,4634.205,82.946,112,1
15.419,t2_squeezenet,4599.308,60.340,114,1
15.466,t2_squeezenet,4643.345,46.822,114,1
15.553,t2_squeezenet,4686.269,86.897,114,1
15.640,t2_squeezenet,4633.221,86.774,114,1
15.684,t2_squeezenet,4591.676,44.188,114,1
15.769,t2_squeezenet,4636.444,85.186,113,1
15.859,t2_squeezenet,4712.597,89.970,113,1
15.945,t2_squeezenet,4698.072,85.213,113,1
16.032,t2_squeezenet,4737.059,87.579,114,1
16.128,t2_squeezenet,4773.316,95.405,114,1
16.172,t2_squeezenet,4810.072,44.634,114,1
16.257,t2_squeezenet,4885.955,84.535,116,1
16.343,t2_squeezenet,4860.006,85.942,118,1
16.403,t2_squeezenet,4846.306,60.510,119,1
16.449,t2_squeezenet,4884.663,45.642,118,1
16.532,t2_squeezenet,4912.669,82.451,119,1
16.572,t2_squeezenet,4942.838,40.842,118,1
16.661,t2_squeezenet,5018.261,88.296,119,1
16.751,t2_squeezenet,5105.890,90.474,120,1
16.841,t2_squeezenet,5186.156,89.710,121,1
16.929,t2_squeezenet,5256.528,87.453,120,1
16.973,t2_squeezenet,5267.955,44.406,121,1
17.063,t2_squeezenet,5299.324,89.683,121,1
17.150,t2_squeezenet,5351.139,87.449,123,1
17.239,t2_squeezenet,5356.902,88.602,123,1
17.327,t2_squeezenet,5401.076,88.323,124,1
17.374,t2_squeezenet,5350.928,46.534,124,1
17.433,t2_squeezenet,5399.767,58.848,124,1
17.476,t2_squeezenet,5426.579,43.735,123,1
17.566,t2_squeezenet,5514.518,89.303,124,1
17.653,t2_squeezenet,5503.145,87.485,124,1
17.745,t2_squeezenet,5582.723,91.703,126,1
17.830,t2_squeezenet,5622.238,85.218,125,1
17.874,t2_squeezenet,5649.592,43.732,125,1
17.964,t2_squeezenet,5599.729,90.340,128,1
18.053,t2_squeezenet,5658.554,88.728,129,1
18.140,t2_squeezenet,5691.530,86.719,132,1
18.230,t2_squeezenet,5733.459,90.095,135,1
18.276,t2_squeezenet,5738.371,45.958,136,1
18.369,t2_squeezenet,5805.527,92.748,137,1
18.422,t2_squeezenet,5820.189,53.095,137,1
18.469,t2_squeezenet,5864.161,46.565,138,1
18.552,t2_squeezenet,5941.172,83.492,140,1
18.645,t2_squeezenet,6018.064,92.426,143,1
18.734,t2_squeezenet,6098.734,89.684,146,1
18.775,t2_squeezenet,6032.202,40.799,145,1
18.862,t2_squeezenet,6037.683,86.457,145,1
18.954,t2_squeezenet,6113.034,91.971,146,1
19.043,t2_squeezenet,6185.398,88.805,146,1
19.131,t2_squeezenet,6267.886,88.732,146,1
19.176,t2_squeezenet,6234.373,44.540,148,1
19.269,t2_squeezenet,6248.814,92.747,149,1
19.358,t2_squeezenet,6313.152,89.375,150,1
19.414,t2_squeezenet,6358.313,55.912,150,1
19.459,t2_squeezenet,6326.583,44.730,149,1
19.545,t2_squeezenet,6405.683,85.814,150,1
19.638,t2_squeezenet,6479.810,93.029,152,1
19.680,t2_squeezenet,6471.339,42.450,153,1
19.768,t2_squeezenet,6548.630,87.631,152,1
19.858,t2_squeezenet,6586.784,89.472,152,1
19.954,t2_squeezenet,6637.628,96.361,153,1
20.040,t2_squeezenet,6694.270,85.944,156,0
20.128,t2_squeezenet,6767.189,87.831,157,0
20.170,t2_squeezenet,6738.612,41.901,157,0
20.263,t2_squeezenet,6828.718,92.914,158,0
20.351,t2_squeezenet,6909.934,87.814,162,0
20.410,t2_squeezenet,6923.387,59.477,163,0
20.460,t2_squeezenet,6906.997,49.807,163,0
20.549,t2_squeezenet,6976.146,89.152,165,0
20.632,t2_squeezenet,7045.369,82.911,166,0
20.676,t2_squeezenet,7049.309,43.620,165,0
20.768,t2_squeezenet,7034.849,92.637,167,0
20.856,t2_squeezenet,7122.338,87.830,169,0
20.947,t2_squeezenet,7166.023,90.598,172,0
21.039,t2_squeezenet,7229.505,92.183,172,0
21.130,t2_squeezenet,7303.056,90.733,171,0
21.177,t2_squeezenet,7214.179,46.778,171,0
21.264,t2_squeezenet,7239.100,87.088,170,0
21.357,t2_squeezenet,7304.970,93.056,171,0
21.419,t2_squeezenet,7354.080,61.502,171,0
21.467,t2_squeezenet,7268.944,48.129,171,0
21.550,t2_squeezenet,7337.929,82.616,171,0
21.636,t2_squeezenet,7391.137,86.484,171,0
21.730,t2_squeezenet,7481.076,94.107,171,0
21.779,t2_squeezenet,7525.763,48.362,171,0
21.869,t2_squeezenet,7539.640,90.484,172,0
21.961,t2_squeezenet,7575.898,91.337,173,0
22.047,t2_squeezenet,7652.817,86.519,173,0
22.137,t2_squeezenet,7698.849,89.658,175,0
22.230,t2_squeezenet,7764.496,93.274,176,0
22.271,t2_squeezenet,7803.163,41.063,175,0
22.360,t2_squeezenet,7857.456,88.653,174,0
22.425,t2_squeezenet,7862.204,65.015,174,0
22.472,t2_squeezenet,7796.018,46.420,174,0
22.555,t2_squeezenet,7808.239,83.720,173,0
22.648,t2_squeezenet,7895.193,92.969,175,0
22.742,t2_squeezenet,7977.950,93.309,175,0
22.837,t2_squeezenet,7981.859,95.308,177,0
22.879,t2_squeezenet,7928.880,41.512,176,0
22.964,t2_squeezenet,8012.713,85.475,176,0
23.056,t2_squeezenet,8084.220,91.513,177,0
23.147,t2_squeezenet,8148.266,91.559,178,0
23.240,t2_squeezenet,8229.098,92.340,181,0
23.337,t2_squeezenet,8303.485,97.530,180,0
23.407,t2_squeezenet,8330.848,69.728,180,0
23.456,t2_squeezenet,8347.744,48.703,180,0
23.547,t2_squeezenet,8405.077,91.629,180,0
23.635,t2_squeezenet,8416.310,87.555,184,0
23.727,t2_squeezenet,8413.772,91.895,185,0
23.769,t2_squeezenet,8449.739,41.862,185,0
23.859,t2_squeezenet,8536.478,90.677,186,0
23.951,t2_squeezenet,8610.106,91.251,188,0
24.043,t2_squeezenet,8678.403,92.269,189,0
24.132,t2_squeezenet,8736.277,88.858,188,0
24.228,t2_squeezenet,8831.775,95.971,188,0
24.269,t2_squeezenet,8809.640,40.643,189,0
24.358,t2_squeezenet,8871.927,89.404,190,0
24.420,t2_squeezenet,8842.891,61.922,192,0
24.467,t2_squeezenet,8788.649,46.520,193,0
24.555,t2_squeezenet,8706.078,87.915,194,0
24.644,t2_squeezenet,8711.101,89.242,194,0
24.738,t2_squeezenet,8765.127,93.801,196,0
24.831,t2_squeezenet,8853.089,93.569,197,0
24.874,t2_squeezenet,8812.758,42.361,196,0
24.959,t2_squeezenet,8802.226,85.259,195,0
25.051,t2_squeezenet,8878.804,92.324,197,0
25.148,t2_squeezenet,8902.836,96.507,196,0
25.236,t2_squeezenet,8986.974,88.185,198,0
25.328,t2_squeezenet,9046.952,92.121,200,0
25.389,t2_squeezenet,9075.722,60.339,201,0
25.436,t2_squeezenet,9112.622,47.477,201,0
25.527,t2_squeezenet,9158.740,91.070,201,0
25.569,t2_squeezenet,9187.744,41.847,200,0
25.662,t2_squeezenet,9136.161,92.940,204,0
25.758,t2_squeezenet,9229.703,95.442,205,0
25.846,t2_squeezenet,9267.933,87.816,208,0
25.935,t2_squeezenet,9301.073,89.617,207,0
26.027,t2_squeezenet,9341.192,91.563,207,0
26.072,t2_squeezenet,9325.696,45.176,206,0
26.164,t2_squeezenet,9405.382,91.349,209,0
26.254,t2_squeezenet,9417.245,90.661,210,0
26.344,t2_squeezenet,9395.655,89.771,211,0
26.405,t2_squeezenet,9453.212,60.829,213,0
26.450,t2_squeezenet,9455.530,44.728,212,0
26.531,t2_squeezenet,9424.572,81.196,214,0
26.574,t2_squeezenet,9445.713,43.262,213,0
26.663,t2_squeezenet,9513.478,88.823,217,0
26.757,t2_squeezenet,9552.643,93.788,217,0
26.842,t2_squeezenet,9577.003,85.219,217,0
26.935,t2_squeezenet,9630.777,92.637,218,0
26.980,t2_squeezenet,9634.406,44.977,218,0
27.067,t2_squeezenet,9688.521,86.876,219,0
27.158,t2_squeezenet,9631.820,91.048,221,0
27.246,t2_squeezenet,9718.767,87.943,222,0
27.339,t2_squeezenet,9759.868,93.313,225,0
27.404,t2_squeezenet,9726.841,65.175,227,0
27.448,t2_squeezenet,9716.161,43.320,226,0
27.535,t2_squeezenet,9796.931,87.544,226,0
27.630,t2_squeezenet,9780.657,94.289,225,0
27.677,t2_squeezenet,9775.972,47.181,225,0
27.763,t2_squeezenet,9819.062,85.721,224,0
27.854,t2_squeezenet,9898.358,91.404,224,0
27.941,t2_squeezenet,9981.206,86.482,223,0
28.031,t2_squeezenet,10037.687,89.846,224,0
28.076,t2_squeezenet,10043.653,45.218,224,0
28.167,t2_squeezenet,10085.429,91.314,225,0
28.255,t2_squeezenet,10164.749,87.732,226,0
28.349,t2_squeezenet,10221.374,93.625,230,0
28.405,t2_squeezenet,10272.372,56.207,229,0
28.449,t2_squeezenet,10285.136,44.084,229,0
28.540,t2_squeezenet,10352.702,90.784,231,0
28.630,t2_squeezenet,10417.933,90.581,230,0
28.675,t2_squeezenet,10450.741,44.764,231,0
28.765,t2_squeezenet,10523.604,89.125,232,0
28.856,t2_squeezenet,10595.586,90.963,233,0
28.946,t2_squeezenet,10637.680,90.598,234,0
29.039,t2_squeezenet,10711.836,92.298,235,0
29.132,t2_squeezenet,10737.603,93.568,235,0
29.179,t2_squeezenet,10743.235,46.571,236,0
29.270,t2_squeezenet,10824.701,44.318,236,0
29.363,t2_squeezenet,10862.499,92.922,238,0
29.419,t2_squeezenet,10904.618,55.303,239,0
29.466,t2_squeezenet,10941.156,47.229,239,0
29.554,t2_squeezenet,11001.091,87.257,238,0
29.645,t2_squeezenet,11081.042,91.651,238,0
29.736,t2_squeezenet,11120.504,90.567,239,0
29.829,t2_squeezenet,11188.068,93.142,241,0
29.876,t2_squeezenet,11230.294,46.551,242,0
29.967,t2_squeezenet,11299.350,91.552,243,0
30.060,t2_squeezenet,11355.860,93.140,242,0
30.148,t2_squeezenet,11441.806,87.951,242,0
30.240,t2_squeezenet,11445.609,91.658,241,0
30.334,t2_squeezenet,11450.129,94.147,241,0
30.389,t2_squeezenet,11494.114,54.783,242,0
30.434,t2_squeezenet,11478.893,44.510,243,0
30.480,t2_squeezenet,11410.470,46.491,243,0
30.571,t2_squeezenet,11433.208,91.174,242,0
30.661,t2_squeezenet,11519.215,89.069,243,0
30.750,t2_squeezenet,11602.013,89.913,243,0
30.839,t2_squeezenet,11605.484,88.748,242,0
30.932,t2_squeezenet,11692.220,92.969,244,0
31.028,t2_squeezenet,11748.918,95.776,244,0
31.070,t2_squeezenet,11735.552,41.867,245,0
31.159,t2_squeezenet,11768.124,89.314,245,0
31.249,t2_squeezenet,11761.528,89.573,248,0
31.342,t2_squeezenet,11828.295,93.115,248,0
31.399,t2_squeezenet,11813.041,57.090,249,0
31.444,t2_squeezenet,11840.360,44.687,249,0
31.531,t2_squeezenet,11906.370,86.623,252,0
31.574,t2_squeezenet,11920.706,43.233,255,0
31.661,t2_squeezenet,11994.082,87.457,257,0
31.756,t2_squeezenet,11918.318,94.315,256,0
31.846,t2_squeezenet,11972.396,90.076,259,0
31.941,t2_squeezenet,12056.163,95.420,261,0
32.034,t2_squeezenet,12049.366,92.687,263,0
32.076,t2_squeezenet,12068.775,42.042,263,0
32.168,t2_squeezenet,12151.490,91.697,262,0
32.261,t2_squeezenet,12221.584,92.808,262,0
32.349,t2_squeezenet,12277.369,88.208,263,0
32.411,t2_squeezenet,12335.817,62.148,264,0
32.456,t2_squeezenet,12309.996,44.810,263,0
32.547,t2_squeezenet,12320.946,90.488,266,0
32.635,t2_squeezenet,12381.273,88.672,267,0
32.727,t2_squeezenet,12431.960,91.707,268,0
32.770,t2_squeezenet,12459.951,42.834,267,0
32.865,t2_squeezenet,12553.625,95.063,269,0
32.952,t2_squeezenet,12626.366,87.194,269,0
33.043,t2_squeezenet,12698.703,90.894,270,0
33.137,t2_squeezenet,12772.313,93.235,271,0
33.231,t2_squeezenet,12821.529,94.117,272,0
33.328,t2_squeezenet,12912.260,96.883,271,0
33.371,t2_squeezenet,12899.668,43.538,272,0
33.430,t2_squeezenet,12893.999,58.494,271,0
33.475,t2_squeezenet,12931.172,45.488,272,0
33.570,t2_squeezenet,12996.423,94.510,274,0
33.661,t2_squeezenet,13058.351,91.122,274,0
33.754,t2_squeezenet,13050.812,92.819,275,0
33.852,t2_squeezenet,13099.990,98.247,277,0
33.944,t2_squeezenet,13182.304,91.161,278,0
34.035,t2_squeezenet,13252.424,91.112,278,0
34.128,t2_squeezenet,13302.019,93.350,280,0
34.174,t2_squeezenet,13330.635,45.438,280,0
34.268,t2_squeezenet,13393.399,94.043,281,0
34.365,t2_squeezenet,13477.415,97.651,282,0
34.423,t2_squeezenet,13514.577,57.519,281,0
34.468,t2_squeezenet,13524.621,45.541,281,0
34.566,t2_squeezenet,13537.749,97.820,280,0
34.653,t2_squeezenet,13478.561,86.614,281,0
34.743,t2_squeezenet,13417.220,90.213,283,0
34.833,t2_squeezenet,13501.489,90.008,286,0
34.880,t2_squeezenet,13476.754,46.476,286,0
34.968,t2_squeezenet,13517.908,88.496,288,0
35.056,t2_squeezenet,13530.268,87.853,288,0
35.148,t2_squeezenet,13522.385,92.037,287,0
35.241,t2_squeezenet,13514.446,92.018,287,0
35.329,t2_squeezenet,13558.349,88.331,286,0
35.373,t2_squeezenet,13546.635,43.733,291,0
35.433,t2_squeezenet,13574.471,59.990,291,0
35.479,t2_squeezenet,13553.304,46.576,293,0
35.567,t2_squeezenet,13621.847,87.189,293,0
35.656,t2_squeezenet,13629.510,88.954,297,0
35.748,t2_squeezenet,13678.634,91.924,300,0
35.841,t2_squeezenet,13769.059,93.175,305,0
35.935,t2_squeezenet,13809.258,94.529,305,0
36.027,t2_squeezenet,13882.591,91.720,304,0
36.067,t2_squeezenet,13901.415,39.662,304,0
36.157,t2_squeezenet,13791.934,89.706,303,0
36.247,t2_squeezenet,13781.988,90.625,306,0
36.344,t2_squeezenet,13771.533,96.380,310,0
36.405,t2_squeezenet,13777.262,61.777,310,0
36.452,t2_squeezenet,13811.019,46.236,311,0
36.544,t2_squeezenet,13867.293,92.698,311,0
36.632,t2_squeezenet,13850.336,87.639,313,0
36.674,t2_squeezenet,13878.676,41.585,313,0
36.765,t2_squeezenet,13957.912,91.039,312,0
36.857,t2_squeezenet,13908.289,92.008,312,0
36.950,t2_squeezenet,13936.810,92.539,318,0
37.040,t2_squeezenet,14018.984,90.570,318,0
37.133,t2_squeezenet,14056.380,92.893,319,0
37.229,t2_squeezenet,14121.007,96.091,320,0
37.276,t2_squeezenet,14094.872,46.426,320,0
37.368,t2_squeezenet,14180.403,92.563,320,0
37.431,t2_squeezenet,14228.218,62.479,320,0
37.476,t2_squeezenet,14269.345,45.556,320,0
37.556,t2_squeezenet,14187.200,79.658,321,0
37.647,t2_squeezenet,14228.962,90.992,321,0
37.740,t2_squeezenet,14194.160,92.449,324,0
37.836,t2_squeezenet,14265.764,96.208,328,0
37.930,t2_squeezenet,14340.690,94.486,329,0
37.972,t2_squeezenet,14374.405,41.975,328,0
38.064,t2_squeezenet,14452.848,91.161,328,0
38.158,t2_squeezenet,14542.006,93.785,331,0
38.253,t2_squeezenet,14600.426,95.497,331,0
38.344,t2_squeezenet,14661.218,90.777,331,0
38.404,t2_squeezenet,14671.384,60.076,330,0
38.450,t2_squeezenet,14603.169,45.417,329,0
38.545,t2_squeezenet,14695.255,95.141,329,0
38.637,t2_squeezenet,14776.717,92.605,333,0
38.731,t2_squeezenet,14846.207,93.724,336,0
38.775,t2_squeezenet,14825.610,43.939,335,0
38.867,t2_squeezenet,14881.650,91.801,340,0
38.963,t2_squeezenet,14932.613,95.784,342,0
39.054,t2_squeezenet,14883.128,91.292,344,0
39.148,t2_squeezenet,14902.912,93.814,345,0
39.242,t2_squeezenet,14993.014,93.729,347,0
39.336,t2_squeezenet,15040.347,93.847,347,0
39.395,t2_squeezenet,15062.840,59.142,348,0
39.442,t2_squeezenet,15081.223,46.901,347,0
39.533,t2_squeezenet,15162.165,91.326,350,0
39.631,t2_squeezenet,15240.100,97.358,350,0
39.673,t2_squeezenet,15240.733,42.597,349,0
39.766,t2_squeezenet,15320.333,92.484,350,0
39.859,t2_squeezenet,15381.644,92.903,351,0
39.953,t2_squeezenet,15413.013,94.103,354,0
40.047,t2_squeezenet,15465.206,93.926,357,0
40.138,t2_squeezenet,15445.677,91.206,357,0
40.232,t2_squeezenet,15527.545,94.038,357,0
40.328,t2_squeezenet,15619.282,95.200,358,0
40.373,t2_squeezenet,15631.588,45.270,357,0
40.428,t2_squeezenet,15669.372,55.285,358,0
40.477,t2_squeezenet,15474.903,48.832,359,0
40.567,t2_squeezenet,15543.205,90.220,359,0
40.652,t2_squeezenet,15609.893,84.744,362,0
40.744,t2_squeezenet,15576.604,91.293,362,0
40.835,t2_squeezenet,15643.898,91.031,362,0
40.880,t2_squeezenet,15666.289,45.531,364,0
40.965,t2_squeezenet,15719.693,85.147,365,0
41.053,t2_squeezenet,15749.564,87.901,366,0
41.145,t2_squeezenet,15831.864,91.719,365,0
41.236,t2_squeezenet,15898.415,90.533,367,0
41.328,t2_squeezenet,15971.360,92.285,370,0
41.370,t2_squeezenet,15954.176,41.839,369,0
41.429,t2_squeezenet,15904.565,59.510,369,0
41.476,t2_squeezenet,15845.199,46.800,370,0
41.560,t2_squeezenet,15927.679,83.457,370,0
41.651,t2_squeezenet,16016.768,91.320,370,0
41.742,t2_squeezenet,16106.887,90.910,371,0
41.838,t2_squeezenet,16179.350,95.980,373,0
41.932,t2_squeezenet,16247.572,93.939,374,0
41.975,t2_squeezenet,16261.455,42.736,375,0
42.068,t2_squeezenet,16308.110,92.890,377,0
42.156,t2_squeezenet,16345.822,88.500,380,0
42.250,t2_squeezenet,16420.216,93.889,379,0
42.341,t2_squeezenet,16506.111,90.337,379,0
42.399,t2_squeezenet,16376.074,58.672,380,0
42.447,t2_squeezenet,16370.217,47.786,379,0
42.534,t2_squeezenet,16408.046,86.752,379,0
42.629,t2_squeezenet,16495.075,95.083,381,0
42.676,t2_squeezenet,16529.841,46.355,382,0
42.771,t2_squeezenet,16599.548,95.376,382,0
42.859,t2_squeezenet,16621.302,88.261,383,0
42.949,t2_squeezenet,16657.768,89.506,383,0
43.038,t2_squeezenet,16699.747,89.555,383,0
43.133,t2_squeezenet,16754.390,94.878,386,0
43.230,t2_squeezenet,16844.833,96.362,388,0
43.272,t2_squeezenet,16874.312,41.909,387,0
43.364,t2_squeezenet,16895.720,92.208,387,0
43.426,t2_squeezenet,16921.977,61.636,389,0
43.474,t2_squeezenet,16945.940,47.916,388,0
43.565,t2_squeezenet,16972.513,91.491,389,0
43.652,t2_squeezenet,17039.652,86.208,390,0
43.746,t2_squeezenet,17133.044,94.085,393,0
43.839,t2_squeezenet,17205.177,93.573,392,0
43.931,t2_squeezenet,17286.279,91.442,392,0
43.976,t2_squeezenet,17308.281,45.230,392,0
44.070,t2_squeezenet,17229.890,93.891,391,0
44.165,t2_squeezenet,17282.433,94.988,391,0
44.256,t2_squeezenet,17332.923,90.644,394,0
44.346,t2_squeezenet,17409.508,90.347,397,0
44.407,t2_squeezenet,17381.361,60.897,396,0
44.455,t2_squeezenet,17413.268,47.641,396,0
44.547,t2_squeezenet,17462.445,91.699,398,0
44.638,t2_squeezenet,17548.132,91.514,400,0
44.731,t2_squeezenet,17628.495,93.052,400,0
44.827,t2_squeezenet,17641.843,96.016,403,0
44.870,t2_squeezenet,17657.506,42.960,403,0
44.967,t2_squeezenet,17670.446,96.364,404,0
45.060,t2_squeezenet,17762.706,93.550,405,0
45.155,t2_squeezenet,17845.497,94.969,405,0
45.245,t2_squeezenet,17915.625,89.714,406,0
45.336,t2_squeezenet,17979.567,91.145,408,0
45.395,t2_squeezenet,18032.181,58.461,408,0
45.442,t2_squeezenet,18067.501,46.939,407,0
45.530,t2_squeezenet,18060.895,87.785,409,0
45.570,t2_squeezenet,17905.371,40.536,410,0
45.662,t2_squeezenet,17849.830,91.840,411,0
45.754,t2_squeezenet,17801.646,91.902,410,0
45.848,t2_squeezenet,17846.453,93.575,410,0
45.939,t2_squeezenet,17889.937,90.992,411,0
46.029,t2_squeezenet,17906.087,90.045,411,0
46.126,t2_squeezenet,17975.902,97.532,414,0
46.168,t2_squeezenet,17941.030,41.909,415,0
46.258,t2_squeezenet,18009.026,89.924,418,0
46.345,t2_squeezenet,18085.770,87.213,418,0
46.411,t2_squeezenet,18146.492,65.684,417,0
46.459,t2_squeezenet,18181.218,47.959,417,0
46.541,t2_squeezenet,18257.286,81.511,417,0
46.629,t2_squeezenet,18302.732,88.070,418,0
46.672,t2_squeezenet,18243.332,43.141,417,0
46.760,t2_squeezenet,18296.137,87.796,416,0
46.847,t2_squeezenet,18377.258,87.464,418,0
46.939,t2_squeezenet,18401.774,91.753,419,0
47.030,t2_squeezenet,18368.786,91.014,420,0
47.076,t2_squeezenet,18409.026,45.385,421,0
47.165,t2_squeezenet,18489.458,89.491,425,0
47.254,t2_squeezenet,18528.374,89.294,425,0
47.343,t2_squeezenet,18566.470,88.598,426,0
47.408,t2_squeezenet,18554.851,64.975,426,0
47.452,t2_squeezenet,18558.954,43.722,425,0
47.538,t2_squeezenet,18606.564,86.435,425,0
47.629,t2_squeezenet,18652.335,90.752,428,0
47.672,t2_squeezenet,18651.053,43.011,427,0
47.760,t2_squeezenet,18667.992,87.975,430,0
47.851,t2_squeezenet,18686.518,90.923,430,0
47.940,t2_squeezenet,18713.559,88.450,432,0
48.032,t2_squeezenet,18787.123,92.112,431,0
48.127,t2_squeezenet,18822.846,94.920,433,0
48.165,t2_squeezenet,18853.393,38.278,432,0
48.257,t2_squeezenet,18936.587,92.157,432,0
48.345,t2_squeezenet,18972.721,88.094,433,0
48.409,t2_squeezenet,19032.994,63.720,433,0
48.451,t2_squeezenet,18985.659,41.731,433,0
48.541,t2_squeezenet,18899.114,90.226,434,0
48.631,t2_squeezenet,18973.787,90.221,435,0
48.727,t2_squeezenet,19031.690,95.831,437,0
48.770,t2_squeezenet,19025.162,42.487,436,0
48.858,t2_squeezenet,19093.845,88.636,438,0
48.953,t2_squeezenet,19135.361,94.719,438,0
49.044,t2_squeezenet,19198.904,90.230,438,0
49.132,t2_squeezenet,19268.774,88.301,445,0
49.174,t2_squeezenet,19295.239,42.459,446,0
49.264,t2_squeezenet,19323.676,89.916,451,0
49.357,t2_squeezenet,19290.438,92.969,451,0
49.418,t2_squeezenet,19099.804,60.807,452,0
49.461,t2_squeezenet,19096.546,42.946,452,0
49.547,t2_squeezenet,19160.137,86.204,453,0
49.637,t2_squeezenet,19232.354,89.535,452,0
49.730,t2_squeezenet,19319.426,93.408,453,0
49.772,t2_squeezenet,19294.403,41.682,452,0
49.859,t2_squeezenet,19257.713,86.712,452,0
49.953,t2_squeezenet,19307.948,93.668,457,0
50.042,t2_squeezenet,19372.425,88.769,456,0
50.132,t2_squeezenet,19243.090,90.215,455,0
50.177,t2_squeezenet,19250.336,45.695,456,0
50.269,t2_squeezenet,19340.845,91.444,458,0
50.361,t2_squeezenet,19396.353,92.006,460,0
50.421,t2_squeezenet,19372.906,59.903,461,0
50.464,t2_squeezenet,19405.732,43.506,460,0
50.553,t2_squeezenet,19412.712,88.494,461,0
50.646,t2_squeezenet,19474.402,93.221,463,0
50.740,t2_squeezenet,19564.097,93.903,465,0
50.832,t2_squeezenet,19643.538,92.134,465,0
50.880,t2_squeezenet,19688.580,47.736,465,0
50.971,t2_squeezenet,19677.813,90.350,465,0
51.064,t2_squeezenet,19711.090,93.112,466,0
51.150,t2_squeezenet,19760.062,86.608,468,0
51.245,t2_squeezenet,19836.389,94.595,470,0
51.339,t2_squeezenet,19893.120,94.193,471,0
51.397,t2_squeezenet,19931.117,57.960,470,0
51.441,t2_squeezenet,19955.559,43.388,469,0
51.530,t2_squeezenet,20004.605,89.470,468,0
51.628,t2_squeezenet,20087.451,97.609,470,0
51.669,t2_squeezenet,20119.264,40.778,471,0
51.759,t2_squeezenet,20192.951,90.189,475,0
51.852,t2_squeezenet,20282.758,92.496,475,0
51.940,t2_squeezenet,20332.309,88.636,480,0
52.032,t2_squeezenet,20405.492,91.188,481,0
52.073,t2_squeezenet,20428.425,41.457,481,0
52.163,t2_squeezenet,20399.570,89.454,482,0
52.252,t2_squeezenet,20480.287,88.937,482,0
52.344,t2_squeezenet,20547.117,92.654,485,0
52.404,t2_squeezenet,20563.470,59.809,485,0
52.451,t2_squeezenet,20603.255,46.735,486,0
52.538,t2_squeezenet,20689.142,87.124,489,0
52.632,t2_squeezenet,20756.509,93.457,489,0
52.673,t2_squeezenet,20729.421,41.108,496,0
52.763,t2_squeezenet,20784.012,89.951,497,0
52.852,t2_squeezenet,20826.082,89.396,498,0
52.946,t2_squeezenet,20877.316,93.733,500,0
53.038,t2_squeezenet,20850.759,91.854,500,0
53.130,t2_squeezenet,20865.583,92.357,500,0
53.176,t2_squeezenet,20872.609,45.778,500,0
53.266,t2_squeezenet,20897.583,90.217,499,0
53.358,t2_squeezenet,20948.972,91.610,500,0
53.419,t2_squeezenet,20959.188,61.408,500,0
53.466,t2_squeezenet,20988.053,46.188,500,0
53.550,t2_squeezenet,21035.683,84.652,500,0
53.640,t2_squeezenet,21118.500,89.312,500,0
53.731,t2_squeezenet,21169.883,90.827,500,0
53.826,t2_squeezenet,21253.883,95.691,500,0
53.873,t2_squeezenet,21201.633,46.600,499,0
53.959,t2_squeezenet,21233.387,86.531,498,0
54.046,t2_squeezenet,21209.378,86.409,497,0
54.136,t2_squeezenet,21296.779,89.678,498,0
54.231,t2_squeezenet,21388.777,95.024,499,0
54.277,t2_squeezenet,21357.191,46.538,500,0
54.364,t2_squeezenet,21403.555,86.910,500,0
54.426,t2_squeezenet,21403.519,62.059,500,0
54.474,t2_squeezenet,21389.069,47.211,499,0
54.563,t2_squeezenet,21477.603,89.543,498,0
54.655,t2_squeezenet,21506.273,91.659,500,0
54.747,t2_squeezenet,21569.561,92.361,500,0
54.841,t2_squeezenet,21505.809,93.353,500,0
54.929,t2_squeezenet,21585.493,87.748,500,0
54.970,t2_squeezenet,21536.151,40.946,500,0
55.059,t2_squeezenet,21601.271,89.751,500,0
55.153,t2_squeezenet,21662.082,93.245,499,0
55.243,t2_squeezenet,21743.783,90.060,500,0
55.333,t2_squeezenet,21805.531,89.946,499,0
55.393,t2_squeezenet,21820.609,60.513,499,0
55.440,t2_squeezenet,21701.726,47.107,499,0
55.529,t2_squeezenet,21786.583,88.926,499,0
55.571,t2_squeezenet,21815.276,41.725,499,0
55.656,t2_squeezenet,21837.573,85.229,500,0
55.750,t2_squeezenet,21920.609,93.330,500,0
55.841,t2_squeezenet,21964.458,91.141,500,0
55.932,t2_squeezenet,21988.725,90.846,500,0
55.974,t2_squeezenet,21963.202,42.471,500,0
56.067,t2_squeezenet,21983.041,92.871,500,0
56.161,t2_squeezenet,22062.504,93.867,500,0
56.253,t2_squeezenet,22136.636,91.801,499,0
56.344,t2_squeezenet,22174.987,90.347,499,0
56.405,t2_squeezenet,22227.562,61.529,499,0
56.454,t2_squeezenet,22196.156,48.465,498,0
56.543,t2_squeezenet,22238.529,89.216,499,0
56.632,t2_squeezenet,22267.161,88.764,500,0
56.673,t2_squeezenet,22207.273,41.590,500,0
56.764,t2_squeezenet,22193.460,90.143,500,0
56.854,t2_squeezenet,22270.160,89.909,500,0
56.944,t2_squeezenet,22259.477,90.519,500,0
57.037,t2_squeezenet,22332.570,92.929,500,0
57.129,t2_squeezenet,22408.545,92.230,500,0
57.175,t2_squeezenet,22429.946,45.239,500,0
57.263,t2_squeezenet,22481.061,88.121,499,0
57.355,t2_squeezenet,22565.074,91.983,499,0
57.419,t2_squeezenet,22611.406,64.016,500,0
57.467,t2_squeezenet,22590.413,48.064,500,0
57.554,t2_squeezenet,22662.172,86.782,500,0
57.643,t2_squeezenet,22734.038,89.215,500,0
57.735,t2_squeezenet,22786.354,91.919,500,0
57.830,t2_squeezenet,22823.670,95.310,500,0
57.877,t2_squeezenet,22690.891,46.049,500,0
57.965,t2_squeezenet,22634.900,39.168,499,0
58.056,t2_squeezenet,22714.870,90.165,500,0
58.145,t2_squeezenet,22797.146,89.431,500,0
58.240,t2_squeezenet,22889.379,95.289,500,0
58.332,t2_squeezenet,22979.060,91.857,500,0
58.397,t2_squeezenet,23034.790,65.048,499,0
58.444,t2_squeezenet,23053.838,46.180,498,0
58.533,t2_squeezenet,23068.499,89.598,499,0
58.574,t2_squeezenet,23101.776,40.760,498,0
58.664,t2_squeezenet,23186.148,90.304,500,0
58.755,t2_squeezenet,23193.913,90.995,500,0
58.851,t2_squeezenet,23262.880,95.545,500,0
58.946,t2_squeezenet,23344.924,94.612,500,0
59.038,t2_squeezenet,23401.037,91.899,499,0
59.132,t2_squeezenet,23495.483,94.638,500,0
59.231,t2_squeezenet,23587.921,98.180,500,0
59.327,t2_squeezenet,23666.993,95.974,500,0
59.369,t2_squeezenet,23700.433,42.465,499,0
59.432,t2_squeezenet,23753.592,63.055,499,0
59.479,t2_squeezenet,23752.739,46.625,499,0
59.566,t2_squeezenet,23805.388,87.063,499,0
59.656,t2_squeezenet,23868.722,89.999,499,0
59.748,t2_squeezenet,23958.186,92.039,500,0
59.845,t2_squeezenet,24049.273,97.209,500,0
59.940,t2_squeezenet,24141.737,93.992,500,0
60.032,t2_squeezenet,24201.246,92.221,499,0
60.128,t2_squeezenet,24267.412,96.329,500,0
60.173,t2_squeezenet,24133.077,44.734,499,0
60.267,t2_squeezenet,24093.800,93.641,500,0
60.361,t2_squeezenet,24145.323,94.622,500,0
60.423,t2_squeezenet,24198.259,61.326,499,0
60.471,t2_squeezenet,24240.527,48.533,498,0
60.557,t2_squeezenet,24304.327,85.772,499,0
60.652,t2_squeezenet,24392.096,94.645,498,0
60.744,t2_squeezenet,24482.191,92.311,500,0
60.839,t2_squeezenet,24564.151,94.558,500,0
60.936,t2_squeezenet,24620.652,97.485,500,0
61.029,t2_squeezenet,24671.954,92.426,500,0
61.070,t2_squeezenet,24654.327,41.183,499,0
61.165,t2_squeezenet,24747.939,95.427,500,0
61.257,t2_squeezenet,24803.933,91.419,500,0
61.351,t2_squeezenet,24794.290,94.581,500,0
61.412,t2_squeezenet,24831.201,60.374,500,0
61.458,t2_squeezenet,24830.654,46.095,500,0
61.551,t2_squeezenet,24882.251,92.857,500,0
61.638,t2_squeezenet,24803.345,86.946,500,0
61.728,t2_squeezenet,24865.820,90.398,500,0
61.771,t2_squeezenet,24883.916,42.506,500,0
61.863,t2_squeezenet,24975.574,92.170,500,0
61.954,t2_squeezenet,25060.234,91.270,499,0
62.044,t2_squeezenet,25146.810,89.762,500,0
62.136,t2_squeezenet,25234.719,91.687,500,0
62.231,t2_squeezenet,25286.337,94.990,500,0
62.327,t2_squeezenet,25295.716,96.047,500,0
62.369,t2_squeezenet,25300.450,42.033,500,0
62.432,t2_squeezenet,25351.387,62.600,500,0
62.526,t2_squeezenet,25365.680,94.601,500,0
62.568,t2_squeezenet,25365.642,41.226,500,0
62.656,t2_squeezenet,25415.132,88.114,500,0
62.748,t2_squeezenet,25460.904,91.726,500,0
62.840,t2_squeezenet,25426.998,92.072,500,0
62.934,t2_squeezenet,25499.955,94.603,500,0
62.976,t2_squeezenet,25469.113,42.066,500,0
63.068,t2_squeezenet,25546.481,91.455,499,0
63.161,t2_squeezenet,25520.179,93.127,499,0
63.255,t2_squeezenet,25602.295,94.105,500,0
63.346,t2_squeezenet,25667.040,90.275,500,0
63.407,t2_squeezenet,25719.106,61.367,500,0
63.453,t2_squeezenet,25756.033,45.626,499,0
63.544,t2_squeezenet,25799.392,91.165,499,0
63.636,t2_squeezenet,25889.599,92.143,500,0
63.727,t2_squeezenet,25926.933,90.260,500,0
63.769,t2_squeezenet,25954.399,42.145,499,0
63.863,t2_squeezenet,26032.149,94.627,499,0
63.954,t2_squeezenet,26117.527,90.733,500,0
64.040,t2_squeezenet,26120.275,85.356,500,0
64.134,t2_squeezenet,26085.273,94.322,500,0
64.231,t2_squeezenet,26155.112,96.682,500,0
64.276,t2_squeezenet,26179.740,45.491,500,0
64.367,t2_squeezenet,26270.391,90.904,500,0
64.430,t2_squeezenet,26281.531,63.189,500,0
64.478,t2_squeezenet,26269.570,48.120,500,0
64.563,t2_squeezenet,26245.978,84.866,500,0
64.649,t2_squeezenet,26122.630,85.296,500,0
64.743,t2_squeezenet,26174.000,93.887,499,0
64.837,t2_squeezenet,26239.026,94.039,500,0
64.929,t2_squeezenet,26311.987,91.839,500,0
64.971,t2_squeezenet,26344.981,42.400,500,0
65.065,t2_squeezenet,26438.174,94.347,500,0
65.154,t2_squeezenet,26497.696,88.935,500,0
65.249,t2_squeezenet,26564.613,94.213,500,0
65.339,t2_squeezenet,26651.032,90.734,500,0
65.396,t2_squeezenet,26666.965,56.357,500,0
65.442,t2_squeezenet,26664.990,45.773,500,0
65.537,t2_squeezenet,26728.276,94.941,500,0
65.580,t2_squeezenet,26760.841,43.580,499,0
65.668,t2_squeezenet,26845.983,87.398,499,0
65.760,t2_squeezenet,26910.908,91.774,500,0
65.855,t2_squeezenet,27001.913,95.850,500,0
65.946,t2_squeezenet,27057.128,90.592,499,0
66.036,t2_squeezenet,27110.005,90.004,498,0
66.129,t2_squeezenet,27192.798,93.316,500,0
66.173,t2_squeezenet,27208.283,43.714,500,0
66.262,t2_squeezenet,27262.049,88.312,500,0
66.350,t2_squeezenet,27304.841,87.925,499,0
66.413,t2_squeezenet,27329.151,63.849,500,0
66.462,t2_squeezenet,27337.376,48.151,500,0
66.550,t2_squeezenet,27393.428,88.468,500,0
66.641,t2_squeezenet,27467.872,90.877,500,0
66.732,t2_squeezenet,27526.036,91.205,500,0
66.827,t2_squeezenet,27508.023,94.680,500,0
66.871,t2_squeezenet,27490.758,44.364,500,0
66.958,t2_squeezenet,27569.414,86.582,500,0
67.051,t2_squeezenet,27590.880,92.701,500,0
67.145,t2_squeezenet,27676.227,94.210,500,0
67.242,t2_squeezenet,27766.348,97.330,500,0
67.332,t2_squeezenet,27840.563,89.955,500,0
67.396,t2_squeezenet,27773.632,63.312,500,0
67.442,t2_squeezenet,27730.892,45.747,499,0
67.534,t2_squeezenet,27820.443,92.130,500,0
67.628,t2_squeezenet,27809.513,94.002,500,0
67.669,t2_squeezenet,27812.504,41.398,500,0
67.762,t2_squeezenet,27887.819,93.240,500,0
67.855,t2_squeezenet,27960.889,92.818,500,0
67.949,t2_squeezenet,28023.234,93.796,499,0
68.043,t2_squeezenet,28102.266,93.745,500,0
68.136,t2_squeezenet,28155.234,92.863,500,0
68.234,t2_squeezenet,28231.519,98.491,500,0
68.328,t2_squeezenet,28316.783,93.577,500,0
68.369,t2_squeezenet,28340.034,40.623,500,0
68.434,t2_squeezenet,28336.104,65.181,500,0
68.479,t2_squeezenet,28330.552,45.288,499,0
68.565,t2_squeezenet,28301.596,85.712,500,0
68.659,t2_squeezenet,28364.563,93.762,500,0
68.750,t2_squeezenet,28365.073,90.801,500,0
68.846,t2_squeezenet,28437.179,96.111,500,0
68.942,t2_squeezenet,28485.551,96.358,500,0
69.033,t2_squeezenet,28555.623,90.306,500,0
69.126,t2_squeezenet,28630.476,93.447,500,0
69.168,t2_squeezenet,28600.325,41.877,499,0
69.265,t2_squeezenet,28648.214,96.654,500,0
69.354,t2_squeezenet,28708.816,88.799,500,0
69.415,t2_squeezenet,28767.284,61.731,499,0
69.462,t2_squeezenet,28722.389,46.967,498,0
69.551,t2_squeezenet,28769.111,88.769,498,0
69.648,t2_squeezenet,28790.100,97.209,498,0
69.744,t2_squeezenet,28874.136,95.444,499,0
69.835,t2_squeezenet,28962.346,91.470,500,0
69.935,t2_squeezenet,28995.935,99.448,500,0
70.034,t2_squeezenet,29076.647,99.485,500,0
70.128,t2_squeezenet,29140.235,93.582,500,0
70.172,t2_squeezenet,29139.558,43.394,499,0
70.270,t2_squeezenet,29122.936,98.138,500,0
70.361,t2_squeezenet,29182.109,91.449,500,0
70.424,t2_squeezenet,29197.582,62.364,499,0
70.470,t2_squeezenet,29199.364,46.575,498,0
70.557,t2_squeezenet,29272.570,86.299,498,0
70.654,t2_squeezenet,29345.223,97.340,499,0
70.744,t2_squeezenet,29417.040,89.400,499,0
70.836,t2_squeezenet,29417.483,91.998,499,0
70.933,t2_squeezenet,29500.133,97.225,500,0
71.029,t2_squeezenet,29570.103,96.308,500,0
71.070,t2_squeezenet,29527.334,40.641,499,0
71.165,t2_squeezenet,29529.945,94.837,500,0
71.258,t2_squeezenet,29578.969,92.740,500,0
71.352,t2_squeezenet,29644.269,94.457,500,0
71.418,t2_squeezenet,29642.115,65.690,499,0
71.459,t2_squeezenet,29629.637,40.673,498,0
71.549,t2_squeezenet,29718.478,90.825,500,0
71.643,t2_squeezenet,29803.030,93.703,500,0
71.736,t2_squeezenet,29893.646,92.416,500,0
71.830,t2_squeezenet,29881.531,94.839,499,0
71.926,t2_squeezenet,29957.687,95.635,500,0
71.969,t2_squeezenet,29974.740,43.271,499,0
72.061,t2_squeezenet,30043.807,91.218,500,0
72.151,t2_squeezenet,30094.069,90.527,500,0
72.244,t2_squeezenet,30147.880,92.101,500,0
72.338,t2_squeezenet,30240.951,94.025,500,0
72.404,t2_squeezenet,30292.036,66.011,500,0
72.446,t2_squeezenet,30304.343,42.391,500,0
72.535,t2_squeezenet,30256.793,88.411,500,0
72.632,t2_squeezenet,30289.886,97.039,499,0
72.728,t2_squeezenet,30375.540,96.269,500,0
72.771,t2_squeezenet,30244.408,42.571,500,0
72.864,t2_squeezenet,30305.295,93.549,500,0
72.957,t2_squeezenet,30376.526,92.606,500,0
73.055,t2_squeezenet,30458.492,97.849,500,0
73.149,t2_squeezenet,30516.351,94.541,500,0
73.242,t2_squeezenet,30576.774,92.700,500,0
73.338,t2_squeezenet,30643.789,96.044,500,0
73.404,t2_squeezenet,30623.133,66.047,499,0
73.449,t2_squeezenet,30665.272,44.739,498,0
73.540,t2_squeezenet,30659.263,90.564,500,0
73.636,t2_squeezenet,30606.065,96.627,500,0
73.731,t2_squeezenet,30690.016,94.826,499,0
73.773,t2_squeezenet,30725.245,42.077,498,0
73.862,t2_squeezenet,30811.334,88.581,499,0
73.957,t2_squeezenet,30832.247,95.224,499,0
74.051,t2_squeezenet,30915.251,93.991,500,0
74.145,t2_squeezenet,30949.963,94.121,499,0
74.238,t2_squeezenet,31008.747,92.705,500,0
74.329,t2_squeezenet,31039.840,91.254,500,0
74.392,t2_squeezenet,30999.349,62.748,500,0
74.438,t2_squeezenet,31020.275,45.989,499,0
74.526,t2_squeezenet,31102.605,88.216,500,0
74.568,t2_squeezenet,31087.867,41.969,499,0
74.663,t2_squeezenet,31137.367,94.823,500,0
74.757,t2_squeezenet,31180.071,93.358,500,0
74.846,t2_squeezenet,31227.897,89.290,500,0
74.940,t2_squeezenet,31282.887,93.477,500,0
75.031,t2_squeezenet,31365.599,91.743,500,0
75.129,t2_squeezenet,31445.293,97.777,500,0
75.168,t2_squeezenet,31476.539,38.482,499,0
75.257,t2_squeezenet,31384.768,89.693,500,0
75.352,t2_squeezenet,31398.218,94.188,500,0
75.416,t2_squeezenet,31303.454,64.566,500,0
75.463,t2_squeezenet,31262.583,46.864,500,0
75.549,t2_squeezenet,31327.022,86.136,499,0
75.642,t2_squeezenet,31405.347,92.677,498,0
75.733,t2_squeezenet,31493.080,91.323,500,0
75.831,t2_squeezenet,31566.186,97.502,500,0
75.874,t2_squeezenet,31607.565,43.221,500,0
75.967,t2_squeezenet,31648.269,92.654,500,0
76.061,t2_squeezenet,31732.814,93.784,500,0
76.155,t2_squeezenet,31717.940,93.831,500,0
76.248,t2_squeezenet,31766.102,92.955,500,0
76.337,t2_squeezenet,31831.226,89.031,500,0
76.404,t2_squeezenet,31879.739,67.800,500,0
76.449,t2_squeezenet,31883.905,44.112,499,0
76.534,t2_squeezenet,31944.298,85.520,500,0
76.630,t2_squeezenet,31992.959,95.377,500,0
76.674,t2_squeezenet,31996.778,44.523,500,0
76.767,t2_squeezenet,32018.857,92.935,500,0
76.860,t2_squeezenet,32105.821,93.089,499,0
76.951,t2_squeezenet,32167.766,91.081,498,0
77.042,t2_squeezenet,32255.678,90.904,500,0
77.139,t2_squeezenet,32301.943,96.273,500,0
77.229,t2_squeezenet,32352.701,90.335,499,0
77.270,t2_squeezenet,32346.210,41.127,498,0
77.367,t2_squeezenet,32386.111,96.529,497,0
77.431,t2_squeezenet,32423.826,64.434,498,0
77.474,t2_squeezenet,32384.186,42.674,497,0
77.564,t2_squeezenet,32407.370,90.056,500,0
77.655,t2_squeezenet,32487.676,91.131,500,0
77.753,t2_squeezenet,32479.544,98.058,500,0
77.845,t2_squeezenet,32552.372,91.587,500,0
77.937,t2_squeezenet,32622.516,92.519,500,0
78.029,t2_squeezenet,32671.989,91.056,500,0
78.072,t2_squeezenet,32616.776,42.972,499,0
78.166,t2_squeezenet,32639.971,94.399,500,0
78.257,t2_squeezenet,32728.272,90.631,500,0
78.350,t2_squeezenet,32793.414,93.234,500,0
78.418,t2_squeezenet,32850.595,67.884,500,0
78.463,t2_squeezenet,32849.088,45.437,500,0
78.554,t2_squeezenet,32907.734,90.543,499,0
78.648,t2_squeezenet,32884.003,93.899,498,0
78.742,t2_squeezenet,32865.385,93.807,500,0
78.840,t2_squeezenet,32908.890,98.600,500,0
78.930,t2_squeezenet,32963.324,89.197,500,0
79.027,t2_squeezenet,32982.604,96.780,500,0
79.071,t2_squeezenet,33016.916,44.701,500,0
79.166,t2_squeezenet,33049.790,94.772,500,0
79.261,t2_squeezenet,33138.974,94.609,500,0
79.351,t2_squeezenet,33218.127,90.293,500,0
79.413,t2_squeezenet,33249.257,61.455,500,0
79.460,t2_squeezenet,33241.066,47.379,500,0
79.546,t2_squeezenet,33315.091,85.939,499,0
79.638,t2_squeezenet,33398.352,92.264,499,0
79.734,t2_squeezenet,33483.282,95.597,499,0
79.829,t2_squeezenet,33488.063,94.942,498,0
79.873,t2_squeezenet,33454.419,43.774,498,0
79.964,t2_squeezenet,33465.100,91.213,498,0
80.057,t2_squeezenet,33513.831,92.683,498,0
80.156,t2_squeezenet,33584.487,99.627,500,0
80.252,t2_squeezenet,33462.619,95.208,500,0
80.340,t2_squeezenet,33505.855,88.477,500,0
80.402,t2_squeezenet,33556.082,62.172,499,0
80.451,t2_squeezenet,33571.235,48.565,499,0
80.541,t2_squeezenet,33629.205,89.990,500,0
80.634,t2_squeezenet,33684.335,92.744,500,0
80.727,t2_squeezenet,33734.242,93.390,500,0
80.771,t2_squeezenet,33715.703,43.486,500,0
80.868,t2_squeezenet,33796.498,97.485,500,0
80.960,t2_squeezenet,33853.378,91.432,499,0
81.054,t2_squeezenet,33924.358,93.768,498,0
81.146,t2_squeezenet,33997.431,92.821,500,0
81.241,t2_squeezenet,34079.199,94.286,500,0
81.337,t2_squeezenet,34172.509,96.524,499,0
81.399,t2_squeezenet,34192.345,61.900,499,0
81.445,t2_squeezenet,34158.390,45.779,499,0
81.537,t2_squeezenet,34232.270,92.045,500,0
81.631,t2_squeezenet,34254.318,93.718,500,0
81.673,t2_squeezenet,34214.073,42.264,500,0
81.764,t2_squeezenet,34183.145,90.300,499,0
81.856,t2_squeezenet,34267.169,92.646,500,0
81.953,t2_squeezenet,34356.868,96.499,500,0
82.044,t2_squeezenet,34421.985,91.035,500,0
82.140,t2_squeezenet,34447.767,95.777,500,0
82.234,t2_squeezenet,34530.068,93.783,500,0
82.330,t2_squeezenet,34623.996,96.846,500,0
82.374,t2_squeezenet,34661.208,43.602,500,0
82.436,t2_squeezenet,34641.895,61.487,499,0
82.531,t2_squeezenet,34675.853,95.118,500,0
82.628,t2_squeezenet,34758.855,96.965,500,0
82.668,t2_squeezenet,34771.415,39.909,500,0
82.758,t2_squeezenet,34718.170,89.883,500,0
82.851,t2_squeezenet,34779.962,93.390,500,0
82.948,t2_squeezenet,34865.952,96.667,500,0
83.040,t2_squeezenet,34836.685,92.265,499,0
83.135,t2_squeezenet,34812.692,94.441,500,0
83.229,t2_squeezenet,34891.610,94.160,500,0
83.327,t2_squeezenet,34965.389,98.146,499,0
83.368,t2_squeezenet,34955.630,41.175,499,0
83.431,t2_squeezenet,34955.485,63.119,500,0
83.476,t2_squeezenet,34956.207,44.883,499,0
83.569,t2_squeezenet,34945.781,92.201,500,0
83.652,t2_squeezenet,35024.778,83.392,500,0
83.745,t2_squeezenet,35099.988,92.724,500,0
83.840,t2_squeezenet,35118.508,95.632,499,0
83.935,t2_squeezenet,35213.226,95.061,500,0
84.028,t2_squeezenet,35247.356,92.500,500,0
84.071,t2_squeezenet,35282.720,42.543,500,0
84.163,t2_squeezenet,35323.968,92.591,500,0
84.257,t2_squeezenet,35364.386,94.144,500,0
84.351,t2_squeezenet,35340.118,93.196,499,0
84.412,t2_squeezenet,35339.557,60.839,500,0
84.457,t2_squeezenet,35381.054,45.636,500,0
84.547,t2_squeezenet,35469.664,89.548,500,0
84.636,t2_squeezenet,35546.496,89.341,499,0
84.733,t2_squeezenet,35640.471,96.956,500,0
84.779,t2_squeezenet,35673.286,45.327,499,0
84.868,t2_squeezenet,35754.978,89.024,500,0
84.959,t2_squeezenet,35843.723,91.039,500,0
85.048,t2_squeezenet,35902.690,88.773,500,0
85.140,t2_squeezenet,35978.972,92.768,500,0
85.236,t2_squeezenet,36047.396,95.222,500,0
85.330,t2_squeezenet,36124.718,94.605,499,0
85.372,t2_squeezenet,36144.022,41.793,499,0
85.434,t2_squeezenet,36202.325,61.796,500,0
85.527,t2_squeezenet,36290.566,92.918,500,0
85.574,t2_squeezenet,36334.081,46.597,500,0
85.658,t2_squeezenet,36350.584,84.246,500,0
85.751,t2_squeezenet,36355.503,93.473,500,0
85.842,t2_squeezenet,36423.577,90.200,499,0
85.936,t2_squeezenet,36502.125,94.450,499,0
86.028,t2_squeezenet,36504.053,92.055,500,0
86.071,t2_squeezenet,36541.922,42.837,499,0
86.166,t2_squeezenet,36528.612,94.888,500,0
86.260,t2_squeezenet,36583.559,94.470,500,0
86.353,t2_squeezenet,36560.427,92.105,500,0
86.414,t2_squeezenet,36545.168,61.659,500,0
86.460,t2_squeezenet,36570.599,45.519,500,0
86.554,t2_squeezenet,36634.510,94.238,499,0
86.645,t2_squeezenet,36721.490,91.237,500,0
86.738,t2_squeezenet,36814.135,92.871,500,0
86.829,t2_squeezenet,36904.015,90.394,500,0
86.875,t2_squeezenet,36726.732,45.704,499,0
86.966,t2_squeezenet,36804.814,91.688,499,0
87.058,t2_squeezenet,36852.512,91.586,500,0
87.150,t2_squeezenet,36921.731,91.721,500,0
87.242,t2_squeezenet,36986.726,92.099,500,0
87.336,t2_squeezenet,37056.878,93.683,500,0
87.396,t2_squeezenet,37088.924,60.032,499,0
87.441,t2_squeezenet,37089.299,45.041,498,0
87.536,t2_squeezenet,37138.802,95.534,500,0
87.632,t2_squeezenet,37213.036,95.424,500,0
87.726,t2_squeezenet,37251.025,94.358,499,0
87.770,t2_squeezenet,37283.978,44.038,498,0
87.859,t2_squeezenet,37281.159,88.449,498,0
87.952,t2_squeezenet,37367.694,92.934,497,0
88.040,t2_squeezenet,37399.346,88.247,496,0
88.132,t2_squeezenet,37468.881,91.403,498,0
88.226,t2_squeezenet,37553.423,94.752,500,0
88.269,t2_squeezenet,37550.539,42.377,500,0
88.357,t2_squeezenet,37603.177,88.012,500,0
88.420,t2_squeezenet,37541.436,62.922,500,0
88.469,t2_squeezenet,37524.454,49.167,500,0
88.560,t2_squeezenet,37573.307,91.218,500,0
88.650,t2_squeezenet,37614.043,89.591,500,0
88.741,t2_squeezenet,37665.404,91.375,500,0
88.833,t2_squeezenet,37747.736,91.804,500,0
88.928,t2_squeezenet,37804.066,94.841,500,0
88.968,t2_squeezenet,37809.197,39.845,499,0
89.061,t2_squeezenet,37859.437,93.305,500,0
89.154,t2_squeezenet,37929.363,92.573,500,0
89.249,t2_squeezenet,37981.085,95.015,500,0
89.340,t2_squeezenet,38055.305,91.547,500,0
89.401,t2_squeezenet,37869.525,60.714,500,0
89.447,t2_squeezenet,37882.473,45.282,500,0
89.541,t2_squeezenet,37926.288,94.279,500,0
89.632,t2_squeezenet,38001.309,90.665,500,0
89.673,t2_squeezenet,38039.260,41.506,500,0
89.764,t2_squeezenet,38087.812,90.989,500,0
89.856,t2_squeezenet,38162.914,91.994,500,0
89.952,t2_squeezenet,38217.145,95.722,500,0
90.043,t2_squeezenet,38290.178,90.934,500,0
90.136,t2_squeezenet,38377.897,92.748,500,0
90.230,t2_squeezenet,38421.313,94.421,500,0
90.275,t2_squeezenet,38408.493,44.690,500,0
90.365,t2_squeezenet,38464.572,89.847,500,0
90.431,t2_squeezenet,38527.119,66.391,500,0
90.477,t2_squeezenet,38558.061,45.183,499,0
90.568,t2_squeezenet,38638.751,41.469,499,0
90.655,t2_squeezenet,38720.197,87.668,500,0
90.751,t2_squeezenet,38794.870,95.655,500,0
90.845,t2_squeezenet,38828.996,93.717,500,0
90.943,t2_squeezenet,38877.748,98.319,500,0
91.033,t2_squeezenet,38913.013,89.697,500,0
91.128,t2_squeezenet,38993.259,95.208,500,0
91.171,t2_squeezenet,38978.624,42.801,500,0
91.266,t2_squeezenet,38986.379,94.558,500,0
91.360,t2_squeezenet,39075.679,94.828,500,0
91.424,t2_squeezenet,39123.082,63.957,499,0
91.468,t2_squeezenet,39157.865,43.368,500,0
91.561,t2_squeezenet,39197.993,93.420,500,0
91.655,t2_squeezenet,39238.384,93.635,500,0
91.746,t2_squeezenet,39296.164,91.310,500,0
91.842,t2_squeezenet,39365.964,95.008,500,0
91.939,t2_squeezenet,39430.172,97.574,500,0
92.030,t2_squeezenet,39504.959,91.107,499,0
92.071,t2_squeezenet,39537.003,40.986,498,0
92.168,t2_squeezenet,39556.772,96.861,500,0
92.259,t2_squeezenet,39620.649,90.493,500,0
92.356,t2_squeezenet,39717.536,97.642,500,0
92.417,t2_squeezenet,39778.310,60.964,500,0
92.463,t2_squeezenet,39821.977,45.166,499,0
92.556,t2_squeezenet,39897.399,93.069,499,0
92.650,t2_squeezenet,39981.537,93.751,500,0
92.745,t2_squeezenet,40075.055,94.949,500,0
92.837,t2_squeezenet,40165.032,91.904,500,0
92.930,t2_squeezenet,40240.725,93.778,500,0
93.028,t2_squeezenet,40278.885,97.989,500,0
93.069,t2_squeezenet,40295.598,40.720,499,0
93.162,t2_squeezenet,40356.388,93.022,499,0
93.254,t2_squeezenet,40371.164,91.809,498,0
93.348,t2_squeezenet,40428.515,93.391,499,0
93.409,t2_squeezenet,40486.647,61.078,500,0
93.455,t2_squeezenet,40484.128,46.247,499,0
93.545,t2_squeezenet,40503.501,90.337,500,0
93.637,t2_squeezenet,40491.479,92.122,500,0
93.729,t2_squeezenet,40431.123,91.385,500,0
93.770,t2_squeezenet,40446.544,40.871,500,0
93.858,t2_squeezenet,40461.451,88.224,500,0
93.955,t2_squeezenet,40509.057,96.939,500,0
94.048,t2_squeezenet,40567.072,92.500,500,0
94.139,t2_squeezenet,40579.140,91.390,500,0
94.232,t2_squeezenet,40590.910,92.473,500,0
94.329,t2_squeezenet,40568.339,97.365,500,0
94.370,t2_squeezenet,40244.234,41.262,499,0
94.432,t2_squeezenet,40301.208,61.216,499,0
94.476,t2_squeezenet,40339.921,44.899,498,0
94.569,t2_squeezenet,40396.268,92.454,497,0
94.660,t2_squeezenet,40396.533,90.587,496,0
94.748,t2_squeezenet,40482.505,88.533,496,0
94.840,t2_squeezenet,40502.971,91.603,496,0
94.939,t2_squeezenet,40569.569,98.848,500,0
95.036,t2_squeezenet,40471.868,97.103,499,0
95.128,t2_squeezenet,40561.954,92.167,500,0
95.171,t2_squeezenet,40558.283,43.133,500,0
95.264,t2_squeezenet,40599.086,92.547,500,0
95.362,t2_squeezenet,40596.919,97.733,500,0
95.422,t2_squeezenet,40510.509,60.350,500,0
95.467,t2_squeezenet,40514.192,44.933,499,0
95.561,t2_squeezenet,40584.499,93.872,499,0
95.652,t2_squeezenet,40483.891,90.907,499,0
95.747,t2_squeezenet,40553.845,94.965,500,0
95.839,t2_squeezenet,40458.233,92.049,500,0
95.938,t2_squeezenet,40513.825,99.489,500,0
96.034,t2_squeezenet,40519.510,95.569,499,0
96.075,t2_squeezenet,40522.640,41.147,498,0
96.167,t2_squeezenet,40532.853,91.728,499,0
96.265,t2_squeezenet,40626.133,97.788,498,0
96.358,t2_squeezenet,40623.644,92.881,499,0
96.420,t2_squeezenet,40651.727,62.446,498,0
96.465,t2_squeezenet,40609.612,44.236,498,0
96.552,t2_squeezenet,40611.258,87.267,497,0
96.647,t2_squeezenet,40667.649,94.517,498,0
96.739,t2_squeezenet,40611.132,92.533,499,0
96.835,t2_squeezenet,40524.693,95.819,500,0
96.930,t2_squeezenet,40569.579,95.198,500,0
97.028,t2_squeezenet,40556.937,97.696,500,0
97.070,t2_squeezenet,40549.841,42.160,500,0
97.160,t2_squeezenet,40550.134,89.811,500,0
97.253,t2_squeezenet,40627.730,92.500,500,0
97.353,t2_squeezenet,40708.383,100.409,500,0
97.415,t2_squeezenet,40682.660,62.085,500,0
97.456,t2_squeezenet,40686.450,40.950,499,0
97.550,t2_squeezenet,40626.070,93.995,500,0
97.644,t2_squeezenet,40696.130,93.669,500,0
97.742,t2_squeezenet,40640.206,97.678,499,0
97.834,t2_squeezenet,40704.528,92.498,498,0
97.932,t2_squeezenet,40621.980,97.334,497,0
98.027,t2_squeezenet,40666.516,95.658,500,0
98.070,t2_squeezenet,40696.754,42.593,500,0
98.165,t2_squeezenet,40727.996,94.753,500,0
98.257,t2_squeezenet,40776.406,92.393,500,0
98.350,t2_squeezenet,40790.910,93.065,500,0
98.461,t2_squeezenet,40784.608,111.019,500,0
98.530,t2_squeezenet,40785.330,68.751,500,0
98.573,t2_squeezenet,40699.157,42.844,499,0
98.667,t2_squeezenet,40686.515,94.193,500,0
98.766,t2_squeezenet,40712.856,98.357,500,0
98.859,t2_squeezenet,40762.034,93.558,499,0
98.950,t2_squeezenet,40725.614,90.905,500,0
99.046,t2_squeezenet,40769.550,96.085,499,0
99.144,t2_squeezenet,40678.702,98.146,500,0
99.234,t2_squeezenet,40762.629,89.864,500,0
99.332,t2_squeezenet,40751.263,97.492,500,0
99.395,t2_squeezenet,40784.099,63.482,499,0
99.444,t2_squeezenet,40803.472,48.733,499,0
99.537,t2_squeezenet,40803.780,92.775,500,0
99.634,t2_squeezenet,40858.967,96.778,500,0
99.731,t2_squeezenet,40846.664,96.921,500,0
99.828,t2_squeezenet,40775.571,97.486,500,0
99.868,t2_squeezenet,40788.562,40.058,500,0
99.962,t2_squeezenet,40746.073,93.693,500,0
100.058,t2_squeezenet,40804.770,95.366,500,0
100.154,t2_squeezenet,40726.986,96.415,500,0
100.249,t2_squeezenet,40792.213,94.769,500,0
100.344,t2_squeezenet,40791.540,95.002,500,0
100.408,t2_squeezenet,40792.259,64.403,500,0
100.458,t2_squeezenet,40755.482,49.097,500,0
100.547,t2_squeezenet,40835.673,89.404,500,0
100.641,t2_squeezenet,40892.496,93.869,500,0
100.734,t2_squeezenet,40881.255,93.324,500,0
100.831,t2_squeezenet,40782.034,96.448,500,0
100.927,t2_squeezenet,40800.120,96.152,500,0
100.968,t2_squeezenet,40742.519,41.271,499,0
101.062,t2_squeezenet,40833.724,93.331,498,0
101.155,t2_squeezenet,40854.121,93.026,500,0
101.249,t2_squeezenet,40722.695,94.135,499,0
101.342,t2_squeezenet,40793.559,93.398,498,0
101.406,t2_squeezenet,40741.530,63.296,497,0
101.452,t2_squeezenet,40785.312,46.149,497,0
101.550,t2_squeezenet,40873.970,98.023,498,0
101.646,t2_squeezenet,40855.474,95.881,500,0
101.734,t2_squeezenet,40891.947,88.414,500,0
101.837,t2_squeezenet,40848.144,102.540,500,0
101.932,t2_squeezenet,40859.445,95.294,500,0
102.029,t2_squeezenet,40934.736,97.132,500,0
102.072,t2_squeezenet,40894.843,43.183,499,0
102.170,t2_squeezenet,40891.999,97.706,500,0
102.268,t2_squeezenet,40915.506,97.428,500,0
102.362,t2_squeezenet,40913.115,94.007,500,0
102.431,t2_squeezenet,40948.069,69.266,500,0
102.478,t2_squeezenet,40891.752,46.458,500,0
102.564,t2_squeezenet,40846.880,86.689,500,0
102.658,t2_squeezenet,40921.588,93.839,500,0
102.751,t2_squeezenet,40974.349,93.013,499,0
102.847,t2_squeezenet,40864.388,95.213,500,0
102.944,t2_squeezenet,40952.169,97.648,500,0
103.041,t2_squeezenet,40986.695,96.421,500,0
103.133,t2_squeezenet,40992.676,92.572,500,0
103.228,t2_squeezenet,40937.318,94.333,500,0
103.270,t2_squeezenet,40900.772,41.779,500,0
103.365,t2_squeezenet,40985.450,95.896,500,0
103.432,t2_squeezenet,40959.408,66.506,500,0
103.527,t2_squeezenet,40982.213,94.795,500,0
103.571,t2_squeezenet,40986.559,43.679,499,0
103.668,t2_squeezenet,40995.173,97.213,500,0
103.762,t2_squeezenet,40942.288,93.916,500,0
103.855,t2_squeezenet,41002.515,93.326,500,0
103.952,t2_squeezenet,40999.741,96.844,500,0
104.050,t2_squeezenet,40939.974,97.828,500,0
104.145,t2_squeezenet,40976.567,95.288,500,0
104.238,t2_squeezenet,41056.541,93.071,500,0
104.335,t2_squeezenet,41024.462,96.356,500,0
104.410,t2_squeezenet,41041.236,75.078,500,0
104.454,t2_squeezenet,40927.667,43.857,499,0
104.543,t2_squeezenet,40985.919,88.748,498,0
104.637,t2_squeezenet,41010.221,94.157,498,0
104.740,t2_squeezenet,41087.776,103.628,499,0
104.837,t2_squeezenet,41029.320,96.990,500,0
104.934,t2_squeezenet,41069.118,96.301,500,0
105.033,t2_squeezenet,41103.865,99.517,500,0
105.132,t2_squeezenet,41170.920,98.198,500,0
105.230,t2_squeezenet,41132.791,98.837,500,0
105.329,t2_squeezenet,41180.043,98.250,499,0
105.370,t2_squeezenet,41125.314,41.262,500,0
105.442,t2_squeezenet,41087.665,72.196,500,0
105.534,t2_squeezenet,41154.436,91.453,500,0
105.628,t2_squeezenet,41195.300,94.090,500,0
105.727,t2_squeezenet,41233.110,98.488,500,0
105.769,t2_squeezenet,41180.917,42.816,500,0
105.868,t2_squeezenet,41103.000,98.269,500,0
105.962,t2_squeezenet,41181.795,94.707,500,0
106.062,t2_squeezenet,41173.625,99.283,500,0
106.158,t2_squeezenet,41213.541,96.426,500,0
106.259,t2_squeezenet,41263.435,100.980,500,0
106.354,t2_squeezenet,41259.931,94.876,500,0
106.423,t2_squeezenet,41262.761,69.247,500,0
106.468,t2_squeezenet,41133.564,44.677,500,0
106.560,t2_squeezenet,41204.075,92.023,500,0
106.655,t2_squeezenet,41253.293,94.590,500,0
106.748,t2_squeezenet,41290.939,93.293,500,0
106.841,t2_squeezenet,41174.732,93.151,500,0
106.937,t2_squeezenet,41249.267,95.375,500,0
107.034,t2_squeezenet,41337.926,97.353,500,0
107.128,t2_squeezenet,41351.275,94.059,500,0
107.170,t2_squeezenet,41125.327,41.538,499,0
107.266,t2_squeezenet,41210.059,96.296,500,0
107.368,t2_squeezenet,41261.130,101.854,500,0
107.435,t2_squeezenet,41274.705,67.046,500,0
107.527,t2_squeezenet,41346.961,91.271,500,0
107.570,t2_squeezenet,41196.188,43.385,500,0
107.665,t2_squeezenet,41261.973,94.690,500,0
107.759,t2_squeezenet,41342.739,94.244,499,0
107.852,t2_squeezenet,41378.947,92.453,500,0
107.950,t2_squeezenet,41373.459,98.328,500,0
108.043,t2_squeezenet,41386.633,93.057,500,0
108.141,t2_squeezenet,41368.690,98.108,499,0
108.234,t2_squeezenet,41400.519,92.113,500,0
108.329,t2_squeezenet,41432.198,95.693,500,0
108.400,t2_squeezenet,41431.513,70.893,499,0
108.446,t2_squeezenet,41362.452,45.594,498,0
108.533,t2_squeezenet,41386.130,86.788,497,0
108.626,t2_squeezenet,41323.982,93.589,497,0
108.672,t2_squeezenet,41331.174,45.452,497,0
108.765,t2_squeezenet,41297.390,93.574,496,0
108.855,t2_squeezenet,41338.484,89.818,497,0
108.950,t2_squeezenet,41413.465,94.764,499,0
109.046,t2_squeezenet,41408.996,95.459,500,0
109.143,t2_squeezenet,41471.603,97.104,500,0
109.234,t2_squeezenet,41412.203,91.622,500,0
109.329,t2_squeezenet,41364.647,94.773,500,0
109.374,t2_squeezenet,41347.704,44.402,500,0
109.444,t2_squeezenet,41376.332,70.386,499,0
109.529,t2_squeezenet,41348.390,84.750,500,0
109.572,t2_squeezenet,41303.634,43.267,500,0
109.662,t2_squeezenet,41332.209,89.499,500,0
109.757,t2_squeezenet,41337.370,95.460,500,0
109.848,t2_squeezenet,41290.450,90.182,500,0
109.933,t2_squeezenet,41371.643,85.433,500,0
110.029,t2_squeezenet,41397.254,95.766,500,0
110.075,t2_squeezenet,41337.915,45.926,500,0
110.161,t2_squeezenet,41392.455,86.095,500,0
110.251,t2_squeezenet,41401.999,89.738,500,0
110.342,t2_squeezenet,41395.920,91.186,500,0
110.409,t2_squeezenet,41368.606,67.309,499,0
110.456,t2_squeezenet,41251.677,47.095,498,0
110.544,t2_squeezenet,41278.916,87.094,500,0
110.632,t2_squeezenet,41318.923,88.200,500,0
110.727,t2_squeezenet,41200.459,94.725,500,0
110.768,t2_squeezenet,41171.042,41.112,500,0
110.857,t2_squeezenet,41187.100,89.133,500,0
110.948,t2_squeezenet,41240.600,91.267,500,0
111.041,t2_squeezenet,41296.370,92.827,500,0
111.133,t2_squeezenet,41359.191,92.296,500,0
111.176,t2_squeezenet,41254.084,42.581,500,0
111.268,t2_squeezenet,41291.028,91.572,499,0
111.357,t2_squeezenet,41270.356,89.342,499,0
111.427,t2_squeezenet,41223.204,69.771,500,0
111.469,t2_squeezenet,41239.309,42.053,499,0
111.555,t2_squeezenet,41242.405,86.220,499,0
111.644,t2_squeezenet,41095.597,88.956,500,0
111.738,t2_squeezenet,41140.990,93.673,500,0
111.830,t2_squeezenet,41193.521,92.171,500,0
111.872,t2_squeezenet,41134.990,42.033,500,0
111.965,t2_squeezenet,41146.038,92.273,500,0
112.059,t2_squeezenet,41214.743,94.774,500,0
112.151,t2_squeezenet,41246.837,91.872,500,0
112.241,t2_squeezenet,41268.802,90.149,500,0
112.335,t2_squeezenet,41217.979,93.501,500,0
112.404,t2_squeezenet,41263.358,68.954,499,0
112.449,t2_squeezenet,41248.144,44.469,498,0
112.538,t2_squeezenet,41254.518,89.334,500,0
112.627,t2_squeezenet,41162.895,88.765,500,0
112.669,t2_squeezenet,41170.218,42.063,500,0
112.760,t2_squeezenet,41223.715,91.558,500,0
112.852,t2_squeezenet,41282.533,91.468,500,0
112.945,t2_squeezenet,41280.065,92.790,500,0
113.038,t2_squeezenet,41186.573,93.136,500,0
113.132,t2_squeezenet,41279.289,94.245,500,0
113.174,t2_squeezenet,41180.166,41.722,499,0
113.263,t2_squeezenet,41261.808,88.734,499,0
113.356,t2_squeezenet,41286.927,92.819,500,0
113.429,t2_squeezenet,41252.852,73.187,500,0
113.470,t2_squeezenet,41212.944,40.682,500,0
113.551,t2_squeezenet,41193.513,81.177,500,0
113.639,t2_squeezenet,41229.889,88.432,500,0
113.736,t2_squeezenet,41287.451,96.695,500,0
113.828,t2_squeezenet,41166.847,91.485,500,0
113.870,t2_squeezenet,41179.806,42.832,500,0
113.959,t2_squeezenet,41194.343,88.508,500,0
114.052,t2_squeezenet,41256.646,93.147,500,0
114.140,t2_squeezenet,41216.614,88.092,500,0
114.228,t2_squeezenet,41232.097,87.533,500,0
114.270,t2_squeezenet,41181.803,42.485,500,0
114.364,t2_squeezenet,41186.431,93.344,500,0
114.431,t2_squeezenet,41133.133,67.301,500,0
114.474,t2_squeezenet,40948.224,43.116,500,0
114.561,t2_squeezenet,41034.375,86.952,500,0
114.653,t2_squeezenet,41115.837,91.137,500,0
114.744,t2_squeezenet,41194.695,91.758,499,0
114.830,t2_squeezenet,41019.974,85.787,498,0
114.873,t2_squeezenet,41024.075,42.457,498,0
114.965,t2_squeezenet,41068.718,92.223,500,0
115.055,t2_squeezenet,41057.457,89.622,500,0
115.145,t2_squeezenet,41147.158,90.580,500,0
115.238,t2_squeezenet,41050.704,92.899,500,0
115.329,t2_squeezenet,41099.175,90.717,500,0
115.375,t2_squeezenet,41130.175,45.733,500,0
115.437,t2_squeezenet,41060.107,61.892,500,0
115.482,t2_squeezenet,41013.513,45.362,500,0
115.566,t2_squeezenet,41076.427,83.441,500,0
115.660,t2_squeezenet,41066.922,94.237,500,0
115.748,t2_squeezenet,41151.522,88.031,500,0
115.839,t2_squeezenet,41157.205,90.600,500,0
115.929,t2_squeezenet,41151.962,90.219,499,0
115.975,t2_squeezenet,41099.191,46.136,499,0
116.067,t2_squeezenet,41122.838,92.288,500,0
116.154,t2_squeezenet,41105.568,86.774,499,0
116.245,t2_squeezenet,41026.250,90.384,500,0
116.333,t2_squeezenet,41084.242,88.086,500,0
116.399,t2_squeezenet,41139.696,66.331,500,0
116.444,t2_squeezenet,41079.082,44.429,500,0
116.532,t2_squeezenet,41095.410,87.752,500,0
116.580,t2_squeezenet,40929.185,48.132,499,0
116.669,t2_squeezenet,41013.512,89.419,500,0
116.759,t2_squeezenet,41102.008,89.661,500,0
116.850,t2_squeezenet,41073.593,91.252,500,0
116.938,t2_squeezenet,41085.237,87.649,500,0
117.030,t2_squeezenet,41146.852,92.338,500,0
117.071,t2_squeezenet,41049.882,40.694,500,0
117.160,t2_squeezenet,41095.712,89.352,500,0
117.254,t2_squeezenet,41012.808,93.085,499,0
117.343,t2_squeezenet,41025.083,88.949,499,0
117.407,t2_squeezenet,41050.169,64.289,499,0
117.453,t2_squeezenet,40988.355,45.706,500,0
117.541,t2_squeezenet,41064.297,88.613,500,0
117.634,t2_squeezenet,41097.001,92.417,500,0
117.675,t2_squeezenet,41034.171,41.075,500,0
117.764,t2_squeezenet,41048.804,89.468,500,0
117.857,t2_squeezenet,40886.739,92.007,500,0
117.952,t2_squeezenet,40956.681,95.792,499,0
118.044,t2_squeezenet,41038.976,91.860,500,0
118.133,t2_squeezenet,41052.979,89.078,500,0
118.227,t2_squeezenet,40814.258,93.392,500,0
118.270,t2_squeezenet,40848.038,43.123,499,0
118.364,t2_squeezenet,40879.693,94.407,499,0
118.423,t2_squeezenet,40920.743,58.620,500,0
118.470,t2_squeezenet,40932.876,46.334,500,0
118.560,t2_squeezenet,41021.945,90.294,500,0
118.650,t2_squeezenet,41017.349,90.580,500,0
118.741,t2_squeezenet,40992.445,90.195,500,0
118.833,t2_squeezenet,41049.456,91.778,500,0
118.930,t2_squeezenet,41057.693,97.697,500,0
118.976,t2_squeezenet,40975.916,46.060,499,0
119.064,t2_squeezenet,40941.068,87.454,500,0
119.154,t2_squeezenet,41005.609,90.327,500,0
119.248,t2_squeezenet,41059.827,93.952,500,0
119.341,t2_squeezenet,41014.608,93.058,500,0
119.411,t2_squeezenet,41016.958,69.568,499,0
119.455,t2_squeezenet,41031.538,43.938,499,0
119.545,t2_squeezenet,40892.806,89.584,500,0
119.637,t2_squeezenet,40972.727,92.136,500,0
119.727,t2_squeezenet,41055.527,90.527,499,0
119.769,t2_squeezenet,41020.332,41.557,499,0
119.861,t2_squeezenet,40963.292,92.315,500,0
119.956,t2_squeezenet,41007.064,94.235,500,0
120.050,t2_squeezenet,41000.685,93.851,500,0
120.140,t2_squeezenet,41059.153,90.569,500,0
120.231,t2_squeezenet,41055.950,90.379,500,0
120.326,t2_squeezenet,41034.908,95.504,500,0
120.370,t2_squeezenet,40960.898,43.376,500,0
120.440,t2_squeezenet,40985.595,70.296,500,0
120.529,t2_squeezenet,40967.960,88.840,499,0
120.573,t2_squeezenet,40900.089,44.139,498,0
120.666,t2_squeezenet,40834.620,92.843,499,0
120.756,t2_squeezenet,40867.726,89.821,500,0
120.847,t2_squeezenet,40802.676,91.514,500,0
120.940,t2_squeezenet,40879.201,92.539,500,0
121.036,t2_squeezenet,40970.625,95.789,500,0
121.127,t2_squeezenet,41052.005,91.046,500,0
121.167,t2_squeezenet,40942.717,40.011,500,0
121.260,t2_squeezenet,40990.968,92.673,500,0
121.356,t2_squeezenet,40951.522,96.535,500,0
121.424,t2_squeezenet,40942.970,67.379,499,0
121.468,t2_squeezenet,40985.289,44.524,498,0
121.558,t2_squeezenet,40993.814,90.239,500,0
121.652,t2_squeezenet,41015.542,93.761,500,0
121.744,t2_squeezenet,40999.184,91.520,500,0
121.836,t2_squeezenet,41061.704,91.818,500,0
121.928,t2_squeezenet,40817.683,92.772,500,0
121.972,t2_squeezenet,40852.261,43.132,500,0
122.061,t2_squeezenet,40916.721,89.667,500,0
122.151,t2_squeezenet,40967.106,89.955,500,0
122.245,t2_squeezenet,40884.279,93.544,500,0
122.338,t2_squeezenet,40904.163,92.864,499,0
122.413,t2_squeezenet,40912.405,75.288,500,0
122.456,t2_squeezenet,40946.046,42.386,500,0
122.547,t2_squeezenet,40966.501,91.506,500,0
122.639,t2_squeezenet,41002.575,92.112,500,0
122.732,t2_squeezenet,40944.226,92.245,500,0
122.775,t2_squeezenet,40975.151,43.304,499,0
122.865,t2_squeezenet,40922.321,90.396,500,0
122.960,t2_squeezenet,40994.521,94.656,500,0
123.053,t2_squeezenet,41004.302,92.826,500,0
123.144,t2_squeezenet,40982.086,90.583,500,0
123.236,t2_squeezenet,40994.922,91.984,500,0
123.329,t2_squeezenet,40974.284,93.727,500,0
123.402,t2_squeezenet,40947.418,72.873,500,0
123.444,t2_squeezenet,40973.610,42.047,499,0
123.530,t2_squeezenet,40957.311,85.521,499,0
123.628,t2_squeezenet,40996.674,98.497,500,0
123.675,t2_squeezenet,40923.604,46.717,499,0
123.766,t2_squeezenet,40965.721,91.222,500,0
123.856,t2_squeezenet,40941.086,89.913,500,0
123.953,t2_squeezenet,40868.368,96.416,500,0
124.046,t2_squeezenet,40960.767,93.141,500,0
124.143,t2_squeezenet,40986.266,96.798,500,0
124.232,t2_squeezenet,40883.291,88.953,500,0
124.276,t2_squeezenet,40904.081,44.340,500,0
124.369,t2_squeezenet,40987.691,92.510,500,0
124.439,t2_squeezenet,40948.497,70.238,500,0
124.528,t2_squeezenet,41030.724,88.770,500,0
124.573,t2_squeezenet,40999.871,44.498,500,0
124.671,t2_squeezenet,40955.421,98.152,500,0
124.763,t2_squeezenet,40894.124,92.033,500,0
124.854,t2_squeezenet,40977.033,90.902,500,0
124.951,t2_squeezenet,40991.328,97.730,500,0
125.044,t2_squeezenet,41006.962,92.072,500,0
125.142,t2_squeezenet,41061.128,97.930,500,0
125.232,t2_squeezenet,41067.502,90.544,500,0
125.329,t2_squeezenet,40945.595,96.656,500,0
125.374,t2_squeezenet,40985.369,45.067,500,0
125.442,t2_squeezenet,41021.762,68.444,499,0
125.533,t2_squeezenet,41072.121,90.605,500,0
125.627,t2_squeezenet,40986.876,94.194,500,0
125.669,t2_squeezenet,41018.603,42.091,500,0
125.766,t2_squeezenet,40912.798,96.087,500,0
125.859,t2_squeezenet,41004.449,93.196,500,0
125.950,t2_squeezenet,41011.334,91.306,500,0
126.047,t2_squeezenet,41055.699,96.507,500,0
126.142,t2_squeezenet,41070.415,95.567,500,0
126.238,t2_squeezenet,41094.484,95.677,499,0
126.332,t2_squeezenet,40967.995,94.056,499,0
126.376,t2_squeezenet,41003.268,44.100,498,0
126.444,t2_squeezenet,41043.598,67.969,497,0
126.539,t2_squeezenet,41062.570,94.896,500,0
126.628,t2_squeezenet,41098.594,88.269,499,0
126.668,t2_squeezenet,41026.918,40.055,498,0
126.764,t2_squeezenet,41087.928,96.033,500,0
126.858,t2_squeezenet,40980.870,93.807,499,0
126.950,t2_squeezenet,40973.309,92.372,500,0
127.046,t2_squeezenet,41064.820,96.135,500,0
127.136,t2_squeezenet,41031.213,89.469,500,0
127.233,t2_squeezenet,41126.459,97.451,500,0
127.328,t2_squeezenet,41153.091,94.427,500,0
127.368,t2_squeezenet,41064.017,40.577,500,0
127.436,t2_squeezenet,41046.653,67.465,499,0
127.531,t2_squeezenet,41098.477,95.318,500,0
127.574,t2_squeezenet,40984.815,42.948,499,0
127.665,t2_squeezenet,41059.644,90.995,499,0
127.764,t2_squeezenet,41115.446,98.928,500,0
127.855,t2_squeezenet,41072.521,90.935,500,0
127.954,t2_squeezenet,41068.771,98.568,499,0
128.042,t2_squeezenet,41042.802,87.774,500,0
128.139,t2_squeezenet,41130.374,97.532,500,0
128.238,t2_squeezenet,41161.628,99.107,500,0
128.338,t2_squeezenet,41177.518,99.813,499,0
128.407,t2_squeezenet,41123.232,68.734,498,0
128.452,t2_squeezenet,41006.828,44.578,497,0
128.546,t2_squeezenet,41094.887,94.452,500,0
128.645,t2_squeezenet,41168.362,98.947,500,0
128.737,t2_squeezenet,41188.728,92.296,500,0
128.833,t2_squeezenet,41009.445,95.482,500,0
128.931,t2_squeezenet,40866.135,97.748,500,0
129.029,t2_squeezenet,40939.567,97.976,500,0
129.071,t2_squeezenet,40958.297,42.485,500,0
129.227,t2_squeezenet,41050.538,155.866,500,0
129.327,t2_squeezenet,41135.148,99.641,500,0
129.371,t2_squeezenet,41174.653,44.424,500,0
129.442,t2_squeezenet,41181.014,70.317,500,0
129.534,t2_squeezenet,41229.774,91.767,500,0
129.630,t2_squeezenet,41242.759,96.152,500,0
129.675,t2_squeezenet,41240.131,45.127,500,0
129.762,t2_squeezenet,41279.456,86.704,500,0
129.856,t2_squeezenet,41280.444,93.933,500,0
129.952,t2_squeezenet,41262.503,96.078,500,0
130.051,t2_squeezenet,41269.811,99.304,500,0
130.147,t2_squeezenet,41232.970,95.595,500,0
130.241,t2_squeezenet,41271.935,93.919,500,0
130.336,t2_squeezenet,41344.442,95.384,500,0
130.404,t2_squeezenet,41298.132,68.072,499,0
130.451,t2_squeezenet,41286.154,46.461,500,0
130.534,t2_squeezenet,41256.876,82.695,500,0
130.633,t2_squeezenet,41274.628,99.186,500,0
130.732,t2_squeezenet,41323.258,99.128,500,0
130.830,t2_squeezenet,41335.873,97.883,499,0
130.871,t2_squeezenet,41300.570,41.343,498,0
130.968,t2_squeezenet,41303.723,97.155,497,0
131.061,t2_squeezenet,41383.680,92.756,497,0
131.162,t2_squeezenet,41369.271,100.305,497,0
131.249,t2_squeezenet,41344.320,87.833,496,0
131.347,t2_squeezenet,41373.888,97.045,498,0
131.420,t2_squeezenet,41320.328,73.233,499,0
131.469,t2_squeezenet,41296.011,48.778,499,0
131.555,t2_squeezenet,41318.346,86.340,500,0
131.654,t2_squeezenet,41327.284,98.500,500,0
131.750,t2_squeezenet,41341.292,96.393,500,0
131.847,t2_squeezenet,41320.561,96.617,500,0
131.939,t2_squeezenet,41290.453,92.394,499,0
132.031,t2_squeezenet,41376.478,91.539,499,0
132.129,t2_squeezenet,41467.303,97.983,500,0
132.227,t2_squeezenet,41474.514,98.493,500,0
132.268,t2_squeezenet,41399.248,40.656,499,0
132.365,t2_squeezenet,41365.052,97.503,500,0
132.438,t2_squeezenet,41397.454,72.623,500,0
132.530,t2_squeezenet,41369.017,91.488,500,0
132.571,t2_squeezenet,41396.859,41.738,499,0
132.664,t2_squeezenet,41338.375,93.029,498,0
132.761,t2_squeezenet,41316.610,96.716,498,0
132.856,t2_squeezenet,41390.450,95.084,498,0
132.952,t2_squeezenet,41395.236,95.787,499,0
133.047,t2_squeezenet,41453.758,94.440,498,0
133.139,t2_squeezenet,41444.749,92.459,497,0
133.236,t2_squeezenet,41485.216,96.806,496,0
133.333,t2_squeezenet,41476.158,96.882,497,0
133.402,t2_squeezenet,41280.105,69.140,498,0
133.446,t2_squeezenet,41319.452,43.249,497,0
133.534,t2_squeezenet,41393.613,87.990,498,0
133.636,t2_squeezenet,41399.392,102.478,499,0
133.726,t2_squeezenet,41460.277,90.323,499,0
133.769,t2_squeezenet,41405.296,42.929,499,0
133.870,t2_squeezenet,41402.892,100.755,500,0
133.968,t2_squeezenet,41362.451,97.672,500,0
134.063,t2_squeezenet,41421.798,94.779,500,0
134.157,t2_squeezenet,41487.480,94.073,500,0
134.254,t2_squeezenet,41489.478,97.433,500,0
134.352,t2_squeezenet,41503.712,97.433,500,0
134.423,t2_squeezenet,41489.288,71.458,499,0
134.466,t2_squeezenet,41342.257,42.666,499,0
134.561,t2_squeezenet,41281.066,94.884,499,0
134.660,t2_squeezenet,41361.593,98.528,500,0
134.752,t2_squeezenet,41355.735,92.757,500,0
134.846,t2_squeezenet,41447.479,93.935,500,0
134.940,t2_squeezenet,41471.802,94.051,500,0
135.037,t2_squeezenet,41556.952,96.713,500,0
135.132,t2_squeezenet,41580.088,94.764,500,0
135.227,t2_squeezenet,41535.305,95.333,500,0
135.268,t2_squeezenet,41499.293,40.553,499,0
135.367,t2_squeezenet,41559.313,98.825,500,0
135.436,t2_squeezenet,41569.301,69.365,500,0
135.479,t2_squeezenet,41443.561,42.210,499,0
135.567,t2_squeezenet,41444.640,87.969,498,0
135.665,t2_squeezenet,41476.922,98.365,499,0
135.763,t2_squeezenet,41526.462,98.112,498,0
135.859,t2_squeezenet,41471.268,96.324,500,0
135.955,t2_squeezenet,41218.156,95.263,500,0
136.051,t2_squeezenet,41261.569,95.829,500,0
136.148,t2_squeezenet,41282.896,96.817,500,0
136.244,t2_squeezenet,41372.654,95.979,500,0
136.338,t2_squeezenet,41460.809,94.403,500,0
136.410,t2_squeezenet,41514.935,72.084,499,0
136.458,t2_squeezenet,41548.089,48.170,498,0
136.545,t2_squeezenet,41488.677,87.011,498,0
136.643,t2_squeezenet,41521.734,97.088,500,0
136.736,t2_squeezenet,41595.075,93.155,500,0
136.834,t2_squeezenet,41648.838,97.979,500,0
136.930,t2_squeezenet,41596.499,96.247,500,0
136.972,t2_squeezenet,41598.077,41.749,499,0
137.068,t2_squeezenet,41587.631,96.377,499,0
137.168,t2_squeezenet,41566.324,100.024,500,0
137.265,t2_squeezenet,41559.505,96.447,500,0
137.360,t2_squeezenet,41628.976,94.970,500,0
137.429,t2_squeezenet,41680.724,69.484,500,0
137.476,t2_squeezenet,41574.682,46.980,500,0
137.565,t2_squeezenet,41482.975,88.669,499,0
137.658,t2_squeezenet,41500.986,92.402,499,0
137.750,t2_squeezenet,41476.036,92.263,500,0
137.848,t2_squeezenet,41490.402,97.750,500,0
137.944,t2_squeezenet,41509.305,96.622,500,0
138.039,t2_squeezenet,41443.746,94.624,500,0
138.131,t2_squeezenet,41514.857,92.397,500,0
138.228,t2_squeezenet,41538.639,96.750,499,0
138.272,t2_squeezenet,41570.493,43.575,498,0
138.360,t2_squeezenet,41564.657,88.457,499,0
138.433,t2_squeezenet,41608.246,72.389,500,0
138.479,t2_squeezenet,41626.031,45.925,500,0
138.568,t2_squeezenet,41595.098,88.971,500,0
138.661,t2_squeezenet,41623.916,92.764,500,0
138.753,t2_squeezenet,41676.840,91.913,500,0
138.845,t2_squeezenet,41617.002,92.735,500,0
138.938,t2_squeezenet,41685.330,92.687,500,0
139.035,t2_squeezenet,41670.591,97.161,500,0
139.126,t2_squeezenet,41619.770,90.967,500,0
139.166,t2_squeezenet,41652.945,39.948,499,0
139.263,t2_squeezenet,41702.324,96.713,500,0
139.355,t2_squeezenet,41410.814,92.479,500,0
139.423,t2_squeezenet,41475.745,67.769,500,0
139.467,t2_squeezenet,41504.733,44.131,500,0
139.558,t2_squeezenet,41589.287,90.474,500,0
139.650,t2_squeezenet,41582.210,92.237,500,0
139.739,t2_squeezenet,41612.977,88.385,500,0
139.833,t2_squeezenet,41664.685,94.676,500,0
139.928,t2_squeezenet,41649.872,94.572,500,0
139.974,t2_squeezenet,41605.300,46.106,500,0
140.063,t2_squeezenet,41586.789,89.284,500,0
140.153,t2_squeezenet,41566.094,89.283,500,0
140.244,t2_squeezenet,41638.577,91.086,500,0
140.335,t2_squeezenet,41614.468,91.116,499,0
140.409,t2_squeezenet,41546.094,73.738,499,0
140.451,t2_squeezenet,41545.378,41.977,499,0
140.539,t2_squeezenet,41478.099,87.876,500,0
140.630,t2_squeezenet,41557.284,90.693,500,0
140.675,t2_squeezenet,41486.619,45.300,500,0
140.766,t2_squeezenet,41508.958,90.753,500,0
140.859,t2_squeezenet,41459.222,93.411,499,0
140.953,t2_squeezenet,41500.836,93.991,500,0
141.047,t2_squeezenet,41571.270,93.694,500,0
141.135,t2_squeezenet,41590.552,88.364,499,0
141.226,t2_squeezenet,41553.775,91.213,500,0
141.269,t2_squeezenet,41520.460,42.824,500,0
141.363,t2_squeezenet,41518.423,93.696,500,0
141.429,t2_squeezenet,41558.951,66.070,500,0
141.474,t2_squeezenet,41493.762,44.416,500,0
141.567,t2_squeezenet,41441.288,93.654,499,0
141.661,t2_squeezenet,41484.446,93.666,499,0
141.750,t2_squeezenet,41432.415,88.700,499,0
141.841,t2_squeezenet,41460.179,90.902,499,0
141.930,t2_squeezenet,41521.290,89.118,500,0
141.974,t2_squeezenet,41494.515,43.788,499,0
142.062,t2_squeezenet,41462.118,87.851,499,0
142.153,t2_squeezenet,41432.887,90.989,498,0
142.246,t2_squeezenet,41467.260,93.688,500,0
142.341,t2_squeezenet,41440.212,94.828,500,0
142.409,t2_squeezenet,41340.765,68.052,499,0
142.453,t2_squeezenet,41317.903,43.844,499,0
142.541,t2_squeezenet,41401.266,87.212,500,0
142.635,t2_squeezenet,41207.052,94.182,500,0
142.728,t2_squeezenet,41273.816,93.484,500,0
142.767,t2_squeezenet,41241.725,38.872,499,0
142.859,t2_squeezenet,41301.896,91.292,500,0
142.952,t2_squeezenet,41384.633,93.447,500,0
143.047,t2_squeezenet,41473.421,94.694,500,0
143.138,t2_squeezenet,41482.926,91.466,500,0
143.228,t2_squeezenet,41472.275,89.602,500,0
143.272,t2_squeezenet,41407.761,44.470,499,0
143.363,t2_squeezenet,41422.342,90.579,500,0
143.435,t2_squeezenet,41352.719,71.828,500,0
143.479,t2_squeezenet,41342.574,44.302,500,0
143.569,t2_squeezenet,41328.079,90.119,500,0
143.666,t2_squeezenet,41376.269,96.262,500,0
143.754,t2_squeezenet,41362.535,88.521,500,0
143.846,t2_squeezenet,41402.478,91.410,499,0
143.940,t2_squeezenet,41416.945,93.958,500,0
144.031,t2_squeezenet,41458.522,91.417,499,0
144.076,t2_squeezenet,41289.113,45.205,500,0
144.166,t2_squeezenet,41371.567,89.544,500,0
144.258,t2_squeezenet,41407.550,91.805,499,0
144.352,t2_squeezenet,41397.411,94.232,498,0
144.421,t2_squeezenet,41360.607,68.332,500,0
144.469,t2_squeezenet,41286.021,48.197,500,0
144.553,t2_squeezenet,41317.194,83.555,500,0
144.648,t2_squeezenet,41353.366,95.093,500,0
144.739,t2_squeezenet,41347.376,91.039,500,0
144.829,t2_squeezenet,41340.066,90.477,500,0
144.872,t2_squeezenet,41288.756,42.986,500,0
144.966,t2_squeezenet,41336.289,93.366,500,0
145.056,t2_squeezenet,41378.735,90.545,499,0
145.144,t2_squeezenet,41339.543,87.638,499,0
145.235,t2_squeezenet,41350.011,91.233,500,0
145.330,t2_squeezenet,41369.399,94.525,500,0
145.400,t2_squeezenet,41262.883,70.638,500,0
145.443,t2_squeezenet,41285.989,42.738,500,0
145.529,t2_squeezenet,41260.514,85.593,499,0
145.573,t2_squeezenet,41233.311,43.632,500,0
145.664,t2_squeezenet,41037.708,91.155,500,0
145.755,t2_squeezenet,41073.034,90.914,500,0
145.846,t2_squeezenet,41107.473,91.638,499,0
145.940,t2_squeezenet,41182.460,93.223,500,0
146.033,t2_squeezenet,41200.577,93.147,500,0
146.129,t2_squeezenet,41284.932,95.692,500,0
146.170,t2_squeezenet,41201.303,41.656,499,0
146.265,t2_squeezenet,41221.577,94.913,500,0
146.355,t2_squeezenet,41194.787,89.795,500,0
146.426,t2_squeezenet,41072.016,70.296,499,0
146.466,t2_squeezenet,41110.452,40.102,498,0
146.556,t2_squeezenet,41182.225,90.213,498,0
146.650,t2_squeezenet,41142.615,94.211,498,0
146.745,t2_squeezenet,41173.759,94.287,500,0
146.833,t2_squeezenet,41201.959,88.241,500,0
146.928,t2_squeezenet,41172.907,94.665,500,0
146.972,t2_squeezenet,41147.604,44.039,500,0
147.068,t2_squeezenet,41170.191,96.044,500,0
147.154,t2_squeezenet,41183.248,85.954,500,0
147.244,t2_squeezenet,41179.728,89.827,500,0
147.338,t2_squeezenet,41160.970,94.550,499,0
147.409,t2_squeezenet,41126.306,70.276,499,0
147.452,t2_squeezenet,41082.338,43.558,499,0
147.545,t2_squeezenet,41120.372,92.385,500,0
147.638,t2_squeezenet,41163.165,92.979,500,0
147.735,t2_squeezenet,41147.760,97.049,500,0
147.778,t2_squeezenet,41122.751,43.147,500,0
147.863,t2_squeezenet,41098.814,85.320,499,0
147.957,t2_squeezenet,41097.479,93.802,500,0
148.051,t2_squeezenet,41091.351,93.698,500,0
148.142,t2_squeezenet,41065.362,90.932,500,0
148.235,t2_squeezenet,41053.854,92.769,500,0
148.331,t2_squeezenet,41126.713,96.010,500,0
148.403,t2_squeezenet,41071.245,72.616,499,0
148.447,t2_squeezenet,41036.341,43.678,500,0
148.538,t2_squeezenet,41064.953,90.661,500,0
148.632,t2_squeezenet,41090.808,94.011,500,0
148.729,t2_squeezenet,41147.867,96.788,500,0
148.770,t2_squeezenet,40997.731,40.897,499,0
148.861,t2_squeezenet,41016.084,91.079,500,0
148.957,t2_squeezenet,41059.052,96.291,500,0
149.053,t2_squeezenet,41078.604,95.985,500,0
149.143,t2_squeezenet,40994.306,90.194,500,0
149.236,t2_squeezenet,41024.733,92.842,500,0
149.334,t2_squeezenet,41068.217,97.707,500,0
149.405,t2_squeezenet,40778.492,70.563,499,0
149.451,t2_squeezenet,40807.610,46.088,498,0
149.538,t2_squeezenet,40764.311,87.432,500,0
149.636,t2_squeezenet,40823.975,97.995,500,0
149.730,t2_squeezenet,40865.518,93.930,500,0
149.774,t2_squeezenet,40906.307,43.449,500,0
149.864,t2_squeezenet,40953.619,90.324,500,0
149.961,t2_squeezenet,40994.052,96.731,500,0
150.052,t2_squeezenet,41061.922,91.205,500,0
150.149,t2_squeezenet,41083.244,96.621,500,0
150.240,t2_squeezenet,41056.879,91.016,500,0
150.335,t2_squeezenet,41098.783,94.983,500,0
150.406,t2_squeezenet,41064.748,71.091,500,0
150.453,t2_squeezenet,40995.188,47.251,499,0
150.543,t2_squeezenet,41083.004,89.681,500,0
150.638,t2_squeezenet,41106.895,94.467,500,0
150.730,t2_squeezenet,41134.562,92.911,500,0
150.776,t2_squeezenet,41076.285,45.838,500,0
150.865,t2_squeezenet,41091.156,88.355,500,0
150.961,t2_squeezenet,41061.415,95.917,500,0
151.055,t2_squeezenet,41114.873,94.120,500,0
151.151,t2_squeezenet,41083.127,96.262,500,0
151.241,t2_squeezenet,41095.134,89.955,500,0
151.332,t2_squeezenet,41141.836,91.263,500,0
151.410,t2_squeezenet,41153.933,77.545,500,0
151.457,t2_squeezenet,40987.445,46.801,500,0
151.545,t2_squeezenet,41070.382,88.443,500,0
151.636,t2_squeezenet,41116.530,90.893,500,0
151.730,t2_squeezenet,41185.879,93.361,500,0
151.775,t2_squeezenet,41134.117,45.424,499,0
151.864,t2_squeezenet,41137.350,89.297,500,0
151.959,t2_squeezenet,41151.094,94.225,500,0
152.050,t2_squeezenet,41179.288,91.262,500,0
152.145,t2_squeezenet,41175.487,94.340,499,0
152.237,t2_squeezenet,41163.491,92.193,500,0
152.328,t2_squeezenet,41175.466,91.502,500,0
152.373,t2_squeezenet,41052.143,44.477,500,0
152.445,t2_squeezenet,41070.269,72.176,500,0
152.537,t2_squeezenet,41135.900,91.481,500,0
152.579,t2_squeezenet,41084.834,41.986,499,0
152.664,t2_squeezenet,41091.772,85.786,500,0
152.756,t2_squeezenet,41143.530,91.375,500,0
152.849,t2_squeezenet,41167.973,92.630,500,0
152.941,t2_squeezenet,41168.684,92.719,500,0
153.033,t2_squeezenet,41201.226,92.031,499,0
153.128,t2_squeezenet,41252.647,94.467,498,0
153.171,t2_squeezenet,41194.782,43.432,497,0
153.264,t2_squeezenet,41195.379,92.546,499,0
153.356,t2_squeezenet,41180.216,91.775,500,0
153.430,t2_squeezenet,41149.445,74.186,500,0
153.475,t2_squeezenet,41014.441,45.006,500,0
153.563,t2_squeezenet,41096.473,87.641,500,0
153.654,t2_squeezenet,41158.733,90.575,500,0
153.747,t2_squeezenet,41202.010,93.068,500,0
153.843,t2_squeezenet,41187.896,95.962,499,0
153.932,t2_squeezenet,41176.681,89.634,500,0
154.029,t2_squeezenet,41267.382,96.345,500,0
154.073,t2_squeezenet,41207.225,44.544,500,0
154.167,t2_squeezenet,41205.280,93.920,500,0
154.258,t2_squeezenet,41181.797,90.134,500,0
154.348,t2_squeezenet,41129.105,90.811,500,0
154.422,t2_squeezenet,41158.573,73.540,500,0
154.469,t2_squeezenet,41173.826,46.524,499,0
154.558,t2_squeezenet,41163.939,88.872,498,0
154.651,t2_squeezenet,41203.612,93.888,498,0
154.744,t2_squeezenet,41232.614,92.908,497,0
154.840,t2_squeezenet,41287.300,95.128,497,0
154.935,t2_squeezenet,41284.906,94.932,498,0
154.976,t2_squeezenet,41220.208,41.332,499,0
155.067,t2_squeezenet,41207.127,91.163,500,0
155.164,t2_squeezenet,41246.668,96.423,500,0
155.257,t2_squeezenet,41253.848,93.846,500,0
155.347,t2_squeezenet,41262.436,89.262,500,0
155.442,t2_squeezenet,41248.539,95.147,500,0
155.492,t2_squeezenet,41249.448,50.448,500,0
155.544,t2_squeezenet,41270.557,51.088,500,0
155.642,t2_squeezenet,41277.226,98.132,499,0
155.738,t2_squeezenet,41270.681,95.923,499,0
155.835,t2_squeezenet,41329.173,97.571,500,0
155.935,t2_squeezenet,41352.568,99.389,500,0
156.028,t2_squeezenet,41185.251,93.123,500,0
156.070,t2_squeezenet,41168.939,41.735,499,0
156.164,t2_squeezenet,41252.212,94.493,498,0
156.260,t2_squeezenet,41347.338,96.046,498,0
156.355,t2_squeezenet,41380.437,94.089,498,0
156.427,t2_squeezenet,41354.608,72.295,499,0
156.475,t2_squeezenet,41295.179,48.293,499,0
156.567,t2_squeezenet,41284.094,91.990,500,0
156.661,t2_squeezenet,41308.508,93.877,500,0
156.753,t2_squeezenet,41322.325,91.264,500,0
156.848,t2_squeezenet,41398.798,95.164,500,0
156.943,t2_squeezenet,41451.503,95.049,500,0
157.036,t2_squeezenet,41462.709,92.787,500,0
157.129,t2_squeezenet,41460.284,92.730,500,0
157.170,t2_squeezenet,41420.991,41.052,500,0
157.264,t2_squeezenet,41324.443,93.878,499,0
157.360,t2_squeezenet,41340.944,96.320,499,0
157.427,t2_squeezenet,41399.938,67.169,500,0
157.472,t2_squeezenet,41304.692,44.336,500,0
157.567,t2_squeezenet,41381.618,95.224,500,0
157.666,t2_squeezenet,41363.980,98.927,500,0
157.755,t2_squeezenet,41420.125,89.460,500,0
157.852,t2_squeezenet,41413.667,97.056,500,0
157.951,t2_squeezenet,41498.550,98.880,500,0
158.044,t2_squeezenet,41455.413,92.562,500,0
158.141,t2_squeezenet,41538.764,97.260,500,0
158.233,t2_squeezenet,41546.253,91.721,500,0
158.331,t2_squeezenet,41546.272,97.950,500,0
158.408,t2_squeezenet,41507.639,77.301,500,0
158.452,t2_squeezenet,41506.857,43.492,499,0
158.544,t2_squeezenet,41496.496,91.907,500,0
158.636,t2_squeezenet,41537.075,92.455,500,0
158.733,t2_squeezenet,41438.966,96.999,499,0
158.777,t2_squeezenet,41430.270,43.253,499,0
158.868,t2_squeezenet,41428.173,41.749,499,0
158.965,t2_squeezenet,41514.843,97.022,500,0
159.057,t2_squeezenet,41584.437,92.425,500,0
159.148,t2_squeezenet,41573.814,90.475,500,0
159.244,t2_squeezenet,41573.197,95.903,500,0
159.338,t2_squeezenet,41621.329,93.780,500,0
159.411,t2_squeezenet,41631.717,73.363,500,0
159.455,t2_squeezenet,41499.822,43.536,499,0
159.545,t2_squeezenet,41555.267,90.551,499,0
159.637,t2_squeezenet,41589.754,91.825,500,0
159.730,t2_squeezenet,41561.371,93.061,500,0
159.775,t2_squeezenet,41490.444,44.431,500,0
159.864,t2_squeezenet,41452.115,89.428,500,0
159.955,t2_squeezenet,41535.812,90.823,499,0
160.049,t2_squeezenet,41608.972,93.605,500,0
160.146,t2_squeezenet,41633.513,96.994,500,0
160.238,t2_squeezenet,41607.007,92.153,499,0
160.333,t2_squeezenet,41682.421,94.998,498,0
160.405,t2_squeezenet,41615.327,72.373,500,0
160.451,t2_squeezenet,41527.041,45.567,500,0
160.539,t2_squeezenet,41491.712,88.054,500,0
160.634,t2_squeezenet,41579.318,95.102,500,0
160.729,t2_squeezenet,41647.205,94.339,500,0
160.772,t2_squeezenet,41557.662,43.494,500,0
160.860,t2_squeezenet,41607.961,87.844,500,0
160.954,t2_squeezenet,41536.922,93.647,500,0
161.046,t2_squeezenet,41565.330,92.659,500,0
161.144,t2_squeezenet,41655.412,97.942,500,0
161.235,t2_squeezenet,41653.489,90.957,500,0
161.328,t2_squeezenet,41574.290,92.766,500,0
161.372,t2_squeezenet,41534.421,43.306,500,0
161.449,t2_squeezenet,41603.248,77.265,499,0
161.538,t2_squeezenet,41618.695,88.520,500,0
161.632,t2_squeezenet,41669.057,94.568,500,0
161.727,t2_squeezenet,41668.048,95.187,500,0
161.769,t2_squeezenet,41596.660,41.691,500,0
161.859,t2_squeezenet,41615.823,89.406,500,0
161.953,t2_squeezenet,41603.936,94.765,500,0
162.046,t2_squeezenet,41653.235,93.123,500,0
162.141,t2_squeezenet,41526.806,94.008,499,0
162.238,t2_squeezenet,41608.861,97.120,500,0
162.330,t2_squeezenet,41652.582,92.300,500,0
162.374,t2_squeezenet,41668.920,43.800,500,0
162.446,t2_squeezenet,41672.395,72.583,499,0
162.536,t2_squeezenet,41659.422,89.577,500,0
162.630,t2_squeezenet,41690.228,94.213,500,0
162.672,t2_squeezenet,41594.922,41.984,499,0
162.765,t2_squeezenet,41608.351,92.317,500,0
162.856,t2_squeezenet,41618.287,91.122,500,0
162.949,t2_squeezenet,41605.233,93.272,500,0
163.041,t2_squeezenet,41514.874,91.634,500,0
163.138,t2_squeezenet,41603.268,96.740,500,0
163.232,t2_squeezenet,41674.766,93.756,500,0
163.272,t2_squeezenet,41664.066,40.902,500,0
163.362,t2_squeezenet,41702.924,89.330,500,0
163.436,t2_squeezenet,41691.383,73.904,500,0
163.532,t2_squeezenet,41633.305,95.824,500,0
163.574,t2_squeezenet,41642.615,42.507,499,0
163.666,t2_squeezenet,41661.924,91.889,500,0
163.758,t2_squeezenet,41627.579,91.666,499,0
163.851,t2_squeezenet,41689.764,93.030,500,0
163.943,t2_squeezenet,41582.070,91.983,500,0
164.035,t2_squeezenet,41655.572,91.526,500,0
164.131,t2_squeezenet,41692.051,96.451,500,0
164.227,t2_squeezenet,41764.205,95.537,500,0
164.267,t2_squeezenet,41678.006,40.066,499,0
164.355,t2_squeezenet,41692.120,88.048,500,0
164.425,t2_squeezenet,41627.990,70.245,500,0
164.475,t2_squeezenet,41658.988,49.703,500,0
164.565,t2_squeezenet,41691.900,89.592,500,0
164.655,t2_squeezenet,41662.744,90.157,500,0
164.750,t2_squeezenet,41673.918,94.956,500,0
164.845,t2_squeezenet,41690.082,94.982,500,0
164.940,t2_squeezenet,41642.329,95.244,500,0
165.030,t2_squeezenet,41690.639,90.194,500,0
165.072,t2_squeezenet,41545.525,41.459,500,0
165.168,t2_squeezenet,41609.112,96.400,500,0
165.262,t2_squeezenet,41700.942,93.707,499,0
165.355,t2_squeezenet,41642.763,93.489,500,0
165.426,t2_squeezenet,41692.610,70.142,500,0
165.473,t2_squeezenet,41667.413,46.993,500,0
165.565,t2_squeezenet,41705.827,92.750,500,0
165.659,t2_squeezenet,41684.078,93.220,500,0
165.750,t2_squeezenet,41629.639,91.647,499,0
165.842,t2_squeezenet,41696.042,91.722,500,0
165.939,t2_squeezenet,41667.279,96.499,500,0
166.028,t2_squeezenet,41683.557,89.483,500,0
166.069,t2_squeezenet,41693.282,41.088,499,0
166.165,t2_squeezenet,41694.822,95.684,500,0
166.260,t2_squeezenet,41726.501,94.818,500,0
166.353,t2_squeezenet,41725.798,93.291,500,0
166.423,t2_squeezenet,41686.573,69.572,499,0
166.468,t2_squeezenet,41628.025,45.168,499,0
166.567,t2_squeezenet,41677.744,98.650,499,0
166.658,t2_squeezenet,41656.525,90.940,500,0
166.754,t2_squeezenet,41693.765,96.073,500,0
166.844,t2_squeezenet,41672.666,89.712,500,0
166.944,t2_squeezenet,41686.127,100.682,500,0
167.041,t2_squeezenet,41701.496,96.862,500,0
167.133,t2_squeezenet,41687.030,91.804,500,0
167.231,t2_squeezenet,41700.895,97.746,500,0
167.332,t2_squeezenet,41782.358,101.152,500,0
167.404,t2_squeezenet,41747.449,71.906,500,0
167.447,t2_squeezenet,41770.375,43.121,500,0
167.538,t2_squeezenet,41746.973,91.216,500,0
167.636,t2_squeezenet,41753.414,97.567,500,0
167.730,t2_squeezenet,41778.692,93.627,500,0
167.826,t2_squeezenet,41688.087,96.643,499,0
167.866,t2_squeezenet,41563.895,40.035,500,0
167.962,t2_squeezenet,41511.583,95.214,500,0
168.057,t2_squeezenet,41581.064,95.189,500,0
168.148,t2_squeezenet,41656.615,90.850,500,0
168.243,t2_squeezenet,41749.053,94.743,500,0
168.339,t2_squeezenet,41627.244,96.172,500,0
168.407,t2_squeezenet,41694.836,68.043,500,0
168.450,t2_squeezenet,41730.473,43.369,500,0
168.543,t2_squeezenet,41684.381,92.719,500,0
168.635,t2_squeezenet,41763.209,91.705,500,0
168.735,t2_squeezenet,41752.118,100.272,499,0
168.827,t2_squeezenet,41756.233,91.937,500,0
168.869,t2_squeezenet,41721.282,41.979,499,0
168.966,t2_squeezenet,41722.725,96.979,500,0
169.062,t2_squeezenet,41730.266,95.440,500,0
169.157,t2_squeezenet,41715.062,95.059,500,0
169.249,t2_squeezenet,41732.022,91.688,500,0
169.339,t2_squeezenet,41674.983,90.705,500,0
169.417,t2_squeezenet,41680.451,77.686,500,0
169.461,t2_squeezenet,41703.094,44.139,500,0
169.554,t2_squeezenet,41733.020,92.127,500,0
169.647,t2_squeezenet,41643.944,93.200,499,0
169.745,t2_squeezenet,41737.568,98.253,500,0
169.837,t2_squeezenet,41738.990,91.686,500,0
169.933,t2_squeezenet,41791.215,96.170,500,0
170.029,t2_squeezenet,41558.741,95.450,500,0
170.128,t2_squeezenet,41657.724,99.225,500,0
170.170,t2_squeezenet,41671.639,41.761,500,0
170.259,t2_squeezenet,41714.948,89.079,500,0
170.350,t2_squeezenet,41737.324,90.994,500,0
170.428,t2_squeezenet,41778.621,78.236,500,0
170.474,t2_squeezenet,41680.780,45.766,499,0
170.564,t2_squeezenet,41716.465,90.179,500,0
170.660,t2_squeezenet,41712.349,96.012,500,0
170.753,t2_squeezenet,41717.362,92.552,500,0
170.844,t2_squeezenet,41738.759,91.669,500,0
170.938,t2_squeezenet,41708.249,93.973,500,0
171.032,t2_squeezenet,41671.467,93.622,500,0
171.130,t2_squeezenet,41747.325,97.538,500,0
171.173,t2_squeezenet,41698.560,43.373,500,0
171.261,t2_squeezenet,41701.785,88.308,500,0
171.353,t2_squeezenet,41722.478,91.423,500,0
171.428,t2_squeezenet,41746.962,75.278,500,0
171.476,t2_squeezenet,41714.136,47.807,499,0
171.563,t2_squeezenet,41681.004,87.127,498,0
171.655,t2_squeezenet,41664.256,91.599,500,0
171.752,t2_squeezenet,41627.769,97.035,499,0
171.844,t2_squeezenet,41644.480,92.374,499,0
171.940,t2_squeezenet,41636.162,95.461,500,0
172.031,t2_squeezenet,41621.268,90.585,500,0
172.128,t2_squeezenet,41698.820,96.872,500,0
172.171,t2_squeezenet,41678.998,43.047,500,0
172.261,t2_squeezenet,41709.311,90.207,500,0
172.353,t2_squeezenet,41629.412,92.264,499,0
172.427,t2_squeezenet,41375.026,73.768,499,0
172.474,t2_squeezenet,41331.397,47.196,499,0
172.563,t2_squeezenet,41311.525,89.087,500,0
172.652,t2_squeezenet,41309.165,89.036,499,0
172.745,t2_squeezenet,41398.308,92.058,498,0
172.839,t2_squeezenet,41491.450,94.692,500,0
172.929,t2_squeezenet,41528.660,90.108,500,0
172.969,t2_squeezenet,41518.585,39.520,500,0
173.061,t2_squeezenet,41588.458,92.219,500,0
173.156,t2_squeezenet,41650.897,94.499,500,0
173.249,t2_squeezenet,41615.190,93.526,500,0
173.342,t2_squeezenet,41686.016,92.618,500,0
173.412,t2_squeezenet,41620.853,69.864,500,0
173.460,t2_squeezenet,41448.445,48.140,500,0
173.551,t2_squeezenet,41505.976,91.410,500,0
173.641,t2_squeezenet,41585.959,89.427,500,0
173.733,t2_squeezenet,41570.418,91.636,499,0
173.827,t2_squeezenet,41536.285,94.817,500,0
173.870,t2_squeezenet,41575.354,42.858,500,0
173.962,t2_squeezenet,41537.826,91.875,500,0
174.054,t2_squeezenet,41589.342,91.248,500,0
174.148,t2_squeezenet,41420.929,94.035,499,0
174.243,t2_squeezenet,41410.178,95.068,499,0
174.334,t2_squeezenet,41472.035,91.307,500,0
174.406,t2_squeezenet,41507.893,71.421,500,0
174.455,t2_squeezenet,41136.040,49.470,500,0
174.549,t2_squeezenet,41228.718,93.331,500,0
174.639,t2_squeezenet,41301.646,90.138,500,0
174.732,t2_squeezenet,41387.942,93.280,499,0
174.826,t2_squeezenet,41300.282,94.232,500,0
174.868,t2_squeezenet,41338.270,41.471,500,0
174.961,t2_squeezenet,41367.241,93.069,500,0
175.052,t2_squeezenet,41440.872,91.205,500,0
175.146,t2_squeezenet,41465.466,93.947,500,0
175.243,t2_squeezenet,41480.355,97.067,500,0
175.338,t2_squeezenet,41563.145,95.089,500,0
175.406,t2_squeezenet,41598.150,67.209,500,0
175.452,t2_squeezenet,41545.511,46.259,499,0
175.547,t2_squeezenet,41515.295,94.720,499,0
175.641,t2_squeezenet,41569.782,94.510,500,0
175.736,t2_squeezenet,41571.632,94.667,500,0
175.829,t2_squeezenet,41567.831,93.208,500,0
175.928,t2_squeezenet,41494.358,98.629,500,0
175.974,t2_squeezenet,41440.162,45.587,500,0
176.064,t2_squeezenet,41460.966,90.329,500,0
176.160,t2_squeezenet,41534.845,96.314,500,0
176.255,t2_squeezenet,41510.928,94.475,500,0
176.355,t2_squeezenet,41572.062,99.680,500,0
176.425,t2_squeezenet,41557.520,70.633,500,0
176.469,t2_squeezenet,41486.577,43.752,500,0
176.563,t2_squeezenet,41513.595,94.105,499,0
176.656,t2_squeezenet,41522.673,93.083,500,0
176.751,t2_squeezenet,41476.615,94.911,500,0
176.842,t2_squeezenet,41544.737,90.955,500,0
176.939,t2_squeezenet,41532.498,96.639,500,0
177.034,t2_squeezenet,41457.880,95.162,500,0
177.133,t2_squeezenet,41523.010,98.569,500,0
177.176,t2_squeezenet,41412.635,43.268,500,0
177.266,t2_squeezenet,41493.653,90.139,500,0
177.359,t2_squeezenet,41563.076,92.619,500,0
177.434,t2_squeezenet,41531.712,74.921,500,0
177.527,t2_squeezenet,41554.774,92.960,499,0
177.567,t2_squeezenet,41515.759,40.133,500,0
177.661,t2_squeezenet,41455.231,93.987,500,0
177.756,t2_squeezenet,41479.194,94.703,500,0
177.847,t2_squeezenet,41320.863,90.882,500,0
177.942,t2_squeezenet,41380.975,95.458,500,0
178.038,t2_squeezenet,41464.345,95.051,500,0
178.134,t2_squeezenet,41545.262,96.497,500,0
178.175,t2_squeezenet,41521.998,41.151,500,0
178.265,t2_squeezenet,41475.220,89.849,500,0
178.363,t2_squeezenet,41445.681,97.320,500,0
178.436,t2_squeezenet,41431.875,73.214,500,0
178.527,t2_squeezenet,41420.530,91.388,500,0
178.566,t2_squeezenet,41422.921,38.739,500,0
178.658,t2_squeezenet,41472.103,91.609,500,0
178.755,t2_squeezenet,41475.792,96.936,500,0
178.846,t2_squeezenet,41480.241,91.636,500,0
178.939,t2_squeezenet,41475.049,93.089,500,0
179.031,t2_squeezenet,41388.797,91.636,500,0
179.128,t2_squeezenet,41430.403,97.326,499,0
179.171,t2_squeezenet,41460.652,42.060,500,0
179.262,t2_squeezenet,41471.706,91.710,500,0
179.357,t2_squeezenet,41501.673,94.425,500,0
179.432,t2_squeezenet,41484.607,74.750,499,0
179.476,t2_squeezenet,41398.794,44.644,498,0
179.568,t2_squeezenet,41292.765,92.029,498,0
179.667,t2_squeezenet,41308.712,98.218,497,0
179.759,t2_squeezenet,41390.189,92.633,500,0
179.853,t2_squeezenet,41450.804,93.851,500,0
179.947,t2_squeezenet,41479.278,93.662,500,0
180.038,t2_squeezenet,41527.602,91.190,500,0
180.133,t2_squeezenet,41501.584,95.173,500,0
180.227,t2_squeezenet,41520.566,93.584,500,0
180.268,t2_squeezenet,41446.811,40.785,500,0
180.362,t2_squeezenet,41484.826,93.591,500,0
180.436,t2_squeezenet,41433.259,74.712,500,0
180.532,t2_squeezenet,41444.871,95.129,500,0
180.627,t2_squeezenet,41386.647,95.857,500,0
180.671,t2_squeezenet,41422.196,43.785,500,0
180.767,t2_squeezenet,41470.469,95.628,500,0
180.864,t2_squeezenet,41495.764,97.459,500,0
180.953,t2_squeezenet,41485.821,88.360,499,0
181.043,t2_squeezenet,41542.587,90.475,500,0
181.142,t2_squeezenet,41537.731,98.759,500,0
181.239,t2_squeezenet,41582.902,96.433,500,0
181.335,t2_squeezenet,41576.491,95.899,500,0
181.404,t2_squeezenet,41549.545,69.822,500,0
181.453,t2_squeezenet,41507.529,48.753,500,0
181.548,t2_squeezenet,41508.543,94.643,500,0
181.645,t2_squeezenet,41559.173,97.041,500,0
181.739,t2_squeezenet,41566.653,93.496,500,0
181.836,t2_squeezenet,41495.430,96.910,500,0
181.932,t2_squeezenet,41523.206,96.630,500,0
182.028,t2_squeezenet,41554.251,95.727,500,0
182.070,t2_squeezenet,41596.390,42.463,499,0
182.160,t2_squeezenet,41601.705,88.960,499,0
182.255,t2_squeezenet,41583.048,95.680,500,0
182.352,t2_squeezenet,41618.282,96.238,500,0
182.406,t2_squeezenet,41513.755,54.701,500,0
182.468,t2_squeezenet,41555.335,61.728,500,0
182.528,t2_squeezenet,41572.627,59.726,500,0
182.595,t2_squeezenet,41457.248,66.701,500,0
182.651,t2_squeezenet,41480.413,56.612,499,0
182.715,t2_squeezenet,41460.102,63.401,499,0
182.774,t2_squeezenet,41477.756,59.605,500,0
182.835,t2_squeezenet,41470.679,60.843,500,0
182.896,t2_squeezenet,41453.381,60.992,500,0
182.956,t2_squeezenet,41347.816,59.729,499,0
183.003,t2_squeezenet,41263.954,47.045,499,0
183.051,t2_squeezenet,41289.807,47.255,498,0
183.096,t2_squeezenet,41252.927,45.293,498,0
183.140,t2_squeezenet,41293.457,44.279,497,0
183.185,t2_squeezenet,41164.379,44.627,500,0
183.231,t2_squeezenet,41070.565,46.269,500,0
183.278,t2_squeezenet,41113.453,46.160,500,0
183.319,t2_squeezenet,41105.327,41.622,499,0
183.362,t2_squeezenet,41103.334,43.174,498,0
183.408,t2_squeezenet,40983.160,45.482,498,0
183.455,t2_squeezenet,40953.233,46.868,497,0
183.499,t2_squeezenet,40960.359,44.277,498,0
183.543,t2_squeezenet,41001.806,43.895,498,0
183.589,t2_squeezenet,40883.481,45.443,500,0
183.637,t2_squeezenet,40816.652,48.511,500,0
183.682,t2_squeezenet,40859.815,45.020,500,0
183.726,t2_squeezenet,40859.700,43.224,500,0
183.770,t2_squeezenet,40815.744,44.900,500,0
183.818,t2_squeezenet,40758.710,47.206,500,0
183.862,t2_squeezenet,40705.145,44.289,500,0
183.906,t2_squeezenet,40610.931,44.261,499,0
183.953,t2_squeezenet,40656.942,46.861,498,0
184.000,t2_squeezenet,40597.131,46.971,499,0
184.050,t2_squeezenet,40581.111,49.152,498,0
184.092,t2_squeezenet,40548.543,42.246,498,0
184.136,t2_squeezenet,40498.294,44.101,498,0
184.185,t2_squeezenet,40502.117,48.979,497,0
184.231,t2_squeezenet,40299.803,45.621,496,0
184.271,t2_squeezenet,40336.970,40.552,495,0
184.319,t2_squeezenet,40281.438,47.523,496,0
184.363,t2_squeezenet,40312.318,43.806,496,0
184.411,t2_squeezenet,40331.295,48.598,499,0
184.455,t2_squeezenet,40075.453,43.992,498,0
184.500,t2_squeezenet,40106.934,44.019,497,0
184.547,t2_squeezenet,40141.794,47.603,496,0
184.596,t2_squeezenet,40165.747,49.062,498,0
184.639,t2_squeezenet,40155.190,43.045,498,0
184.685,t2_squeezenet,40081.689,45.444,497,0
184.732,t2_squeezenet,40064.232,46.651,496,0
184.778,t2_squeezenet,40018.770,46.258,496,0
184.825,t2_squeezenet,39968.492,46.931,496,0
184.867,t2_squeezenet,39916.857,42.258,496,0
184.912,t2_squeezenet,39838.002,45.326,496,0
184.961,t2_squeezenet,39761.090,48.125,498,0
185.006,t2_squeezenet,39791.195,44.850,498,0
