t_s,tenant,latency_ms,service_ms,qdepth,warmup
0.142,t2_squeezenet,48.507,45.327,2,1
0.183,t2_squeezenet,62.068,41.046,2,1
0.228,t2_squeezenet,91.962,44.932,1,1
0.274,t2_squeezenet,92.438,46.184,1,1
0.321,t2_squeezenet,88.408,46.397,0,1
0.395,t2_squeezenet,47.303,43.278,0,1
0.566,t2_squeezenet,43.382,39.349,1,1
0.598,t2_squeezenet,51.630,32.219,0,1
0.688,t2_squeezenet,48.395,43.881,0,1
0.777,t2_squeezenet,46.025,43.199,1,1
0.822,t2_squeezenet,68.914,45.252,1,1
0.866,t2_squeezenet,47.050,43.628,0,1
0.922,t2_squeezenet,43.265,41.180,0,1
1.001,t2_squeezenet,52.798,48.636,1,1
1.041,t2_squeezenet,40.688,39.261,2,1
1.074,t2_squeezenet,55.217,33.539,1,1
1.104,t2_squeezenet,64.040,30.005,1,1
1.142,t2_squeezenet,60.436,37.380,1,1
1.172,t2_squeezenet,52.398,29.921,2,1
1.203,t2_squeezenet,57.659,31.700,3,1
1.238,t2_squeezenet,75.450,34.905,3,1
1.274,t2_squeezenet,81.527,36.178,3,1
1.310,t2_squeezenet,115.105,35.147,4,1
1.345,t2_squeezenet,131.868,35.202,3,1
1.381,t2_squeezenet,122.935,36.505,2,1
1.416,t2_squeezenet,124.145,34.851,2,1
1.456,t2_squeezenet,159.973,39.499,1,1
1.487,t2_squeezenet,80.691,31.721,0,1
1.543,t2_squeezenet,41.601,40.608,0,1
1.620,t2_squeezenet,52.248,48.301,0,1
1.727,t2_squeezenet,37.498,33.633,0,1
1.942,t2_squeezenet,47.516,43.358,1,1
1.973,t2_squeezenet,67.007,30.299,0,1
2.142,t2_squeezenet,34.435,32.232,0,1
2.432,t2_squeezenet,63.867,62.721,2,1
2.486,t2_squeezenet,116.895,54.224,1,1
2.534,t2_squeezenet,122.011,47.636,0,1
2.823,t2_squeezenet,52.910,50.922,3,1
2.873,t2_squeezenet,98.894,50.220,3,1
2.921,t2_squeezenet,117.383,48.073,2,1
2.961,t2_squeezenet,148.545,39.649,3,1
3.032,t2_squeezenet,174.020,71.073,2,1
3.065,t2_squeezenet,123.697,32.898,1,1
3.136,t2_squeezenet,175.911,71.375,1,1
3.212,t2_squeezenet,99.817,75.171,1,1
3.242,t2_squeezenet,86.596,30.759,2,1
3.313,t2_squeezenet,99.534,70.198,2,1
3.356,t2_squeezenet,142.582,43.880,3,1
3.435,t2_squeezenet,190.715,77.972,4,1
3.517,t2_squeezenet,195.109,82.545,6,1
3.561,t2_squeezenet,209.166,44.244,6,1
3.646,t2_squeezenet,275.045,84.840,6,1
3.728,t2_squeezenet,306.628,81.747,5,1
3.813,t2_squeezenet,370.784,84.444,4,1
3.855,t2_squeezenet,395.899,42.239,4,1
3.929,t2_squeezenet,419.638,73.897,4,1
4.012,t2_squeezenet,459.306,83.121,3,1
4.057,t2_squeezenet,446.956,44.921,3,1
4.135,t2_squeezenet,308.414,77.474,3,1
4.219,t2_squeezenet,347.020,84.583,3,1
4.262,t2_squeezenet,244.171,43.211,3,1
4.345,t2_squeezenet,244.723,82.198,4,1
4.423,t2_squeezenet,211.454,78.723,3,1
4.510,t2_squeezenet,257.873,86.195,4,1
4.555,t2_squeezenet,286.169,44.860,4,1
4.638,t2_squeezenet,303.078,83.074,5,1
4.721,t2_squeezenet,271.500,83.299,7,1
4.761,t2_squeezenet,271.929,40.101,6,1
4.842,t2_squeezenet,331.194,80.696,6,1
4.917,t2_squeezenet,349.412,75.200,7,1
4.965,t2_squeezenet,345.566,48.068,7,1
5.042,t2_squeezenet,375.906,76.880,9,1
5.122,t2_squeezenet,435.585,79.396,9,1
5.165,t2_squeezenet,445.975,43.194,9,1
5.249,t2_squeezenet,463.846,83.714,9,1
5.326,t2_squeezenet,451.845,77.632,11,1
5.371,t2_squeezenet,459.203,45.061,11,1
5.453,t2_squeezenet,514.243,81.993,12,1
5.536,t2_squeezenet,539.130,82.063,13,1
5.614,t2_squeezenet,616.282,78.748,14,1
5.654,t2_squeezenet,621.569,39.724,15,1
5.734,t2_squeezenet,668.423,79.699,14,1
5.817,t2_squeezenet,664.786,83.081,13,1
5.864,t2_squeezenet,685.182,47.327,14,1
5.934,t2_squeezenet,670.631,69.335,15,1
6.013,t2_squeezenet,749.078,79.580,17,1
6.055,t2_squeezenet,784.879,42.109,16,1
6.137,t2_squeezenet,795.837,81.076,16,1
6.216,t2_squeezenet,837.222,79.865,16,1
6.261,t2_squeezenet,837.790,44.043,15,1
6.345,t2_squeezenet,854.044,84.542,14,1
6.426,t2_squeezenet,931.569,80.964,15,1
6.509,t2_squeezenet,962.422,83.151,18,1
6.548,t2_squeezenet,991.740,38.516,18,1
6.628,t2_squeezenet,1013.501,79.947,18,1
6.711,t2_squeezenet,1088.189,83.241,19,1
6.757,t2_squeezenet,926.221,45.813,21,1
6.839,t2_squeezenet,978.742,82.086,21,1
6.912,t2_squeezenet,1027.910,72.989,20,1
6.953,t2_squeezenet,1020.936,40.964,19,1
7.033,t2_squeezenet,1094.799,80.031,18,1
7.113,t2_squeezenet,1137.210,79.693,18,1
7.156,t2_squeezenet,1153.233,43.273,17,1
7.240,t2_squeezenet,1127.615,83.543,18,1
7.323,t2_squeezenet,1179.353,83.216,17,1
7.365,t2_squeezenet,1020.014,41.994,16,1
7.442,t2_squeezenet,1045.640,76.494,15,1
7.521,t2_squeezenet,1090.893,79.106,16,1
7.570,t2_squeezenet,1132.898,48.608,15,1
7.651,t2_squeezenet,1210.650,81.759,18,1
7.729,t2_squeezenet,1229.470,77.538,17,1
7.811,t2_squeezenet,1280.520,81.972,17,1
7.855,t2_squeezenet,1243.239,43.672,19,1
7.921,t2_squeezenet,1239.002,66.524,19,1
7.965,t2_squeezenet,1254.838,43.473,18,1
8.045,t2_squeezenet,1314.557,80.469,17,1
8.122,t2_squeezenet,1384.327,76.710,18,1
8.210,t2_squeezenet,1472.221,88.317,20,1
8.251,t2_squeezenet,1463.067,41.043,20,1
8.327,t2_squeezenet,1217.006,75.051,19,1
8.370,t2_squeezenet,1147.992,43.152,18,1
8.453,t2_squeezenet,1214.211,82.917,23,1
8.535,t2_squeezenet,1079.149,82.714,24,1
8.613,t2_squeezenet,1132.086,77.755,24,1
8.654,t2_squeezenet,1082.181,40.532,23,1
8.733,t2_squeezenet,1149.746,79.168,28,1
8.822,t2_squeezenet,1224.423,89.028,27,1
8.865,t2_squeezenet,1251.584,43.020,26,1
8.937,t2_squeezenet,1186.369,71.976,27,1
9.016,t2_squeezenet,1182.224,79.022,30,1
9.062,t2_squeezenet,1226.063,45.651,29,1
9.140,t2_squeezenet,1299.740,78.434,29,1
9.223,t2_squeezenet,1368.452,82.978,30,1
9.267,t2_squeezenet,1185.284,43.248,30,1
9.349,t2_squeezenet,1267.748,82.626,29,1
9.430,t2_squeezenet,1250.611,80.853,31,1
9.512,t2_squeezenet,1319.789,81.838,31,1
9.552,t2_squeezenet,1359.658,40.250,30,1
9.632,t2_squeezenet,1389.739,79.570,29,1
9.714,t2_squeezenet,1342.782,81.928,28,1
9.759,t2_squeezenet,1385.734,44.802,27,1
9.841,t2_squeezenet,1455.351,81.665,28,1
9.918,t2_squeezenet,1508.471,77.123,28,1
9.965,t2_squeezenet,1524.444,47.275,27,1
10.043,t2_squeezenet,1598.726,77.615,26,1
10.121,t2_squeezenet,1635.967,77.768,25,1
10.165,t2_squeezenet,1676.599,43.954,26,1
10.249,t2_squeezenet,1681.608,84.332,25,1
10.331,t2_squeezenet,1677.001,81.915,27,1
10.411,t2_squeezenet,1747.296,80.238,29,1
10.451,t2_squeezenet,1770.939,39.545,29,1
10.536,t2_squeezenet,1856.035,85.170,29,1
10.616,t2_squeezenet,1931.768,80.011,30,1
10.661,t2_squeezenet,1939.188,45.318,29,1
10.743,t2_squeezenet,1833.995,81.812,28,1
10.824,t2_squeezenet,1909.935,80.429,28,1
10.871,t2_squeezenet,1930.297,47.215,27,1
10.942,t2_squeezenet,1974.867,70.852,29,1
11.018,t2_squeezenet,2007.940,75.863,32,1
11.061,t2_squeezenet,2045.544,42.689,32,1
11.141,t2_squeezenet,2076.693,80.355,31,1
11.222,t2_squeezenet,2068.866,81.088,30,1
11.266,t2_squeezenet,2103.084,43.605,31,1
11.346,t2_squeezenet,2081.639,80.038,31,1
11.425,t2_squeezenet,2066.198,78.732,34,1
11.470,t2_squeezenet,2094.402,45.126,33,1
11.547,t2_squeezenet,2154.048,77.537,32,1
11.622,t2_squeezenet,2139.484,75.002,33,1
11.668,t2_squeezenet,1876.230,45.377,34,1
11.748,t2_squeezenet,1931.851,79.916,34,1
11.831,t2_squeezenet,1964.710,83.255,35,1
11.872,t2_squeezenet,1726.318,40.521,34,1
11.939,t2_squeezenet,1791.595,67.743,35,1
12.022,t2_squeezenet,1757.210,82.201,36,1
12.111,t2_squeezenet,1804.761,89.296,35,1
12.152,t2_squeezenet,1837.165,40.670,34,1
12.229,t2_squeezenet,1876.008,77.244,34,1
12.310,t2_squeezenet,1938.657,81.316,35,1
12.353,t2_squeezenet,1951.119,42.202,37,1
12.431,t2_squeezenet,2006.441,78.395,38,1
12.511,t2_squeezenet,2009.696,79.517,38,1
12.555,t2_squeezenet,2018.511,44.808,37,1
12.638,t2_squeezenet,2074.436,82.285,37,1
12.720,t2_squeezenet,1912.034,81.972,38,1
12.760,t2_squeezenet,1851.101,40.537,39,1
12.854,t2_squeezenet,1925.699,93.473,38,1
12.930,t2_squeezenet,1997.301,75.996,39,1
13.011,t2_squeezenet,2068.948,81.044,38,1
13.050,t2_squeezenet,2077.325,39.288,38,1
13.135,t2_squeezenet,2150.758,84.139,38,1
13.218,t2_squeezenet,2225.427,83.328,40,1
13.264,t2_squeezenet,2206.550,46.280,40,1
13.347,t2_squeezenet,2103.498,82.640,42,1
13.428,t2_squeezenet,2178.788,80.945,42,1
13.510,t2_squeezenet,2230.118,82.379,43,1
13.555,t2_squeezenet,2188.764,44.913,43,1
13.636,t2_squeezenet,2260.650,81.044,43,1
13.717,t2_squeezenet,2325.261,80.884,45,1
13.762,t2_squeezenet,2364.021,44.581,44,1
13.851,t2_squeezenet,2266.567,89.387,45,1
13.922,t2_squeezenet,2329.966,70.443,47,1
13.964,t2_squeezenet,2331.239,41.862,46,1
14.044,t2_squeezenet,2399.656,79.972,48,1
14.126,t2_squeezenet,2416.932,82.014,50,1
14.213,t2_squeezenet,2461.572,87.026,49,1
14.256,t2_squeezenet,2446.329,42.526,48,1
14.340,t2_squeezenet,2468.189,84.329,50,1
14.423,t2_squeezenet,2507.257,83.251,50,1
14.512,t2_squeezenet,2564.059,88.297,52,1
14.553,t2_squeezenet,2541.512,41.186,52,1
14.636,t2_squeezenet,2425.309,82.954,54,1
14.719,t2_squeezenet,2471.224,83.169,54,1
14.766,t2_squeezenet,2485.336,47.176,53,1
14.849,t2_squeezenet,2524.860,82.405,53,1
14.921,t2_squeezenet,2583.194,71.923,53,1
14.964,t2_squeezenet,2616.787,43.221,53,1
15.049,t2_squeezenet,2680.428,84.810,52,1
15.135,t2_squeezenet,2709.554,85.928,52,1
15.213,t2_squeezenet,2752.197,78.066,54,1
15.257,t2_squeezenet,2677.102,43.920,54,1
15.337,t2_squeezenet,2628.231,80.675,56,1
15.425,t2_squeezenet,2708.482,87.695,56,1
15.512,t2_squeezenet,2789.899,86.402,56,1
15.554,t2_squeezenet,2815.314,42.032,55,1
15.635,t2_squeezenet,2775.393,81.389,55,1
15.721,t2_squeezenet,2850.230,85.842,56,1
15.769,t2_squeezenet,2732.607,47.989,55,1
15.846,t2_squeezenet,2715.126,76.515,55,1
15.920,t2_squeezenet,2781.375,73.903,56,1
15.965,t2_squeezenet,2791.421,45.255,56,1
16.052,t2_squeezenet,2839.383,87.230,57,1
16.136,t2_squeezenet,2896.565,83.388,57,1
16.214,t2_squeezenet,2894.901,78.150,58,1
16.257,t2_squeezenet,2928.053,42.725,57,1
16.340,t2_squeezenet,3000.119,83.776,58,1
16.426,t2_squeezenet,3024.395,85.311,59,1
16.509,t2_squeezenet,3053.335,83.734,59,1
16.554,t2_squeezenet,3055.974,44.207,58,1
16.637,t2_squeezenet,3122.473,83.597,59,1
16.722,t2_squeezenet,3133.676,84.830,60,1
16.763,t2_squeezenet,3107.028,40.724,61,1
16.844,t2_squeezenet,3180.097,81.351,60,1
16.917,t2_squeezenet,3226.718,72.575,61,1
16.965,t2_squeezenet,3168.285,47.900,60,1
17.050,t2_squeezenet,3251.082,84.980,62,1
17.132,t2_squeezenet,3279.269,81.857,62,1
17.213,t2_squeezenet,3346.884,80.861,61,1
17.256,t2_squeezenet,3357.819,42.785,61,1
17.341,t2_squeezenet,3366.504,85.308,60,1
17.424,t2_squeezenet,3409.281,83.139,62,1
17.511,t2_squeezenet,3482.634,86.250,67,1
17.554,t2_squeezenet,3490.253,43.671,66,1
17.640,t2_squeezenet,3554.467,86.192,65,1
17.721,t2_squeezenet,3634.017,80.870,64,1
17.762,t2_squeezenet,3497.600,40.535,65,1
17.847,t2_squeezenet,3540.084,85.430,66,1
17.923,t2_squeezenet,3590.316,75.274,65,1
18.010,t2_squeezenet,3623.214,87.697,64,1
18.050,t2_squeezenet,3570.081,39.893,63,1
18.135,t2_squeezenet,3645.966,84.636,64,1
18.219,t2_squeezenet,3722.397,83.690,64,1
18.264,t2_squeezenet,3731.282,45.586,65,1
18.347,t2_squeezenet,3767.037,82.779,64,1
18.431,t2_squeezenet,3802.423,83.811,64,1
18.517,t2_squeezenet,3884.598,85.431,64,1
18.562,t2_squeezenet,3895.273,45.607,64,1
18.646,t2_squeezenet,3856.884,83.498,65,1
18.727,t2_squeezenet,3876.481,81.390,65,1
18.813,t2_squeezenet,3870.506,86.096,65,1
18.865,t2_squeezenet,3786.260,51.479,66,1
18.933,t2_squeezenet,3763.621,68.571,66,1
19.015,t2_squeezenet,3812.174,81.318,65,1
19.057,t2_squeezenet,3850.941,42.436,64,1
19.142,t2_squeezenet,3910.518,84.419,64,1
19.227,t2_squeezenet,3941.699,84.795,64,1
19.313,t2_squeezenet,4005.512,86.418,63,1
19.356,t2_squeezenet,4032.117,43.097,64,1
19.442,t2_squeezenet,4076.030,85.273,63,1
19.525,t2_squeezenet,4070.060,83.874,62,1
19.610,t2_squeezenet,4010.769,84.357,63,1
19.649,t2_squeezenet,3986.262,39.490,62,1
19.737,t2_squeezenet,4049.946,87.737,63,1
19.828,t2_squeezenet,4042.622,90.439,65,1
19.872,t2_squeezenet,4020.651,44.351,65,1
19.942,t2_squeezenet,4023.428,69.988,66,1
20.024,t2_squeezenet,4070.717,82.141,67,0
20.111,t2_squeezenet,4114.577,86.140,67,0
20.154,t2_squeezenet,4120.951,43.822,66,0
20.237,t2_squeezenet,4130.817,82.493,68,0
20.321,t2_squeezenet,4167.022,83.660,68,0
20.411,t2_squeezenet,4250.366,89.959,69,0
20.457,t2_squeezenet,4193.125,46.316,68,0
20.541,t2_squeezenet,4204.277,83.842,69,0
20.622,t2_squeezenet,4264.957,80.934,71,0
20.667,t2_squeezenet,4260.685,44.954,70,0
20.751,t2_squeezenet,4302.413,83.625,71,0
20.836,t2_squeezenet,4265.904,85.390,70,0
20.878,t2_squeezenet,4283.277,42.009,70,0
20.951,t2_squeezenet,4299.587,73.162,72,0
21.041,t2_squeezenet,4347.795,90.192,72,0
21.127,t2_squeezenet,4388.749,85.890,71,0
21.212,t2_squeezenet,4451.956,84.312,73,0
21.253,t2_squeezenet,4382.650,41.483,76,0
21.341,t2_squeezenet,4436.096,87.783,77,0
21.430,t2_squeezenet,4434.269,89.261,76,0
21.515,t2_squeezenet,4489.413,84.523,77,0
21.558,t2_squeezenet,4518.104,42.907,76,0
21.643,t2_squeezenet,4519.354,85.182,75,0
21.727,t2_squeezenet,4494.979,83.973,75,0
21.818,t2_squeezenet,4465.025,91.269,75,0
21.862,t2_squeezenet,4485.921,43.720,75,0
21.944,t2_squeezenet,4521.006,81.823,77,0
22.027,t2_squeezenet,4600.740,83.290,77,0
22.118,t2_squeezenet,4682.838,90.613,76,0
22.161,t2_squeezenet,4694.259,43.173,77,0
22.247,t2_squeezenet,4778.753,85.329,78,0
22.336,t2_squeezenet,4858.351,89.658,79,0
22.426,t2_squeezenet,4917.046,89.168,79,0
22.516,t2_squeezenet,4781.681,90.435,80,0
22.556,t2_squeezenet,4811.956,40.344,79,0
22.644,t2_squeezenet,4878.657,87.518,79,0
22.731,t2_squeezenet,4889.009,87.015,79,0
22.823,t2_squeezenet,4762.946,92.308,80,0
22.868,t2_squeezenet,4770.142,44.711,80,0
22.947,t2_squeezenet,4732.673,78.712,80,0
23.036,t2_squeezenet,4816.864,88.801,81,0
23.121,t2_squeezenet,4901.481,85.231,81,0
23.163,t2_squeezenet,4811.289,42.243,81,0
23.249,t2_squeezenet,4794.412,85.112,82,0
23.338,t2_squeezenet,4812.176,89.147,83,0
23.429,t2_squeezenet,4825.295,90.929,85,0
23.517,t2_squeezenet,4875.836,88.336,86,0
23.559,t2_squeezenet,4842.817,41.458,87,0
23.641,t2_squeezenet,4900.757,82.745,89,0
23.732,t2_squeezenet,4916.247,90.711,88,0
23.823,t2_squeezenet,4991.963,90.725,88,0
23.865,t2_squeezenet,4984.178,42.504,87,0
23.945,t2_squeezenet,4857.283,79.798,87,0
24.032,t2_squeezenet,4818.177,86.602,88,0
24.120,t2_squeezenet,4785.317,87.636,88,0
24.162,t2_squeezenet,4815.111,42.489,87,0
24.248,t2_squeezenet,4719.048,85.333,87,0
24.335,t2_squeezenet,4738.826,87.160,87,0
24.426,t2_squeezenet,4714.571,91.502,89,0
24.516,t2_squeezenet,4799.458,89.315,91,0
24.557,t2_squeezenet,4818.941,41.578,92,0
24.646,t2_squeezenet,4903.187,88.125,92,0
24.735,t2_squeezenet,4991.012,89.113,93,0
24.825,t2_squeezenet,4980.763,90.204,93,0
24.869,t2_squeezenet,4968.328,43.583,93,0
24.948,t2_squeezenet,5042.602,79.106,95,0
25.035,t2_squeezenet,5070.778,86.958,98,0
25.123,t2_squeezenet,5099.344,88.036,97,0
25.211,t2_squeezenet,5186.190,88.148,98,0
25.250,t2_squeezenet,5071.695,39.098,99,0
25.338,t2_squeezenet,5135.643,87.480,100,0
25.428,t2_squeezenet,5210.608,90.149,99,0
25.517,t2_squeezenet,5213.143,89.411,100,0
25.558,t2_squeezenet,5233.281,40.477,99,0
25.645,t2_squeezenet,5235.131,86.941,98,0
25.733,t2_squeezenet,5207.107,87.836,98,0
25.825,t2_squeezenet,5284.462,92.407,101,0
25.869,t2_squeezenet,5300.142,43.859,103,0
25.948,t2_squeezenet,5370.402,78.435,105,0
26.033,t2_squeezenet,5413.981,85.659,105,0
26.120,t2_squeezenet,5453.022,86.990,106,0
26.211,t2_squeezenet,5542.224,90.488,109,0
26.250,t2_squeezenet,5379.003,38.805,109,0
26.337,t2_squeezenet,5458.156,86.831,112,0
26.426,t2_squeezenet,5510.247,88.957,111,0
26.515,t2_squeezenet,5582.569,89.319,111,0
26.559,t2_squeezenet,5549.266,43.777,111,0
26.647,t2_squeezenet,5501.639,88.045,114,0
26.736,t2_squeezenet,5558.210,88.831,113,0
26.827,t2_squeezenet,5617.779,90.799,112,0
26.869,t2_squeezenet,5653.889,42.304,111,0
26.947,t2_squeezenet,5728.989,78.476,111,0
27.034,t2_squeezenet,5810.707,87.005,112,0
27.122,t2_squeezenet,5892.658,87.261,112,0
27.212,t2_squeezenet,5941.229,90.173,114,0
27.250,t2_squeezenet,5930.220,37.973,113,0
27.336,t2_squeezenet,5896.426,86.184,114,0
27.426,t2_squeezenet,5945.091,90.116,116,0
27.516,t2_squeezenet,5863.281,89.868,116,0
27.561,t2_squeezenet,5803.787,44.176,116,0
27.646,t2_squeezenet,5826.183,85.561,115,0
27.736,t2_squeezenet,5841.532,89.746,114,0
27.826,t2_squeezenet,5909.305,90.118,115,0
27.870,t2_squeezenet,5931.027,43.736,115,0
27.942,t2_squeezenet,5944.403,71.788,116,0
28.030,t2_squeezenet,5892.776,87.672,119,0
28.121,t2_squeezenet,5968.296,91.244,119,0
28.211,t2_squeezenet,5995.603,90.548,121,0
28.251,t2_squeezenet,6029.598,40.069,122,0
28.336,t2_squeezenet,6062.147,84.866,121,0
28.426,t2_squeezenet,6151.614,89.921,123,0
28.519,t2_squeezenet,6168.549,92.125,124,0
28.562,t2_squeezenet,6056.369,43.747,123,0
28.649,t2_squeezenet,6138.858,86.559,122,0
28.737,t2_squeezenet,6122.195,87.558,122,0
28.824,t2_squeezenet,6156.546,86.998,122,0
28.867,t2_squeezenet,6131.124,43.075,124,0
28.937,t2_squeezenet,6129.498,70.503,124,0
29.026,t2_squeezenet,6195.488,88.464,124,0
29.115,t2_squeezenet,6216.332,89.515,124,0
29.160,t2_squeezenet,6198.257,44.795,123,0
29.245,t2_squeezenet,6226.426,84.428,124,0
29.325,t2_squeezenet,6253.587,80.592,124,0
29.415,t2_squeezenet,6285.757,89.968,125,0
29.510,t2_squeezenet,6269.989,94.801,126,0
29.550,t2_squeezenet,6304.846,39.910,125,0
29.640,t2_squeezenet,6319.572,90.485,128,0
29.727,t2_squeezenet,6399.679,86.213,127,0
29.813,t2_squeezenet,6452.395,85.972,129,0
29.859,t2_squeezenet,6477.101,46.120,128,0
29.929,t2_squeezenet,6531.624,70.087,128,0
30.019,t2_squeezenet,6571.416,89.633,128,0
30.110,t2_squeezenet,6634.565,91.296,129,0
30.154,t2_squeezenet,6625.446,44.435,130,0
30.240,t2_squeezenet,6687.739,85.462,130,0
30.326,t2_squeezenet,6739.218,85.641,130,0
30.415,t2_squeezenet,6811.695,89.442,130,0
30.463,t2_squeezenet,6854.964,47.628,129,0
30.548,t2_squeezenet,6758.753,84.986,129,0
30.632,t2_squeezenet,6722.748,84.083,129,0
30.722,t2_squeezenet,6693.776,89.787,129,0
30.811,t2_squeezenet,6780.668,89.558,128,0
30.855,t2_squeezenet,6802.412,43.488,127,0
30.928,t2_squeezenet,6752.892,72.805,126,0
31.017,t2_squeezenet,6724.597,89.139,126,0
31.062,t2_squeezenet,6723.222,45.333,125,0
31.155,t2_squeezenet,6796.647,92.454,126,0
31.240,t2_squeezenet,6836.799,85.479,127,0
31.330,t2_squeezenet,6895.283,89.164,126,0
31.412,t2_squeezenet,6914.337,82.533,127,0
31.460,t2_squeezenet,6950.452,47.387,127,0
31.547,t2_squeezenet,7022.240,87.117,128,0
31.631,t2_squeezenet,7082.097,84.562,128,0
31.723,t2_squeezenet,7097.162,91.471,129,0
31.812,t2_squeezenet,7159.095,88.997,129,0
31.857,t2_squeezenet,7140.489,44.813,128,0
31.925,t2_squeezenet,7176.884,67.853,129,0
32.014,t2_squeezenet,7146.034,88.757,130,0
32.061,t2_squeezenet,7184.612,47.466,129,0
32.150,t2_squeezenet,7249.588,89.393,130,0
32.239,t2_squeezenet,7307.670,88.165,131,0
32.324,t2_squeezenet,7363.067,85.163,132,0
32.411,t2_squeezenet,7434.267,86.831,133,0
32.456,t2_squeezenet,7475.284,44.950,132,0
32.543,t2_squeezenet,7550.942,87.063,132,0
32.630,t2_squeezenet,7456.903,86.634,134,0
32.716,t2_squeezenet,7540.413,86.007,134,0
32.760,t2_squeezenet,7531.959,44.626,133,0
32.851,t2_squeezenet,7618.356,90.940,132,0
32.915,t2_squeezenet,7654.261,63.313,132,0
32.960,t2_squeezenet,7678.800,45.023,131,0
33.048,t2_squeezenet,7570.224,88.464,130,0
33.135,t2_squeezenet,7622.319,87.215,129,0
33.220,t2_squeezenet,7572.367,84.488,128,0
33.262,t2_squeezenet,7509.956,41.887,129,0
33.347,t2_squeezenet,7592.471,84.733,128,0
33.434,t2_squeezenet,7678.464,87.592,128,0
33.521,t2_squeezenet,7704.828,86.270,130,0
33.610,t2_squeezenet,7749.470,89.553,132,0
33.651,t2_squeezenet,7788.831,41.023,131,0
33.740,t2_squeezenet,7877.127,89.108,133,0
33.833,t2_squeezenet,7951.533,92.764,132,0
33.873,t2_squeezenet,7947.906,40.027,132,0
33.940,t2_squeezenet,8013.568,66.950,132,0
34.028,t2_squeezenet,8029.572,88.043,131,0
34.117,t2_squeezenet,8042.120,88.670,131,0
34.160,t2_squeezenet,8079.479,42.841,131,0
34.246,t2_squeezenet,8110.415,86.268,133,0
34.333,t2_squeezenet,8185.690,86.825,132,0
34.425,t2_squeezenet,8247.363,91.880,132,0
34.512,t2_squeezenet,8304.442,87.168,132,0
34.554,t2_squeezenet,8331.534,41.690,131,0
34.641,t2_squeezenet,8361.110,87.017,133,0
34.728,t2_squeezenet,8417.881,86.541,134,0
34.814,t2_squeezenet,8494.905,86.452,135,0
34.858,t2_squeezenet,8531.805,43.411,134,0
34.930,t2_squeezenet,8429.721,71.945,133,0
35.022,t2_squeezenet,8466.061,92.095,133,0
35.112,t2_squeezenet,8514.101,90.353,134,0
35.155,t2_squeezenet,8554.791,42.903,135,0
35.242,t2_squeezenet,8625.415,86.887,136,0
35.329,t2_squeezenet,8689.804,87.122,135,0
35.420,t2_squeezenet,8487.393,90.850,136,0
35.515,t2_squeezenet,8552.393,94.564,137,0
35.556,t2_squeezenet,8548.859,41.828,137,0
35.644,t2_squeezenet,8563.820,88.011,140,0
35.731,t2_squeezenet,8576.189,86.943,140,0
35.824,t2_squeezenet,8656.132,92.542,141,0
35.865,t2_squeezenet,8689.615,40.558,140,0
35.937,t2_squeezenet,8662.225,72.538,140,0
36.025,t2_squeezenet,8740.438,87.680,139,0
36.115,t2_squeezenet,8746.036,89.937,142,0
36.160,t2_squeezenet,8761.115,45.123,142,0
36.245,t2_squeezenet,8836.644,84.462,142,0
36.331,t2_squeezenet,8820.635,86.469,141,0
36.421,t2_squeezenet,8879.285,90.158,142,0
36.513,t2_squeezenet,8755.128,91.250,143,0
36.557,t2_squeezenet,8774.502,44.199,142,0
36.645,t2_squeezenet,8803.072,87.816,144,0
36.732,t2_squeezenet,8860.652,87.214,145,0
36.822,t2_squeezenet,8939.458,90.020,145,0
36.864,t2_squeezenet,8902.163,42.107,144,0
36.931,t2_squeezenet,8941.438,67.088,143,0
37.023,t2_squeezenet,9025.082,91.767,144,0
37.116,t2_squeezenet,9095.891,92.890,145,0
37.163,t2_squeezenet,9118.455,46.588,144,0
37.248,t2_squeezenet,9089.098,85.398,144,0
37.336,t2_squeezenet,9150.728,87.655,145,0
37.423,t2_squeezenet,9223.026,87.510,146,0
37.514,t2_squeezenet,9284.511,90.096,147,0
37.557,t2_squeezenet,9314.523,42.931,147,0
37.643,t2_squeezenet,9254.910,86.799,149,0
37.732,t2_squeezenet,9319.146,88.681,148,0
37.819,t2_squeezenet,9393.672,87.125,148,0
37.862,t2_squeezenet,9406.567,42.344,148,0
37.932,t2_squeezenet,9448.717,70.350,148,0
38.020,t2_squeezenet,9335.358,88.028,147,0
38.114,t2_squeezenet,9293.386,93.871,148,0
38.159,t2_squeezenet,9333.955,45.226,147,0
38.244,t2_squeezenet,9408.176,84.604,147,0
38.331,t2_squeezenet,9472.574,86.749,147,0
38.419,t2_squeezenet,9526.564,88.346,149,0
38.511,t2_squeezenet,9517.586,91.951,150,0
38.553,t2_squeezenet,9490.859,41.619,150,0
38.640,t2_squeezenet,9473.997,87.479,149,0
38.726,t2_squeezenet,9496.715,85.110,149,0
38.815,t2_squeezenet,9504.116,89.044,150,0
38.861,t2_squeezenet,9511.315,45.776,149,0
38.924,t2_squeezenet,9512.598,62.980,148,0
39.016,t2_squeezenet,9576.323,92.022,149,0
39.064,t2_squeezenet,9591.608,48.756,149,0
39.149,t2_squeezenet,9590.980,84.206,150,0
39.239,t2_squeezenet,9678.786,89.875,149,0
39.326,t2_squeezenet,9742.966,86.982,150,0
39.413,t2_squeezenet,9807.682,87.121,149,0
39.460,t2_squeezenet,9714.490,46.848,148,0
39.547,t2_squeezenet,9792.743,86.888,149,0
39.631,t2_squeezenet,9846.409,84.875,151,0
39.718,t2_squeezenet,9804.020,86.809,151,0
39.811,t2_squeezenet,9844.810,92.397,154,0
39.859,t2_squeezenet,9838.761,48.612,154,0
39.923,t2_squeezenet,9815.647,63.276,155,0
40.013,t2_squeezenet,9899.619,89.837,155,0
40.057,t2_squeezenet,9913.573,44.881,155,0
40.148,t2_squeezenet,9961.239,90.009,155,0
40.234,t2_squeezenet,9925.331,86.167,154,0
40.320,t2_squeezenet,9984.691,85.833,157,0
40.413,t2_squeezenet,9930.250,93.417,159,0
40.459,t2_squeezenet,9893.478,45.513,158,0
40.544,t2_squeezenet,9896.953,85.825,158,0
40.631,t2_squeezenet,9688.012,86.733,159,0
40.718,t2_squeezenet,9618.433,86.935,160,0
40.814,t2_squeezenet,9683.547,95.400,161,0
40.862,t2_squeezenet,9663.587,48.348,162,0
40.925,t2_squeezenet,9689.865,62.573,163,0
41.016,t2_squeezenet,9685.325,91.698,163,0
41.062,t2_squeezenet,9679.522,45.452,163,0
41.152,t2_squeezenet,9695.536,89.952,164,0
41.237,t2_squeezenet,9772.357,84.654,166,0
41.323,t2_squeezenet,9843.900,85.975,167,0
41.418,t2_squeezenet,9797.802,95.661,171,0
41.510,t2_squeezenet,9822.881,91.869,172,0
41.550,t2_squeezenet,9835.988,39.862,171,0
41.635,t2_squeezenet,9825.397,84.534,171,0
41.722,t2_squeezenet,9858.455,87.645,171,0
41.817,t2_squeezenet,9946.836,94.936,172,0
41.866,t2_squeezenet,9869.970,48.676,171,0
41.929,t2_squeezenet,9929.567,62.445,170,0
42.017,t2_squeezenet,9922.055,88.247,171,0
42.111,t2_squeezenet,9963.365,94.095,174,0
42.156,t2_squeezenet,10000.790,44.739,173,0
42.243,t2_squeezenet,10013.180,87.238,173,0
42.328,t2_squeezenet,10066.616,84.621,174,0
42.416,t2_squeezenet,10147.543,87.928,175,0
42.511,t2_squeezenet,10166.704,94.858,174,0
42.549,t2_squeezenet,10160.374,38.348,173,0
42.637,t2_squeezenet,10138.250,87.888,173,0
42.725,t2_squeezenet,10177.685,88.248,178,0
42.819,t2_squeezenet,10270.929,93.728,178,0
42.866,t2_squeezenet,10310.319,46.835,177,0
42.929,t2_squeezenet,10226.563,62.727,176,0
43.020,t2_squeezenet,10152.178,90.923,176,0
43.111,t2_squeezenet,9877.991,90.944,180,0
43.158,t2_squeezenet,9906.855,46.808,179,0
43.249,t2_squeezenet,9857.381,90.729,179,0
43.336,t2_squeezenet,9892.169,87.354,180,0
43.427,t2_squeezenet,9947.096,90.983,181,0
43.515,t2_squeezenet,10027.614,87.756,181,0
43.558,t2_squeezenet,10014.552,43.594,180,0
43.646,t2_squeezenet,10059.865,87.327,180,0
43.736,t2_squeezenet,10133.953,90.580,181,0
43.825,t2_squeezenet,10157.252,88.607,180,0
43.870,t2_squeezenet,10161.388,44.674,180,0
43.936,t2_squeezenet,10200.409,66.456,180,0
44.025,t2_squeezenet,10185.603,89.103,180,0
44.115,t2_squeezenet,10198.693,90.065,180,0
44.165,t2_squeezenet,10079.038,49.326,180,0
44.245,t2_squeezenet,10085.059,79.987,182,0
44.334,t2_squeezenet,10117.987,88.583,182,0
44.421,t2_squeezenet,10192.420,87.418,181,0
44.517,t2_squeezenet,10284.510,95.750,181,0
44.565,t2_squeezenet,10154.346,48.532,180,0
44.647,t2_squeezenet,10202.944,81.285,179,0
44.736,t2_squeezenet,10152.224,89.100,180,0
44.830,t2_squeezenet,10232.305,94.219,182,0
44.875,t2_squeezenet,10251.312,44.937,182,0
44.940,t2_squeezenet,10292.102,65.361,182,0
45.027,t2_squeezenet,10343.534,86.714,183,0
45.117,t2_squeezenet,10345.140,89.638,184,0
45.210,t2_squeezenet,10401.265,93.553,184,0
45.251,t2_squeezenet,10295.276,40.600,185,0
45.338,t2_squeezenet,10300.802,86.678,185,0
45.426,t2_squeezenet,10347.214,88.611,184,0
45.522,t2_squeezenet,10381.971,95.335,187,0
45.615,t2_squeezenet,10460.974,93.318,189,0
45.658,t2_squeezenet,10438.863,43.216,189,0
45.745,t2_squeezenet,10510.627,86.920,188,0
45.841,t2_squeezenet,10484.778,95.587,188,0
45.914,t2_squeezenet,10510.509,72.511,187,0
45.956,t2_squeezenet,10528.223,42.419,186,0
46.045,t2_squeezenet,10578.095,88.536,186,0
46.134,t2_squeezenet,10611.147,89.614,186,0
46.227,t2_squeezenet,10649.069,93.008,186,0
46.314,t2_squeezenet,10726.760,86.380,186,0
46.354,t2_squeezenet,10740.055,39.942,185,0
46.446,t2_squeezenet,10814.106,92.156,187,0
46.537,t2_squeezenet,10817.533,91.197,187,0
46.629,t2_squeezenet,10880.415,91.674,186,0
46.718,t2_squeezenet,10909.002,89.289,187,0
46.810,t2_squeezenet,10901.063,92.088,189,0
46.855,t2_squeezenet,10827.010,44.523,189,0
46.926,t2_squeezenet,10862.648,71.354,189,0
47.015,t2_squeezenet,10949.488,88.684,188,0
47.060,t2_squeezenet,10963.223,45.109,189,0
47.147,t2_squeezenet,11003.641,87.336,189,0
47.240,t2_squeezenet,10999.902,92.929,191,0
47.335,t2_squeezenet,10991.565,94.301,192,0
47.418,t2_squeezenet,11006.449,83.604,191,0
47.514,t2_squeezenet,11024.993,95.936,190,0
47.561,t2_squeezenet,11051.300,46.007,189,0
47.651,t2_squeezenet,11075.871,90.042,190,0
47.736,t2_squeezenet,11158.642,85.263,191,0
47.826,t2_squeezenet,11190.005,89.861,190,0
47.872,t2_squeezenet,11183.014,45.790,189,0
47.940,t2_squeezenet,11212.446,68.586,191,0
48.029,t2_squeezenet,11223.058,89.050,193,0
48.118,t2_squeezenet,11157.670,88.127,192,0
48.161,t2_squeezenet,11148.093,43.697,192,0
48.249,t2_squeezenet,11213.955,87.423,193,0
48.339,t2_squeezenet,11273.987,90.236,195,0
48.430,t2_squeezenet,11194.089,90.718,194,0
48.520,t2_squeezenet,11257.530,89.699,194,0
48.610,t2_squeezenet,11318.368,90.524,194,0
48.655,t2_squeezenet,11260.130,44.927,193,0
48.747,t2_squeezenet,11326.354,91.351,196,0
48.838,t2_squeezenet,11390.726,91.290,196,0
48.911,t2_squeezenet,11449.124,73.456,197,0
48.957,t2_squeezenet,11437.461,45.505,197,0
49.043,t2_squeezenet,11469.826,86.139,198,0
49.133,t2_squeezenet,11509.031,89.995,197,0
49.221,t2_squeezenet,11591.990,88.184,197,0
49.315,t2_squeezenet,11544.186,93.651,199,0
49.410,t2_squeezenet,11590.549,95.309,198,0
49.449,t2_squeezenet,11539.995,38.844,197,0
49.533,t2_squeezenet,11489.743,83.616,199,0
49.626,t2_squeezenet,11566.451,93.435,200,0
49.721,t2_squeezenet,11551.553,94.395,201,0
49.811,t2_squeezenet,11517.532,90.284,201,0
49.855,t2_squeezenet,11516.417,43.457,200,0
49.931,t2_squeezenet,11569.173,76.804,202,0
50.020,t2_squeezenet,11628.062,88.125,205,0
50.110,t2_squeezenet,11669.368,90.380,205,0
50.152,t2_squeezenet,11650.450,41.682,205,0
50.241,t2_squeezenet,11695.442,89.623,205,0
50.336,t2_squeezenet,11664.542,94.477,206,0
50.424,t2_squeezenet,11652.629,87.696,206,0
50.510,t2_squeezenet,11723.436,85.908,207,0
50.549,t2_squeezenet,11591.620,39.388,206,0
50.641,t2_squeezenet,11668.673,92.009,207,0
50.733,t2_squeezenet,11686.637,91.554,209,0
50.826,t2_squeezenet,11719.670,93.665,209,0
50.869,t2_squeezenet,11723.878,42.062,209,0
50.943,t2_squeezenet,11697.527,74.851,210,0
51.031,t2_squeezenet,11736.780,87.689,209,0
51.123,t2_squeezenet,11662.693,91.470,209,0
51.215,t2_squeezenet,11713.085,92.139,211,0
51.258,t2_squeezenet,11700.004,43.201,210,0
51.347,t2_squeezenet,11775.406,89.017,210,0
51.443,t2_squeezenet,11836.947,95.785,209,0
51.528,t2_squeezenet,11827.085,85.018,208,0
51.619,t2_squeezenet,11880.686,90.801,208,0
51.663,t2_squeezenet,11906.434,44.303,207,0
51.752,t2_squeezenet,11975.878,88.995,207,0
51.843,t2_squeezenet,12039.146,90.469,206,0
51.885,t2_squeezenet,12040.836,42.346,205,0
51.947,t2_squeezenet,12065.614,61.849,206,0
52.041,t2_squeezenet,12118.061,93.390,209,0
52.130,t2_squeezenet,12205.835,89.801,209,0
52.221,t2_squeezenet,12185.626,90.542,210,0
52.313,t2_squeezenet,12250.951,92.085,213,0
52.360,t2_squeezenet,12089.332,46.624,214,0
52.451,t2_squeezenet,12139.320,91.218,216,0
52.538,t2_squeezenet,12223.033,86.536,215,0
52.627,t2_squeezenet,12309.090,89.062,215,0
52.713,t2_squeezenet,12391.725,86.508,215,0
52.760,t2_squeezenet,12418.112,46.978,214,0
52.853,t2_squeezenet,12471.250,92.420,215,0
52.909,t2_squeezenet,12431.646,56.513,214,0
52.950,t2_squeezenet,12405.435,40.774,214,0
53.043,t2_squeezenet,12475.752,93.110,215,0
53.131,t2_squeezenet,12473.668,87.933,216,0
53.218,t2_squeezenet,12558.780,86.777,216,0
53.263,t2_squeezenet,12516.455,44.585,215,0
53.354,t2_squeezenet,12584.908,90.963,215,0
53.443,t2_squeezenet,12622.411,89.324,216,0
53.531,t2_squeezenet,12696.494,88.345,218,0
53.616,t2_squeezenet,12751.165,84.183,217,0
53.660,t2_squeezenet,12746.620,43.862,216,0
53.749,t2_squeezenet,12769.192,89.388,219,0
53.841,t2_squeezenet,12804.283,91.441,219,0
53.913,t2_squeezenet,12844.788,72.672,221,0
53.956,t2_squeezenet,12864.924,42.419,220,0
54.045,t2_squeezenet,12890.093,89.034,223,0
54.133,t2_squeezenet,12974.895,87.803,225,0
54.223,t2_squeezenet,12987.183,90.417,226,0
54.313,t2_squeezenet,13061.203,90.166,227,0
54.359,t2_squeezenet,13093.916,45.928,228,0
54.454,t2_squeezenet,13100.088,94.616,229,0
54.540,t2_squeezenet,13185.745,86.256,229,0
54.632,t2_squeezenet,13275.677,91.389,231,0
54.719,t2_squeezenet,13320.304,87.016,232,0
54.813,t2_squeezenet,13409.296,94.128,234,0
54.859,t2_squeezenet,13381.828,46.248,233,0
54.920,t2_squeezenet,13421.710,60.915,233,0
55.012,t2_squeezenet,13445.631,91.510,234,0
55.057,t2_squeezenet,13395.310,45.369,233,0
55.148,t2_squeezenet,13399.298,90.806,233,0
55.237,t2_squeezenet,13451.058,89.445,236,0
55.325,t2_squeezenet,13315.491,87.133,236,0
55.418,t2_squeezenet,13405.428,93.409,235,0
55.511,t2_squeezenet,13491.666,92.552,235,0
55.553,t2_squeezenet,13530.606,42.566,236,0
55.646,t2_squeezenet,13571.397,92.837,237,0
55.735,t2_squeezenet,13623.866,88.623,239,0
55.829,t2_squeezenet,13590.143,93.703,239,0
55.873,t2_squeezenet,13614.478,44.720,240,0
55.935,t2_squeezenet,13674.423,61.491,240,0
56.024,t2_squeezenet,13629.367,89.051,243,0
56.114,t2_squeezenet,13714.087,90.027,242,0
56.210,t2_squeezenet,13643.585,95.805,241,0
56.248,t2_squeezenet,13606.212,38.003,240,0
56.333,t2_squeezenet,13670.336,85.125,241,0
56.427,t2_squeezenet,13762.797,93.223,243,0
56.519,t2_squeezenet,13848.249,92.263,245,0
56.613,t2_squeezenet,13928.909,93.755,245,0
56.655,t2_squeezenet,13933.398,42.627,244,0
56.744,t2_squeezenet,13961.714,88.522,244,0
56.841,t2_squeezenet,13832.075,97.326,243,0
56.885,t2_squeezenet,13839.559,43.732,242,0
56.946,t2_squeezenet,13861.175,61.239,241,0
57.034,t2_squeezenet,13941.992,87.434,241,0
57.127,t2_squeezenet,14034.857,93.527,240,0
57.222,t2_squeezenet,14120.517,94.202,240,0
57.309,t2_squeezenet,14142.923,87.495,241,0
57.351,t2_squeezenet,14092.973,41.381,240,0
57.440,t2_squeezenet,14135.584,89.734,242,0
57.533,t2_squeezenet,14133.763,92.036,242,0
57.624,t2_squeezenet,14217.946,91.891,244,0
57.715,t2_squeezenet,14244.012,90.853,243,0
57.760,t2_squeezenet,14169.297,44.955,242,0
57.854,t2_squeezenet,14168.543,93.522,243,0
57.921,t2_squeezenet,14231.835,67.458,243,0
58.009,t2_squeezenet,14146.686,87.980,243,0
58.049,t2_squeezenet,14149.905,39.738,243,0
58.141,t2_squeezenet,14142.158,91.849,243,0
58.236,t2_squeezenet,14160.741,95.068,243,0
58.322,t2_squeezenet,14177.321,85.523,243,0
58.413,t2_squeezenet,14218.560,90.750,244,0
58.453,t2_squeezenet,14237.993,40.694,243,0
58.547,t2_squeezenet,14311.009,93.266,244,0
58.639,t2_squeezenet,14327.464,92.733,244,0
58.730,t2_squeezenet,14269.977,90.969,243,0
58.822,t2_squeezenet,14115.853,91.381,243,0
58.871,t2_squeezenet,14151.575,48.840,245,0
58.938,t2_squeezenet,14159.337,66.739,244,0
59.029,t2_squeezenet,14217.039,91.154,245,0
59.121,t2_squeezenet,14297.129,92.314,245,0
59.215,t2_squeezenet,14354.434,94.131,245,0
59.312,t2_squeezenet,14423.334,97.120,245,0
59.355,t2_squeezenet,14406.492,42.544,245,0
59.439,t2_squeezenet,14486.005,84.414,247,0
59.530,t2_squeezenet,14500.748,90.852,247,0
59.623,t2_squeezenet,14543.897,92.735,247,0
59.720,t2_squeezenet,14534.224,97.017,246,0
59.811,t2_squeezenet,14598.095,91.264,246,0
59.858,t2_squeezenet,14624.943,46.871,247,0
59.922,t2_squeezenet,14643.110,63.717,246,0
60.013,t2_squeezenet,14581.954,90.481,245,0
60.054,t2_squeezenet,14613.050,41.211,244,0
60.144,t2_squeezenet,14693.721,89.555,246,0
60.234,t2_squeezenet,14719.180,90.645,247,0
60.325,t2_squeezenet,14797.822,90.732,247,0
60.418,t2_squeezenet,14866.656,92.604,248,0
60.459,t2_squeezenet,14869.982,41.073,248,0
60.551,t2_squeezenet,14935.105,92.432,248,0
60.639,t2_squeezenet,14832.482,87.952,249,0
60.732,t2_squeezenet,14723.103,92.999,249,0
60.825,t2_squeezenet,14768.389,92.168,250,0
60.870,t2_squeezenet,14729.129,45.042,249,0
60.944,t2_squeezenet,14667.950,73.842,253,0
61.031,t2_squeezenet,14636.380,87.932,252,0
61.122,t2_squeezenet,14724.802,90.827,251,0
61.212,t2_squeezenet,14789.627,89.458,251,0
61.253,t2_squeezenet,14763.172,40.828,251,0
61.342,t2_squeezenet,14660.117,89.289,253,0
61.435,t2_squeezenet,14726.556,92.922,253,0
61.523,t2_squeezenet,14786.040,87.611,254,0
61.613,t2_squeezenet,14873.750,90.033,256,0
61.655,t2_squeezenet,14870.832,42.725,255,0
61.747,t2_squeezenet,14931.626,91.898,255,0
61.840,t2_squeezenet,14930.261,92.060,255,0
61.882,t2_squeezenet,14849.595,42.746,254,0
61.950,t2_squeezenet,14905.399,68.089,253,0
62.044,t2_squeezenet,14942.868,93.968,253,0
62.132,t2_squeezenet,14958.706,87.095,252,0
62.220,t2_squeezenet,15024.415,88.225,254,0
62.264,t2_squeezenet,15024.960,43.664,253,0
62.353,t2_squeezenet,15082.408,89.518,252,0
62.446,t2_squeezenet,15165.338,93.269,252,0
62.533,t2_squeezenet,14943.135,86.508,254,0
62.618,t2_squeezenet,15018.100,84.859,255,0
62.710,t2_squeezenet,15038.659,92.509,255,0
62.753,t2_squeezenet,15065.662,42.498,255,0
62.846,t2_squeezenet,14970.874,92.755,256,0
62.918,t2_squeezenet,15042.696,72.179,257,0
62.964,t2_squeezenet,15074.626,45.495,256,0
63.055,t2_squeezenet,15075.356,91.295,256,0
63.142,t2_squeezenet,15150.779,87.363,258,0
63.233,t2_squeezenet,15233.467,90.202,259,0
63.320,t2_squeezenet,15199.591,87.633,260,0
63.415,t2_squeezenet,15209.280,94.702,260,0
63.460,t2_squeezenet,15238.564,45.432,259,0
63.548,t2_squeezenet,15273.767,87.284,258,0
63.635,t2_squeezenet,15316.599,87.057,258,0
63.728,t2_squeezenet,15400.405,92.617,257,0
63.822,t2_squeezenet,15356.393,93.956,257,0
63.863,t2_squeezenet,15330.096,41.926,256,0
63.927,t2_squeezenet,15257.334,63.493,256,0
64.017,t2_squeezenet,15329.739,89.447,255,0
64.110,t2_squeezenet,15397.733,93.361,255,0
64.151,t2_squeezenet,15428.530,41.103,255,0
64.241,t2_squeezenet,15439.571,90.014,256,0
64.327,t2_squeezenet,15487.190,85.493,260,0
64.421,t2_squeezenet,15527.930,94.572,261,0
64.513,t2_squeezenet,15557.872,91.375,261,0
64.556,t2_squeezenet,15543.821,42.785,260,0
64.648,t2_squeezenet,15634.057,92.639,259,0
64.737,t2_squeezenet,15601.496,88.670,258,0
64.834,t2_squeezenet,15597.678,97.097,258,0
64.876,t2_squeezenet,15635.218,41.332,258,0
64.934,t2_squeezenet,15623.033,58.659,258,0
65.023,t2_squeezenet,15548.511,88.405,260,0
65.115,t2_squeezenet,15629.038,91.817,261,0
65.157,t2_squeezenet,15630.116,42.604,263,0
65.246,t2_squeezenet,15670.083,88.787,264,0
65.339,t2_squeezenet,15743.499,93.127,263,0
65.427,t2_squeezenet,15753.094,87.701,264,0
65.518,t2_squeezenet,15822.402,91.085,264,0
65.610,t2_squeezenet,15871.390,91.646,263,0
65.652,t2_squeezenet,15792.364,42.447,263,0
65.742,t2_squeezenet,15837.819,90.022,263,0
65.839,t2_squeezenet,15916.540,96.311,263,0
65.882,t2_squeezenet,15942.168,42.997,264,0
65.939,t2_squeezenet,15990.368,56.880,263,0
66.028,t2_squeezenet,16069.746,89.383,262,0
66.119,t2_squeezenet,16144.961,90.768,262,0
66.211,t2_squeezenet,16165.590,91.867,262,0
66.254,t2_squeezenet,16126.432,43.137,262,0
66.342,t2_squeezenet,16133.564,88.254,262,0
66.437,t2_squeezenet,16151.845,94.379,262,0
66.523,t2_squeezenet,16227.535,85.910,262,0
66.614,t2_squeezenet,16217.182,90.777,266,0
66.658,t2_squeezenet,16229.936,44.224,266,0
66.749,t2_squeezenet,16289.067,90.938,267,0
66.845,t2_squeezenet,16270.497,96.710,267,0
66.888,t2_squeezenet,16292.418,42.820,266,0
66.946,t2_squeezenet,16270.003,57.647,266,0
67.035,t2_squeezenet,16311.137,88.913,265,0
67.126,t2_squeezenet,16400.764,91.229,265,0
67.218,t2_squeezenet,16394.074,91.590,264,0
67.264,t2_squeezenet,16400.775,45.631,263,0
67.352,t2_squeezenet,16479.161,88.447,263,0
67.446,t2_squeezenet,16558.997,93.438,263,0
67.532,t2_squeezenet,16413.057,86.017,263,0
67.618,t2_squeezenet,16468.434,85.964,264,0
67.711,t2_squeezenet,16518.771,93.529,264,0
67.758,t2_squeezenet,16554.292,46.409,263,0
67.852,t2_squeezenet,16518.566,94.067,264,0
67.893,t2_squeezenet,16305.569,41.634,263,0
67.945,t2_squeezenet,16248.851,51.073,263,0
68.036,t2_squeezenet,16126.893,91.578,263,0
68.127,t2_squeezenet,16195.239,90.672,263,0
68.219,t2_squeezenet,16210.335,91.822,265,0
68.310,t2_squeezenet,16290.648,91.617,268,0
68.353,t2_squeezenet,16325.917,42.447,267,0
68.448,t2_squeezenet,16414.972,95.136,268,0
68.539,t2_squeezenet,16491.047,90.497,270,0
68.625,t2_squeezenet,16413.471,85.968,271,0
68.714,t2_squeezenet,16495.185,89.092,271,0
68.811,t2_squeezenet,16567.676,97.066,270,0
68.858,t2_squeezenet,16596.637,46.768,269,0
68.919,t2_squeezenet,16641.562,61.549,269,0
68.962,t2_squeezenet,16682.849,42.999,268,0
69.051,t2_squeezenet,16730.093,88.843,268,0
69.140,t2_squeezenet,16806.786,88.731,268,0
69.231,t2_squeezenet,16866.941,90.502,269,0
69.318,t2_squeezenet,16950.052,87.594,269,0
69.412,t2_squeezenet,16997.194,94.048,270,0
69.459,t2_squeezenet,16886.259,46.828,270,0
69.546,t2_squeezenet,16836.820,87.077,271,0
69.636,t2_squeezenet,16835.426,89.720,270,0
69.725,t2_squeezenet,16913.155,88.791,269,0
69.819,t2_squeezenet,16903.893,93.857,269,0
69.867,t2_squeezenet,16865.604,48.208,270,0
69.926,t2_squeezenet,16922.704,58.631,269,0
70.014,t2_squeezenet,16902.971,88.236,270,0
70.060,t2_squeezenet,16936.275,46.056,269,0
70.147,t2_squeezenet,16988.966,86.533,269,0
70.237,t2_squeezenet,16962.751,90.084,269,0
70.324,t2_squeezenet,16928.792,86.881,268,0
70.417,t2_squeezenet,17003.843,92.900,269,0
70.509,t2_squeezenet,17032.691,92.554,268,0
70.553,t2_squeezenet,17066.650,43.260,269,0
70.642,t2_squeezenet,17117.193,89.765,270,0
70.733,t2_squeezenet,17041.949,90.360,274,0
70.829,t2_squeezenet,17097.494,96.333,274,0
70.874,t2_squeezenet,17140.045,44.980,273,0
70.924,t2_squeezenet,17182.044,49.311,273,0
71.016,t2_squeezenet,17204.519,92.505,272,0
71.109,t2_squeezenet,17267.861,93.095,274,0
71.152,t2_squeezenet,17270.095,43.010,276,0
71.241,t2_squeezenet,17333.273,88.629,275,0
71.327,t2_squeezenet,17364.930,85.628,276,0
71.420,t2_squeezenet,17442.422,93.393,275,0
71.513,t2_squeezenet,17528.897,92.930,274,0
71.557,t2_squeezenet,17521.517,43.616,273,0
71.647,t2_squeezenet,17551.469,90.381,273,0
71.735,t2_squeezenet,17637.093,88.052,275,0
71.830,t2_squeezenet,17725.543,94.821,276,0
71.879,t2_squeezenet,17679.391,48.294,275,0
71.921,t2_squeezenet,17702.636,41.992,275,0
72.014,t2_squeezenet,17788.589,93.768,275,0
72.059,t2_squeezenet,17811.843,44.812,274,0
72.147,t2_squeezenet,17827.274,87.713,275,0
72.235,t2_squeezenet,17904.871,88.278,275,0
72.322,t2_squeezenet,17951.644,86.554,277,0
72.413,t2_squeezenet,17969.472,91.351,278,0
72.462,t2_squeezenet,17929.894,48.512,280,0
72.549,t2_squeezenet,17998.602,86.681,279,0
72.638,t2_squeezenet,18037.954,89.719,278,0
72.724,t2_squeezenet,18107.783,85.362,281,0
72.812,t2_squeezenet,18169.783,88.634,283,0
72.861,t2_squeezenet,18145.870,48.638,283,0
72.911,t2_squeezenet,18163.887,50.236,282,0
72.955,t2_squeezenet,18202.700,43.373,281,0
73.047,t2_squeezenet,18250.921,92.160,282,0
73.138,t2_squeezenet,18229.048,91.202,283,0
73.230,t2_squeezenet,18253.660,91.926,282,0
73.314,t2_squeezenet,18324.256,84.072,286,0
73.411,t2_squeezenet,18285.494,96.135,287,0
73.457,t2_squeezenet,18302.426,46.349,286,0
73.545,t2_squeezenet,18387.940,87.683,289,0
73.633,t2_squeezenet,18437.601,88.067,289,0
73.719,t2_squeezenet,18522.109,85.784,289,0
73.811,t2_squeezenet,18531.647,92.582,290,0
73.860,t2_squeezenet,18367.764,49.031,289,0
73.914,t2_squeezenet,18385.046,53.446,288,0
73.958,t2_squeezenet,18416.628,44.170,287,0
74.048,t2_squeezenet,18478.262,89.478,286,0
74.142,t2_squeezenet,18560.090,94.187,287,0
74.234,t2_squeezenet,18572.546,91.738,288,0
74.318,t2_squeezenet,18652.004,83.946,288,0
74.413,t2_squeezenet,18743.824,95.244,288,0
74.459,t2_squeezenet,18676.615,46.377,289,0
74.550,t2_squeezenet,18716.702,90.797,289,0
74.636,t2_squeezenet,18797.339,86.020,288,0
74.725,t2_squeezenet,18844.624,88.744,290,0
74.818,t2_squeezenet,18878.728,93.051,291,0
74.870,t2_squeezenet,18887.991,51.616,292,0
74.920,t2_squeezenet,18921.371,50.646,291,0
75.011,t2_squeezenet,18986.987,90.451,291,0
75.054,t2_squeezenet,18799.287,42.983,290,0
75.148,t2_squeezenet,18853.399,93.921,290,0
75.239,t2_squeezenet,18856.102,91.477,289,0
75.325,t2_squeezenet,18903.298,85.384,289,0
75.416,t2_squeezenet,18991.349,91.347,288,0
75.511,t2_squeezenet,19072.693,94.863,289,0
75.553,t2_squeezenet,19056.360,41.721,289,0
75.639,t2_squeezenet,19138.532,86.321,290,0
75.729,t2_squeezenet,19201.312,89.416,289,0
75.820,t2_squeezenet,19097.347,91.837,288,0
75.871,t2_squeezenet,18862.151,50.872,288,0
75.924,t2_squeezenet,18774.370,52.576,288,0
76.013,t2_squeezenet,18774.345,88.840,287,0
76.057,t2_squeezenet,18794.656,43.772,286,0
76.147,t2_squeezenet,18730.915,90.244,287,0
76.240,t2_squeezenet,18822.023,92.863,288,0
76.325,t2_squeezenet,18898.592,84.595,288,0
76.419,t2_squeezenet,18891.563,94.105,290,0
76.462,t2_squeezenet,18908.992,43.204,290,0
76.550,t2_squeezenet,18978.275,88.367,289,0
76.638,t2_squeezenet,19064.155,87.596,288,0
76.727,t2_squeezenet,18952.062,88.828,288,0
76.821,t2_squeezenet,19004.755,93.539,288,0
76.871,t2_squeezenet,18962.036,50.680,287,0
76.924,t2_squeezenet,18936.879,53.056,286,0
77.012,t2_squeezenet,18982.430,87.395,286,0
77.055,t2_squeezenet,18988.890,43.207,286,0
77.151,t2_squeezenet,18965.383,95.896,287,0
77.239,t2_squeezenet,18986.089,88.239,287,0
77.326,t2_squeezenet,18998.217,86.560,287,0
77.411,t2_squeezenet,19066.566,85.109,286,0
77.453,t2_squeezenet,18931.241,42.403,285,0
77.543,t2_squeezenet,19008.550,89.389,286,0
77.634,t2_squeezenet,19036.110,90.830,286,0
77.722,t2_squeezenet,18988.249,88.026,285,0
77.811,t2_squeezenet,18983.360,89.311,288,0
77.861,t2_squeezenet,19025.536,49.428,288,0
77.915,t2_squeezenet,19050.128,54.243,287,0
77.957,t2_squeezenet,18965.070,42.344,286,0
78.046,t2_squeezenet,19032.269,88.808,287,0
78.134,t2_squeezenet,19072.877,87.888,287,0
78.224,t2_squeezenet,19039.706,89.475,287,0
78.310,t2_squeezenet,19078.722,86.182,286,0
78.350,t2_squeezenet,19017.881,39.806,285,0
78.439,t2_squeezenet,19049.955,88.836,286,0
78.528,t2_squeezenet,19122.437,89.421,286,0
78.618,t2_squeezenet,19207.130,89.982,285,0
78.661,t2_squeezenet,19181.779,42.919,284,0
78.748,t2_squeezenet,19200.001,87.281,284,0
78.844,t2_squeezenet,19049.120,95.836,283,0
78.888,t2_squeezenet,19067.776,43.352,282,0
78.934,t2_squeezenet,19081.566,45.879,282,0
79.022,t2_squeezenet,18929.496,88.619,285,0
79.113,t2_squeezenet,19011.224,90.912,288,0
79.158,t2_squeezenet,19034.042,44.574,287,0
79.243,t2_squeezenet,19074.578,85.431,287,0
79.330,t2_squeezenet,19102.600,86.418,290,0
79.421,t2_squeezenet,19105.987,91.185,291,0
79.514,t2_squeezenet,19176.303,92.759,291,0
79.556,t2_squeezenet,19164.070,42.633,290,0
79.643,t2_squeezenet,19217.614,86.873,290,0
79.730,t2_squeezenet,19234.498,86.899,290,0
79.818,t2_squeezenet,19213.843,87.894,290,0
79.866,t2_squeezenet,19256.961,48.166,290,0
79.916,t2_squeezenet,19195.883,49.475,290,0
80.010,t2_squeezenet,19263.261,93.780,291,0
80.055,t2_squeezenet,19292.864,44.802,291,0
80.144,t2_squeezenet,19273.300,89.572,291,0
80.229,t2_squeezenet,19349.702,85.090,290,0
80.315,t2_squeezenet,19404.341,86.083,290,0
80.362,t2_squeezenet,19450.407,46.261,289,0
80.451,t2_squeezenet,19507.516,88.904,290,0
80.535,t2_squeezenet,19380.676,84.430,291,0
80.625,t2_squeezenet,19390.449,90.021,291,0
80.714,t2_squeezenet,19431.423,88.788,290,0
80.762,t2_squeezenet,19472.415,48.238,290,0
80.852,t2_squeezenet,19552.504,89.109,290,0
80.914,t2_squeezenet,19544.525,61.881,290,0
80.957,t2_squeezenet,19496.839,43.494,290,0
81.052,t2_squeezenet,19542.397,94.584,291,0
81.142,t2_squeezenet,19614.540,90.698,290,0
81.227,t2_squeezenet,19636.631,84.816,292,0
81.314,t2_squeezenet,19705.204,86.505,292,0
81.358,t2_squeezenet,19616.361,43.698,294,0
81.449,t2_squeezenet,19662.499,91.066,295,0
81.537,t2_squeezenet,19527.887,88.423,296,0
81.624,t2_squeezenet,19475.692,86.616,296,0
81.715,t2_squeezenet,19562.424,90.704,300,0
81.760,t2_squeezenet,19579.075,45.213,299,0
81.850,t2_squeezenet,19460.232,89.782,299,0
81.910,t2_squeezenet,19454.120,60.570,301,0
81.953,t2_squeezenet,19495.772,42.591,300,0
82.042,t2_squeezenet,19513.896,89.097,301,0
82.132,t2_squeezenet,19565.712,89.481,301,0
82.218,t2_squeezenet,19605.957,86.312,300,0
82.261,t2_squeezenet,19582.107,42.626,300,0
82.345,t2_squeezenet,19614.940,84.161,300,0
82.435,t2_squeezenet,19649.962,90.344,302,0
82.524,t2_squeezenet,19720.875,88.305,303,0
82.614,t2_squeezenet,19736.624,90.099,305,0
82.657,t2_squeezenet,19764.562,43.723,304,0
82.748,t2_squeezenet,19769.861,90.523,305,0
82.842,t2_squeezenet,19756.672,93.549,307,0
82.884,t2_squeezenet,19797.460,42.221,307,0
82.933,t2_squeezenet,19811.230,49.440,306,0
83.027,t2_squeezenet,19870.409,93.842,307,0
83.120,t2_squeezenet,19948.417,92.585,306,0
83.162,t2_squeezenet,19907.187,41.978,306,0
83.248,t2_squeezenet,19969.692,86.005,305,0
83.336,t2_squeezenet,19984.082,88.330,305,0
83.424,t2_squeezenet,19810.113,87.680,304,0
83.514,t2_squeezenet,19755.306,89.809,305,0
83.556,t2_squeezenet,19683.725,42.378,304,0
83.648,t2_squeezenet,19550.663,92.007,310,0
83.738,t2_squeezenet,19615.217,89.940,309,0
83.828,t2_squeezenet,19612.966,89.626,308,0
83.873,t2_squeezenet,19638.576,45.084,307,0
83.921,t2_squeezenet,19677.511,47.564,310,0
84.011,t2_squeezenet,19748.657,90.434,311,0
84.056,t2_squeezenet,19791.433,44.617,310,0
84.142,t2_squeezenet,19861.969,85.978,311,0
84.229,t2_squeezenet,19914.207,87.388,315,0
84.316,t2_squeezenet,19980.541,86.655,315,0
84.363,t2_squeezenet,20003.747,47.175,316,0
84.450,t2_squeezenet,19949.105,86.972,316,0
84.535,t2_squeezenet,19792.739,84.494,318,0
84.621,t2_squeezenet,19773.838,86.002,317,0
84.712,t2_squeezenet,19824.372,90.862,317,0
84.756,t2_squeezenet,19798.689,44.077,317,0
84.844,t2_squeezenet,19846.174,88.100,319,0
84.910,t2_squeezenet,19904.909,66.223,319,0
84.953,t2_squeezenet,19921.809,42.382,318,0
85.044,t2_squeezenet,19996.695,90.966,317,0
85.131,t2_squeezenet,20003.930,86.938,317,0
85.216,t2_squeezenet,20082.784,84.819,317,0
85.259,t2_squeezenet,20118.345,43.699,316,0
85.348,t2_squeezenet,20180.186,88.742,316,0
85.436,t2_squeezenet,20208.920,87.569,316,0
85.522,t2_squeezenet,20155.818,86.623,316,0
85.612,t2_squeezenet,20212.465,89.849,316,0
85.659,t2_squeezenet,20223.820,46.490,317,0
85.747,t2_squeezenet,20103.415,88.293,318,0
85.837,t2_squeezenet,20177.141,89.290,319,0
85.879,t2_squeezenet,20070.011,42.676,320,0
85.937,t2_squeezenet,20080.832,57.326,320,0
86.026,t2_squeezenet,20149.072,89.631,320,0
86.117,t2_squeezenet,20051.209,90.761,321,0
86.159,t2_squeezenet,20006.948,41.643,321,0
86.246,t2_squeezenet,20010.966,87.462,322,0
86.335,t2_squeezenet,20045.463,88.443,322,0
86.424,t2_squeezenet,20021.377,88.926,322,0
86.512,t2_squeezenet,20047.828,87.795,321,0
86.556,t2_squeezenet,20016.057,44.217,320,0
86.644,t2_squeezenet,20100.838,87.994,319,0
86.733,t2_squeezenet,20158.253,88.897,319,0
86.819,t2_squeezenet,20227.335,85.950,319,0
86.867,t2_squeezenet,20265.048,48.352,318,0
86.916,t2_squeezenet,20284.485,49.012,318,0
87.015,t2_squeezenet,20311.320,98.407,318,0
87.058,t2_squeezenet,20333.915,42.981,318,0
87.146,t2_squeezenet,20389.471,88.536,319,0
87.234,t2_squeezenet,20324.382,87.315,318,0
87.322,t2_squeezenet,20238.559,88.341,318,0
87.411,t2_squeezenet,20110.402,89.128,320,0
87.450,t2_squeezenet,20030.549,39.063,319,0
87.542,t2_squeezenet,20090.394,91.232,320,0
87.631,t2_squeezenet,20060.546,88.903,320,0
87.721,t2_squeezenet,20123.898,90.175,319,0
87.763,t2_squeezenet,20085.540,42.303,318,0
87.855,t2_squeezenet,20094.746,91.378,320,0
87.898,t2_squeezenet,20069.387,43.426,320,0
87.950,t2_squeezenet,20040.914,52.112,320,0
88.040,t2_squeezenet,20072.335,89.898,322,0
88.127,t2_squeezenet,20048.949,86.685,321,0
88.213,t2_squeezenet,20085.552,86.571,321,0
88.258,t2_squeezenet,20051.535,45.009,322,0
88.345,t2_squeezenet,20135.361,86.969,321,0
88.433,t2_squeezenet,20208.030,87.752,321,0
88.523,t2_squeezenet,20293.447,89.292,321,0
88.612,t2_squeezenet,20378.654,89.662,323,0
88.659,t2_squeezenet,20400.468,46.461,322,0
88.745,t2_squeezenet,20345.104,86.441,321,0
88.832,t2_squeezenet,20419.863,86.785,320,0
88.879,t2_squeezenet,20427.900,46.912,320,0
88.942,t2_squeezenet,20445.342,62.364,321,0
89.031,t2_squeezenet,20532.767,89.884,321,0
89.120,t2_squeezenet,20542.544,88.443,322,0
89.211,t2_squeezenet,20586.145,90.547,322,0
89.252,t2_squeezenet,20586.128,41.239,322,0
89.343,t2_squeezenet,20480.484,90.615,322,0
89.430,t2_squeezenet,20403.868,87.678,322,0
89.517,t2_squeezenet,20422.166,87.024,321,0
89.613,t2_squeezenet,20442.089,95.346,320,0
89.659,t2_squeezenet,20453.976,46.115,319,0
89.743,t2_squeezenet,20491.043,84.520,322,0
89.832,t2_squeezenet,20494.716,88.742,323,0
89.877,t2_squeezenet,20505.174,45.271,322,0
89.941,t2_squeezenet,20488.826,63.160,324,0
90.030,t2_squeezenet,20518.160,88.888,326,0
90.120,t2_squeezenet,20598.778,90.184,326,0
90.162,t2_squeezenet,20378.686,41.974,325,0
90.248,t2_squeezenet,20390.725,86.045,325,0
90.340,t2_squeezenet,20473.399,91.805,325,0
90.429,t2_squeezenet,20447.970,89.008,326,0
90.517,t2_squeezenet,20532.143,87.699,327,0
90.610,t2_squeezenet,20504.426,93.550,327,0
90.654,t2_squeezenet,20475.437,44.127,328,0
90.740,t2_squeezenet,20414.732,85.140,329,0
90.827,t2_squeezenet,20456.282,87.798,330,0
90.876,t2_squeezenet,20361.099,48.609,331,0
90.930,t2_squeezenet,20399.583,53.908,330,0
91.022,t2_squeezenet,20455.363,91.702,331,0
91.109,t2_squeezenet,20488.034,87.634,330,0
91.149,t2_squeezenet,20495.520,39.647,330,0
91.234,t2_squeezenet,20572.845,84.700,330,0
91.325,t2_squeezenet,20655.890,91.000,330,0
91.414,t2_squeezenet,20715.265,89.491,329,0
91.459,t2_squeezenet,20753.943,44.574,328,0
91.548,t2_squeezenet,20728.530,89.397,327,0
91.638,t2_squeezenet,20723.475,89.231,326,0
91.726,t2_squeezenet,20671.997,88.335,326,0
91.811,t2_squeezenet,20753.694,85.023,326,0
91.857,t2_squeezenet,20774.157,46.175,326,0
91.912,t2_squeezenet,20790.687,54.096,326,0
91.958,t2_squeezenet,20821.839,46.513,326,0
92.047,t2_squeezenet,20899.598,88.947,327,0
92.132,t2_squeezenet,20884.582,85.248,326,0
92.219,t2_squeezenet,20910.592,86.643,326,0
92.311,t2_squeezenet,20745.024,92.199,325,0
92.356,t2_squeezenet,20705.447,44.814,327,0
92.442,t2_squeezenet,20761.994,85.925,327,0
92.530,t2_squeezenet,20802.262,87.917,326,0
92.621,t2_squeezenet,20848.106,90.874,328,0
92.711,t2_squeezenet,20919.398,90.180,329,0
92.752,t2_squeezenet,20840.757,40.310,330,0
92.841,t2_squeezenet,20829.591,89.446,332,0
92.887,t2_squeezenet,20821.551,46.293,331,0
92.949,t2_squeezenet,20803.607,61.784,331,0
93.036,t2_squeezenet,20827.922,86.363,331,0
93.122,t2_squeezenet,20849.228,86.136,331,0
93.210,t2_squeezenet,20903.599,88.111,332,0
93.254,t2_squeezenet,20944.431,44.152,332,0
93.340,t2_squeezenet,20963.748,86.126,335,0
93.430,t2_squeezenet,21051.353,89.352,335,0
93.517,t2_squeezenet,21094.250,87.370,335,0
93.562,t2_squeezenet,21127.493,44.673,334,0
93.651,t2_squeezenet,21213.319,88.716,334,0
93.736,t2_squeezenet,21070.954,85.154,336,0
93.825,t2_squeezenet,21116.131,89.522,338,0
93.876,t2_squeezenet,21165.403,50.120,338,0
93.928,t2_squeezenet,21212.004,52.613,338,0
94.018,t2_squeezenet,21265.522,90.191,338,0
94.061,t2_squeezenet,21277.722,42.188,337,0
94.146,t2_squeezenet,21353.118,84.835,337,0
94.240,t2_squeezenet,21420.015,94.177,338,0
94.330,t2_squeezenet,21320.480,89.843,338,0
94.415,t2_squeezenet,21369.120,85.407,339,0
94.458,t2_squeezenet,21396.601,43.182,340,0
94.550,t2_squeezenet,21482.382,91.789,341,0
94.639,t2_squeezenet,21401.771,89.222,342,0
94.731,t2_squeezenet,21487.938,91.615,343,0
94.821,t2_squeezenet,21574.958,89.938,344,0
94.869,t2_squeezenet,21605.369,47.930,343,0
94.931,t2_squeezenet,21622.263,62.342,343,0
95.020,t2_squeezenet,21700.584,88.396,346,0
95.110,t2_squeezenet,21742.209,90.230,347,0
95.151,t2_squeezenet,21675.918,40.534,348,0
95.241,t2_squeezenet,21758.363,90.641,347,0
95.334,t2_squeezenet,21832.751,92.436,351,0
95.421,t2_squeezenet,21882.916,86.887,352,0
95.511,t2_squeezenet,21887.196,90.435,352,0
95.556,t2_squeezenet,21841.338,44.918,352,0
95.646,t2_squeezenet,21923.064,89.555,356,0
95.734,t2_squeezenet,21933.383,87.975,356,0
95.825,t2_squeezenet,21698.719,91.420,355,0
95.872,t2_squeezenet,21741.993,46.511,354,0
95.927,t2_squeezenet,21764.711,54.706,353,0
96.021,t2_squeezenet,21832.020,94.443,354,0
96.110,t2_squeezenet,21805.436,88.838,354,0
96.151,t2_squeezenet,21740.292,41.305,353,0
96.242,t2_squeezenet,21819.253,91.095,352,0
96.332,t2_squeezenet,21901.108,89.247,354,0
96.420,t2_squeezenet,21914.929,88.415,354,0
96.511,t2_squeezenet,21841.217,90.785,353,0
96.554,t2_squeezenet,21878.103,43.036,355,0
96.641,t2_squeezenet,21963.749,86.304,356,0
96.732,t2_squeezenet,21978.756,91.927,355,0
96.821,t2_squeezenet,22042.576,88.044,355,0
96.914,t2_squeezenet,22081.817,93.045,354,0
97.012,t2_squeezenet,22160.434,98.134,353,0
97.055,t2_squeezenet,22128.811,42.871,352,0
97.145,t2_squeezenet,22071.534,90.673,352,0
97.236,t2_squeezenet,21994.760,90.898,352,0
97.323,t2_squeezenet,21847.154,86.973,351,0
97.419,t2_squeezenet,21909.379,95.121,352,0
97.510,t2_squeezenet,21983.773,91.688,352,0
97.554,t2_squeezenet,21992.952,43.613,351,0
97.648,t2_squeezenet,22027.539,93.625,351,0
97.741,t2_squeezenet,21889.544,93.708,351,0
97.836,t2_squeezenet,21947.830,94.280,350,0
97.880,t2_squeezenet,21758.239,43.827,350,0
97.932,t2_squeezenet,21791.898,52.561,351,0
98.023,t2_squeezenet,21828.708,90.303,351,0
98.117,t2_squeezenet,21883.045,94.510,352,0
98.158,t2_squeezenet,21854.909,40.617,352,0
98.247,t2_squeezenet,21919.394,89.323,352,0
98.334,t2_squeezenet,22004.419,87.006,352,0
98.429,t2_squeezenet,22066.741,94.644,355,0
98.522,t2_squeezenet,22065.429,92.924,354,0
98.614,t2_squeezenet,21969.967,92.323,356,0
98.659,t2_squeezenet,21901.495,44.271,356,0
98.751,t2_squeezenet,21742.125,92.736,357,0
98.847,t2_squeezenet,21832.520,95.310,359,0
98.890,t2_squeezenet,21773.304,43.454,358,0
98.935,t2_squeezenet,21794.381,44.990,357,0
99.028,t2_squeezenet,21869.669,92.398,358,0
99.119,t2_squeezenet,21869.850,91.084,361,0
99.210,t2_squeezenet,21739.515,91.423,363,0
99.253,t2_squeezenet,21757.720,42.998,364,0
99.342,t2_squeezenet,21751.271,88.318,364,0
99.437,t2_squeezenet,21682.403,95.323,364,0
99.521,t2_squeezenet,21750.954,83.677,363,0
99.613,t2_squeezenet,21821.862,91.970,362,0
99.659,t2_squeezenet,21855.547,45.923,361,0
99.750,t2_squeezenet,21938.484,91.568,362,0
99.846,t2_squeezenet,21836.770,95.710,363,0
99.890,t2_squeezenet,21874.232,44.115,364,0
99.943,t2_squeezenet,21857.779,53.068,363,0
100.036,t2_squeezenet,21889.483,93.024,364,0
100.126,t2_squeezenet,21707.857,89.935,363,0
100.215,t2_squeezenet,21778.155,89.095,363,0
100.260,t2_squeezenet,21779.794,44.392,363,0
100.348,t2_squeezenet,21656.085,88.103,363,0
100.437,t2_squeezenet,21548.262,89.063,362,0
100.523,t2_squeezenet,21555.155,85.778,362,0
100.615,t2_squeezenet,21629.821,92.037,363,0
100.661,t2_squeezenet,21658.676,45.624,362,0
100.750,t2_squeezenet,21742.466,88.843,361,0
100.840,t2_squeezenet,21799.378,90.591,362,0
100.883,t2_squeezenet,21834.527,42.791,362,0
100.935,t2_squeezenet,21881.290,51.731,361,0
101.022,t2_squeezenet,21935.923,86.554,363,0
101.115,t2_squeezenet,21911.345,93.872,366,0
101.157,t2_squeezenet,21880.401,41.178,365,0
101.244,t2_squeezenet,21961.292,87.094,365,0
101.331,t2_squeezenet,22021.611,87.181,364,0
101.421,t2_squeezenet,22093.211,89.627,365,0
101.510,t2_squeezenet,22173.363,89.132,364,0
101.549,t2_squeezenet,22162.600,39.185,364,0
101.637,t2_squeezenet,22157.102,87.358,364,0
101.726,t2_squeezenet,22096.781,89.773,366,0
101.816,t2_squeezenet,22106.120,89.977,365,0
101.863,t2_squeezenet,22068.518,47.015,364,0
101.918,t2_squeezenet,22073.107,54.201,363,0
102.011,t2_squeezenet,22118.844,93.587,364,0
102.055,t2_squeezenet,22080.618,43.477,363,0
102.141,t2_squeezenet,22156.399,85.698,363,0
102.228,t2_squeezenet,22202.908,87.382,363,0
102.315,t2_squeezenet,22258.594,87.519,364,0
102.413,t2_squeezenet,22159.002,97.080,373,0
102.453,t2_squeezenet,22052.760,40.859,373,0
102.538,t2_squeezenet,22132.693,84.540,372,0
102.626,t2_squeezenet,22147.701,88.006,371,0
102.717,t2_squeezenet,22230.707,90.684,372,0
102.763,t2_squeezenet,22170.387,46.444,372,0
102.857,t2_squeezenet,22136.982,93.415,375,0
102.900,t2_squeezenet,22101.806,43.236,375,0
102.947,t2_squeezenet,22072.036,46.624,374,0
103.033,t2_squeezenet,22118.243,86.658,375,0
103.123,t2_squeezenet,22103.129,89.514,375,0
103.214,t2_squeezenet,22163.392,91.146,376,0
103.310,t2_squeezenet,22141.415,95.665,376,0
103.354,t2_squeezenet,22185.272,44.442,377,0
103.446,t2_squeezenet,22239.287,91.992,378,0
103.532,t2_squeezenet,22304.347,85.901,378,0
103.617,t2_squeezenet,22276.058,84.244,378,0
103.712,t2_squeezenet,22371.338,95.730,379,0
103.759,t2_squeezenet,22416.130,46.655,378,0
103.851,t2_squeezenet,22479.293,91.810,378,0
103.897,t2_squeezenet,22503.698,46.073,378,0
103.944,t2_squeezenet,22490.759,47.276,379,0
104.039,t2_squeezenet,22549.275,95.057,378,0
104.127,t2_squeezenet,22544.646,87.639,377,0
104.221,t2_squeezenet,22559.496,94.059,377,0
104.312,t2_squeezenet,22636.616,90.942,377,0
104.357,t2_squeezenet,22674.447,45.146,376,0
104.450,t2_squeezenet,22743.590,92.119,377,0
104.535,t2_squeezenet,22821.376,85.183,377,0
104.622,t2_squeezenet,22841.883,87.580,377,0
104.718,t2_squeezenet,22866.915,96.046,379,0
104.809,t2_squeezenet,22924.624,90.998,378,0
104.856,t2_squeezenet,22968.621,46.598,377,0
104.912,t2_squeezenet,22936.495,56.348,377,0
104.957,t2_squeezenet,22939.931,44.343,376,0
105.048,t2_squeezenet,22976.310,91.533,376,0
105.137,t2_squeezenet,22885.598,88.568,378,0
105.227,t2_squeezenet,22900.969,90.149,377,0
105.316,t2_squeezenet,22929.881,89.000,377,0
105.411,t2_squeezenet,23013.366,94.930,377,0
105.456,t2_squeezenet,23040.365,45.157,376,0
105.541,t2_squeezenet,23092.780,84.886,375,0
105.635,t2_squeezenet,23120.574,93.627,374,0
105.728,t2_squeezenet,23175.822,93.419,374,0
105.816,t2_squeezenet,23213.805,87.281,376,0
105.864,t2_squeezenet,23258.209,48.605,375,0
105.916,t2_squeezenet,23249.007,51.975,375,0
106.011,t2_squeezenet,23332.026,94.596,376,0
106.054,t2_squeezenet,23286.171,43.021,376,0
106.143,t2_squeezenet,23356.851,88.784,376,0
106.233,t2_squeezenet,23414.766,90.465,378,0
106.324,t2_squeezenet,23472.358,90.835,377,0
106.420,t2_squeezenet,23413.580,95.190,376,0
106.515,t2_squeezenet,23502.909,95.083,378,0
106.556,t2_squeezenet,23426.593,41.192,378,0
106.646,t2_squeezenet,23392.673,89.575,379,0
106.740,t2_squeezenet,23286.834,94.488,380,0
106.836,t2_squeezenet,23369.684,96.136,382,0
106.882,t2_squeezenet,23284.006,45.470,382,0
106.933,t2_squeezenet,23335.351,51.660,382,0
107.025,t2_squeezenet,23425.391,91.518,382,0
107.120,t2_squeezenet,23519.336,94.891,384,0
107.211,t2_squeezenet,23595.346,91.516,388,0
107.255,t2_squeezenet,23627.209,43.531,387,0
107.339,t2_squeezenet,23706.928,84.165,388,0
107.435,t2_squeezenet,23545.537,95.331,389,0
107.527,t2_squeezenet,23637.035,92.787,391,0
107.616,t2_squeezenet,23716.787,88.488,391,0
107.659,t2_squeezenet,23746.608,43.335,390,0
107.752,t2_squeezenet,23777.735,92.153,391,0
107.848,t2_squeezenet,23844.495,96.283,391,0
107.892,t2_squeezenet,23833.680,44.475,390,0
107.939,t2_squeezenet,23878.738,46.303,389,0
108.030,t2_squeezenet,23882.485,91.079,388,0
108.122,t2_squeezenet,23941.691,91.852,389,0
108.214,t2_squeezenet,24016.521,92.583,389,0
108.257,t2_squeezenet,24031.095,42.199,388,0
108.344,t2_squeezenet,24117.984,87.173,388,0
108.434,t2_squeezenet,24195.192,89.754,387,0
108.527,t2_squeezenet,24199.032,93.680,387,0
108.618,t2_squeezenet,24276.698,90.704,386,0
108.710,t2_squeezenet,24343.435,91.758,388,0
108.752,t2_squeezenet,24277.484,42.071,391,0
108.850,t2_squeezenet,24350.498,97.722,393,0
108.894,t2_squeezenet,24373.235,44.216,394,0
108.949,t2_squeezenet,24295.327,55.153,395,0
109.041,t2_squeezenet,24321.765,91.977,394,0
109.131,t2_squeezenet,24319.593,90.088,394,0
109.232,t2_squeezenet,24413.253,100.144,394,0
109.320,t2_squeezenet,24495.026,88.720,396,0
109.410,t2_squeezenet,24500.966,89.860,395,0
109.453,t2_squeezenet,24348.092,42.721,396,0
109.547,t2_squeezenet,24348.472,94.176,397,0
109.638,t2_squeezenet,24362.026,90.622,396,0
109.728,t2_squeezenet,24338.148,90.465,395,0
109.823,t2_squeezenet,24312.185,94.643,397,0
109.874,t2_squeezenet,24292.774,51.171,397,0
109.923,t2_squeezenet,24300.830,48.883,397,0
110.013,t2_squeezenet,24370.121,89.476,398,0
110.058,t2_squeezenet,24355.288,45.429,398,0
110.151,t2_squeezenet,24413.381,92.854,400,0
110.243,t2_squeezenet,24442.710,92.050,400,0
110.329,t2_squeezenet,24509.623,86.299,402,0
110.419,t2_squeezenet,24550.048,89.818,402,0
110.514,t2_squeezenet,24643.728,95.120,403,0
110.610,t2_squeezenet,24719.587,95.595,403,0
110.650,t2_squeezenet,24656.453,39.748,402,0
110.735,t2_squeezenet,24696.054,84.733,402,0
110.827,t2_squeezenet,24754.718,92.283,401,0
110.878,t2_squeezenet,24729.787,51.398,402,0
110.921,t2_squeezenet,24733.162,42.281,401,0
111.010,t2_squeezenet,24799.733,89.121,400,0
111.051,t2_squeezenet,24752.985,41.334,402,0
111.144,t2_squeezenet,24776.548,92.687,401,0
111.238,t2_squeezenet,24588.308,93.933,404,0
111.321,t2_squeezenet,24519.554,83.256,403,0
111.414,t2_squeezenet,24504.562,92.524,403,0
111.458,t2_squeezenet,24452.992,43.852,403,0
111.551,t2_squeezenet,24506.421,92.962,403,0
111.638,t2_squeezenet,24549.472,87.510,405,0
111.725,t2_squeezenet,24596.588,86.909,406,0
111.817,t2_squeezenet,24520.940,91.686,406,0
111.870,t2_squeezenet,24529.415,53.183,406,0
111.914,t2_squeezenet,24535.426,43.793,405,0
111.958,t2_squeezenet,24565.852,43.705,406,0
112.048,t2_squeezenet,24594.660,90.271,408,0
112.141,t2_squeezenet,24631.328,92.542,409,0
112.235,t2_squeezenet,24690.101,94.230,411,0
112.319,t2_squeezenet,24554.196,84.044,411,0
112.411,t2_squeezenet,24577.400,92.115,412,0
112.452,t2_squeezenet,24605.281,40.253,411,0
112.545,t2_squeezenet,24688.202,93.719,410,0
112.632,t2_squeezenet,24728.040,86.863,411,0
112.722,t2_squeezenet,24717.325,90.174,410,0
112.814,t2_squeezenet,24795.588,91.590,409,0
112.865,t2_squeezenet,24835.072,51.233,410,0
112.917,t2_squeezenet,24706.014,52.094,410,0
112.959,t2_squeezenet,24725.914,41.334,411,0
113.046,t2_squeezenet,24791.155,87.552,410,0
113.134,t2_squeezenet,24730.621,87.736,410,0
113.227,t2_squeezenet,24752.645,92.970,409,0
113.314,t2_squeezenet,24774.842,86.576,408,0
113.353,t2_squeezenet,24806.024,39.590,408,0
113.444,t2_squeezenet,24876.523,90.427,407,0
113.535,t2_squeezenet,24691.787,91.466,408,0
113.624,t2_squeezenet,24697.466,88.762,409,0
113.715,t2_squeezenet,24775.729,90.387,412,0
113.758,t2_squeezenet,24769.509,43.651,411,0
113.855,t2_squeezenet,24756.504,96.992,413,0
113.910,t2_squeezenet,24800.067,54.562,413,0
113.947,t2_squeezenet,24796.561,37.238,413,0
114.035,t2_squeezenet,24804.433,87.785,415,0
114.125,t2_squeezenet,24796.039,89.344,416,0
114.219,t2_squeezenet,24793.629,94.679,416,0
114.262,t2_squeezenet,24590.362,42.923,417,0
114.345,t2_squeezenet,24667.389,82.647,418,0
114.435,t2_squeezenet,24726.045,90.475,420,0
114.525,t2_squeezenet,24784.545,89.925,420,0
114.620,t2_squeezenet,24846.663,94.559,420,0
114.663,t2_squeezenet,24851.617,43.363,419,0
114.748,t2_squeezenet,24869.251,85.055,422,0
114.847,t2_squeezenet,24947.607,98.407,424,0
114.893,t2_squeezenet,24961.941,46.373,424,0
114.936,t2_squeezenet,24971.741,42.169,423,0
115.026,t2_squeezenet,25052.673,90.228,423,0
115.116,t2_squeezenet,25098.468,90.026,425,0
115.162,t2_squeezenet,25104.053,46.551,425,0
115.247,t2_squeezenet,25038.388,84.900,424,0
115.334,t2_squeezenet,25058.399,86.329,424,0
115.421,t2_squeezenet,25059.821,87.245,424,0
115.517,t2_squeezenet,25141.185,96.218,425,0
115.563,t2_squeezenet,25087.709,45.635,424,0
115.649,t2_squeezenet,25139.631,85.736,425,0
115.737,t2_squeezenet,25171.333,88.456,427,0
115.826,t2_squeezenet,25197.801,89.050,427,0
115.880,t2_squeezenet,25235.400,53.460,426,0
115.921,t2_squeezenet,25264.166,40.621,425,0
115.963,t2_squeezenet,25226.489,42.128,425,0
116.049,t2_squeezenet,25263.855,86.248,426,0
116.142,t2_squeezenet,25352.093,93.318,425,0
116.229,t2_squeezenet,25386.146,86.987,425,0
116.318,t2_squeezenet,25459.424,88.319,426,0
116.362,t2_squeezenet,25412.069,43.760,425,0
116.449,t2_squeezenet,25461.541,86.805,427,0
116.538,t2_squeezenet,25423.795,89.532,426,0
116.627,t2_squeezenet,25404.662,88.951,427,0
116.715,t2_squeezenet,25431.026,87.940,429,0
116.760,t2_squeezenet,25037.868,44.460,430,0
116.859,t2_squeezenet,25054.026,49.265,431,0
116.903,t2_squeezenet,25077.597,44.198,431,0
116.949,t2_squeezenet,25065.292,45.800,432,0
117.036,t2_squeezenet,25106.701,87.402,432,0
117.126,t2_squeezenet,25122.804,90.163,432,0
117.219,t2_squeezenet,25202.645,93.164,431,0
117.261,t2_squeezenet,25126.608,40.978,431,0
117.345,t2_squeezenet,25029.752,83.966,432,0
117.434,t2_squeezenet,25115.104,89.257,432,0
117.528,t2_squeezenet,25177.651,94.520,433,0
117.616,t2_squeezenet,25249.232,87.592,433,0
117.659,t2_squeezenet,25109.731,42.711,432,0
117.750,t2_squeezenet,25174.102,90.787,434,0
117.843,t2_squeezenet,25260.379,93.188,434,0
117.888,t2_squeezenet,25264.024,45.258,433,0
117.936,t2_squeezenet,25265.748,47.786,432,0
118.023,t2_squeezenet,25306.313,86.610,433,0
118.117,t2_squeezenet,25368.849,94.570,432,0
118.213,t2_squeezenet,25424.121,95.289,431,0
118.252,t2_squeezenet,25451.742,39.097,430,0
118.336,t2_squeezenet,25525.082,84.540,431,0
118.429,t2_squeezenet,25519.730,92.557,432,0
118.524,t2_squeezenet,25494.660,94.485,435,0
118.614,t2_squeezenet,25519.192,90.383,437,0
118.655,t2_squeezenet,25531.198,41.377,437,0
118.747,t2_squeezenet,25601.421,91.842,438,0
118.846,t2_squeezenet,25604.188,99.159,438,0
118.891,t2_squeezenet,25634.571,44.971,437,0
118.933,t2_squeezenet,25668.677,41.554,436,0
119.025,t2_squeezenet,25734.680,92.298,436,0
119.119,t2_squeezenet,25803.936,93.180,439,0
119.212,t2_squeezenet,25839.717,93.756,440,0
119.252,t2_squeezenet,25803.517,39.515,440,0
119.337,t2_squeezenet,25724.616,85.170,440,0
119.430,t2_squeezenet,25747.377,92.308,440,0
119.526,t2_squeezenet,25836.872,96.129,441,0
119.618,t2_squeezenet,25899.902,91.750,442,0
119.710,t2_squeezenet,25938.001,92.220,443,0
119.754,t2_squeezenet,25962.809,44.463,442,0
119.854,t2_squeezenet,26054.379,99.926,443,0
119.902,t2_squeezenet,26069.650,47.208,442,0
119.941,t2_squeezenet,26045.600,39.380,442,0
120.032,t2_squeezenet,26099.260,91.106,443,0
120.126,t2_squeezenet,26038.679,93.604,442,0
120.220,t2_squeezenet,26054.939,93.714,441,0
120.262,t2_squeezenet,26065.290,42.893,440,0
120.347,t2_squeezenet,26049.481,84.966,440,0
120.441,t2_squeezenet,26098.761,92.954,439,0
120.534,t2_squeezenet,26167.182,93.055,440,0
120.625,t2_squeezenet,26183.535,91.520,441,0
120.718,t2_squeezenet,26266.178,92.400,440,0
120.813,t2_squeezenet,26328.240,95.244,444,0
120.866,t2_squeezenet,26353.337,53.208,444,0
120.913,t2_squeezenet,26332.734,46.546,443,0
120.953,t2_squeezenet,26367.381,39.813,442,0
121.045,t2_squeezenet,26385.892,92.510,442,0
121.141,t2_squeezenet,26442.115,95.300,442,0
121.236,t2_squeezenet,26464.377,95.427,443,0
121.326,t2_squeezenet,26533.421,89.975,443,0
121.416,t2_squeezenet,26504.476,90.100,450,0
121.510,t2_squeezenet,26565.490,93.865,453,0
121.553,t2_squeezenet,26607.846,43.191,454,0
121.643,t2_squeezenet,26649.278,89.117,454,0
121.737,t2_squeezenet,26726.255,94.635,454,0
121.831,t2_squeezenet,26799.771,94.173,454,0
121.881,t2_squeezenet,26779.004,49.682,454,0
121.933,t2_squeezenet,26808.088,51.490,454,0
122.017,t2_squeezenet,26877.366,84.145,453,0
122.110,t2_squeezenet,26863.847,92.789,452,0
122.151,t2_squeezenet,26869.294,41.315,451,0
122.245,t2_squeezenet,26950.465,93.593,451,0
122.329,t2_squeezenet,27017.990,84.131,450,0
122.419,t2_squeezenet,27101.471,90.626,450,0
122.511,t2_squeezenet,27118.755,91.801,452,0
122.556,t2_squeezenet,27160.061,44.224,451,0
122.642,t2_squeezenet,27199.239,86.114,450,0
122.731,t2_squeezenet,27208.109,89.289,450,0
122.825,t2_squeezenet,27258.143,94.011,452,0
122.877,t2_squeezenet,27304.524,51.957,453,0
122.928,t2_squeezenet,27352.619,50.718,454,0
123.018,t2_squeezenet,27392.804,89.864,453,0
123.110,t2_squeezenet,27473.134,92.119,454,0
123.152,t2_squeezenet,27424.105,42.256,453,0
123.246,t2_squeezenet,27295.974,93.491,453,0
123.334,t2_squeezenet,27358.459,88.533,454,0
123.424,t2_squeezenet,27375.468,89.048,454,0
123.513,t2_squeezenet,27233.488,89.807,453,0
123.610,t2_squeezenet,27324.108,96.205,453,0
123.648,t2_squeezenet,27332.295,38.242,452,0
123.737,t2_squeezenet,27349.384,89.060,454,0
123.830,t2_squeezenet,27317.302,92.723,454,0
123.881,t2_squeezenet,27357.324,51.554,454,0
123.929,t2_squeezenet,27397.594,47.354,455,0
124.018,t2_squeezenet,27427.972,89.181,457,0
124.113,t2_squeezenet,27510.209,94.668,457,0
124.156,t2_squeezenet,27340.324,43.365,458,0
124.252,t2_squeezenet,27194.535,95.481,461,0
124.342,t2_squeezenet,27175.395,90.250,462,0
124.432,t2_squeezenet,27094.780,89.954,463,0
124.523,t2_squeezenet,27112.269,91.372,462,0
124.614,t2_squeezenet,27125.543,90.729,461,0
124.711,t2_squeezenet,27153.710,97.066,463,0
124.751,t2_squeezenet,27048.720,39.533,464,0
124.847,t2_squeezenet,26974.208,96.656,466,0
124.896,t2_squeezenet,27010.769,48.730,465,0
124.941,t2_squeezenet,27045.483,44.612,465,0
125.031,t2_squeezenet,27091.870,90.063,468,0
125.126,t2_squeezenet,27032.111,95.087,468,0
125.217,t2_squeezenet,27103.621,90.685,469,0
125.313,t2_squeezenet,27180.301,95.674,468,0
125.357,t2_squeezenet,27141.261,43.971,468,0
125.447,t2_squeezenet,27155.758,90.110,469,0
125.537,t2_squeezenet,27192.593,90.053,468,0
125.634,t2_squeezenet,27286.805,97.291,468,0
125.725,t2_squeezenet,27350.885,90.295,467,0
125.815,t2_squeezenet,27410.410,90.548,468,0
125.866,t2_squeezenet,27325.461,50.309,467,0
125.924,t2_squeezenet,27364.014,58.615,467,0
126.019,t2_squeezenet,27409.534,94.935,467,0
126.110,t2_squeezenet,27469.437,91.128,467,0
126.152,t2_squeezenet,27449.336,41.697,467,0
126.247,t2_squeezenet,27525.645,94.839,467,0
126.340,t2_squeezenet,27582.452,92.966,469,0
126.433,t2_squeezenet,27642.997,93.439,471,0
126.523,t2_squeezenet,27686.613,89.890,470,0
126.617,t2_squeezenet,27675.315,93.400,471,0
126.715,t2_squeezenet,27701.982,97.759,471,0
126.809,t2_squeezenet,27779.676,94.656,472,0
126.853,t2_squeezenet,27799.916,43.308,471,0
126.911,t2_squeezenet,27814.624,58.318,471,0
126.954,t2_squeezenet,27839.501,43.368,470,0
127.055,t2_squeezenet,27911.966,100.458,471,0
127.146,t2_squeezenet,27941.933,91.060,472,0
127.241,t2_squeezenet,28033.621,94.916,473,0
127.331,t2_squeezenet,28102.601,89.894,473,0
127.423,t2_squeezenet,28188.102,91.839,473,0
127.521,t2_squeezenet,28256.668,98.288,474,0
127.613,t2_squeezenet,28245.968,91.901,473,0
127.710,t2_squeezenet,28007.327,96.688,472,0
127.754,t2_squeezenet,28032.733,43.784,472,0
127.855,t2_squeezenet,28098.341,101.030,475,0
127.896,t2_squeezenet,28118.330,41.462,475,0
127.942,t2_squeezenet,28072.976,45.951,474,0
128.034,t2_squeezenet,28157.319,91.471,474,0
128.130,t2_squeezenet,28171.076,96.593,479,0
128.225,t2_squeezenet,28228.193,94.832,480,0
128.316,t2_squeezenet,28119.867,90.611,481,0
128.412,t2_squeezenet,28162.638,95.888,482,0
128.456,t2_squeezenet,28178.634,44.560,482,0
128.548,t2_squeezenet,28034.948,91.161,482,0
128.636,t2_squeezenet,28085.361,88.066,481,0
128.730,t2_squeezenet,28131.943,94.277,482,0
128.825,t2_squeezenet,28016.472,95.398,482,0
128.880,t2_squeezenet,28057.620,54.243,482,0
128.922,t2_squeezenet,28047.307,42.594,482,0
129.014,t2_squeezenet,28014.600,91.095,481,0
129.058,t2_squeezenet,28052.625,44.545,480,0
129.148,t2_squeezenet,28132.045,90.231,482,0
129.238,t2_squeezenet,28149.607,89.674,483,0
129.328,t2_squeezenet,28224.384,89.955,483,0
129.421,t2_squeezenet,28316.623,92.437,484,0
129.515,t2_squeezenet,28400.889,94.110,486,0
129.612,t2_squeezenet,28417.264,97.578,488,0
129.652,t2_squeezenet,28264.632,39.577,488,0
129.742,t2_squeezenet,28353.211,90.338,490,0
129.839,t2_squeezenet,28318.123,96.298,492,0
129.893,t2_squeezenet,28304.255,54.211,491,0
129.935,t2_squeezenet,28288.749,41.729,491,0
130.026,t2_squeezenet,28352.717,90.759,492,0
130.118,t2_squeezenet,28400.688,92.058,493,0
130.215,t2_squeezenet,28255.823,97.472,493,0
130.258,t2_squeezenet,28291.319,43.187,494,0
130.347,t2_squeezenet,28266.093,88.530,497,0
130.441,t2_squeezenet,28253.834,93.877,497,0
130.535,t2_squeezenet,28301.643,93.932,496,0
130.630,t2_squeezenet,28372.185,94.855,495,0
130.722,t2_squeezenet,28396.436,91.680,495,0
130.814,t2_squeezenet,28488.133,92.416,496,0
130.865,t2_squeezenet,28531.441,50.492,497,0
130.926,t2_squeezenet,28569.518,61.287,499,0
131.017,t2_squeezenet,28647.559,90.765,499,0
131.110,t2_squeezenet,28738.338,93.071,500,0
131.155,t2_squeezenet,28767.768,44.830,499,0
131.253,t2_squeezenet,28857.537,98.253,500,0
131.344,t2_squeezenet,28938.863,91.255,500,0
131.438,t2_squeezenet,29026.081,93.238,499,0
131.529,t2_squeezenet,29085.778,91.037,499,0
131.623,t2_squeezenet,28964.310,93.749,499,0
131.721,t2_squeezenet,29048.300,98.131,498,0
131.814,t2_squeezenet,29052.974,92.727,499,0
131.863,t2_squeezenet,29067.222,49.100,499,0
131.920,t2_squeezenet,29085.285,56.901,498,0
132.012,t2_squeezenet,29170.956,92.514,498,0
132.055,t2_squeezenet,29202.982,42.508,498,0
132.147,t2_squeezenet,29263.881,91.830,499,0
132.238,t2_squeezenet,29238.876,90.796,499,0
132.332,t2_squeezenet,29307.246,94.222,500,0
132.424,t2_squeezenet,29364.009,91.826,499,0
132.516,t2_squeezenet,29359.366,91.848,499,0
132.559,t2_squeezenet,29367.451,43.725,499,0
132.651,t2_squeezenet,29395.530,91.950,500,0
132.745,t2_squeezenet,29416.271,93.739,500,0
132.844,t2_squeezenet,29503.999,98.996,500,0
132.888,t2_squeezenet,29510.423,43.832,499,0
132.944,t2_squeezenet,29517.207,55.722,499,0
133.044,t2_squeezenet,29543.621,99.593,500,0
133.138,t2_squeezenet,29556.650,94.852,500,0
133.232,t2_squeezenet,29545.321,93.869,499,0
133.330,t2_squeezenet,29625.497,97.663,498,0
133.426,t2_squeezenet,29639.123,96.311,499,0
133.524,t2_squeezenet,29627.466,97.517,499,0
133.618,t2_squeezenet,29717.197,93.526,499,0
133.714,t2_squeezenet,29791.854,96.133,500,0
133.811,t2_squeezenet,29595.832,96.853,500,0
133.865,t2_squeezenet,29556.403,54.049,499,0
133.912,t2_squeezenet,29483.263,47.647,500,0
134.010,t2_squeezenet,29572.636,97.224,500,0
134.051,t2_squeezenet,29550.626,41.472,500,0
134.147,t2_squeezenet,29533.113,96.068,499,0
134.244,t2_squeezenet,29615.523,97.018,498,0
134.337,t2_squeezenet,29678.979,92.787,497,0
134.433,t2_squeezenet,29740.025,95.713,499,0
134.534,t2_squeezenet,29672.086,100.909,500,0
134.633,t2_squeezenet,29661.000,99.057,500,0
134.726,t2_squeezenet,29667.228,93.301,500,0
134.826,t2_squeezenet,29742.613,99.437,500,0
134.880,t2_squeezenet,29754.413,54.454,499,0
134.927,t2_squeezenet,29633.798,46.723,498,0
135.023,t2_squeezenet,29650.866,96.252,500,0
135.121,t2_squeezenet,29456.577,97.793,500,0
135.216,t2_squeezenet,29448.480,94.463,500,0
135.315,t2_squeezenet,29514.708,99.337,500,0
135.413,t2_squeezenet,29603.506,97.559,500,0
135.451,t2_squeezenet,29574.411,38.480,499,0
135.547,t2_squeezenet,29620.946,95.854,499,0
135.642,t2_squeezenet,29676.233,95.078,500,0
135.743,t2_squeezenet,29707.896,100.197,500,0
135.842,t2_squeezenet,29786.488,99.076,500,0
135.892,t2_squeezenet,29722.497,49.994,500,0
135.937,t2_squeezenet,29741.729,45.546,500,0
136.034,t2_squeezenet,29834.323,96.068,499,0
136.130,t2_squeezenet,29706.048,96.335,500,0
136.223,t2_squeezenet,29772.540,93.009,500,0
136.319,t2_squeezenet,29830.701,95.721,500,0
136.414,t2_squeezenet,29870.398,95.720,500,0
136.512,t2_squeezenet,29909.927,97.294,499,0
136.551,t2_squeezenet,29907.371,39.135,500,0
136.644,t2_squeezenet,29970.181,93.050,500,0
136.745,t2_squeezenet,30054.847,101.327,500,0
136.844,t2_squeezenet,30080.061,98.950,499,0
136.898,t2_squeezenet,30109.350,53.164,498,0
136.937,t2_squeezenet,30133.219,39.111,499,0
137.037,t2_squeezenet,30192.826,99.859,498,0
137.134,t2_squeezenet,30239.173,97.122,497,0
137.231,t2_squeezenet,30240.541,97.483,497,0
137.327,t2_squeezenet,30295.471,95.849,498,0
137.422,t2_squeezenet,30378.513,94.702,499,0
137.517,t2_squeezenet,30461.109,94.857,500,0
137.614,t2_squeezenet,30489.153,97.220,499,0
137.711,t2_squeezenet,30562.027,96.278,499,0
137.750,t2_squeezenet,30588.759,39.904,499,0
137.851,t2_squeezenet,30687.921,100.159,499,0
137.913,t2_squeezenet,30716.629,62.138,499,0
138.010,t2_squeezenet,30690.577,96.927,500,0
138.051,t2_squeezenet,30715.944,41.570,500,0
138.148,t2_squeezenet,30757.494,96.789,500,0
138.245,t2_squeezenet,30822.477,96.851,499,0
138.340,t2_squeezenet,30856.594,94.580,499,0
138.434,t2_squeezenet,30928.027,93.894,500,0
138.532,t2_squeezenet,31018.862,98.552,500,0
138.630,t2_squeezenet,31052.502,97.641,500,0
138.726,t2_squeezenet,31066.551,95.999,500,0
138.821,t2_squeezenet,31143.440,94.361,500,0
138.867,t2_squeezenet,31023.077,46.374,499,0
138.921,t2_squeezenet,30869.841,53.809,500,0
139.019,t2_squeezenet,30966.428,98.388,500,0
139.119,t2_squeezenet,30962.573,99.531,500,0
139.215,t2_squeezenet,30882.957,95.838,500,0
139.311,t2_squeezenet,30825.338,95.955,500,0
139.352,t2_squeezenet,30717.224,41.661,500,0
139.446,t2_squeezenet,30791.966,94.050,500,0
139.543,t2_squeezenet,30886.915,96.769,500,0
139.638,t2_squeezenet,30913.383,94.354,500,0
139.735,t2_squeezenet,31010.153,96.940,500,0
139.833,t2_squeezenet,31096.473,97.982,499,0
139.881,t2_squeezenet,31143.837,47.767,498,0
139.924,t2_squeezenet,31157.515,43.768,497,0
140.020,t2_squeezenet,31252.153,95.825,499,0
140.120,t2_squeezenet,31351.028,100.063,500,0
140.218,t2_squeezenet,31357.707,98.073,499,0
140.312,t2_squeezenet,31432.349,94.010,500,0
140.353,t2_squeezenet,31448.280,40.403,499,0
140.447,t2_squeezenet,31510.263,93.523,500,0
140.544,t2_squeezenet,31434.664,97.117,500,0
140.641,t2_squeezenet,31500.869,96.776,500,0
140.735,t2_squeezenet,31491.381,94.413,500,0
140.831,t2_squeezenet,31577.415,96.239,500,0
140.880,t2_squeezenet,31616.201,48.473,499,0
140.933,t2_squeezenet,31488.265,53.051,498,0
141.026,t2_squeezenet,31577.438,93.542,500,0
141.122,t2_squeezenet,31604.997,95.650,500,0
141.215,t2_squeezenet,31688.513,92.558,500,0
141.314,t2_squeezenet,31584.514,99.403,499,0
141.410,t2_squeezenet,31612.138,96.090,498,0
141.452,t2_squeezenet,31632.183,41.625,498,0
141.546,t2_squeezenet,31689.286,94.131,498,0
141.642,t2_squeezenet,31739.151,96.021,497,0
141.737,t2_squeezenet,31811.509,94.379,498,0
141.830,t2_squeezenet,31837.098,92.838,499,0
141.880,t2_squeezenet,31845.177,50.350,499,0
141.923,t2_squeezenet,31824.729,42.961,500,0
142.022,t2_squeezenet,31922.393,99.240,500,0
142.114,t2_squeezenet,32010.309,91.995,500,0
142.210,t2_squeezenet,31982.131,95.288,500,0
142.252,t2_squeezenet,32005.594,42.492,500,0
142.349,t2_squeezenet,32061.468,96.993,500,0
142.444,t2_squeezenet,32132.831,95.280,500,0
142.539,t2_squeezenet,32136.870,94.361,500,0
142.633,t2_squeezenet,32147.519,93.677,500,0
142.727,t2_squeezenet,32218.091,94.697,500,0
142.820,t2_squeezenet,32210.359,92.164,500,0
142.868,t2_squeezenet,32167.609,48.499,500,0
142.915,t2_squeezenet,32057.826,46.704,499,0
143.013,t2_squeezenet,32146.830,97.669,500,0
143.111,t2_squeezenet,32093.441,98.014,500,0
143.150,t2_squeezenet,32103.479,39.859,500,0
143.243,t2_squeezenet,32195.712,92.317,500,0
143.334,t2_squeezenet,32148.552,91.087,500,0
143.431,t2_squeezenet,32242.510,96.473,500,0
143.526,t2_squeezenet,32333.690,95.180,499,0
143.618,t2_squeezenet,32421.337,92.051,499,0
143.712,t2_squeezenet,32379.210,94.380,500,0
143.757,t2_squeezenet,32318.410,44.822,500,0
143.855,t2_squeezenet,32388.176,97.917,500,0
143.901,t2_squeezenet,32339.604,46.197,499,0
143.942,t2_squeezenet,32359.272,40.492,500,0
144.036,t2_squeezenet,32425.716,94.129,500,0
144.133,t2_squeezenet,32444.606,97.333,500,0
144.224,t2_squeezenet,32530.096,90.364,500,0
144.316,t2_squeezenet,32566.833,91.817,500,0
144.412,t2_squeezenet,32580.405,96.355,500,0
144.510,t2_squeezenet,32583.647,97.998,500,0
144.552,t2_squeezenet,32609.109,42.116,500,0
144.647,t2_squeezenet,32672.174,94.865,500,0
144.744,t2_squeezenet,32705.050,96.982,500,0
144.848,t2_squeezenet,32804.645,103.202,499,0
144.904,t2_squeezenet,32830.884,56.239,499,0
144.943,t2_squeezenet,32802.068,38.791,500,0
145.032,t2_squeezenet,32867.601,89.216,500,0
145.128,t2_squeezenet,32949.774,96.469,500,0
145.227,t2_squeezenet,33035.955,98.065,500,0
145.324,t2_squeezenet,33071.199,97.278,500,0
145.417,t2_squeezenet,33089.260,93.232,500,0
145.513,t2_squeezenet,33167.054,95.457,500,0
145.611,t2_squeezenet,33043.736,98.617,499,0
145.652,t2_squeezenet,33078.301,40.583,498,0
145.740,t2_squeezenet,32908.416,88.336,497,0
145.840,t2_squeezenet,32997.203,99.822,498,0
145.889,t2_squeezenet,32994.715,48.822,498,0
145.944,t2_squeezenet,33012.364,54.594,499,0
146.040,t2_squeezenet,33086.212,96.110,499,0
146.136,t2_squeezenet,33028.101,96.383,500,0
146.231,t2_squeezenet,32899.923,94.848,500,0
146.329,t2_squeezenet,32839.968,97.714,500,0
146.421,t2_squeezenet,32900.862,91.783,500,0
146.516,t2_squeezenet,32948.058,95.664,499,0
146.614,t2_squeezenet,32996.108,97.179,498,0
146.711,t2_squeezenet,33066.574,96.997,499,0
146.751,t2_squeezenet,33074.816,40.756,499,0
146.850,t2_squeezenet,33145.646,98.488,500,0
146.894,t2_squeezenet,33181.602,43.936,499,0
146.949,t2_squeezenet,33167.652,55.420,498,0
147.048,t2_squeezenet,33231.899,98.186,499,0
147.144,t2_squeezenet,33324.824,96.602,500,0
147.233,t2_squeezenet,33362.563,88.876,500,0
147.327,t2_squeezenet,33384.681,94.026,500,0
147.427,t2_squeezenet,33433.982,99.408,499,0
147.525,t2_squeezenet,33519.577,98.315,498,0
147.616,t2_squeezenet,33593.710,91.146,497,0
147.713,t2_squeezenet,33664.318,96.838,497,0
147.814,t2_squeezenet,33716.158,100.317,499,0
147.869,t2_squeezenet,33692.230,55.219,500,0
147.910,t2_squeezenet,33669.549,41.055,499,0
147.953,t2_squeezenet,33696.361,42.763,499,0
148.043,t2_squeezenet,33734.516,89.755,499,0
148.136,t2_squeezenet,33811.189,93.357,500,0
148.231,t2_squeezenet,33875.161,95.082,500,0
148.325,t2_squeezenet,33954.199,94.268,500,0
148.421,t2_squeezenet,33987.078,95.145,499,0
148.515,t2_squeezenet,34017.084,94.157,498,0
148.558,t2_squeezenet,34022.537,43.551,498,0
148.646,t2_squeezenet,33981.570,87.165,499,0
148.741,t2_squeezenet,34073.612,95.607,498,0
148.840,t2_squeezenet,34158.159,98.665,497,0
148.896,t2_squeezenet,34210.589,56.354,496,0
148.937,t2_squeezenet,34187.213,41.010,495,0
149.023,t2_squeezenet,34256.323,85.599,495,0
149.113,t2_squeezenet,34277.391,90.194,494,0
149.159,t2_squeezenet,34270.059,45.887,494,0
149.251,t2_squeezenet,34273.633,41.907,495,0
149.340,t2_squeezenet,34274.251,88.873,495,0
149.433,t2_squeezenet,34333.239,92.405,494,0
149.528,t2_squeezenet,34416.833,95.803,496,0
149.620,t2_squeezenet,34473.705,91.542,496,0
149.714,t2_squeezenet,34418.755,93.664,499,0
149.758,t2_squeezenet,34420.828,44.563,500,0
149.852,t2_squeezenet,34348.903,93.861,500,0
149.907,t2_squeezenet,34398.216,54.586,500,0
149.948,t2_squeezenet,34383.227,41.498,500,0
150.036,t2_squeezenet,34426.887,87.803,500,0
150.130,t2_squeezenet,34479.077,93.519,499,0
150.223,t2_squeezenet,34551.376,93.199,500,0
150.318,t2_squeezenet,34596.947,94.776,500,0
150.410,t2_squeezenet,34647.165,92.360,500,0
150.453,t2_squeezenet,34496.735,42.291,500,0
150.549,t2_squeezenet,34581.212,96.528,500,0
150.642,t2_squeezenet,34625.983,92.876,500,0
150.734,t2_squeezenet,34534.909,91.769,500,0
150.825,t2_squeezenet,34593.266,91.502,500,0
150.881,t2_squeezenet,34595.490,55.702,500,0
150.931,t2_squeezenet,34544.796,49.985,500,0
151.023,t2_squeezenet,34633.789,92.005,500,0
151.113,t2_squeezenet,34680.037,89.521,499,0
151.158,t2_squeezenet,34614.007,45.290,498,0
151.251,t2_squeezenet,34671.634,92.795,497,0
151.344,t2_squeezenet,34691.353,92.704,498,0
151.434,t2_squeezenet,34767.330,90.577,499,0
151.527,t2_squeezenet,34816.079,92.733,500,0
151.623,t2_squeezenet,34896.957,96.138,500,0
151.718,t2_squeezenet,34985.294,95.072,500,0
151.810,t2_squeezenet,34966.929,91.599,499,0
151.860,t2_squeezenet,35015.081,49.654,499,0
151.909,t2_squeezenet,35044.174,49.828,499,0
151.953,t2_squeezenet,35042.752,43.827,500,0
152.040,t2_squeezenet,35105.705,86.581,500,0
152.131,t2_squeezenet,35167.076,91.271,500,0
152.226,t2_squeezenet,35134.645,94.724,499,0
152.321,t2_squeezenet,35084.589,94.401,499,0
152.412,t2_squeezenet,35146.871,91.315,500,0
152.453,t2_squeezenet,35146.041,41.609,499,0
152.548,t2_squeezenet,35139.135,94.635,499,0
152.640,t2_squeezenet,35144.993,91.379,498,0
152.732,t2_squeezenet,35232.133,92.596,500,0
152.828,t2_squeezenet,35222.203,95.434,500,0
152.881,t2_squeezenet,35209.141,53.188,500,0
152.925,t2_squeezenet,35198.290,43.944,499,0
153.019,t2_squeezenet,35277.288,93.893,500,0
153.110,t2_squeezenet,35298.090,90.794,500,0
153.149,t2_squeezenet,35139.978,39.314,500,0
153.244,t2_squeezenet,35224.285,94.513,500,0
153.338,t2_squeezenet,35034.469,93.955,500,0
153.432,t2_squeezenet,35109.527,93.654,500,0
153.522,t2_squeezenet,35172.621,90.124,500,0
153.613,t2_squeezenet,35243.417,91.168,499,0
153.710,t2_squeezenet,35248.267,96.697,498,0
153.751,t2_squeezenet,35279.179,41.320,498,0
153.851,t2_squeezenet,35342.809,99.987,500,0
153.940,t2_squeezenet,35416.721,88.503,500,0
154.030,t2_squeezenet,35502.448,90.809,500,0
154.126,t2_squeezenet,35562.655,95.730,500,0
154.216,t2_squeezenet,35635.006,89.637,500,0
154.312,t2_squeezenet,35670.347,95.736,500,0
154.352,t2_squeezenet,35659.106,40.644,500,0
154.445,t2_squeezenet,35722.864,93.087,500,0
154.535,t2_squeezenet,35707.525,89.895,500,0
154.628,t2_squeezenet,35618.728,92.607,500,0
154.720,t2_squeezenet,35661.741,91.614,500,0
154.816,t2_squeezenet,35742.853,96.709,500,0
154.871,t2_squeezenet,35792.410,54.134,500,0
154.913,t2_squeezenet,35817.441,41.710,499,0
154.956,t2_squeezenet,35809.147,42.929,498,0
155.043,t2_squeezenet,35883.958,87.362,497,0
155.143,t2_squeezenet,35919.675,100.266,497,0
155.234,t2_squeezenet,35946.571,90.902,498,0
155.329,t2_squeezenet,35961.570,95.037,499,0
155.420,t2_squeezenet,35960.948,90.370,498,0
155.514,t2_squeezenet,36004.643,94.070,499,0
155.613,t2_squeezenet,36073.249,99.278,499,0
155.657,t2_squeezenet,36039.862,43.668,499,0
155.749,t2_squeezenet,36048.979,91.780,500,0
155.852,t2_squeezenet,36146.076,103.414,500,0
155.907,t2_squeezenet,36086.816,54.375,500,0
155.949,t2_squeezenet,36105.651,42.606,499,0
156.041,t2_squeezenet,36115.916,92.149,498,0
156.133,t2_squeezenet,36122.560,91.610,498,0
156.232,t2_squeezenet,36218.529,98.618,498,0
156.322,t2_squeezenet,35985.482,90.524,497,0
156.413,t2_squeezenet,35950.966,90.949,496,0
156.510,t2_squeezenet,36035.846,96.968,497,0
156.557,t2_squeezenet,35998.381,46.255,497,0
156.644,t2_squeezenet,36040.230,87.775,497,0
156.737,t2_squeezenet,35997.188,92.663,498,0
156.831,t2_squeezenet,36063.824,93.777,499,0
156.886,t2_squeezenet,36100.787,55.199,498,0
156.933,t2_squeezenet,36144.991,46.918,497,0
157.022,t2_squeezenet,36221.022,88.504,499,0
157.116,t2_squeezenet,36280.121,93.993,500,0
157.210,t2_squeezenet,36200.281,93.737,500,0
157.251,t2_squeezenet,36141.078,41.405,499,0
157.341,t2_squeezenet,36158.514,89.638,498,0
157.431,t2_squeezenet,36231.259,90.405,499,0
157.524,t2_squeezenet,36243.265,93.200,498,0
157.617,t2_squeezenet,36287.743,92.522,499,0
157.709,t2_squeezenet,36378.728,92.536,499,0
157.749,t2_squeezenet,36404.348,39.863,500,0
157.848,t2_squeezenet,36498.989,98.750,500,0
157.903,t2_squeezenet,36553.651,55.154,500,0
157.947,t2_squeezenet,36577.286,44.037,499,0
158.033,t2_squeezenet,36660.362,85.157,498,0
158.121,t2_squeezenet,36718.439,88.363,499,0
158.213,t2_squeezenet,36762.747,91.721,500,0
158.310,t2_squeezenet,36850.959,96.596,500,0
158.348,t2_squeezenet,36879.907,38.237,499,0
158.434,t2_squeezenet,36942.948,86.560,499,0
158.526,t2_squeezenet,36993.454,91.238,499,0
158.620,t2_squeezenet,37070.054,94.629,500,0
158.713,t2_squeezenet,37116.450,92.241,500,0
158.758,t2_squeezenet,37067.684,44.940,500,0
158.850,t2_squeezenet,37095.970,92.423,500,0
158.906,t2_squeezenet,37060.275,55.565,500,0
158.948,t2_squeezenet,37038.469,42.035,500,0
159.030,t2_squeezenet,36839.524,82.360,500,0
159.120,t2_squeezenet,36779.855,89.736,500,0
159.212,t2_squeezenet,36749.524,92.043,500,0
159.257,t2_squeezenet,36785.150,44.982,499,0
159.346,t2_squeezenet,36868.810,88.535,499,0
159.431,t2_squeezenet,36751.099,84.901,499,0
159.520,t2_squeezenet,36774.842,89.471,499,0
159.617,t2_squeezenet,36851.123,96.754,500,0
159.661,t2_squeezenet,36884.583,44.522,500,0
159.747,t2_squeezenet,36899.020,85.464,500,0
159.843,t2_squeezenet,36972.992,95.705,500,0
159.894,t2_squeezenet,37006.082,51.697,500,0
159.942,t2_squeezenet,37018.547,47.081,499,0
160.021,t2_squeezenet,36974.592,79.195,498,0
160.112,t2_squeezenet,37018.480,91.593,498,0
160.157,t2_squeezenet,36934.845,44.902,497,0
160.250,t2_squeezenet,36992.950,92.929,498,0
160.336,t2_squeezenet,37045.932,85.191,499,0
160.421,t2_squeezenet,37059.123,85.744,500,0
160.511,t2_squeezenet,36996.099,89.757,499,0
160.557,t2_squeezenet,36906.362,45.444,498,0
160.646,t2_squeezenet,36993.555,89.364,500,0
160.733,t2_squeezenet,37034.098,86.772,500,0
160.822,t2_squeezenet,37079.293,88.858,500,0
160.881,t2_squeezenet,37013.711,58.959,500,0
160.924,t2_squeezenet,37034.016,43.391,500,0
161.012,t2_squeezenet,37093.597,87.901,500,0
161.054,t2_squeezenet,37116.612,41.601,500,0
161.141,t2_squeezenet,37198.440,86.795,500,0
161.230,t2_squeezenet,37214.931,89.253,500,0
161.313,t2_squeezenet,37200.760,83.110,499,0
161.358,t2_squeezenet,37242.616,44.972,498,0
161.449,t2_squeezenet,37318.668,90.774,500,0
161.543,t2_squeezenet,37379.143,94.112,500,0
161.628,t2_squeezenet,37444.021,84.972,500,0
161.713,t2_squeezenet,37525.563,84.617,500,0
161.757,t2_squeezenet,37544.740,44.122,500,0
161.855,t2_squeezenet,37587.127,97.566,500,0
161.905,t2_squeezenet,37579.065,50.674,500,0
161.948,t2_squeezenet,37537.517,42.670,500,0
162.035,t2_squeezenet,37605.386,86.834,499,0
162.122,t2_squeezenet,37493.645,87.047,500,0
162.166,t2_squeezenet,37502.785,43.953,499,0
162.247,t2_squeezenet,37562.726,80.856,499,0
162.336,t2_squeezenet,37602.576,89.052,498,0
162.426,t2_squeezenet,37689.014,90.265,499,0
162.516,t2_squeezenet,37726.419,89.598,498,0
162.557,t2_squeezenet,37745.690,41.506,498,0
162.645,t2_squeezenet,37808.483,87.792,497,0
162.732,t2_squeezenet,37828.076,87.003,496,0
162.823,t2_squeezenet,37848.805,90.600,495,0
162.872,t2_squeezenet,37866.378,49.171,495,0
162.918,t2_squeezenet,37911.370,46.067,495,0
162.964,t2_squeezenet,37937.469,45.088,496,0
163.049,t2_squeezenet,37956.466,85.753,498,0
163.135,t2_squeezenet,37981.808,85.793,498,0
163.227,t2_squeezenet,38010.459,91.989,499,0
163.313,t2_squeezenet,37987.127,85.510,498,0
163.357,t2_squeezenet,38000.133,44.022,498,0
163.448,t2_squeezenet,38030.890,91.039,498,0
163.531,t2_squeezenet,37981.339,83.132,498,0
163.618,t2_squeezenet,37874.339,86.447,497,0
163.709,t2_squeezenet,37932.809,91.830,497,0
163.752,t2_squeezenet,37880.509,42.387,498,0
163.841,t2_squeezenet,37832.009,88.901,498,0
163.887,t2_squeezenet,37832.998,46.428,499,0
163.936,t2_squeezenet,37814.012,48.321,498,0
164.020,t2_squeezenet,37838.542,84.569,498,0
164.113,t2_squeezenet,37857.902,93.083,500,0
164.152,t2_squeezenet,37874.759,39.037,500,0
164.241,t2_squeezenet,37921.842,87.963,500,0
164.325,t2_squeezenet,37977.200,84.541,499,0
164.420,t2_squeezenet,38065.256,95.246,499,0
164.464,t2_squeezenet,38070.879,43.127,498,0
164.553,t2_squeezenet,38021.257,89.122,499,0
164.638,t2_squeezenet,38104.816,84.766,498,0
164.729,t2_squeezenet,38062.000,91.489,499,0
164.815,t2_squeezenet,38040.160,85.615,500,0
164.865,t2_squeezenet,38071.238,50.067,500,0
164.909,t2_squeezenet,37999.682,44.041,499,0
164.961,t2_squeezenet,37933.042,52.186,498,0
165.048,t2_squeezenet,38009.571,86.429,500,0
165.133,t2_squeezenet,38003.582,84.930,500,0
165.222,t2_squeezenet,38084.896,89.833,499,0
165.311,t2_squeezenet,38116.154,88.953,499,0
165.354,t2_squeezenet,38117.823,42.937,500,0
165.441,t2_squeezenet,38179.428,86.571,500,0
165.529,t2_squeezenet,38170.885,88.356,500,0
165.620,t2_squeezenet,38179.977,90.822,500,0
165.712,t2_squeezenet,38212.871,91.850,500,0
165.752,t2_squeezenet,38013.015,39.688,500,0
165.843,t2_squeezenet,38034.954,90.852,500,0
165.892,t2_squeezenet,38071.684,49.129,499,0
165.944,t2_squeezenet,38118.576,51.401,500,0
166.022,t2_squeezenet,38177.662,78.424,500,0
166.111,t2_squeezenet,38248.234,89.465,500,0
166.153,t2_squeezenet,38139.933,41.208,499,0
166.241,t2_squeezenet,38206.901,88.029,499,0
166.335,t2_squeezenet,38280.965,94.111,500,0
166.422,t2_squeezenet,38346.861,87.404,500,0
166.512,t2_squeezenet,38409.493,89.848,500,0
166.560,t2_squeezenet,38438.712,47.521,499,0
166.650,t2_squeezenet,38522.825,89.676,500,0
166.736,t2_squeezenet,38551.919,86.115,499,0
166.820,t2_squeezenet,38632.203,84.668,499,0
166.876,t2_squeezenet,38634.887,55.134,498,0
166.921,t2_squeezenet,38615.391,45.414,497,0
166.967,t2_squeezenet,38649.580,46.222,496,0
167.043,t2_squeezenet,38634.150,75.905,497,0
167.133,t2_squeezenet,38680.898,89.604,496,0
167.222,t2_squeezenet,38751.150,88.723,496,0
167.312,t2_squeezenet,38613.223,90.513,496,0
167.353,t2_squeezenet,38649.739,40.993,495,0
167.439,t2_squeezenet,38627.473,85.773,496,0
167.530,t2_squeezenet,38680.706,90.425,496,0
167.620,t2_squeezenet,38729.963,90.052,500,0
167.711,t2_squeezenet,38640.563,91.118,500,0
167.754,t2_squeezenet,38682.919,43.262,499,0
167.848,t2_squeezenet,38775.296,93.808,500,0
167.907,t2_squeezenet,38713.786,58.491,500,0
167.949,t2_squeezenet,38719.269,41.879,500,0
168.036,t2_squeezenet,38726.054,87.029,500,0
168.123,t2_squeezenet,38714.385,86.986,499,0
168.217,t2_squeezenet,38801.172,93.875,499,0
168.310,t2_squeezenet,38874.891,93.093,500,0
168.353,t2_squeezenet,38891.834,43.335,500,0
168.441,t2_squeezenet,38945.620,88.243,500,0
168.533,t2_squeezenet,39007.294,91.342,500,0
168.622,t2_squeezenet,39086.776,88.642,500,0
168.712,t2_squeezenet,39160.250,90.046,500,0
168.754,t2_squeezenet,39120.422,42.652,500,0
168.848,t2_squeezenet,39172.772,93.120,499,0
168.904,t2_squeezenet,39209.307,56.359,500,0
168.946,t2_squeezenet,39241.286,41.957,499,0
169.032,t2_squeezenet,39266.468,85.520,498,0
169.120,t2_squeezenet,39352.778,87.954,499,0
169.213,t2_squeezenet,39444.905,93.545,499,0
169.253,t2_squeezenet,39345.513,40.063,498,0
169.343,t2_squeezenet,39354.284,89.556,499,0
169.431,t2_squeezenet,39440.198,88.310,498,0
169.527,t2_squeezenet,39477.045,95.399,497,0
169.613,t2_squeezenet,39507.549,86.753,497,0
169.656,t2_squeezenet,39441.797,42.702,497,0
169.746,t2_squeezenet,39504.411,89.543,498,0
169.837,t2_squeezenet,39593.720,91.237,498,0
169.894,t2_squeezenet,39634.791,56.936,498,0
169.939,t2_squeezenet,39670.461,45.024,498,0
170.026,t2_squeezenet,39743.513,87.382,499,0
170.121,t2_squeezenet,39827.874,94.233,499,0
170.213,t2_squeezenet,39831.125,92.663,499,0
170.255,t2_squeezenet,39551.667,41.895,498,0
170.342,t2_squeezenet,39603.790,86.760,498,0
170.437,t2_squeezenet,39650.895,94.601,499,0
170.528,t2_squeezenet,39688.452,91.417,499,0
170.616,t2_squeezenet,39775.747,87.904,500,0
170.658,t2_squeezenet,39792.351,41.557,499,0
170.747,t2_squeezenet,39863.324,88.636,500,0
170.849,t2_squeezenet,39957.355,101.886,500,0
170.904,t2_squeezenet,39920.889,54.952,500,0
170.950,t2_squeezenet,39927.655,46.700,500,0
171.037,t2_squeezenet,39985.270,86.827,500,0
171.127,t2_squeezenet,39929.797,90.192,500,0
171.219,t2_squeezenet,39990.658,92.105,500,0
171.261,t2_squeezenet,39992.618,41.309,499,0
171.349,t2_squeezenet,39849.332,88.458,498,0
171.438,t2_squeezenet,39833.842,88.585,497,0
171.530,t2_squeezenet,39770.760,91.612,498,0
171.615,t2_squeezenet,39826.364,85.529,500,0
171.657,t2_squeezenet,39801.809,41.419,499,0
171.749,t2_squeezenet,39816.639,92.088,500,0
171.844,t2_squeezenet,39798.873,95.311,500,0
171.898,t2_squeezenet,39841.257,53.603,500,0
171.940,t2_squeezenet,39854.147,42.457,499,0
172.030,t2_squeezenet,39829.198,89.205,500,0
172.121,t2_squeezenet,39834.089,91.470,499,0
172.210,t2_squeezenet,39903.660,89.315,498,0
172.250,t2_squeezenet,39818.764,39.941,498,0
172.340,t2_squeezenet,39789.310,90.060,497,0
172.435,t2_squeezenet,39851.817,94.150,500,0
172.525,t2_squeezenet,39930.076,90.016,499,0
172.615,t2_squeezenet,39919.910,90.222,499,0
172.658,t2_squeezenet,39845.684,42.419,498,0
172.746,t2_squeezenet,39818.233,87.964,499,0
172.844,t2_squeezenet,39873.391,98.399,499,0
172.899,t2_squeezenet,39907.437,55.357,500,0
172.940,t2_squeezenet,39858.953,40.739,500,0
173.028,t2_squeezenet,39671.831,87.613,500,0
173.122,t2_squeezenet,39746.168,94.576,500,0
173.215,t2_squeezenet,39702.657,92.917,499,0
173.260,t2_squeezenet,39726.197,45.002,500,0
173.348,t2_squeezenet,39697.603,87.251,500,0
173.442,t2_squeezenet,39784.137,94.193,500,0
173.534,t2_squeezenet,39808.488,91.712,500,0
173.620,t2_squeezenet,39749.398,85.956,500,0
173.712,t2_squeezenet,39821.283,92.593,500,0
173.759,t2_squeezenet,39761.781,46.928,499,0
173.868,t2_squeezenet,39852.543,109.054,500,0
173.910,t2_squeezenet,39552.740,41.521,499,0
173.954,t2_squeezenet,39526.175,43.501,498,0
174.038,t2_squeezenet,39610.126,84.129,498,0
174.130,t2_squeezenet,39660.594,92.701,497,0
174.223,t2_squeezenet,39744.710,92.993,497,0
174.313,t2_squeezenet,39712.142,89.501,499,0
174.358,t2_squeezenet,39717.938,45.387,498,0
174.453,t2_squeezenet,39725.985,94.125,499,0
174.543,t2_squeezenet,39612.896,90.662,498,0
174.627,t2_squeezenet,39683.843,83.954,497,0
174.716,t2_squeezenet,39759.503,88.962,497,0
174.811,t2_squeezenet,39709.255,94.284,497,0
174.860,t2_squeezenet,39671.730,48.916,496,0
174.908,t2_squeezenet,39680.118,48.593,496,0
174.954,t2_squeezenet,39630.302,45.468,497,0
175.042,t2_squeezenet,39562.879,88.438,498,0
175.136,t2_squeezenet,39569.888,93.630,497,0
175.220,t2_squeezenet,39600.404,84.014,499,0
175.312,t2_squeezenet,39655.553,91.807,499,0
175.353,t2_squeezenet,39532.933,40.902,498,0
175.446,t2_squeezenet,39598.142,92.983,498,0
175.536,t2_squeezenet,39623.199,90.219,499,0
175.623,t2_squeezenet,39563.140,86.437,500,0
175.714,t2_squeezenet,39627.058,91.442,500,0
175.810,t2_squeezenet,39665.738,95.680,500,0
175.852,t2_squeezenet,39627.525,42.581,500,0
175.903,t2_squeezenet,39555.347,50.167,499,0
175.946,t2_squeezenet,39421.448,43.057,499,0
176.034,t2_squeezenet,39506.958,88.508,500,0
176.124,t2_squeezenet,39508.051,89.238,500,0
176.215,t2_squeezenet,39515.009,91.331,500,0
176.261,t2_squeezenet,39336.751,46.469,499,0
176.348,t2_squeezenet,39414.146,86.249,499,0
176.442,t2_squeezenet,39241.023,94.193,499,0
176.527,t2_squeezenet,39258.657,84.873,499,0
176.618,t2_squeezenet,39311.640,90.724,498,0
176.709,t2_squeezenet,39337.472,91.720,499,0
176.757,t2_squeezenet,39355.390,47.872,498,0
176.854,t2_squeezenet,39392.564,96.218,499,0
176.904,t2_squeezenet,39420.628,50.217,500,0
176.947,t2_squeezenet,39268.803,43.021,500,0
177.032,t2_squeezenet,39319.600,84.602,500,0
177.125,t2_squeezenet,39332.922,93.862,500,0
177.213,t2_squeezenet,39361.866,87.669,500,0
177.257,t2_squeezenet,39334.980,44.104,500,0
177.349,t2_squeezenet,39423.186,91.476,500,0
177.442,t2_squeezenet,39399.383,92.793,500,0
177.525,t2_squeezenet,39425.741,83.555,499,0
177.618,t2_squeezenet,39301.557,92.355,500,0
177.662,t2_squeezenet,39251.523,44.464,500,0
177.750,t2_squeezenet,39331.142,87.381,500,0
177.849,t2_squeezenet,39317.214,99.117,500,0
177.895,t2_squeezenet,39356.454,46.090,500,0
177.941,t2_squeezenet,39263.915,45.960,500,0
178.029,t2_squeezenet,39271.461,87.501,500,0
178.120,t2_squeezenet,39240.637,91.389,500,0
178.159,t2_squeezenet,39246.162,39.135,499,0
178.248,t2_squeezenet,39307.217,88.595,500,0
178.341,t2_squeezenet,39269.981,93.383,500,0
178.432,t2_squeezenet,39260.778,90.858,499,0
178.523,t2_squeezenet,39294.833,91.005,500,0
178.612,t2_squeezenet,39299.573,88.470,500,0
178.653,t2_squeezenet,39274.938,41.727,499,0
178.744,t2_squeezenet,39274.231,90.530,499,0
178.839,t2_squeezenet,39279.740,94.605,499,0
178.886,t2_squeezenet,39241.724,47.611,498,0
178.931,t2_squeezenet,39000.135,44.398,498,0
179.023,t2_squeezenet,39083.085,92.567,497,0
179.117,t2_squeezenet,39153.800,93.216,496,0
179.157,t2_squeezenet,39090.311,40.513,495,0
179.248,t2_squeezenet,39142.355,91.100,497,0
179.337,t2_squeezenet,39057.108,88.945,498,0
179.431,t2_squeezenet,39142.287,93.188,500,0
179.519,t2_squeezenet,39103.140,88.347,500,0
179.613,t2_squeezenet,39182.731,93.446,499,0
179.657,t2_squeezenet,39161.236,44.184,499,0
179.751,t2_squeezenet,39174.007,94.091,498,0
179.842,t2_squeezenet,39175.935,90.979,498,0
179.892,t2_squeezenet,39153.319,50.266,498,0
179.936,t2_squeezenet,39000.704,43.777,499,0
180.023,t2_squeezenet,39052.024,86.977,500,0
180.119,t2_squeezenet,39118.473,96.037,500,0
180.161,t2_squeezenet,39088.899,42.146,500,0
180.248,t2_squeezenet,39121.433,86.554,500,0
180.342,t2_squeezenet,38921.438,94.533,500,0
180.437,t2_squeezenet,38930.434,94.180,500,0
180.526,t2_squeezenet,38828.778,89.542,500,0
180.613,t2_squeezenet,38885.250,86.778,499,0
180.658,t2_squeezenet,38905.376,45.221,500,0
180.754,t2_squeezenet,38986.918,95.299,500,0
180.847,t2_squeezenet,38992.556,93.235,500,0
180.900,t2_squeezenet,38986.750,52.695,500,0
180.943,t2_squeezenet,39029.360,43.270,500,0
181.039,t2_squeezenet,39111.345,95.570,500,0
181.124,t2_squeezenet,39086.689,85.231,500,0
181.215,t2_squeezenet,39029.113,90.682,499,0
181.260,t2_squeezenet,39025.553,45.467,498,0
181.352,t2_squeezenet,39090.298,91.639,500,0
181.444,t2_squeezenet,39020.032,91.611,499,0
181.531,t2_squeezenet,39013.466,87.685,499,0
181.618,t2_squeezenet,39067.297,86.530,499,0
181.712,t2_squeezenet,39041.166,93.766,500,0
181.757,t2_squeezenet,39024.965,45.396,499,0
181.858,t2_squeezenet,39021.803,100.532,499,0
181.918,t2_squeezenet,38997.296,59.945,498,0
181.982,t2_squeezenet,39047.040,64.677,497,0
182.048,t2_squeezenet,39019.374,65.045,497,0
182.103,t2_squeezenet,38964.361,55.258,497,0
182.165,t2_squeezenet,38998.777,61.641,498,0
182.221,t2_squeezenet,38945.725,56.528,498,0
182.286,t2_squeezenet,38936.540,64.378,497,0
182.345,t2_squeezenet,38753.833,58.857,498,0
182.400,t2_squeezenet,38764.418,55.324,498,0
182.449,t2_squeezenet,38742.033,48.599,497,0
182.494,t2_squeezenet,38739.265,45.712,496,0
182.542,t2_squeezenet,38782.649,47.928,496,0
182.585,t2_squeezenet,38655.878,42.765,495,0
182.629,t2_squeezenet,38691.451,43.931,495,0
182.676,t2_squeezenet,38642.968,46.966,497,0
182.723,t2_squeezenet,38679.390,46.296,498,0
182.767,t2_squeezenet,38624.970,43.998,497,0
182.811,t2_squeezenet,38575.187,44.580,498,0
182.858,t2_squeezenet,38520.753,46.932,497,0
182.906,t2_squeezenet,38483.314,47.492,497,0
182.949,t2_squeezenet,38419.692,43.429,497,0
182.993,t2_squeezenet,38431.164,44.027,497,0
183.037,t2_squeezenet,38372.626,43.940,497,0
183.086,t2_squeezenet,38205.078,48.234,497,0
183.130,t2_squeezenet,38222.033,44.729,496,0
183.172,t2_squeezenet,38255.301,41.058,495,0
183.219,t2_squeezenet,38243.197,47.061,494,0
183.266,t2_squeezenet,38207.491,47.066,493,0
183.312,t2_squeezenet,38101.620,46.118,493,0
183.357,t2_squeezenet,38122.974,45.159,492,0
183.401,t2_squeezenet,38050.795,44.225,492,0
183.448,t2_squeezenet,37948.088,46.473,492,0
183.498,t2_squeezenet,37756.340,49.754,492,0
183.538,t2_squeezenet,37730.977,40.554,493,0
183.582,t2_squeezenet,37702.888,43.974,493,0
183.629,t2_squeezenet,37708.699,46.221,493,0
183.676,t2_squeezenet,37740.483,47.280,492,0
183.719,t2_squeezenet,37685.008,43.549,492,0
183.763,t2_squeezenet,37649.297,43.756,491,0
183.809,t2_squeezenet,37676.881,45.515,491,0
183.858,t2_squeezenet,37647.374,49.129,491,0
183.903,t2_squeezenet,37611.014,44.702,490,0
183.945,t2_squeezenet,37526.053,42.395,491,0
183.990,t2_squeezenet,37347.706,44.764,492,0
184.036,t2_squeezenet,37347.059,46.348,491,0
184.081,t2_squeezenet,37338.353,44.282,490,0
184.125,t2_squeezenet,37280.681,43.712,489,0
184.171,t2_squeezenet,37324.655,45.999,489,0
184.218,t2_squeezenet,37208.254,46.903,489,0
184.267,t2_squeezenet,37239.852,49.426,488,0
184.309,t2_squeezenet,37245.970,41.840,489,0
184.351,t2_squeezenet,37251.610,42.512,489,0
184.399,t2_squeezenet,37226.884,47.196,489,0
184.446,t2_squeezenet,37171.451,46.794,488,0
184.486,t2_squeezenet,36774.338,40.402,489,0
184.531,t2_squeezenet,36809.759,45.089,488,0
184.577,t2_squeezenet,36829.241,46.326,487,0
184.626,t2_squeezenet,36816.390,48.127,486,0
184.672,t2_squeezenet,36847.080,46.412,485,0
184.715,t2_squeezenet,36852.659,43.239,485,0
184.760,t2_squeezenet,36822.215,44.797,484,0
184.809,t2_squeezenet,36799.706,48.668,484,0
184.853,t2_squeezenet,36803.125,43.640,484,0
184.894,t2_squeezenet,36785.127,41.704,485,0
184.937,t2_squeezenet,36727.502,42.334,484,0
184.976,t2_squeezenet,36666.466,38.924,484,0
185.008,t2_squeezenet,36474.031,32.293,484,0
