t_s,tenant,latency_ms,service_ms,qdepth,warmup
0.053,t2_squeezenet,34.222,32.656,0,1
0.189,t2_squeezenet,46.401,42.909,0,1
0.245,t2_squeezenet,48.983,46.624,1,1
0.291,t2_squeezenet,66.444,45.960,1,1
0.338,t2_squeezenet,56.751,46.416,1,1
0.383,t2_squeezenet,72.945,44.727,1,1
0.425,t2_squeezenet,47.838,41.973,1,1
0.466,t2_squeezenet,48.198,41.169,0,1
0.761,t2_squeezenet,36.388,35.952,2,1
0.791,t2_squeezenet,60.610,29.899,1,1
0.820,t2_squeezenet,72.900,29.273,0,1
0.890,t2_squeezenet,39.060,34.320,0,1
0.960,t2_squeezenet,31.234,29.633,0,1
1.083,t2_squeezenet,36.822,31.941,2,1
1.113,t2_squeezenet,57.523,29.630,1,1
1.142,t2_squeezenet,78.540,29.100,0,1
1.232,t2_squeezenet,35.112,34.203,0,1
1.439,t2_squeezenet,30.428,30.228,1,1
1.469,t2_squeezenet,43.124,29.812,2,1
1.499,t2_squeezenet,45.240,29.813,2,1
1.530,t2_squeezenet,72.954,31.716,1,1
1.562,t2_squeezenet,80.194,31.406,3,1
1.596,t2_squeezenet,55.376,34.600,2,1
1.638,t2_squeezenet,83.417,41.503,1,1
1.682,t2_squeezenet,121.894,44.310,0,1
1.745,t2_squeezenet,58.808,57.510,0,1
1.816,t2_squeezenet,57.143,56.036,0,1
1.882,t2_squeezenet,57.528,55.349,0,1
1.953,t2_squeezenet,57.507,55.172,0,1
2.023,t2_squeezenet,61.409,60.555,2,1
2.075,t2_squeezenet,64.816,51.650,1,1
2.130,t2_squeezenet,115.357,55.101,1,1
2.186,t2_squeezenet,87.784,56.112,0,1
2.311,t2_squeezenet,84.258,80.769,2,1
2.367,t2_squeezenet,85.887,55.720,1,1
2.424,t2_squeezenet,120.799,57.214,0,1
2.635,t2_squeezenet,60.780,58.187,0,1
2.696,t2_squeezenet,53.489,50.440,3,1
2.741,t2_squeezenet,87.466,45.025,3,1
2.795,t2_squeezenet,126.694,54.450,3,1
2.856,t2_squeezenet,176.358,60.418,3,1
2.903,t2_squeezenet,184.644,47.104,2,1
2.945,t2_squeezenet,192.810,42.289,1,1
2.988,t2_squeezenet,170.951,42.338,0,1
3.103,t2_squeezenet,40.241,39.530,0,1
3.154,t2_squeezenet,43.379,40.844,0,1
3.223,t2_squeezenet,40.636,38.000,0,1
3.294,t2_squeezenet,48.222,46.285,1,1
3.338,t2_squeezenet,65.564,43.241,0,1
3.414,t2_squeezenet,56.857,55.398,0,1
3.494,t2_squeezenet,61.175,60.511,0,1
3.712,t2_squeezenet,31.236,30.003,0,1
3.822,t2_squeezenet,34.918,34.130,0,1
3.882,t2_squeezenet,36.036,34.242,0,1
3.969,t2_squeezenet,38.937,36.215,3,1
4.027,t2_squeezenet,77.549,58.078,2,1
4.062,t2_squeezenet,102.922,34.971,2,1
4.136,t2_squeezenet,173.754,73.731,3,1
4.172,t2_squeezenet,131.570,36.083,4,1
4.244,t2_squeezenet,173.875,72.461,4,1
4.279,t2_squeezenet,187.779,34.886,3,1
4.353,t2_squeezenet,191.611,73.355,5,1
4.424,t2_squeezenet,252.877,71.172,4,1
4.463,t2_squeezenet,268.027,39.206,4,1
4.544,t2_squeezenet,246.852,80.777,3,1
4.579,t2_squeezenet,275.906,35.212,2,1
4.663,t2_squeezenet,358.457,83.556,1,1
4.705,t2_squeezenet,271.114,42.668,0,1
4.807,t2_squeezenet,34.050,32.378,0,1
4.893,t2_squeezenet,50.587,45.488,1,1
4.931,t2_squeezenet,48.201,37.344,0,1
5.124,t2_squeezenet,32.976,30.912,0,1
5.161,t2_squeezenet,34.523,31.724,2,1
5.193,t2_squeezenet,60.724,32.063,2,1
5.251,t2_squeezenet,101.550,58.350,1,1
5.282,t2_squeezenet,100.336,30.614,0,1
5.368,t2_squeezenet,38.892,35.963,2,1
5.398,t2_squeezenet,39.630,29.907,2,1
5.448,t2_squeezenet,82.311,50.076,1,1
5.477,t2_squeezenet,97.600,29.010,0,1
5.544,t2_squeezenet,49.106,46.392,1,1
5.573,t2_squeezenet,73.776,29.080,1,1
5.635,t2_squeezenet,65.334,61.811,1,1
5.665,t2_squeezenet,82.227,29.924,0,1
5.729,t2_squeezenet,35.890,34.037,1,1
5.762,t2_squeezenet,35.301,32.067,2,1
5.798,t2_squeezenet,60.308,36.834,2,1
5.846,t2_squeezenet,86.443,47.245,2,1
5.879,t2_squeezenet,113.263,32.959,1,1
5.939,t2_squeezenet,115.743,60.756,1,1
5.972,t2_squeezenet,48.698,32.939,0,1
6.334,t2_squeezenet,36.889,33.041,0,1
6.462,t2_squeezenet,32.287,32.243,0,1
6.574,t2_squeezenet,36.354,35.206,1,1
6.604,t2_squeezenet,37.937,30.444,0,1
6.703,t2_squeezenet,37.381,32.769,1,1
6.732,t2_squeezenet,37.609,29.081,1,1
6.762,t2_squeezenet,31.460,29.771,0,1
6.948,t2_squeezenet,37.792,34.800,0,1
6.985,t2_squeezenet,35.242,31.796,2,1
7.030,t2_squeezenet,71.763,45.006,2,1
7.059,t2_squeezenet,96.382,29.127,2,1
7.088,t2_squeezenet,62.749,29.015,1,1
7.140,t2_squeezenet,82.833,51.975,2,1
7.175,t2_squeezenet,84.011,35.143,2,1
7.226,t2_squeezenet,133.594,50.759,1,1
7.262,t2_squeezenet,110.384,35.927,1,1
7.298,t2_squeezenet,48.455,35.494,0,1
7.421,t2_squeezenet,46.239,42.353,0,1
7.515,t2_squeezenet,43.888,43.057,0,1
7.603,t2_squeezenet,44.561,42.461,2,1
7.636,t2_squeezenet,66.118,32.698,2,1
7.683,t2_squeezenet,85.154,47.707,1,1
7.717,t2_squeezenet,110.827,33.309,1,1
7.763,t2_squeezenet,72.810,46.004,1,1
7.798,t2_squeezenet,40.813,35.142,0,1
7.894,t2_squeezenet,41.784,40.812,1,1
7.939,t2_squeezenet,74.282,44.462,2,1
7.980,t2_squeezenet,67.227,40.995,2,1
8.026,t2_squeezenet,103.990,46.257,1,1
8.056,t2_squeezenet,94.995,29.573,1,1
8.090,t2_squeezenet,54.446,34.092,0,1
8.193,t2_squeezenet,35.330,32.180,1,1
8.236,t2_squeezenet,54.113,43.360,1,1
8.284,t2_squeezenet,73.603,47.566,0,1
8.349,t2_squeezenet,32.547,29.109,0,1
8.480,t2_squeezenet,33.442,29.920,0,1
8.561,t2_squeezenet,39.681,36.083,0,1
8.620,t2_squeezenet,33.335,32.839,1,1
8.672,t2_squeezenet,59.556,52.292,3,1
8.710,t2_squeezenet,59.346,37.776,3,1
8.740,t2_squeezenet,73.197,29.860,5,1
8.769,t2_squeezenet,101.132,29.040,4,1
8.803,t2_squeezenet,101.955,33.929,3,1
8.840,t2_squeezenet,127.204,37.862,3,1
8.881,t2_squeezenet,156.793,40.721,2,1
8.927,t2_squeezenet,188.764,46.189,1,1
8.972,t2_squeezenet,167.647,44.713,2,1
9.026,t2_squeezenet,89.286,53.975,1,1
9.071,t2_squeezenet,117.714,44.972,3,1
9.114,t2_squeezenet,65.142,42.978,4,1
9.161,t2_squeezenet,100.202,46.495,6,1
9.207,t2_squeezenet,138.757,45.881,6,1
9.257,t2_squeezenet,174.666,50.214,7,1
9.301,t2_squeezenet,197.349,43.423,6,1
9.352,t2_squeezenet,228.524,50.964,6,1
9.397,t2_squeezenet,269.656,45.285,5,1
9.446,t2_squeezenet,295.503,48.666,4,1
9.491,t2_squeezenet,316.434,45.423,4,1
9.536,t2_squeezenet,320.505,45.081,5,1
9.581,t2_squeezenet,359.569,44.508,4,1
9.624,t2_squeezenet,279.150,43.654,4,1
9.656,t2_squeezenet,172.416,31.729,4,1
9.685,t2_squeezenet,187.971,29.015,3,1
9.715,t2_squeezenet,190.369,29.838,2,1
9.745,t2_squeezenet,159.016,29.456,1,1
9.774,t2_squeezenet,133.006,29.109,1,1
9.807,t2_squeezenet,38.468,32.966,0,1
9.954,t2_squeezenet,34.355,30.676,0,1
10.108,t2_squeezenet,40.672,37.678,2,1
10.143,t2_squeezenet,50.880,35.005,2,1
10.177,t2_squeezenet,74.832,34.384,1,1
10.212,t2_squeezenet,81.727,34.356,0,1
10.256,t2_squeezenet,43.440,39.159,1,1
10.287,t2_squeezenet,63.605,30.774,0,1
10.340,t2_squeezenet,39.016,38.441,1,1
10.383,t2_squeezenet,47.042,42.963,0,1
10.442,t2_squeezenet,41.996,38.696,2,1
10.482,t2_squeezenet,75.436,39.196,1,1
10.524,t2_squeezenet,87.796,42.269,1,1
10.560,t2_squeezenet,42.890,36.537,1,1
10.593,t2_squeezenet,45.008,32.481,1,1
10.625,t2_squeezenet,40.859,31.770,1,1
10.655,t2_squeezenet,56.773,29.969,1,1
10.688,t2_squeezenet,36.855,32.922,1,1
10.720,t2_squeezenet,53.338,32.188,0,1
10.791,t2_squeezenet,31.737,30.703,0,1
10.885,t2_squeezenet,40.178,38.280,2,1
10.920,t2_squeezenet,63.431,34.564,1,1
10.954,t2_squeezenet,95.693,34.637,0,1
10.991,t2_squeezenet,35.264,31.206,0,1
11.085,t2_squeezenet,35.424,33.603,1,1
11.119,t2_squeezenet,54.960,34.141,0,1
11.295,t2_squeezenet,34.361,34.056,1,1
11.324,t2_squeezenet,54.209,29.025,0,1
11.361,t2_squeezenet,35.286,31.991,0,1
11.530,t2_squeezenet,37.310,37.261,0,1
11.765,t2_squeezenet,51.126,48.047,3,1
11.807,t2_squeezenet,72.901,41.379,2,1
11.841,t2_squeezenet,93.686,34.638,1,1
11.885,t2_squeezenet,120.507,43.586,1,1
11.929,t2_squeezenet,82.361,43.761,0,1
11.989,t2_squeezenet,48.361,44.702,1,1
12.038,t2_squeezenet,75.416,48.661,1,1
12.080,t2_squeezenet,75.421,42.506,2,1
12.123,t2_squeezenet,82.882,42.276,3,1
12.168,t2_squeezenet,106.100,45.495,3,1
12.214,t2_squeezenet,115.205,45.718,2,1
12.254,t2_squeezenet,154.978,40.267,2,1
12.296,t2_squeezenet,131.301,41.265,3,1
12.338,t2_squeezenet,117.295,42.267,3,1
12.381,t2_squeezenet,124.879,42.653,2,1
12.428,t2_squeezenet,143.445,47.533,1,1
12.474,t2_squeezenet,177.170,45.608,0,1
12.820,t2_squeezenet,38.130,36.806,2,1
12.852,t2_squeezenet,43.552,32.224,1,1
12.881,t2_squeezenet,66.627,29.019,0,1
12.944,t2_squeezenet,39.583,37.663,1,1
12.974,t2_squeezenet,30.769,29.545,0,1
13.053,t2_squeezenet,35.539,33.562,0,1
13.326,t2_squeezenet,44.460,39.570,0,1
13.434,t2_squeezenet,36.113,32.554,1,1
13.473,t2_squeezenet,63.049,38.263,0,1
13.517,t2_squeezenet,35.007,33.829,0,1
13.615,t2_squeezenet,37.459,33.008,0,1
13.690,t2_squeezenet,47.281,43.546,1,1
13.725,t2_squeezenet,44.264,35.601,2,1
13.758,t2_squeezenet,65.308,32.849,3,1
13.788,t2_squeezenet,83.033,29.836,2,1
13.818,t2_squeezenet,80.160,29.810,1,1
13.847,t2_squeezenet,89.269,29.336,1,1
13.877,t2_squeezenet,37.574,30.385,0,1
14.100,t2_squeezenet,41.170,40.697,0,1
14.170,t2_squeezenet,48.241,44.615,1,1
14.218,t2_squeezenet,56.981,47.498,2,1
14.256,t2_squeezenet,69.815,38.245,1,1
14.293,t2_squeezenet,101.860,36.686,0,1
14.396,t2_squeezenet,37.347,36.711,2,1
14.434,t2_squeezenet,63.776,38.240,1,1
14.479,t2_squeezenet,105.155,44.410,0,1
14.567,t2_squeezenet,45.737,42.372,0,1
14.634,t2_squeezenet,42.140,41.763,0,1
14.852,t2_squeezenet,51.810,50.226,0,1
14.988,t2_squeezenet,49.202,44.719,0,1
15.108,t2_squeezenet,36.491,34.359,1,1
15.141,t2_squeezenet,64.713,32.925,1,1
15.172,t2_squeezenet,34.149,30.985,0,1
15.366,t2_squeezenet,32.321,31.429,0,1
15.488,t2_squeezenet,34.500,31.158,0,1
15.549,t2_squeezenet,38.551,35.117,1,1
15.598,t2_squeezenet,68.808,49.631,0,1
15.704,t2_squeezenet,35.186,34.812,0,1
15.775,t2_squeezenet,38.269,35.445,0,1
15.856,t2_squeezenet,35.963,34.789,2,1
15.900,t2_squeezenet,65.810,44.522,1,1
15.945,t2_squeezenet,98.614,44.756,0,1
16.045,t2_squeezenet,42.349,39.244,0,1
16.150,t2_squeezenet,42.729,38.294,1,1
16.193,t2_squeezenet,76.023,43.342,0,1
16.245,t2_squeezenet,51.500,46.532,3,1
16.291,t2_squeezenet,80.462,46.069,4,1
16.339,t2_squeezenet,110.871,48.508,4,1
16.384,t2_squeezenet,151.347,44.399,3,1
16.427,t2_squeezenet,181.492,43.141,3,1
16.467,t2_squeezenet,197.282,39.570,3,1
16.500,t2_squeezenet,184.700,33.643,2,1
16.535,t2_squeezenet,138.194,35.162,1,1
16.570,t2_squeezenet,123.188,34.964,1,1
16.607,t2_squeezenet,43.577,36.385,1,1
16.651,t2_squeezenet,77.468,44.446,0,1
16.757,t2_squeezenet,47.683,44.780,3,1
16.797,t2_squeezenet,70.276,39.637,2,1
16.831,t2_squeezenet,81.204,34.605,1,1
16.862,t2_squeezenet,109.691,30.463,0,1
16.921,t2_squeezenet,31.108,29.290,1,1
16.950,t2_squeezenet,40.217,29.035,0,1
17.006,t2_squeezenet,31.508,29.905,1,1
17.035,t2_squeezenet,37.650,29.072,0,1
17.233,t2_squeezenet,41.447,36.769,0,1
17.281,t2_squeezenet,47.646,42.904,0,1
17.356,t2_squeezenet,46.091,44.579,0,1
17.428,t2_squeezenet,50.015,45.787,0,1
17.482,t2_squeezenet,46.845,44.068,1,1
17.526,t2_squeezenet,55.428,44.310,1,1
17.571,t2_squeezenet,46.116,44.618,3,1
17.620,t2_squeezenet,91.120,48.796,3,1
17.670,t2_squeezenet,132.012,50.135,2,1
17.714,t2_squeezenet,151.935,44.238,1,1
17.751,t2_squeezenet,176.081,36.906,1,1
17.785,t2_squeezenet,59.575,33.774,0,1
17.884,t2_squeezenet,45.364,43.484,1,1
17.931,t2_squeezenet,68.749,46.650,2,1
17.977,t2_squeezenet,92.040,46.298,1,1
18.019,t2_squeezenet,125.119,41.812,1,1
18.058,t2_squeezenet,54.712,38.831,0,1
18.155,t2_squeezenet,41.177,36.468,1,1
18.190,t2_squeezenet,40.607,34.459,1,1
18.221,t2_squeezenet,56.448,30.692,0,1
18.308,t2_squeezenet,34.161,31.424,1,1
18.341,t2_squeezenet,57.182,32.326,1,1
18.386,t2_squeezenet,76.087,45.303,1,1
18.430,t2_squeezenet,49.151,44.368,1,1
18.472,t2_squeezenet,76.421,41.860,1,1
18.512,t2_squeezenet,44.045,39.672,0,1
18.564,t2_squeezenet,32.177,31.560,0,1
18.610,t2_squeezenet,36.873,35.524,1,1
18.641,t2_squeezenet,53.046,31.444,0,1
18.717,t2_squeezenet,30.790,30.629,2,1
18.753,t2_squeezenet,62.997,35.313,1,1
18.799,t2_squeezenet,100.253,46.369,1,1
18.841,t2_squeezenet,76.010,41.800,0,1
18.904,t2_squeezenet,45.918,42.290,1,1
18.946,t2_squeezenet,60.807,42.770,1,1
18.989,t2_squeezenet,83.884,42.220,1,1
19.035,t2_squeezenet,74.959,46.621,0,1
19.153,t2_squeezenet,42.542,41.428,1,1
19.201,t2_squeezenet,90.528,48.394,1,1
19.248,t2_squeezenet,71.542,46.658,2,1
19.292,t2_squeezenet,73.819,43.934,1,1
19.336,t2_squeezenet,93.261,43.544,0,1
19.475,t2_squeezenet,42.577,42.152,0,1
19.569,t2_squeezenet,49.843,48.623,1,1
19.612,t2_squeezenet,54.386,42.682,1,1
19.645,t2_squeezenet,70.868,32.810,0,1
19.796,t2_squeezenet,35.954,34.985,1,1
19.833,t2_squeezenet,53.538,36.716,2,1
19.868,t2_squeezenet,41.456,34.512,2,1
19.903,t2_squeezenet,70.916,35.251,1,1
19.940,t2_squeezenet,102.425,36.548,0,1
19.981,t2_squeezenet,36.612,36.407,0,1
20.057,t2_squeezenet,37.280,35.618,1,0
20.095,t2_squeezenet,61.522,37.668,1,0
20.131,t2_squeezenet,36.613,36.059,0,0
20.172,t2_squeezenet,38.650,35.484,1,0
20.217,t2_squeezenet,80.832,45.373,1,0
20.261,t2_squeezenet,74.516,44.226,0,0
20.316,t2_squeezenet,44.900,44.538,0,0
20.470,t2_squeezenet,41.737,37.755,0,0
20.560,t2_squeezenet,31.757,29.215,2,0
20.597,t2_squeezenet,59.985,36.458,1,0
20.634,t2_squeezenet,83.251,37.828,0,0
20.716,t2_squeezenet,37.264,36.170,0,0
20.849,t2_squeezenet,37.832,36.411,2,0
20.884,t2_squeezenet,71.180,35.404,2,0
20.919,t2_squeezenet,78.253,35.004,2,0
20.958,t2_squeezenet,78.344,38.619,2,0
21.004,t2_squeezenet,108.140,45.826,2,0
21.047,t2_squeezenet,119.182,43.403,2,0
21.094,t2_squeezenet,104.355,46.753,2,0
21.130,t2_squeezenet,95.268,35.462,1,0
21.161,t2_squeezenet,78.583,31.302,0,0
21.233,t2_squeezenet,43.459,41.548,0,0
21.369,t2_squeezenet,47.828,45.556,3,0
21.417,t2_squeezenet,87.519,48.001,3,0
21.464,t2_squeezenet,127.971,46.105,4,0
21.500,t2_squeezenet,144.986,36.430,3,0
21.545,t2_squeezenet,161.559,44.796,3,0
21.584,t2_squeezenet,153.541,38.713,3,0
21.635,t2_squeezenet,204.621,51.500,2,0
21.675,t2_squeezenet,156.728,39.748,1,0
21.711,t2_squeezenet,154.394,35.542,1,0
21.747,t2_squeezenet,63.084,36.079,0,0
21.863,t2_squeezenet,37.908,35.046,0,0
22.089,t2_squeezenet,30.013,29.261,0,0
22.210,t2_squeezenet,33.455,30.304,0,0
22.279,t2_squeezenet,44.932,43.384,1,0
22.322,t2_squeezenet,79.387,42.510,0,0
22.392,t2_squeezenet,33.986,29.797,0,0
22.529,t2_squeezenet,36.917,35.761,1,0
22.564,t2_squeezenet,50.311,35.442,0,0
22.651,t2_squeezenet,35.921,31.418,1,0
22.681,t2_squeezenet,58.552,29.279,1,0
22.713,t2_squeezenet,45.497,31.867,0,0
22.756,t2_squeezenet,41.425,37.862,1,0
22.787,t2_squeezenet,58.007,31.449,1,0
22.831,t2_squeezenet,48.439,43.351,1,0
22.868,t2_squeezenet,65.413,37.143,0,0
23.023,t2_squeezenet,47.051,43.833,1,0
23.061,t2_squeezenet,81.969,37.717,1,0
23.096,t2_squeezenet,47.897,35.274,0,0
23.177,t2_squeezenet,49.632,45.156,0,0
23.244,t2_squeezenet,45.337,42.293,0,0
23.331,t2_squeezenet,46.929,45.236,1,0
23.373,t2_squeezenet,73.069,42.365,0,0
23.462,t2_squeezenet,51.804,48.329,0,0
23.599,t2_squeezenet,32.573,29.939,1,0
23.628,t2_squeezenet,57.578,29.399,0,0
23.666,t2_squeezenet,35.922,32.569,0,0
23.824,t2_squeezenet,36.421,31.385,1,0
23.858,t2_squeezenet,35.856,34.217,1,0
23.893,t2_squeezenet,38.286,34.446,0,0
23.965,t2_squeezenet,34.235,31.888,0,0
24.056,t2_squeezenet,39.777,35.087,0,0
24.100,t2_squeezenet,29.776,29.188,0,0
24.164,t2_squeezenet,35.879,33.583,0,0
24.216,t2_squeezenet,41.816,36.793,0,0
24.418,t2_squeezenet,38.965,34.902,1,0
24.455,t2_squeezenet,74.517,36.869,1,0
24.488,t2_squeezenet,34.275,32.819,0,0
24.648,t2_squeezenet,53.386,48.550,0,0
24.719,t2_squeezenet,48.875,45.460,1,0
24.754,t2_squeezenet,74.676,35.198,0,0
24.867,t2_squeezenet,32.967,32.032,0,0
24.948,t2_squeezenet,41.302,40.406,0,0
25.001,t2_squeezenet,34.389,32.471,2,0
25.045,t2_squeezenet,62.385,44.805,2,0
25.077,t2_squeezenet,89.231,31.790,1,0
25.117,t2_squeezenet,78.345,39.334,1,0
25.158,t2_squeezenet,64.832,41.464,0,0
25.195,t2_squeezenet,32.640,32.068,1,0
25.228,t2_squeezenet,53.555,32.701,1,0
25.260,t2_squeezenet,34.125,32.453,1,0
25.291,t2_squeezenet,57.795,31.015,1,0
25.328,t2_squeezenet,50.930,36.935,1,0
25.372,t2_squeezenet,61.932,43.462,2,0
25.418,t2_squeezenet,71.575,45.777,3,0
25.464,t2_squeezenet,101.097,46.358,2,0
25.508,t2_squeezenet,122.113,43.805,3,0
25.553,t2_squeezenet,138.997,45.136,2,0
25.589,t2_squeezenet,106.894,35.825,1,0
25.622,t2_squeezenet,113.954,32.568,1,0
25.652,t2_squeezenet,49.765,30.544,0,0
25.693,t2_squeezenet,33.481,30.628,1,0
25.725,t2_squeezenet,51.088,31.701,0,0
25.798,t2_squeezenet,47.609,43.206,2,0
25.834,t2_squeezenet,63.442,35.162,2,0
25.865,t2_squeezenet,80.015,31.761,2,0
25.897,t2_squeezenet,73.489,31.670,1,0
25.930,t2_squeezenet,89.580,32.354,1,0
25.963,t2_squeezenet,51.615,33.589,2,0
26.006,t2_squeezenet,58.720,42.684,2,0
26.050,t2_squeezenet,96.825,43.948,3,0
26.097,t2_squeezenet,110.407,46.731,2,0
26.134,t2_squeezenet,96.879,37.743,1,0
26.168,t2_squeezenet,126.985,33.097,1,0
26.201,t2_squeezenet,37.517,33.591,0,0
26.325,t2_squeezenet,34.677,31.998,1,0
26.361,t2_squeezenet,55.738,36.088,0,0
26.424,t2_squeezenet,34.158,32.424,0,0
26.583,t2_squeezenet,33.065,32.781,0,0
26.692,t2_squeezenet,46.231,41.929,2,0
26.739,t2_squeezenet,88.548,46.461,1,0
26.782,t2_squeezenet,121.097,42.459,0,0
26.822,t2_squeezenet,39.398,34.968,1,0
26.858,t2_squeezenet,66.882,36.146,1,0
26.893,t2_squeezenet,47.878,35.590,0,0
26.958,t2_squeezenet,35.207,34.112,0,0
27.045,t2_squeezenet,42.850,41.403,0,0
27.182,t2_squeezenet,44.949,39.995,1,0
27.217,t2_squeezenet,43.009,34.992,0,0
27.312,t2_squeezenet,36.888,34.466,1,0
27.347,t2_squeezenet,47.936,35.373,1,0
27.384,t2_squeezenet,55.569,36.523,1,0
27.419,t2_squeezenet,50.186,34.924,1,0
27.453,t2_squeezenet,65.238,34.516,0,0
27.667,t2_squeezenet,41.266,36.372,0,0
27.720,t2_squeezenet,43.036,41.883,1,0
27.769,t2_squeezenet,74.319,49.035,0,0
27.879,t2_squeezenet,45.330,44.596,2,0
27.923,t2_squeezenet,57.097,43.513,2,0
27.954,t2_squeezenet,75.406,31.019,1,0
27.983,t2_squeezenet,72.505,29.035,2,0
28.013,t2_squeezenet,57.280,30.098,1,0
28.044,t2_squeezenet,83.035,30.844,0,0
28.099,t2_squeezenet,36.875,35.110,0,0
28.204,t2_squeezenet,30.798,29.211,0,0
28.243,t2_squeezenet,30.360,29.098,0,0
28.310,t2_squeezenet,35.421,30.534,3,0
28.339,t2_squeezenet,44.075,29.438,3,0
28.368,t2_squeezenet,71.593,29.347,3,0
28.406,t2_squeezenet,105.855,38.001,2,0
28.454,t2_squeezenet,127.092,47.157,3,0
28.497,t2_squeezenet,142.879,42.968,2,0
28.545,t2_squeezenet,126.784,48.376,2,0
28.589,t2_squeezenet,161.720,43.533,1,0
28.629,t2_squeezenet,123.789,40.541,2,0
28.668,t2_squeezenet,72.850,38.666,2,0
28.704,t2_squeezenet,97.107,35.799,2,0
28.739,t2_squeezenet,89.088,35.536,1,0
28.775,t2_squeezenet,84.227,35.963,0,0
28.876,t2_squeezenet,44.340,39.947,0,0
28.938,t2_squeezenet,37.528,36.325,1,0
28.970,t2_squeezenet,57.088,31.958,3,0
29.004,t2_squeezenet,61.570,33.894,2,0
29.040,t2_squeezenet,93.707,35.873,3,0
29.072,t2_squeezenet,102.762,32.461,3,0
29.101,t2_squeezenet,88.203,29.019,2,0
29.130,t2_squeezenet,98.222,29.031,2,0
29.161,t2_squeezenet,100.591,30.905,1,0
29.197,t2_squeezenet,86.265,35.367,1,0
29.239,t2_squeezenet,44.897,41.792,0,0
29.434,t2_squeezenet,36.309,33.417,0,0
29.603,t2_squeezenet,45.591,42.784,1,0
29.640,t2_squeezenet,74.140,36.668,0,0
29.714,t2_squeezenet,48.355,43.391,0,0
29.777,t2_squeezenet,45.353,42.935,0,0
29.837,t2_squeezenet,34.309,34.227,0,0
29.974,t2_squeezenet,33.803,30.488,0,0
30.057,t2_squeezenet,34.053,33.138,0,0
30.118,t2_squeezenet,32.086,29.855,0,0
30.163,t2_squeezenet,38.261,35.831,0,0
30.210,t2_squeezenet,39.003,35.952,0,0
30.291,t2_squeezenet,50.493,45.473,1,0
30.325,t2_squeezenet,59.006,34.672,0,0
30.382,t2_squeezenet,35.343,31.944,0,0
30.441,t2_squeezenet,34.241,33.483,1,0
30.472,t2_squeezenet,61.459,31.028,1,0
30.504,t2_squeezenet,43.420,31.241,1,0
30.536,t2_squeezenet,50.487,32.649,1,0
30.579,t2_squeezenet,64.524,43.000,0,0
30.841,t2_squeezenet,47.638,43.728,0,0
30.984,t2_squeezenet,50.142,45.919,0,0
31.122,t2_squeezenet,38.757,35.790,0,0
31.167,t2_squeezenet,40.680,39.993,1,0
31.209,t2_squeezenet,67.100,41.438,1,0
31.240,t2_squeezenet,47.017,30.890,0,0
31.374,t2_squeezenet,34.764,32.769,1,0
31.408,t2_squeezenet,50.639,34.398,1,0
31.444,t2_squeezenet,69.174,35.027,0,0
31.626,t2_squeezenet,53.677,50.814,0,0
31.711,t2_squeezenet,48.843,44.055,1,0
31.748,t2_squeezenet,74.124,37.147,1,0
31.781,t2_squeezenet,34.630,32.902,0,0
31.821,t2_squeezenet,29.951,29.263,0,0
31.929,t2_squeezenet,36.732,32.437,2,0
31.961,t2_squeezenet,58.572,31.756,2,0
31.990,t2_squeezenet,67.581,29.665,1,0
32.022,t2_squeezenet,92.528,31.196,0,0
32.183,t2_squeezenet,29.690,29.125,0,0
32.253,t2_squeezenet,31.473,30.175,0,0
32.430,t2_squeezenet,30.514,30.318,0,0
32.466,t2_squeezenet,31.668,30.404,1,0
32.498,t2_squeezenet,36.235,31.920,3,0
32.543,t2_squeezenet,69.611,44.912,2,0
32.590,t2_squeezenet,99.259,47.473,3,0
32.626,t2_squeezenet,128.503,35.826,2,0
32.660,t2_squeezenet,112.365,33.918,2,0
32.693,t2_squeezenet,103.621,33.258,1,0
32.739,t2_squeezenet,80.046,46.043,0,0
32.858,t2_squeezenet,39.212,36.808,2,0
32.893,t2_squeezenet,70.648,35.635,2,0
32.933,t2_squeezenet,94.619,39.490,1,0
32.967,t2_squeezenet,94.920,34.214,1,0
32.998,t2_squeezenet,35.544,30.884,0,0
33.049,t2_squeezenet,36.643,35.906,0,0
33.109,t2_squeezenet,33.421,29.157,0,0
33.313,t2_squeezenet,40.725,37.210,0,0
33.411,t2_squeezenet,35.187,32.274,1,0
33.442,t2_squeezenet,61.572,31.456,0,0
33.493,t2_squeezenet,46.647,45.133,0,0
33.532,t2_squeezenet,34.250,33.862,0,0
33.572,t2_squeezenet,40.075,35.174,1,0
33.613,t2_squeezenet,67.426,41.564,1,0
33.666,t2_squeezenet,92.847,52.483,2,0
33.719,t2_squeezenet,84.213,52.433,2,0
33.761,t2_squeezenet,108.963,42.833,1,0
33.805,t2_squeezenet,108.482,43.856,1,0
33.850,t2_squeezenet,65.475,44.997,1,0
33.895,t2_squeezenet,51.621,44.647,0,0
34.036,t2_squeezenet,37.410,34.726,2,0
34.071,t2_squeezenet,55.316,34.992,2,0
34.105,t2_squeezenet,84.080,33.619,2,0
34.139,t2_squeezenet,72.155,34.101,1,0
34.175,t2_squeezenet,83.966,36.103,0,0
34.463,t2_squeezenet,31.898,30.526,1,0
34.493,t2_squeezenet,30.294,29.118,1,0
34.522,t2_squeezenet,34.009,28.963,0,0
34.693,t2_squeezenet,31.136,29.795,0,0
34.733,t2_squeezenet,37.681,34.672,1,0
34.763,t2_squeezenet,35.848,30.578,0,0
34.803,t2_squeezenet,31.176,29.603,0,0
34.889,t2_squeezenet,35.929,35.294,1,0
34.920,t2_squeezenet,53.313,30.549,1,0
34.950,t2_squeezenet,50.278,30.395,1,0
34.979,t2_squeezenet,53.695,29.288,0,0
35.054,t2_squeezenet,45.330,43.623,0,0
35.196,t2_squeezenet,35.109,31.002,0,0
35.346,t2_squeezenet,36.008,33.106,3,0
35.378,t2_squeezenet,67.234,32.578,3,0
35.408,t2_squeezenet,94.037,29.907,3,0
35.440,t2_squeezenet,124.373,31.430,3,0
35.471,t2_squeezenet,122.756,31.246,2,0
35.502,t2_squeezenet,117.688,30.973,2,0
35.534,t2_squeezenet,109.694,32.384,1,0
35.573,t2_squeezenet,83.719,38.639,1,0
35.615,t2_squeezenet,54.140,41.589,2,0
35.664,t2_squeezenet,75.505,49.284,1,0
35.713,t2_squeezenet,118.587,49.368,0,0
35.907,t2_squeezenet,47.740,46.208,0,0
35.981,t2_squeezenet,47.052,43.890,3,0
36.025,t2_squeezenet,83.469,43.786,3,0
36.069,t2_squeezenet,116.259,44.047,2,0
36.118,t2_squeezenet,148.745,48.681,2,0
36.154,t2_squeezenet,148.855,35.920,1,0
36.196,t2_squeezenet,98.883,42.504,1,0
36.242,t2_squeezenet,69.702,45.104,1,0
36.284,t2_squeezenet,46.044,42.904,0,0
36.343,t2_squeezenet,48.307,48.269,2,0
36.388,t2_squeezenet,84.880,44.923,1,0
36.429,t2_squeezenet,108.699,41.243,1,0
36.475,t2_squeezenet,54.988,45.288,1,0
36.520,t2_squeezenet,50.512,44.995,1,0
36.566,t2_squeezenet,63.610,46.676,0,0
36.647,t2_squeezenet,53.398,49.310,2,0
36.698,t2_squeezenet,77.479,50.977,3,0
36.746,t2_squeezenet,124.253,47.972,3,0
36.785,t2_squeezenet,130.353,38.378,2,0
36.819,t2_squeezenet,150.513,34.501,1,0
36.853,t2_squeezenet,151.470,33.468,0,0
36.990,t2_squeezenet,47.800,46.127,0,0
37.052,t2_squeezenet,50.304,46.519,0,0
37.104,t2_squeezenet,46.055,41.796,1,0
37.151,t2_squeezenet,73.975,47.132,0,0
37.251,t2_squeezenet,48.515,43.516,1,0
37.295,t2_squeezenet,70.530,44.146,2,0
37.339,t2_squeezenet,54.770,43.804,2,0
37.387,t2_squeezenet,94.557,47.971,1,0
37.429,t2_squeezenet,118.731,42.060,1,0
37.464,t2_squeezenet,37.985,35.052,0,0
37.505,t2_squeezenet,40.763,35.927,0,0
37.615,t2_squeezenet,34.005,29.112,2,0
37.655,t2_squeezenet,72.171,40.013,2,0
37.691,t2_squeezenet,91.454,36.343,4,0
37.726,t2_squeezenet,95.647,34.734,3,0
37.764,t2_squeezenet,97.287,37.925,2,0
37.795,t2_squeezenet,120.584,31.248,1,0
37.827,t2_squeezenet,137.280,31.871,1,0
37.860,t2_squeezenet,37.498,32.399,0,0
38.127,t2_squeezenet,30.315,29.249,0,0
38.354,t2_squeezenet,47.715,44.642,0,0
38.541,t2_squeezenet,38.389,34.828,0,0
38.600,t2_squeezenet,29.771,29.242,0,0
38.676,t2_squeezenet,39.318,36.974,0,0
38.772,t2_squeezenet,31.539,29.823,0,0
38.814,t2_squeezenet,35.405,32.462,0,0
38.926,t2_squeezenet,39.143,35.164,1,0
38.964,t2_squeezenet,47.300,38.809,3,0
38.997,t2_squeezenet,62.929,32.696,4,0
39.041,t2_squeezenet,99.915,43.883,3,0
39.087,t2_squeezenet,124.852,45.956,2,0
39.134,t2_squeezenet,164.334,47.076,2,0
39.180,t2_squeezenet,190.074,46.037,2,0
39.223,t2_squeezenet,92.997,43.115,2,0
39.267,t2_squeezenet,87.856,43.789,1,0
39.314,t2_squeezenet,126.180,47.175,1,0
39.352,t2_squeezenet,69.477,37.275,0,0
39.504,t2_squeezenet,47.923,45.471,2,0
39.549,t2_squeezenet,86.325,45.476,2,0
39.584,t2_squeezenet,109.172,35.155,1,0
39.619,t2_squeezenet,86.275,34.559,1,0
39.666,t2_squeezenet,67.145,46.878,0,0
39.748,t2_squeezenet,42.395,41.805,0,0
39.813,t2_squeezenet,51.149,48.963,0,0
39.854,t2_squeezenet,38.172,36.267,0,0
39.926,t2_squeezenet,48.153,46.149,0,0
39.986,t2_squeezenet,46.781,45.349,0,0
40.078,t2_squeezenet,39.196,36.089,0,0
40.171,t2_squeezenet,36.157,32.438,0,0
40.227,t2_squeezenet,33.053,29.908,1,0
40.260,t2_squeezenet,42.041,32.969,0,0
40.337,t2_squeezenet,36.764,31.934,2,0
40.369,t2_squeezenet,57.877,31.927,1,0
40.402,t2_squeezenet,78.303,33.015,2,0
40.432,t2_squeezenet,40.595,29.403,1,0
40.463,t2_squeezenet,67.000,31.165,0,0
40.553,t2_squeezenet,32.284,29.171,0,0
40.800,t2_squeezenet,31.993,29.354,1,0
40.844,t2_squeezenet,54.574,44.249,1,0
40.876,t2_squeezenet,33.775,32.257,0,0
40.945,t2_squeezenet,34.066,33.244,1,0
40.976,t2_squeezenet,39.347,30.892,0,0
41.041,t2_squeezenet,29.411,29.117,0,0
41.094,t2_squeezenet,46.140,43.307,1,0
41.136,t2_squeezenet,62.743,42.333,1,0
41.180,t2_squeezenet,83.920,43.535,1,0
41.219,t2_squeezenet,42.744,39.310,0,0
41.400,t2_squeezenet,47.096,44.199,0,0
41.754,t2_squeezenet,48.481,44.497,0,0
41.815,t2_squeezenet,48.643,45.880,1,0
41.859,t2_squeezenet,60.730,43.758,2,0
41.894,t2_squeezenet,73.956,35.359,1,0
41.926,t2_squeezenet,97.044,31.855,1,0
41.961,t2_squeezenet,39.279,35.377,0,0
42.128,t2_squeezenet,33.163,29.726,0,0
42.188,t2_squeezenet,33.684,29.856,0,0
42.223,t2_squeezenet,34.591,29.757,0,0
42.543,t2_squeezenet,47.116,46.081,0,0
42.597,t2_squeezenet,46.964,43.383,1,0
42.644,t2_squeezenet,92.750,47.069,1,0
42.694,t2_squeezenet,93.333,50.324,0,0
42.769,t2_squeezenet,51.567,49.407,1,0
42.810,t2_squeezenet,76.541,40.857,0,0
42.899,t2_squeezenet,51.353,48.342,2,0
42.940,t2_squeezenet,48.303,40.796,3,0
42.976,t2_squeezenet,78.325,35.838,2,0
43.017,t2_squeezenet,101.338,40.861,1,0
43.056,t2_squeezenet,136.907,39.460,0,0
43.099,t2_squeezenet,37.994,37.614,0,0
43.176,t2_squeezenet,36.407,36.376,0,0
43.225,t2_squeezenet,33.128,29.093,1,0
43.268,t2_squeezenet,50.071,42.448,0,0
43.304,t2_squeezenet,34.461,31.707,1,0
43.346,t2_squeezenet,48.228,41.594,1,0
43.394,t2_squeezenet,69.430,47.768,1,0
43.435,t2_squeezenet,52.576,40.779,3,0
43.469,t2_squeezenet,69.783,33.898,3,0
43.499,t2_squeezenet,87.513,30.291,3,0
43.543,t2_squeezenet,108.210,43.735,4,0
43.588,t2_squeezenet,149.288,44.875,3,0
43.634,t2_squeezenet,140.758,46.175,2,0
43.680,t2_squeezenet,168.133,45.947,1,0
43.711,t2_squeezenet,175.040,30.859,1,0
43.752,t2_squeezenet,51.218,41.780,2,0
43.800,t2_squeezenet,87.469,47.751,1,0
43.838,t2_squeezenet,89.164,37.794,3,0
43.869,t2_squeezenet,63.500,30.431,3,0
43.900,t2_squeezenet,84.975,31.136,2,0
43.933,t2_squeezenet,116.532,33.300,1,0
43.966,t2_squeezenet,112.885,32.820,1,0
44.001,t2_squeezenet,52.691,35.181,2,0
44.035,t2_squeezenet,37.336,34.093,1,0
44.068,t2_squeezenet,68.880,33.010,1,0
44.098,t2_squeezenet,44.035,29.139,0,0
44.253,t2_squeezenet,33.998,29.140,0,0
44.359,t2_squeezenet,32.489,29.197,0,0
44.427,t2_squeezenet,46.734,43.126,0,0
44.500,t2_squeezenet,32.413,32.374,0,0
44.558,t2_squeezenet,33.957,32.347,0,0
44.631,t2_squeezenet,32.361,32.315,1,0
44.660,t2_squeezenet,37.920,29.657,0,0
44.705,t2_squeezenet,31.227,29.957,1,0
44.738,t2_squeezenet,55.154,33.022,1,0
44.771,t2_squeezenet,36.216,32.329,1,0
44.800,t2_squeezenet,49.551,29.449,0,0
44.939,t2_squeezenet,50.108,47.420,0,0
45.007,t2_squeezenet,46.927,41.887,0,0
45.144,t2_squeezenet,32.255,30.603,2,0
45.175,t2_squeezenet,60.062,30.962,1,0
45.210,t2_squeezenet,89.948,34.038,0,0
45.261,t2_squeezenet,31.614,30.738,0,0
45.317,t2_squeezenet,34.771,31.476,0,0
45.404,t2_squeezenet,34.640,31.031,0,0
45.484,t2_squeezenet,32.441,29.789,1,0
45.517,t2_squeezenet,64.129,33.089,0,0
45.572,t2_squeezenet,34.492,29.655,0,0
45.615,t2_squeezenet,36.333,32.322,0,0
45.837,t2_squeezenet,38.066,34.203,1,0
45.871,t2_squeezenet,61.125,34.330,0,0
45.967,t2_squeezenet,30.711,30.139,0,0
46.015,t2_squeezenet,44.624,42.944,0,0
46.063,t2_squeezenet,47.411,42.897,1,0
46.098,t2_squeezenet,70.189,34.576,1,0
46.135,t2_squeezenet,68.061,37.614,1,0
46.169,t2_squeezenet,42.817,33.573,0,0
46.397,t2_squeezenet,38.047,35.460,2,0
46.430,t2_squeezenet,65.852,33.535,1,0
46.459,t2_squeezenet,76.807,29.017,0,0
46.509,t2_squeezenet,38.399,34.449,1,0
46.540,t2_squeezenet,55.029,31.365,0,0
46.582,t2_squeezenet,34.599,31.294,0,0
46.689,t2_squeezenet,46.752,46.111,0,0
46.775,t2_squeezenet,37.643,35.285,0,0
46.885,t2_squeezenet,45.080,43.866,1,0
46.929,t2_squeezenet,68.613,43.846,1,0
46.970,t2_squeezenet,85.155,41.535,2,0
47.018,t2_squeezenet,64.357,47.329,1,0
47.059,t2_squeezenet,92.524,40.821,0,0
47.125,t2_squeezenet,47.067,46.071,0,0
47.187,t2_squeezenet,43.649,41.117,0,0
47.262,t2_squeezenet,37.361,34.136,0,0
47.406,t2_squeezenet,39.737,37.942,0,0
47.550,t2_squeezenet,38.260,37.485,1,0
47.585,t2_squeezenet,55.364,35.464,0,0
47.710,t2_squeezenet,38.998,31.712,1,0
47.745,t2_squeezenet,46.273,35.024,1,0
47.788,t2_squeezenet,66.306,42.806,1,0
47.821,t2_squeezenet,69.083,32.688,2,0
47.852,t2_squeezenet,49.102,31.809,2,0
47.884,t2_squeezenet,69.091,31.181,1,0
47.915,t2_squeezenet,76.123,31.836,0,0
47.968,t2_squeezenet,33.384,32.764,1,0
47.998,t2_squeezenet,41.633,29.207,1,0
48.028,t2_squeezenet,47.550,30.223,0,0
48.067,t2_squeezenet,33.059,29.131,0,0
48.160,t2_squeezenet,41.908,37.236,0,0
48.410,t2_squeezenet,41.751,37.738,0,0
48.601,t2_squeezenet,30.125,29.167,4,0
48.631,t2_squeezenet,53.190,29.272,4,0
48.661,t2_squeezenet,74.091,30.815,4,0
48.692,t2_squeezenet,100.240,30.325,3,0
48.728,t2_squeezenet,133.932,36.653,2,0
48.772,t2_squeezenet,164.180,43.139,4,0
48.813,t2_squeezenet,167.931,41.644,3,0
48.846,t2_squeezenet,97.646,32.904,2,0
48.877,t2_squeezenet,117.865,30.716,1,0
48.909,t2_squeezenet,141.008,31.687,1,0
48.941,t2_squeezenet,56.663,32.183,2,0
48.973,t2_squeezenet,51.866,32.464,1,0
49.016,t2_squeezenet,76.576,42.386,3,0
49.060,t2_squeezenet,72.133,44.458,6,0
49.096,t2_squeezenet,107.876,35.977,5,0
49.128,t2_squeezenet,131.827,31.978,5,0
49.175,t2_squeezenet,153.574,46.123,8,0
49.209,t2_squeezenet,180.400,34.802,8,0
49.240,t2_squeezenet,195.563,30.836,8,0
49.278,t2_squeezenet,229.159,37.813,7,0
49.320,t2_squeezenet,223.726,42.177,6,0
49.352,t2_squeezenet,218.101,31.681,5,0
49.387,t2_squeezenet,249.249,34.963,4,0
49.428,t2_squeezenet,281.337,41.264,3,0
49.461,t2_squeezenet,312.104,33.004,2,0
49.493,t2_squeezenet,298.019,31.754,2,0
49.522,t2_squeezenet,289.618,29.039,1,0
49.553,t2_squeezenet,69.378,30.247,0,0
49.711,t2_squeezenet,41.576,36.631,0,0
49.766,t2_squeezenet,36.638,35.050,2,0
49.799,t2_squeezenet,57.989,33.117,4,0
49.829,t2_squeezenet,78.769,29.566,4,0
49.858,t2_squeezenet,81.334,29.050,3,0
49.887,t2_squeezenet,100.854,29.075,3,0
49.917,t2_squeezenet,127.337,29.542,2,0
49.946,t2_squeezenet,139.247,29.486,2,0
49.981,t2_squeezenet,117.262,35.350,1,0
50.011,t2_squeezenet,90.387,29.838,2,0
50.041,t2_squeezenet,37.908,29.610,1,0
50.070,t2_squeezenet,64.991,29.482,1,0
50.100,t2_squeezenet,44.614,29.110,0,0
50.238,t2_squeezenet,37.267,32.284,1,0
50.273,t2_squeezenet,39.008,34.454,0,0
50.347,t2_squeezenet,48.281,44.024,0,0
50.401,t2_squeezenet,45.067,43.598,0,0
50.635,t2_squeezenet,46.870,46.021,1,0
50.691,t2_squeezenet,60.901,56.144,5,0
50.728,t2_squeezenet,63.947,37.134,4,0
50.764,t2_squeezenet,98.587,35.474,4,0
50.798,t2_squeezenet,122.209,34.238,3,0
50.832,t2_squeezenet,151.400,33.843,2,0
50.861,t2_squeezenet,175.089,29.086,1,0
50.890,t2_squeezenet,147.547,29.123,1,0
50.923,t2_squeezenet,59.319,33.144,1,0
50.961,t2_squeezenet,49.083,37.265,1,0
51.001,t2_squeezenet,71.491,40.160,0,0
51.084,t2_squeezenet,45.287,42.608,0,0
51.132,t2_squeezenet,35.112,32.281,0,0
51.195,t2_squeezenet,47.562,42.959,0,0
51.254,t2_squeezenet,41.944,38.647,0,0
51.438,t2_squeezenet,51.198,47.505,1,0
51.478,t2_squeezenet,60.242,39.219,0,0
51.559,t2_squeezenet,39.124,35.399,1,0
51.592,t2_squeezenet,52.530,33.172,0,0
51.736,t2_squeezenet,33.608,33.141,1,0
51.772,t2_squeezenet,52.670,35.772,2,0
51.807,t2_squeezenet,52.479,35.411,2,0
51.844,t2_squeezenet,75.940,36.519,1,0
51.875,t2_squeezenet,95.012,31.401,2,0
51.905,t2_squeezenet,59.686,29.088,1,0
51.945,t2_squeezenet,97.745,40.753,2,0
51.980,t2_squeezenet,57.798,34.240,3,0
52.011,t2_squeezenet,68.527,31.391,2,0
52.054,t2_squeezenet,87.581,42.779,1,0
52.102,t2_squeezenet,132.439,47.685,1,0
52.145,t2_squeezenet,59.618,43.536,0,0
52.309,t2_squeezenet,43.566,42.369,1,0
52.355,t2_squeezenet,51.771,45.683,2,0
52.400,t2_squeezenet,67.768,45.210,1,0
52.440,t2_squeezenet,107.440,40.018,1,0
52.472,t2_squeezenet,70.592,31.381,0,0
52.524,t2_squeezenet,38.534,36.765,0,0
52.687,t2_squeezenet,48.803,44.756,0,0
52.930,t2_squeezenet,43.509,40.146,0,0
52.978,t2_squeezenet,36.183,33.339,0,0
53.017,t2_squeezenet,34.606,33.903,1,0
53.048,t2_squeezenet,39.229,31.046,2,0
53.079,t2_squeezenet,56.597,30.568,2,0
53.120,t2_squeezenet,96.342,41.394,3,0
53.159,t2_squeezenet,99.061,38.801,2,0
53.191,t2_squeezenet,93.006,32.137,2,0
53.222,t2_squeezenet,115.966,30.308,1,0
53.264,t2_squeezenet,101.376,42.152,1,0
53.306,t2_squeezenet,77.214,41.932,3,0
53.350,t2_squeezenet,77.087,44.202,4,0
53.395,t2_squeezenet,106.650,45.052,4,0
53.438,t2_squeezenet,146.696,43.237,4,0
53.472,t2_squeezenet,144.723,33.397,4,0
53.505,t2_squeezenet,171.575,33.555,4,0
53.550,t2_squeezenet,166.838,44.718,4,0
53.583,t2_squeezenet,148.853,32.844,3,0
53.615,t2_squeezenet,166.269,32.022,3,0
53.652,t2_squeezenet,164.255,36.833,2,0
53.685,t2_squeezenet,148.585,32.592,2,0
53.719,t2_squeezenet,121.855,34.786,2,0
53.754,t2_squeezenet,99.296,34.049,2,0
53.787,t2_squeezenet,76.843,33.495,2,0
53.816,t2_squeezenet,63.113,29.084,1,0
53.845,t2_squeezenet,69.200,29.053,1,0
53.881,t2_squeezenet,58.568,35.601,0,0
54.025,t2_squeezenet,45.069,42.898,0,0
54.100,t2_squeezenet,33.906,29.187,1,0
54.129,t2_squeezenet,56.883,29.053,0,0
54.209,t2_squeezenet,36.893,34.133,2,0
54.239,t2_squeezenet,55.157,30.603,2,0
54.274,t2_squeezenet,79.845,34.633,1,0
54.306,t2_squeezenet,89.617,31.743,0,0
54.432,t2_squeezenet,33.305,29.967,0,0
54.555,t2_squeezenet,32.655,32.150,1,0
54.587,t2_squeezenet,60.830,31.904,0,0
54.719,t2_squeezenet,45.744,40.773,0,0
54.759,t2_squeezenet,35.744,35.267,1,0
54.800,t2_squeezenet,51.743,41.055,1,0
54.835,t2_squeezenet,58.801,34.868,1,0
54.869,t2_squeezenet,48.750,34.089,1,0
54.903,t2_squeezenet,61.952,33.214,1,0
54.932,t2_squeezenet,39.819,29.492,1,0
54.963,t2_squeezenet,40.031,31.268,2,0
54.994,t2_squeezenet,58.956,30.634,1,0
55.028,t2_squeezenet,68.514,33.937,0,0
55.105,t2_squeezenet,48.762,46.422,0,0
55.166,t2_squeezenet,43.916,40.392,0,0
55.331,t2_squeezenet,49.070,44.138,1,0
55.376,t2_squeezenet,50.301,44.324,0,0
55.495,t2_squeezenet,44.569,42.524,1,0
55.533,t2_squeezenet,49.912,38.924,0,0
55.580,t2_squeezenet,33.894,30.840,1,0
55.614,t2_squeezenet,40.119,34.430,1,0
55.652,t2_squeezenet,52.230,38.100,0,0
55.732,t2_squeezenet,31.297,29.220,0,0
55.802,t2_squeezenet,33.109,29.582,0,0
55.842,t2_squeezenet,33.700,29.742,1,0
55.873,t2_squeezenet,60.620,31.255,0,0
55.978,t2_squeezenet,36.956,34.029,0,0
56.038,t2_squeezenet,37.827,34.344,0,0
56.138,t2_squeezenet,31.712,29.183,2,0
56.167,t2_squeezenet,44.801,29.099,1,0
56.197,t2_squeezenet,70.597,30.272,0,0
56.261,t2_squeezenet,41.788,37.899,1,0
56.304,t2_squeezenet,59.369,43.845,1,0
56.354,t2_squeezenet,66.804,49.447,1,0
56.393,t2_squeezenet,44.438,39.357,0,0
56.540,t2_squeezenet,30.918,30.729,0,0
56.587,t2_squeezenet,32.737,31.730,0,0
56.653,t2_squeezenet,45.373,40.567,0,0
56.714,t2_squeezenet,43.082,40.249,1,0
56.746,t2_squeezenet,56.796,32.108,1,0
56.782,t2_squeezenet,57.665,35.501,1,0
56.823,t2_squeezenet,74.198,41.317,0,0
56.920,t2_squeezenet,42.963,41.297,1,0
56.966,t2_squeezenet,68.295,45.615,1,0
57.011,t2_squeezenet,76.513,44.974,0,0
57.083,t2_squeezenet,31.781,31.407,0,0
57.214,t2_squeezenet,34.545,30.687,0,0
57.280,t2_squeezenet,39.541,35.762,0,0
57.328,t2_squeezenet,45.902,42.143,0,0
57.425,t2_squeezenet,48.611,46.885,0,0
57.496,t2_squeezenet,45.058,40.345,3,0
57.539,t2_squeezenet,85.083,42.832,2,0
57.574,t2_squeezenet,107.487,35.147,1,0
57.606,t2_squeezenet,136.759,31.733,0,0
57.659,t2_squeezenet,39.559,37.322,1,0
57.694,t2_squeezenet,47.744,35.454,1,0
57.724,t2_squeezenet,41.168,30.112,1,0
57.754,t2_squeezenet,39.732,29.585,0,0
57.806,t2_squeezenet,35.228,31.618,0,0
57.858,t2_squeezenet,33.881,32.084,2,0
57.900,t2_squeezenet,74.220,41.753,2,0
57.944,t2_squeezenet,97.121,43.804,1,0
57.979,t2_squeezenet,90.375,35.369,0,0
58.116,t2_squeezenet,36.963,35.818,0,0
58.207,t2_squeezenet,38.517,35.291,1,0
58.240,t2_squeezenet,56.636,32.865,0,0
58.413,t2_squeezenet,35.975,35.385,0,0
58.454,t2_squeezenet,31.180,30.770,1,0
58.484,t2_squeezenet,31.350,30.046,1,0
58.518,t2_squeezenet,40.722,34.523,0,0
58.577,t2_squeezenet,47.873,43.324,1,0
58.621,t2_squeezenet,47.121,44.369,1,0
58.661,t2_squeezenet,45.887,39.347,0,0
58.768,t2_squeezenet,32.328,31.992,1,0
58.813,t2_squeezenet,73.249,44.582,0,0
58.921,t2_squeezenet,46.250,42.251,0,0
59.120,t2_squeezenet,35.183,31.787,3,0
59.158,t2_squeezenet,58.012,37.982,2,0
59.193,t2_squeezenet,86.111,35.258,1,0
59.228,t2_squeezenet,117.435,34.691,1,0
59.265,t2_squeezenet,50.254,36.763,1,0
59.296,t2_squeezenet,66.295,31.370,0,0
59.346,t2_squeezenet,32.583,29.206,0,0
59.394,t2_squeezenet,33.175,32.832,0,0
59.480,t2_squeezenet,35.235,30.680,0,0
59.609,t2_squeezenet,32.978,32.944,0,0
59.648,t2_squeezenet,36.580,33.525,1,0
59.678,t2_squeezenet,58.300,29.837,0,0
59.734,t2_squeezenet,35.142,30.824,0,0
59.798,t2_squeezenet,35.384,33.371,0,0
59.871,t2_squeezenet,40.907,38.141,0,0
59.925,t2_squeezenet,36.267,33.207,0,0
59.972,t2_squeezenet,33.923,32.219,1,0
60.010,t2_squeezenet,59.710,38.179,2,0
60.049,t2_squeezenet,72.902,38.394,1,0
60.091,t2_squeezenet,104.654,41.821,0,0
60.279,t2_squeezenet,39.096,36.022,0,0
60.399,t2_squeezenet,46.115,44.019,0,0
60.612,t2_squeezenet,36.378,35.805,0,0
60.739,t2_squeezenet,40.174,35.511,1,0
60.774,t2_squeezenet,44.776,34.959,2,0
60.811,t2_squeezenet,70.171,37.767,3,0
60.847,t2_squeezenet,100.683,35.508,2,0
60.878,t2_squeezenet,97.262,30.601,3,0
60.907,t2_squeezenet,123.850,29.125,2,0
60.938,t2_squeezenet,82.218,31.152,1,0
60.972,t2_squeezenet,103.665,34.366,0,0
61.053,t2_squeezenet,34.171,29.756,0,0
61.112,t2_squeezenet,31.030,29.169,0,0
61.153,t2_squeezenet,38.065,35.436,1,0
61.189,t2_squeezenet,47.289,36.863,0,0
61.235,t2_squeezenet,40.427,35.443,1,0
61.271,t2_squeezenet,41.251,35.883,0,0
61.321,t2_squeezenet,33.284,30.001,0,0
61.376,t2_squeezenet,30.825,29.127,0,0
61.478,t2_squeezenet,34.049,31.420,1,0
61.518,t2_squeezenet,65.974,40.397,2,0
61.553,t2_squeezenet,60.124,34.940,1,0
61.592,t2_squeezenet,94.290,38.471,1,0
61.640,t2_squeezenet,76.882,48.425,1,0
61.683,t2_squeezenet,64.041,42.538,0,0
61.727,t2_squeezenet,41.090,38.668,0,0
61.811,t2_squeezenet,48.353,44.011,1,0
61.857,t2_squeezenet,56.108,45.777,0,0
61.956,t2_squeezenet,39.335,37.678,0,0
62.046,t2_squeezenet,38.816,34.171,1,0
62.076,t2_squeezenet,53.307,29.585,0,0
62.207,t2_squeezenet,36.399,35.624,1,0
62.250,t2_squeezenet,52.602,42.379,1,0
62.290,t2_squeezenet,61.124,39.797,1,0
62.335,t2_squeezenet,48.369,44.983,0,0
62.471,t2_squeezenet,47.399,44.964,2,0
62.513,t2_squeezenet,52.848,42.278,2,0
62.559,t2_squeezenet,94.831,45.296,2,0
62.605,t2_squeezenet,102.021,46.430,2,0
62.641,t2_squeezenet,122.532,35.617,2,0
62.676,t2_squeezenet,91.340,34.664,1,0
62.721,t2_squeezenet,90.725,45.389,0,0
62.841,t2_squeezenet,46.623,44.324,0,0
62.987,t2_squeezenet,35.091,34.335,0,0
63.070,t2_squeezenet,40.422,36.848,0,0
63.117,t2_squeezenet,40.653,37.422,0,0
63.226,t2_squeezenet,40.744,37.539,1,0
63.265,t2_squeezenet,66.202,39.676,0,0
63.334,t2_squeezenet,47.794,42.904,2,0
63.380,t2_squeezenet,86.509,46.374,2,0
63.417,t2_squeezenet,107.314,36.484,1,0
63.459,t2_squeezenet,106.597,42.131,2,0
63.502,t2_squeezenet,71.473,42.783,3,0
63.547,t2_squeezenet,100.354,45.756,2,0
63.593,t2_squeezenet,133.635,45.888,1,0
63.643,t2_squeezenet,168.206,49.436,1,0
63.694,t2_squeezenet,92.840,50.958,0,0
63.759,t2_squeezenet,49.198,44.447,0,0
63.868,t2_squeezenet,45.453,43.053,0,0
63.933,t2_squeezenet,49.314,45.183,1,0
63.979,t2_squeezenet,54.245,45.413,0,0
64.276,t2_squeezenet,47.574,43.793,0,0
64.332,t2_squeezenet,40.110,35.615,1,0
64.375,t2_squeezenet,66.187,42.631,1,0
64.422,t2_squeezenet,66.525,47.158,1,0
64.467,t2_squeezenet,67.226,45.600,1,0
64.510,t2_squeezenet,56.842,42.304,0,0
64.548,t2_squeezenet,34.634,33.578,0,0
64.653,t2_squeezenet,52.287,48.693,1,0
64.692,t2_squeezenet,67.915,38.988,1,0
64.724,t2_squeezenet,49.854,32.122,1,0
64.763,t2_squeezenet,57.146,39.234,3,0
64.805,t2_squeezenet,70.948,41.401,2,0
64.838,t2_squeezenet,83.428,32.822,2,0
64.881,t2_squeezenet,121.961,43.100,1,0
64.915,t2_squeezenet,97.459,34.362,0,0
64.975,t2_squeezenet,44.280,43.992,1,0
65.016,t2_squeezenet,60.527,41.850,0,0
65.104,t2_squeezenet,49.615,47.242,0,0
65.216,t2_squeezenet,45.480,45.242,0,0
65.379,t2_squeezenet,38.454,36.157,2,0
65.414,t2_squeezenet,59.825,35.510,2,0
65.452,t2_squeezenet,87.789,37.514,1,0
65.487,t2_squeezenet,86.704,35.304,0,0
65.538,t2_squeezenet,39.599,35.702,3,0
65.571,t2_squeezenet,56.713,33.247,2,0
65.607,t2_squeezenet,87.933,35.369,1,0
65.644,t2_squeezenet,116.057,37.081,1,0
65.681,t2_squeezenet,38.478,37.070,0,0
65.761,t2_squeezenet,32.810,29.316,1,0
65.790,t2_squeezenet,42.517,29.003,1,0
65.819,t2_squeezenet,34.104,29.707,0,0
66.017,t2_squeezenet,31.634,30.985,0,0
66.066,t2_squeezenet,36.359,33.649,1,0
66.096,t2_squeezenet,50.959,29.500,0,0
66.246,t2_squeezenet,31.502,29.293,0,0
66.419,t2_squeezenet,38.254,36.025,1,0
66.455,t2_squeezenet,53.281,36.301,1,0
66.487,t2_squeezenet,51.013,31.701,0,0
66.536,t2_squeezenet,29.176,29.093,0,0
66.633,t2_squeezenet,37.877,36.288,0,0
66.688,t2_squeezenet,31.046,29.622,0,0
66.841,t2_squeezenet,40.450,36.825,2,0
66.870,t2_squeezenet,63.366,29.121,1,0
66.906,t2_squeezenet,74.265,35.416,0,0
66.972,t2_squeezenet,32.393,30.609,1,0
67.004,t2_squeezenet,63.777,31.869,0,0
67.066,t2_squeezenet,44.617,42.161,1,0
67.108,t2_squeezenet,76.174,41.528,1,0
67.141,t2_squeezenet,36.806,32.478,0,0
67.220,t2_squeezenet,40.999,38.894,0,0
67.383,t2_squeezenet,39.400,36.377,0,0
67.479,t2_squeezenet,50.031,45.740,5,0
67.527,t2_squeezenet,91.794,47.522,6,0
67.574,t2_squeezenet,137.525,47.137,7,0
67.619,t2_squeezenet,165.209,45.220,8,0
67.671,t2_squeezenet,212.384,51.460,11,0
67.717,t2_squeezenet,241.092,46.305,10,0
67.767,t2_squeezenet,279.521,49.447,10,0
67.810,t2_squeezenet,319.446,43.460,9,0
67.850,t2_squeezenet,317.388,39.609,8,0
67.897,t2_squeezenet,341.347,46.996,8,0
67.943,t2_squeezenet,349.314,45.453,9,0
67.977,t2_squeezenet,359.400,34.352,8,0
68.020,t2_squeezenet,369.884,43.161,7,0
68.056,t2_squeezenet,399.380,35.927,6,0
68.088,t2_squeezenet,425.114,32.213,7,0
68.122,t2_squeezenet,454.100,33.231,6,0
68.154,t2_squeezenet,391.467,32.179,5,0
68.197,t2_squeezenet,310.404,42.887,4,0
68.242,t2_squeezenet,324.460,45.007,4,0
68.292,t2_squeezenet,352.098,49.871,4,0
68.327,t2_squeezenet,261.597,35.573,3,0
68.358,t2_squeezenet,285.010,30.346,2,0
68.390,t2_squeezenet,165.605,32.095,1,0
68.429,t2_squeezenet,149.393,39.129,0,0
68.480,t2_squeezenet,38.775,35.450,0,0
68.583,t2_squeezenet,34.682,32.758,1,0
68.615,t2_squeezenet,38.157,31.618,0,0
68.670,t2_squeezenet,50.268,49.507,3,0
68.718,t2_squeezenet,91.955,48.130,2,0
68.765,t2_squeezenet,137.186,46.908,1,0
68.811,t2_squeezenet,182.554,46.219,0,0
68.985,t2_squeezenet,44.110,41.958,1,0
69.030,t2_squeezenet,70.653,45.484,1,0
69.076,t2_squeezenet,53.644,45.618,1,0
69.122,t2_squeezenet,67.774,45.783,1,0
69.168,t2_squeezenet,76.261,46.010,2,0
69.211,t2_squeezenet,87.025,42.770,1,0
69.254,t2_squeezenet,90.838,43.026,1,0
69.300,t2_squeezenet,74.259,45.835,1,0
69.347,t2_squeezenet,57.445,47.554,1,0
69.379,t2_squeezenet,59.502,31.789,0,0
69.432,t2_squeezenet,33.991,32.871,1,0
69.476,t2_squeezenet,62.859,44.255,0,0
69.579,t2_squeezenet,37.749,36.882,1,0
69.609,t2_squeezenet,59.019,30.237,0,0
69.665,t2_squeezenet,34.524,30.085,1,0
69.700,t2_squeezenet,39.585,35.536,1,0
69.734,t2_squeezenet,56.015,33.969,0,0
69.779,t2_squeezenet,37.523,34.610,0,0
69.830,t2_squeezenet,38.846,35.622,0,0
69.996,t2_squeezenet,30.183,29.277,0,0
70.099,t2_squeezenet,40.870,37.320,0,0
70.150,t2_squeezenet,33.138,31.021,0,0
70.223,t2_squeezenet,37.925,37.677,0,0
70.273,t2_squeezenet,31.357,29.125,1,0
70.302,t2_squeezenet,47.119,28.986,0,0
70.348,t2_squeezenet,39.946,36.649,0,0
70.400,t2_squeezenet,43.335,41.702,0,0
70.466,t2_squeezenet,48.042,45.642,1,0
70.513,t2_squeezenet,62.833,46.586,0,0
70.564,t2_squeezenet,51.295,46.252,1,0
70.599,t2_squeezenet,61.440,34.425,0,0
70.927,t2_squeezenet,45.043,43.663,0,0
70.980,t2_squeezenet,52.025,47.001,0,0
71.043,t2_squeezenet,45.006,43.134,2,0
71.088,t2_squeezenet,65.720,44.783,2,0
71.131,t2_squeezenet,104.082,43.278,2,0
71.178,t2_squeezenet,90.884,46.231,2,0
71.224,t2_squeezenet,113.733,46.664,3,0
71.264,t2_squeezenet,95.058,39.350,2,0
71.303,t2_squeezenet,109.798,39.699,2,0
71.349,t2_squeezenet,148.891,46.096,1,0
71.396,t2_squeezenet,124.142,46.627,1,0
71.426,t2_squeezenet,73.750,30.114,3,0
71.460,t2_squeezenet,59.645,33.290,4,0
71.496,t2_squeezenet,90.430,36.141,4,0
71.530,t2_squeezenet,104.228,33.784,3,0
71.559,t2_squeezenet,118.794,29.068,2,0
71.588,t2_squeezenet,139.237,29.188,2,0
71.622,t2_squeezenet,143.525,33.749,1,0
71.657,t2_squeezenet,95.871,35.688,1,0
71.688,t2_squeezenet,57.133,30.644,0,0
71.740,t2_squeezenet,32.386,31.177,1,0
71.773,t2_squeezenet,43.238,33.859,0,0
71.843,t2_squeezenet,32.418,29.056,0,0
71.977,t2_squeezenet,45.116,43.006,2,0
72.014,t2_squeezenet,74.175,36.698,2,0
72.043,t2_squeezenet,76.968,29.396,1,0
72.077,t2_squeezenet,98.799,34.030,1,0
72.112,t2_squeezenet,59.018,34.746,0,0
72.169,t2_squeezenet,39.231,37.079,0,0
72.214,t2_squeezenet,37.304,34.812,1,0
72.258,t2_squeezenet,45.651,43.464,0,0
72.308,t2_squeezenet,48.669,44.477,2,0
72.350,t2_squeezenet,68.267,42.582,1,0
72.398,t2_squeezenet,103.040,47.294,0,0
72.438,t2_squeezenet,35.862,35.615,0,0
72.485,t2_squeezenet,44.851,41.059,6,0
72.528,t2_squeezenet,86.980,43.075,7,0
72.573,t2_squeezenet,131.719,44.997,6,0
72.615,t2_squeezenet,172.302,42.557,6,0
72.669,t2_squeezenet,201.210,53.503,6,0
72.719,t2_squeezenet,237.794,50.069,6,0
72.762,t2_squeezenet,278.815,43.042,5,0
72.809,t2_squeezenet,323.177,47.112,5,0
72.856,t2_squeezenet,344.146,46.467,6,0
72.900,t2_squeezenet,304.403,43.997,5,0
72.945,t2_squeezenet,315.118,45.573,6,0
72.986,t2_squeezenet,310.149,40.154,6,0
73.018,t2_squeezenet,234.493,32.327,7,0
73.065,t2_squeezenet,231.282,47.340,6,0
73.109,t2_squeezenet,270.617,43.565,5,0
73.144,t2_squeezenet,234.157,35.461,4,0
73.190,t2_squeezenet,244.729,45.543,7,0
73.240,t2_squeezenet,288.031,49.577,6,0
73.282,t2_squeezenet,287.085,42.229,5,0
73.328,t2_squeezenet,318.543,46.187,4,0
73.373,t2_squeezenet,214.547,44.678,4,0
73.418,t2_squeezenet,259.055,44.725,4,0
73.465,t2_squeezenet,294.752,47.513,3,0
73.506,t2_squeezenet,317.001,40.893,3,0
73.550,t2_squeezenet,179.118,43.504,2,0
73.597,t2_squeezenet,190.233,46.877,2,0
73.646,t2_squeezenet,148.835,49.419,2,0
73.683,t2_squeezenet,117.089,37.045,1,0
73.715,t2_squeezenet,100.417,31.567,0,0
73.763,t2_squeezenet,37.471,32.652,1,0
73.794,t2_squeezenet,35.785,31.099,0,0
73.873,t2_squeezenet,48.290,43.750,2,0
73.917,t2_squeezenet,74.097,43.162,4,0
73.961,t2_squeezenet,101.945,44.153,5,0
74.006,t2_squeezenet,122.158,45.000,4,0
74.047,t2_squeezenet,149.225,41.350,6,0
74.076,t2_squeezenet,175.232,29.059,5,0
74.106,t2_squeezenet,179.120,29.972,4,0
74.138,t2_squeezenet,204.534,32.095,3,0
74.180,t2_squeezenet,169.797,41.304,2,0
74.226,t2_squeezenet,200.349,46.444,1,0
74.272,t2_squeezenet,226.323,45.849,0,0
74.554,t2_squeezenet,35.653,33.576,2,0
74.589,t2_squeezenet,64.745,35.014,2,0
74.626,t2_squeezenet,92.889,36.666,1,0
74.663,t2_squeezenet,83.054,37.917,0,0
74.745,t2_squeezenet,38.442,36.275,1,0
74.781,t2_squeezenet,70.740,35.842,0,0
74.847,t2_squeezenet,36.666,35.124,0,0
74.891,t2_squeezenet,35.536,33.698,1,0
74.920,t2_squeezenet,63.779,29.155,0,0
75.171,t2_squeezenet,43.136,43.067,1,0
75.206,t2_squeezenet,75.948,35.678,1,0
75.238,t2_squeezenet,41.732,31.255,0,0
75.310,t2_squeezenet,45.815,41.739,0,0
75.368,t2_squeezenet,46.573,42.696,0,0
75.450,t2_squeezenet,46.998,46.428,1,0
75.487,t2_squeezenet,46.164,37.047,1,0
75.524,t2_squeezenet,44.662,36.950,0,0
75.642,t2_squeezenet,33.664,32.101,0,0
75.698,t2_squeezenet,36.122,35.327,1,0
75.733,t2_squeezenet,38.052,34.866,0,0
75.803,t2_squeezenet,39.031,35.255,1,0
75.837,t2_squeezenet,60.333,33.350,0,0
75.993,t2_squeezenet,33.074,29.701,0,0
76.035,t2_squeezenet,39.951,36.763,1,0
76.064,t2_squeezenet,44.675,29.387,0,0
76.288,t2_squeezenet,33.404,30.981,0,0
76.360,t2_squeezenet,45.482,41.307,0,0
76.472,t2_squeezenet,32.252,31.195,0,0
76.525,t2_squeezenet,37.436,32.522,0,0
76.639,t2_squeezenet,37.184,32.848,1,0
76.689,t2_squeezenet,78.442,49.791,0,0
76.793,t2_squeezenet,49.809,48.987,1,0
76.837,t2_squeezenet,45.848,43.902,0,0
76.958,t2_squeezenet,45.224,44.106,1,0
77.001,t2_squeezenet,71.607,43.273,0,0
77.068,t2_squeezenet,55.366,51.507,4,0
77.112,t2_squeezenet,82.240,44.491,4,0
77.155,t2_squeezenet,118.697,42.090,4,0
77.203,t2_squeezenet,136.195,48.394,3,0
77.249,t2_squeezenet,181.346,45.470,2,0
77.297,t2_squeezenet,214.642,48.923,2,0
77.340,t2_squeezenet,210.763,42.857,1,0
77.383,t2_squeezenet,91.396,42.514,0,0
77.600,t2_squeezenet,53.474,49.189,0,0
77.648,t2_squeezenet,33.864,32.985,0,0
77.809,t2_squeezenet,40.451,38.344,0,0
77.885,t2_squeezenet,47.791,45.706,0,0
78.012,t2_squeezenet,48.508,44.598,2,0
78.059,t2_squeezenet,72.744,47.446,1,0
78.105,t2_squeezenet,94.838,45.788,0,0
78.164,t2_squeezenet,31.421,29.124,0,0
78.222,t2_squeezenet,36.986,32.159,0,0
78.441,t2_squeezenet,40.558,37.241,2,0
78.472,t2_squeezenet,54.011,30.840,1,0
78.506,t2_squeezenet,72.000,33.390,0,0
78.546,t2_squeezenet,35.241,34.853,0,0
78.685,t2_squeezenet,36.530,33.199,0,0
78.727,t2_squeezenet,41.816,36.759,1,0
78.759,t2_squeezenet,69.120,32.158,0,0
78.976,t2_squeezenet,34.060,29.760,0,0
79.041,t2_squeezenet,32.640,29.215,1,0
79.070,t2_squeezenet,45.269,29.739,1,0
79.100,t2_squeezenet,52.552,29.711,0,0
79.150,t2_squeezenet,35.788,34.346,0,0
79.205,t2_squeezenet,34.862,30.051,1,0
79.235,t2_squeezenet,41.374,29.751,1,0
79.264,t2_squeezenet,38.013,29.313,1,0
79.300,t2_squeezenet,57.015,35.554,2,0
79.331,t2_squeezenet,56.358,30.879,1,0
79.360,t2_squeezenet,79.638,29.708,1,0
79.392,t2_squeezenet,39.356,31.992,0,0
79.470,t2_squeezenet,36.850,32.190,2,0
79.512,t2_squeezenet,72.249,41.669,1,0
79.545,t2_squeezenet,101.367,32.904,2,0
79.577,t2_squeezenet,51.108,32.614,1,0
79.611,t2_squeezenet,68.017,33.318,0,0
79.754,t2_squeezenet,47.788,47.073,1,0
79.800,t2_squeezenet,75.440,46.170,1,0
79.845,t2_squeezenet,47.156,44.596,0,0
79.930,t2_squeezenet,36.135,34.055,0,0
80.001,t2_squeezenet,45.400,40.768,1,0
80.032,t2_squeezenet,74.930,30.964,0,0
80.175,t2_squeezenet,40.475,35.959,1,0
80.207,t2_squeezenet,61.420,31.999,1,0
80.255,t2_squeezenet,54.416,48.798,0,0
80.514,t2_squeezenet,47.832,44.818,1,0
80.560,t2_squeezenet,85.670,46.243,0,0
80.684,t2_squeezenet,57.084,52.614,1,0
80.731,t2_squeezenet,61.880,47.666,2,0
80.777,t2_squeezenet,67.374,45.828,1,0
80.812,t2_squeezenet,81.875,34.829,0,0
80.879,t2_squeezenet,38.773,36.711,1,0
80.914,t2_squeezenet,59.895,35.132,1,0
80.952,t2_squeezenet,55.062,37.272,0,0
81.020,t2_squeezenet,37.605,32.628,1,0
81.059,t2_squeezenet,76.390,39.552,1,0
81.097,t2_squeezenet,42.791,37.614,0,0
81.321,t2_squeezenet,35.544,31.323,0,0
81.370,t2_squeezenet,47.027,44.138,1,0
81.415,t2_squeezenet,80.385,44.763,0,0
81.554,t2_squeezenet,37.323,32.603,2,0
81.595,t2_squeezenet,64.585,41.143,3,0
81.640,t2_squeezenet,107.272,45.398,2,0
81.692,t2_squeezenet,125.913,51.433,1,0
81.737,t2_squeezenet,168.506,45.422,0,0
81.842,t2_squeezenet,32.761,29.110,0,0
81.887,t2_squeezenet,36.294,34.776,0,0
82.026,t2_squeezenet,40.852,37.098,0,0
82.105,t2_squeezenet,31.500,29.080,0,0
82.239,t2_squeezenet,45.152,42.663,1,0
82.287,t2_squeezenet,76.537,47.568,2,0
82.323,t2_squeezenet,72.778,35.914,1,0
82.358,t2_squeezenet,97.758,35.657,0,0
82.443,t2_squeezenet,36.215,34.097,0,0
82.488,t2_squeezenet,38.142,34.572,1,0
82.525,t2_squeezenet,42.514,36.713,0,0
82.711,t2_squeezenet,30.667,29.392,0,0
82.834,t2_squeezenet,44.380,41.800,0,0
82.974,t2_squeezenet,45.700,43.103,2,0
83.019,t2_squeezenet,84.214,44.829,1,0
83.063,t2_squeezenet,122.351,44.818,2,0
83.109,t2_squeezenet,79.036,45.979,3,0
83.153,t2_squeezenet,103.972,43.150,2,0
83.196,t2_squeezenet,106.677,43.347,1,0
83.236,t2_squeezenet,134.130,39.836,0,0
83.346,t2_squeezenet,33.341,29.191,0,0
83.385,t2_squeezenet,39.007,33.970,0,0
83.549,t2_squeezenet,42.100,37.823,2,0
83.585,t2_squeezenet,74.677,35.671,4,0
83.621,t2_squeezenet,95.026,36.128,3,0
83.655,t2_squeezenet,103.564,34.041,2,0
83.696,t2_squeezenet,121.372,41.160,2,0
83.742,t2_squeezenet,165.352,45.109,1,0
83.784,t2_squeezenet,97.712,42.499,3,0
83.819,t2_squeezenet,72.145,34.741,3,0
83.854,t2_squeezenet,99.855,35.349,2,0
83.886,t2_squeezenet,106.255,31.706,1,0
83.922,t2_squeezenet,115.861,35.434,0,0
83.996,t2_squeezenet,36.100,33.334,0,0
84.039,t2_squeezenet,36.211,33.229,0,0
84.109,t2_squeezenet,32.688,29.166,0,0
84.143,t2_squeezenet,34.088,29.051,0,0
84.178,t2_squeezenet,31.131,30.392,3,0
84.212,t2_squeezenet,62.055,34.093,3,0
84.253,t2_squeezenet,101.223,40.560,4,0
84.296,t2_squeezenet,134.282,43.510,6,0
84.343,t2_squeezenet,147.129,46.237,6,0
84.390,t2_squeezenet,163.636,47.141,6,0
84.437,t2_squeezenet,205.184,47.122,8,0
84.481,t2_squeezenet,214.009,43.672,10,0
84.523,t2_squeezenet,256.065,42.342,11,0
84.569,t2_squeezenet,282.293,45.716,11,0
84.615,t2_squeezenet,278.178,45.974,11,0
84.662,t2_squeezenet,291.944,47.145,11,0
84.711,t2_squeezenet,318.584,48.638,12,0
84.746,t2_squeezenet,352.161,35.431,12,0
84.779,t2_squeezenet,354.398,32.800,11,0
84.811,t2_squeezenet,372.527,31.336,13,0
84.842,t2_squeezenet,382.203,31.671,12,0
84.874,t2_squeezenet,404.351,32.090,11,0
84.907,t2_squeezenet,392.508,32.535,10,0
84.941,t2_squeezenet,423.382,33.431,9,0
84.985,t2_squeezenet,440.917,44.157,9,0
85.030,t2_squeezenet,430.293,45.142,9,0
85.075,t2_squeezenet,427.316,45.048,9,0
85.113,t2_squeezenet,444.194,38.260,10,0
85.146,t2_squeezenet,438.097,32.678,10,0
85.177,t2_squeezenet,451.830,30.707,9,0
85.210,t2_squeezenet,421.482,32.754,8,0
85.245,t2_squeezenet,442.819,35.089,7,0
85.276,t2_squeezenet,468.493,31.189,6,0
85.306,t2_squeezenet,332.031,30.444,5,0
85.340,t2_squeezenet,342.021,33.652,4,0
85.385,t2_squeezenet,330.900,45.234,6,0
85.432,t2_squeezenet,347.874,46.864,6,0
85.475,t2_squeezenet,376.511,42.979,7,0
85.519,t2_squeezenet,375.789,44.013,7,0
85.563,t2_squeezenet,222.361,43.645,7,0
85.610,t2_squeezenet,251.364,46.706,7,0
85.648,t2_squeezenet,273.443,38.534,7,0
85.685,t2_squeezenet,265.780,37.050,6,0
85.721,t2_squeezenet,276.734,35.072,6,0
85.754,t2_squeezenet,300.264,33.487,5,0
85.789,t2_squeezenet,281.859,35.050,5,0
85.833,t2_squeezenet,293.706,44.108,5,0
85.880,t2_squeezenet,314.751,46.225,5,0
85.914,t2_squeezenet,290.628,34.575,4,0
85.962,t2_squeezenet,248.984,48.129,3,0
86.002,t2_squeezenet,245.330,39.182,3,0
86.046,t2_squeezenet,226.459,43.902,3,0
86.090,t2_squeezenet,255.167,44.269,3,0
86.143,t2_squeezenet,178.294,52.646,4,0
86.183,t2_squeezenet,165.097,40.639,3,0
86.227,t2_squeezenet,166.965,43.205,2,0
86.269,t2_squeezenet,154.546,42.642,2,0
86.314,t2_squeezenet,183.207,44.265,1,0
86.359,t2_squeezenet,122.708,45.684,0,0
86.481,t2_squeezenet,39.086,35.649,1,0
86.527,t2_squeezenet,69.482,45.605,1,0
86.562,t2_squeezenet,75.211,35.339,0,0
86.677,t2_squeezenet,49.943,48.415,0,0
86.894,t2_squeezenet,46.953,45.343,0,0
86.965,t2_squeezenet,40.064,35.226,2,0
87.000,t2_squeezenet,56.699,34.859,3,0
87.033,t2_squeezenet,83.586,32.819,2,0
87.069,t2_squeezenet,86.806,35.995,1,0
87.104,t2_squeezenet,111.127,35.179,0,0
87.160,t2_squeezenet,36.160,34.982,0,0
87.246,t2_squeezenet,44.638,41.102,0,0
87.405,t2_squeezenet,31.668,31.511,0,0
87.449,t2_squeezenet,34.015,33.711,0,0
87.551,t2_squeezenet,38.806,36.804,1,0
87.587,t2_squeezenet,40.585,35.507,1,0
87.618,t2_squeezenet,55.526,31.457,0,0
87.686,t2_squeezenet,40.861,37.129,1,0
87.717,t2_squeezenet,67.388,30.902,0,0
87.799,t2_squeezenet,34.682,31.653,0,0
87.873,t2_squeezenet,34.245,33.185,0,0
87.967,t2_squeezenet,37.937,33.540,0,0
88.007,t2_squeezenet,35.676,34.600,0,0
88.201,t2_squeezenet,38.523,37.677,0,0
88.274,t2_squeezenet,43.044,42.177,1,0
88.318,t2_squeezenet,73.433,44.421,1,0
88.359,t2_squeezenet,62.697,40.243,2,0
88.405,t2_squeezenet,78.341,46.498,2,0
88.452,t2_squeezenet,117.682,47.138,1,0
88.494,t2_squeezenet,132.912,42.042,0,0
88.561,t2_squeezenet,45.758,41.234,2,0
88.609,t2_squeezenet,59.544,48.333,2,0
88.650,t2_squeezenet,100.486,41.067,2,0
88.687,t2_squeezenet,102.417,36.940,1,0
88.723,t2_squeezenet,105.220,35.262,1,0
88.758,t2_squeezenet,55.577,35.255,0,0
88.874,t2_squeezenet,38.349,34.769,0,0
89.131,t2_squeezenet,48.750,44.060,2,0
89.176,t2_squeezenet,71.518,44.981,2,0
89.222,t2_squeezenet,115.736,45.879,2,0
89.261,t2_squeezenet,104.263,38.906,2,0
89.304,t2_squeezenet,128.290,43.536,1,0
89.356,t2_squeezenet,108.296,51.988,1,0
89.404,t2_squeezenet,78.206,47.875,2,0
89.448,t2_squeezenet,90.130,44.016,2,0
89.484,t2_squeezenet,87.031,36.315,1,0
89.528,t2_squeezenet,107.151,43.456,0,0
89.580,t2_squeezenet,44.900,42.034,1,0
89.625,t2_squeezenet,84.389,45.011,0,0
89.685,t2_squeezenet,56.552,54.311,0,0
89.778,t2_squeezenet,44.685,42.936,1,0
89.822,t2_squeezenet,86.914,43.356,0,0
89.906,t2_squeezenet,41.055,38.413,2,0
89.941,t2_squeezenet,45.948,35.028,1,0
89.977,t2_squeezenet,80.943,35.682,2,0
90.029,t2_squeezenet,70.214,51.835,2,0
90.070,t2_squeezenet,93.600,41.028,3,0
90.124,t2_squeezenet,127.154,54.724,2,0
90.170,t2_squeezenet,133.938,45.788,1,0
90.214,t2_squeezenet,147.326,43.682,0,0
90.376,t2_squeezenet,47.139,46.228,2,0
90.419,t2_squeezenet,60.605,42.604,1,0
90.462,t2_squeezenet,91.172,42.799,1,0
90.508,t2_squeezenet,71.998,45.982,3,0
90.562,t2_squeezenet,80.866,54.358,2,0
90.605,t2_squeezenet,110.548,42.590,1,0
90.659,t2_squeezenet,159.811,53.838,0,0
90.892,t2_squeezenet,38.458,35.372,1,0
90.927,t2_squeezenet,57.511,35.195,0,0
90.978,t2_squeezenet,37.264,35.720,2,0
91.014,t2_squeezenet,67.857,36.130,2,0
91.045,t2_squeezenet,80.795,30.815,2,0
91.076,t2_squeezenet,64.637,31.149,1,0
91.124,t2_squeezenet,85.939,47.887,0,0
91.166,t2_squeezenet,39.357,36.824,1,0
91.201,t2_squeezenet,60.917,34.687,0,0
91.353,t2_squeezenet,43.511,41.033,1,0
91.401,t2_squeezenet,50.437,47.372,3,0
91.450,t2_squeezenet,81.042,49.540,2,0
91.488,t2_squeezenet,106.801,38.181,2,0
91.535,t2_squeezenet,139.266,46.532,2,0
91.581,t2_squeezenet,129.508,45.643,1,0
91.627,t2_squeezenet,109.020,46.227,2,0
91.662,t2_squeezenet,66.147,35.179,1,0
91.696,t2_squeezenet,72.791,34.252,0,0
91.736,t2_squeezenet,31.070,29.052,1,0
91.765,t2_squeezenet,43.230,29.048,1,0
91.794,t2_squeezenet,36.926,29.546,0,0
91.896,t2_squeezenet,33.571,30.849,0,0
91.985,t2_squeezenet,37.940,37.471,0,0
92.071,t2_squeezenet,34.619,30.692,2,0
92.105,t2_squeezenet,60.663,34.163,1,0
92.135,t2_squeezenet,70.696,30.272,1,0
92.165,t2_squeezenet,31.023,29.560,0,0
92.338,t2_squeezenet,43.448,41.365,0,0
92.382,t2_squeezenet,39.904,39.360,2,0
92.421,t2_squeezenet,44.626,38.867,1,0
92.455,t2_squeezenet,75.696,33.603,0,0
92.513,t2_squeezenet,33.706,32.550,2,0
92.544,t2_squeezenet,55.883,31.097,1,0
92.577,t2_squeezenet,70.383,33.040,0,0
92.637,t2_squeezenet,43.523,39.160,1,0
92.685,t2_squeezenet,76.405,48.202,1,0
92.723,t2_squeezenet,77.113,38.609,0,0
92.861,t2_squeezenet,36.890,36.764,0,0
92.928,t2_squeezenet,35.490,31.394,1,0
92.961,t2_squeezenet,47.452,32.418,5,0
92.993,t2_squeezenet,58.401,32.583,4,0
93.047,t2_squeezenet,92.723,53.660,4,0
93.095,t2_squeezenet,137.017,48.458,6,0
93.149,t2_squeezenet,188.815,53.658,6,0
93.192,t2_squeezenet,231.600,42.932,5,0
93.251,t2_squeezenet,229.167,59.190,4,0
93.298,t2_squeezenet,248.879,46.395,3,0
93.346,t2_squeezenet,293.140,47.822,3,0
93.381,t2_squeezenet,306.649,35.503,2,0
93.426,t2_squeezenet,328.775,44.851,1,0
93.457,t2_squeezenet,148.077,30.766,0,0
93.549,t2_squeezenet,44.092,41.445,0,0
93.631,t2_squeezenet,40.077,35.836,1,0
93.666,t2_squeezenet,67.209,35.532,1,0
93.699,t2_squeezenet,52.751,32.643,0,0
93.838,t2_squeezenet,33.993,32.666,0,0
93.886,t2_squeezenet,44.888,42.876,1,0
93.932,t2_squeezenet,83.813,46.274,1,0
93.975,t2_squeezenet,50.532,42.885,0,0
94.026,t2_squeezenet,38.638,35.717,1,0
94.060,t2_squeezenet,49.734,33.433,1,0
94.093,t2_squeezenet,36.024,33.050,0,0
94.169,t2_squeezenet,34.834,30.605,0,0
94.363,t2_squeezenet,36.786,31.943,1,0
94.395,t2_squeezenet,63.282,32.325,0,0
94.462,t2_squeezenet,32.542,31.972,0,0
94.618,t2_squeezenet,41.299,39.730,0,0
94.661,t2_squeezenet,39.940,37.719,0,0
94.773,t2_squeezenet,50.399,45.208,2,0
94.815,t2_squeezenet,85.581,41.921,2,0
94.852,t2_squeezenet,98.216,36.564,1,0
94.894,t2_squeezenet,92.987,42.399,3,0
94.955,t2_squeezenet,100.943,60.660,3,0
94.995,t2_squeezenet,133.917,40.044,3,0
95.041,t2_squeezenet,163.084,45.357,2,0
95.075,t2_squeezenet,146.752,33.980,1,0
95.105,t2_squeezenet,113.172,30.587,1,0
95.153,t2_squeezenet,77.369,47.751,0,0
95.219,t2_squeezenet,33.722,30.993,0,0
95.314,t2_squeezenet,49.090,44.230,0,0
95.367,t2_squeezenet,34.049,32.149,1,0
95.408,t2_squeezenet,73.066,41.817,0,0
95.645,t2_squeezenet,37.743,33.509,0,0
95.736,t2_squeezenet,30.669,30.633,0,0
95.843,t2_squeezenet,35.165,30.484,0,0
95.900,t2_squeezenet,39.811,37.024,0,0
95.946,t2_squeezenet,35.566,30.752,0,0
95.991,t2_squeezenet,39.713,35.144,2,0
96.037,t2_squeezenet,77.083,45.895,1,0
96.078,t2_squeezenet,115.577,41.017,0,0
96.201,t2_squeezenet,42.086,41.266,0,0
96.273,t2_squeezenet,43.667,42.378,1,0
96.310,t2_squeezenet,43.106,36.297,0,0
96.429,t2_squeezenet,44.399,43.263,0,0
96.594,t2_squeezenet,45.980,43.620,1,0
96.633,t2_squeezenet,48.483,38.886,1,0
96.679,t2_squeezenet,66.235,45.711,0,0
96.734,t2_squeezenet,36.922,34.511,1,0
96.766,t2_squeezenet,46.131,31.898,0,0
97.069,t2_squeezenet,44.204,39.411,0,0
97.130,t2_squeezenet,38.100,36.180,0,0
97.192,t2_squeezenet,49.560,46.359,0,0
97.323,t2_squeezenet,40.469,40.419,0,0
97.437,t2_squeezenet,40.766,38.010,1,0
97.476,t2_squeezenet,46.964,38.543,0,0
97.549,t2_squeezenet,36.546,32.753,3,0
97.580,t2_squeezenet,58.621,30.421,2,0
97.627,t2_squeezenet,101.474,47.101,2,0
97.670,t2_squeezenet,131.146,43.628,1,0
97.725,t2_squeezenet,118.410,54.195,0,0
97.843,t2_squeezenet,34.565,32.187,1,0
97.883,t2_squeezenet,45.963,40.439,0,0
97.964,t2_squeezenet,43.036,40.107,1,0
98.010,t2_squeezenet,69.482,45.841,0,0
98.071,t2_squeezenet,33.959,32.197,2,0
98.103,t2_squeezenet,53.506,31.440,1,0
98.133,t2_squeezenet,65.775,30.813,1,0
98.165,t2_squeezenet,53.207,31.888,0,0
98.320,t2_squeezenet,35.735,31.945,0,0
98.371,t2_squeezenet,37.300,36.452,0,0
98.418,t2_squeezenet,38.248,36.181,1,0
98.451,t2_squeezenet,70.848,32.858,1,0
98.483,t2_squeezenet,57.906,32.373,1,0
98.543,t2_squeezenet,79.014,59.664,1,0
98.595,t2_squeezenet,96.680,52.028,1,0
98.659,t2_squeezenet,96.693,64.165,1,0
98.715,t2_squeezenet,58.047,55.681,0,0
98.870,t2_squeezenet,46.203,43.533,1,0
98.905,t2_squeezenet,79.075,34.919,0,0
98.951,t2_squeezenet,35.280,31.296,0,0
99.070,t2_squeezenet,43.532,42.218,1,0
99.111,t2_squeezenet,74.908,41.301,0,0
99.164,t2_squeezenet,37.816,33.026,2,0
99.196,t2_squeezenet,61.556,31.077,1,0
99.241,t2_squeezenet,88.391,45.413,1,0
99.276,t2_squeezenet,47.100,34.662,1,0
99.308,t2_squeezenet,35.847,32.342,1,0
99.352,t2_squeezenet,53.767,43.659,1,0
99.383,t2_squeezenet,64.073,30.983,0,0
99.432,t2_squeezenet,48.235,44.121,1,0
99.463,t2_squeezenet,62.302,31.553,0,0
99.561,t2_squeezenet,36.198,35.960,0,0
99.635,t2_squeezenet,38.258,34.449,2,0
99.666,t2_squeezenet,60.650,30.226,2,0
99.699,t2_squeezenet,87.760,33.145,1,0
99.731,t2_squeezenet,78.650,32.280,1,0
99.762,t2_squeezenet,50.781,30.576,0,0
99.981,t2_squeezenet,33.828,32.277,0,0
100.022,t2_squeezenet,32.888,30.601,0,0
100.056,t2_squeezenet,34.065,29.218,0,0
100.123,t2_squeezenet,35.345,31.682,0,0
100.163,t2_squeezenet,32.136,29.823,0,0
100.347,t2_squeezenet,36.063,35.744,0,0
100.395,t2_squeezenet,47.482,43.558,0,0
100.445,t2_squeezenet,36.639,34.207,1,0
100.490,t2_squeezenet,50.295,45.308,0,0
100.584,t2_squeezenet,45.995,43.146,1,0
100.620,t2_squeezenet,68.085,36.055,1,0
100.668,t2_squeezenet,51.616,47.318,1,0
100.718,t2_squeezenet,55.531,50.104,2,0
100.767,t2_squeezenet,84.966,49.374,2,0
100.828,t2_squeezenet,143.573,60.332,1,0
100.870,t2_squeezenet,140.443,42.509,2,0
100.932,t2_squeezenet,98.207,61.757,1,0
100.977,t2_squeezenet,124.655,45.426,0,0
101.135,t2_squeezenet,38.713,35.986,3,0
101.184,t2_squeezenet,86.465,48.953,2,0
101.245,t2_squeezenet,139.096,60.871,1,0
101.287,t2_squeezenet,163.142,42.021,0,0
101.526,t2_squeezenet,37.351,35.622,0,0
101.576,t2_squeezenet,35.105,34.184,0,0
101.642,t2_squeezenet,34.653,30.770,0,0
101.787,t2_squeezenet,39.074,38.133,1,0
101.830,t2_squeezenet,80.130,42.352,1,0
101.875,t2_squeezenet,66.368,44.660,0,0
102.059,t2_squeezenet,44.852,42.103,0,0
102.118,t2_squeezenet,45.111,44.151,2,0
102.156,t2_squeezenet,64.419,37.706,1,0
102.200,t2_squeezenet,96.129,44.441,2,0
102.251,t2_squeezenet,82.878,50.108,2,0
102.282,t2_squeezenet,107.833,31.903,1,0
102.347,t2_squeezenet,106.504,64.018,0,0
102.414,t2_squeezenet,46.875,42.491,1,0
102.453,t2_squeezenet,56.353,38.217,0,0
102.588,t2_squeezenet,46.577,44.128,1,0
102.629,t2_squeezenet,82.371,40.652,0,0
102.717,t2_squeezenet,51.152,46.988,2,0
102.764,t2_squeezenet,96.005,47.162,1,0
102.804,t2_squeezenet,94.956,40.266,1,0
102.860,t2_squeezenet,59.631,55.921,1,0
102.927,t2_squeezenet,107.633,66.523,1,0
102.974,t2_squeezenet,89.440,47.063,1,0
103.039,t2_squeezenet,105.044,64.931,2,0
103.081,t2_squeezenet,82.932,42.503,3,0
103.147,t2_squeezenet,120.023,65.402,4,0
103.192,t2_squeezenet,147.594,45.434,4,0
103.252,t2_squeezenet,191.622,59.532,6,0
103.296,t2_squeezenet,195.749,43.697,5,0
103.356,t2_squeezenet,224.436,60.354,4,0
103.391,t2_squeezenet,228.887,35.001,3,0
103.448,t2_squeezenet,254.837,56.657,5,0
103.489,t2_squeezenet,271.546,40.977,5,0
103.555,t2_squeezenet,322.871,65.679,5,0
103.599,t2_squeezenet,199.095,44.097,5,0
103.668,t2_squeezenet,229.393,68.901,6,0
103.716,t2_squeezenet,270.354,48.727,6,0
103.750,t2_squeezenet,296.064,33.342,5,0
103.782,t2_squeezenet,242.648,32.250,4,0
103.836,t2_squeezenet,237.417,53.703,3,0
103.868,t2_squeezenet,244.695,31.963,2,0
103.930,t2_squeezenet,291.508,61.858,1,0
103.969,t2_squeezenet,274.184,38.641,0,0
104.031,t2_squeezenet,36.900,32.365,2,0
104.063,t2_squeezenet,61.094,32.143,1,0
104.094,t2_squeezenet,90.240,30.810,0,0
104.158,t2_squeezenet,51.501,48.406,0,0
104.224,t2_squeezenet,53.812,50.646,1,0
104.268,t2_squeezenet,67.388,44.164,0,0
104.325,t2_squeezenet,50.490,46.817,2,0
104.365,t2_squeezenet,84.566,39.953,3,0
104.431,t2_squeezenet,113.803,66.326,2,0
104.478,t2_squeezenet,149.630,46.527,1,0
104.541,t2_squeezenet,203.757,63.441,1,0
104.584,t2_squeezenet,73.544,42.660,1,0
104.650,t2_squeezenet,81.716,66.028,0,0
104.861,t2_squeezenet,46.065,42.721,0,0
104.971,t2_squeezenet,48.469,43.556,0,0
105.012,t2_squeezenet,36.624,31.617,0,0
105.160,t2_squeezenet,34.172,31.048,1,0
105.194,t2_squeezenet,49.903,33.397,1,0
105.248,t2_squeezenet,74.460,53.991,4,0
105.287,t2_squeezenet,88.287,39.454,4,0
105.349,t2_squeezenet,123.337,61.485,4,0
105.380,t2_squeezenet,149.089,31.460,4,0
105.432,t2_squeezenet,185.797,51.759,3,0
105.463,t2_squeezenet,214.612,31.180,2,0
105.495,t2_squeezenet,172.103,31.479,4,0
105.552,t2_squeezenet,186.324,57.437,3,0
105.586,t2_squeezenet,114.994,33.510,2,0
105.642,t2_squeezenet,168.592,55.864,1,0
105.675,t2_squeezenet,189.492,33.322,0,0
105.856,t2_squeezenet,43.818,42.629,1,0
105.900,t2_squeezenet,52.280,44.757,3,0
105.961,t2_squeezenet,99.159,60.492,2,0
106.026,t2_squeezenet,162.216,64.528,4,0
106.064,t2_squeezenet,163.931,38.651,3,0
106.135,t2_squeezenet,173.397,70.730,2,0
106.181,t2_squeezenet,206.343,46.204,1,0
106.249,t2_squeezenet,253.820,67.823,0,0
106.458,t2_squeezenet,34.718,31.238,1,0
106.490,t2_squeezenet,53.558,31.799,0,0
106.557,t2_squeezenet,33.154,31.992,1,0
106.592,t2_squeezenet,43.574,35.028,1,0
106.663,t2_squeezenet,71.636,71.022,2,0
106.711,t2_squeezenet,118.083,48.137,1,0
106.759,t2_squeezenet,162.418,47.313,1,0
106.826,t2_squeezenet,99.231,66.998,0,0
106.926,t2_squeezenet,38.653,34.435,1,0
106.972,t2_squeezenet,81.951,45.745,1,0
107.031,t2_squeezenet,94.249,58.389,0,0
107.106,t2_squeezenet,49.153,44.846,1,0
107.138,t2_squeezenet,68.197,31.558,0,0
107.214,t2_squeezenet,40.522,35.952,0,0
107.380,t2_squeezenet,35.446,34.108,1,0
107.412,t2_squeezenet,36.313,31.952,1,0
107.442,t2_squeezenet,47.155,30.206,1,0
107.473,t2_squeezenet,41.903,30.864,1,0
107.531,t2_squeezenet,61.485,57.626,1,0
107.563,t2_squeezenet,71.401,31.816,0,0
107.654,t2_squeezenet,36.982,35.781,0,0
107.753,t2_squeezenet,41.142,37.571,2,0
107.797,t2_squeezenet,84.840,43.837,2,0
107.863,t2_squeezenet,114.020,66.420,1,0
107.927,t2_squeezenet,144.328,63.581,0,0
108.113,t2_squeezenet,44.517,44.161,2,0
108.150,t2_squeezenet,64.211,36.739,1,0
108.197,t2_squeezenet,100.251,46.837,1,0
108.262,t2_squeezenet,68.489,65.624,2,0
108.326,t2_squeezenet,125.418,63.409,2,0
108.369,t2_squeezenet,144.841,42.635,1,0
108.436,t2_squeezenet,112.017,67.098,0,0
108.487,t2_squeezenet,41.238,36.401,0,0
108.552,t2_squeezenet,37.742,34.484,0,0
108.592,t2_squeezenet,38.475,34.910,0,0
108.647,t2_squeezenet,41.877,39.414,0,0
108.702,t2_squeezenet,52.721,49.828,3,0
108.750,t2_squeezenet,84.385,47.493,4,0
108.798,t2_squeezenet,132.121,48.561,4,0
108.857,t2_squeezenet,162.327,58.294,5,0
108.924,t2_squeezenet,202.599,67.797,6,0
108.967,t2_squeezenet,241.259,42.787,5,0
109.037,t2_squeezenet,256.272,69.591,5,0
109.081,t2_squeezenet,258.789,44.389,4,0
109.143,t2_squeezenet,310.375,61.957,4,0
109.188,t2_squeezenet,305.612,44.537,3,0
109.255,t2_squeezenet,352.795,66.651,3,0
109.325,t2_squeezenet,346.256,69.875,2,0
109.365,t2_squeezenet,225.609,40.565,2,0
109.433,t2_squeezenet,229.079,67.357,1,0
109.478,t2_squeezenet,125.327,45.259,0,0
109.551,t2_squeezenet,42.034,37.771,0,0
109.773,t2_squeezenet,42.027,38.636,0,0
109.850,t2_squeezenet,39.605,36.312,0,0
110.079,t2_squeezenet,49.488,46.483,3,0
110.132,t2_squeezenet,85.432,53.570,2,0
110.182,t2_squeezenet,128.631,49.222,2,0
110.245,t2_squeezenet,178.091,63.051,1,0
110.278,t2_squeezenet,104.840,33.211,1,0
110.337,t2_squeezenet,61.458,59.094,1,0
110.381,t2_squeezenet,48.337,43.769,2,0
110.448,t2_squeezenet,98.608,67.445,3,0
110.491,t2_squeezenet,132.053,42.732,2,0
110.560,t2_squeezenet,172.981,68.471,2,0
110.628,t2_squeezenet,227.477,68.065,1,0
110.680,t2_squeezenet,157.919,52.579,2,0
110.727,t2_squeezenet,98.443,46.620,1,0
110.770,t2_squeezenet,138.393,43.109,1,0
110.833,t2_squeezenet,87.131,62.989,0,0
110.888,t2_squeezenet,44.527,44.333,1,0
110.942,t2_squeezenet,83.177,53.691,1,0
110.976,t2_squeezenet,81.774,34.278,1,0
111.039,t2_squeezenet,74.187,62.517,3,0
111.087,t2_squeezenet,97.315,48.820,4,0
111.153,t2_squeezenet,150.024,65.325,4,0
111.197,t2_squeezenet,165.964,44.041,3,0
111.263,t2_squeezenet,196.977,66.391,2,0
111.334,t2_squeezenet,263.168,70.620,1,0
111.381,t2_squeezenet,280.301,47.090,0,0
111.541,t2_squeezenet,37.378,33.313,1,0
111.589,t2_squeezenet,73.273,47.922,1,0
111.657,t2_squeezenet,106.951,67.397,1,0
111.707,t2_squeezenet,102.115,50.501,1,0
111.752,t2_squeezenet,82.073,44.866,0,0
111.899,t2_squeezenet,47.548,45.594,0,0
112.004,t2_squeezenet,50.151,49.031,0,0
112.090,t2_squeezenet,42.144,40.382,2,0
112.128,t2_squeezenet,67.266,37.446,1,0
112.169,t2_squeezenet,88.561,40.839,1,0
112.234,t2_squeezenet,77.752,65.113,1,0
112.283,t2_squeezenet,52.300,49.008,0,0
112.494,t2_squeezenet,52.971,48.626,1,0
112.527,t2_squeezenet,68.312,32.748,1,0
112.569,t2_squeezenet,65.285,41.521,0,0
112.706,t2_squeezenet,48.221,46.494,2,0
112.752,t2_squeezenet,86.415,45.651,1,0
112.796,t2_squeezenet,106.703,44.167,1,0
112.860,t2_squeezenet,99.708,63.954,3,0
112.931,t2_squeezenet,129.224,71.058,2,0
112.977,t2_squeezenet,146.520,45.442,2,0
113.044,t2_squeezenet,201.049,67.117,2,0
113.086,t2_squeezenet,125.834,41.832,1,0
113.156,t2_squeezenet,149.799,69.780,1,0
113.227,t2_squeezenet,140.708,71.048,0,0
113.293,t2_squeezenet,46.491,45.507,1,0
113.333,t2_squeezenet,71.688,39.641,0,0
113.427,t2_squeezenet,40.794,38.194,1,0
113.471,t2_squeezenet,62.943,44.303,2,0
113.538,t2_squeezenet,87.929,67.125,2,0
113.584,t2_squeezenet,115.671,45.942,2,0
113.657,t2_squeezenet,169.170,73.050,2,0
113.716,t2_squeezenet,168.144,58.621,1,0
113.758,t2_squeezenet,127.846,42.424,0,0
113.832,t2_squeezenet,33.487,31.896,0,0
113.909,t2_squeezenet,41.429,41.215,0,0
113.966,t2_squeezenet,44.810,42.206,0,0
114.072,t2_squeezenet,46.667,45.504,1,0
114.134,t2_squeezenet,82.981,61.668,0,0
114.304,t2_squeezenet,46.284,43.482,3,0
114.336,t2_squeezenet,76.962,31.705,2,0
114.385,t2_squeezenet,112.739,48.523,2,0
114.448,t2_squeezenet,148.568,63.148,5,0
114.491,t2_squeezenet,134.667,43.262,4,0
114.560,t2_squeezenet,157.391,68.808,3,0
114.634,t2_squeezenet,222.679,74.013,3,0
114.689,t2_squeezenet,276.088,55.357,5,0
114.737,t2_squeezenet,292.677,47.849,5,0
114.782,t2_squeezenet,159.366,44.320,4,0
114.848,t2_squeezenet,190.005,66.598,5,0
114.896,t2_squeezenet,225.312,47.788,5,0
114.956,t2_squeezenet,271.970,60.171,6,0
114.992,t2_squeezenet,293.123,35.915,5,0
115.055,t2_squeezenet,235.061,62.322,6,0
115.092,t2_squeezenet,262.889,36.997,5,0
115.156,t2_squeezenet,286.702,64.466,6,0
115.191,t2_squeezenet,259.104,35.019,5,0
115.256,t2_squeezenet,308.500,65.131,4,0
115.291,t2_squeezenet,267.496,34.869,3,0
115.356,t2_squeezenet,322.556,64.612,4,0
115.392,t2_squeezenet,263.465,35.626,3,0
115.454,t2_squeezenet,316.067,62.227,2,0
115.491,t2_squeezenet,148.433,37.287,2,0
115.557,t2_squeezenet,206.128,65.290,2,0
115.593,t2_squeezenet,125.606,36.304,2,0
115.660,t2_squeezenet,118.853,67.463,2,0
115.696,t2_squeezenet,122.225,35.924,1,0
115.732,t2_squeezenet,93.623,35.510,0,0
115.788,t2_squeezenet,37.357,36.029,0,0
115.915,t2_squeezenet,35.940,35.839,0,0
116.092,t2_squeezenet,35.465,34.816,1,0
116.125,t2_squeezenet,60.855,32.800,1,0
116.167,t2_squeezenet,58.555,41.865,2,0
116.228,t2_squeezenet,71.714,60.708,5,0
116.275,t2_squeezenet,110.404,47.149,5,0
116.350,t2_squeezenet,159.440,75.029,5,0
116.426,t2_squeezenet,232.972,76.595,5,0
116.469,t2_squeezenet,267.770,42.102,5,0
116.538,t2_squeezenet,327.007,68.980,6,0
116.582,t2_squeezenet,347.488,44.597,5,0
116.648,t2_squeezenet,371.662,65.935,4,0
116.687,t2_squeezenet,271.695,39.056,3,0
116.723,t2_squeezenet,293.500,36.041,4,0
116.760,t2_squeezenet,288.799,36.449,3,0
116.828,t2_squeezenet,312.994,67.705,2,0
116.871,t2_squeezenet,158.533,43.263,3,0
116.942,t2_squeezenet,227.866,71.277,4,0
116.988,t2_squeezenet,155.776,46.010,5,0
117.058,t2_squeezenet,215.631,70.055,5,0
117.133,t2_squeezenet,228.063,74.988,7,0
117.181,t2_squeezenet,250.425,47.043,9,0
117.252,t2_squeezenet,299.552,71.262,8,0
117.292,t2_squeezenet,334.937,39.985,7,0
117.362,t2_squeezenet,343.553,70.265,6,0
117.432,t2_squeezenet,370.012,69.600,6,0
117.475,t2_squeezenet,376.267,43.002,6,0
117.548,t2_squeezenet,429.321,73.304,6,0
117.592,t2_squeezenet,454.548,44.014,7,0
117.664,t2_squeezenet,487.388,71.547,7,0
117.719,t2_squeezenet,541.493,55.529,8,0
117.765,t2_squeezenet,338.730,45.538,7,0
117.837,t2_squeezenet,394.460,71.608,8,0
117.872,t2_squeezenet,391.726,35.478,8,0
117.940,t2_squeezenet,356.006,67.657,9,0
117.976,t2_squeezenet,389.830,36.506,8,0
118.045,t2_squeezenet,386.848,68.565,7,0
118.083,t2_squeezenet,401.512,37.627,6,0
118.145,t2_squeezenet,454.398,61.818,6,0
118.181,t2_squeezenet,357.584,36.635,5,0
118.249,t2_squeezenet,414.667,67.280,4,0
118.284,t2_squeezenet,412.136,35.636,5,0
118.349,t2_squeezenet,474.681,65.031,5,0
118.384,t2_squeezenet,466.980,34.304,4,0
118.452,t2_squeezenet,328.840,68.153,5,0
118.488,t2_squeezenet,225.515,36.516,7,0
118.556,t2_squeezenet,286.513,67.464,7,0
118.594,t2_squeezenet,292.781,38.097,7,0
118.662,t2_squeezenet,220.606,68.289,7,0
118.700,t2_squeezenet,254.590,37.104,6,0
118.735,t2_squeezenet,277.767,35.666,7,0
118.775,t2_squeezenet,314.660,39.820,6,0
118.839,t2_squeezenet,355.877,64.173,6,0
118.885,t2_squeezenet,348.307,45.331,5,0
118.960,t2_squeezenet,401.325,75.337,5,0
119.032,t2_squeezenet,393.947,72.171,4,0
119.067,t2_squeezenet,351.288,35.095,3,0
119.132,t2_squeezenet,404.779,64.594,3,0
119.167,t2_squeezenet,332.132,34.985,3,0
119.235,t2_squeezenet,340.557,67.894,3,0
119.271,t2_squeezenet,157.105,35.727,2,0
119.338,t2_squeezenet,201.520,67.083,2,0
119.382,t2_squeezenet,187.242,43.890,1,0
119.453,t2_squeezenet,159.405,71.256,1,0
119.532,t2_squeezenet,150.394,79.284,1,0
119.572,t2_squeezenet,46.990,39.848,0,0
119.728,t2_squeezenet,43.324,39.197,1,0
119.764,t2_squeezenet,65.351,36.075,2,0
119.795,t2_squeezenet,50.111,31.060,2,0
119.853,t2_squeezenet,105.729,57.607,3,0
119.886,t2_squeezenet,96.956,33.800,2,0
119.945,t2_squeezenet,117.323,58.902,2,0
119.975,t2_squeezenet,138.539,29.621,1,0
120.038,t2_squeezenet,132.958,62.831,0,0
120.108,t2_squeezenet,31.077,29.876,1,0
120.138,t2_squeezenet,51.415,29.537,0,0
120.331,t2_squeezenet,32.474,30.890,1,0
120.377,t2_squeezenet,70.468,46.769,2,0
120.447,t2_squeezenet,101.231,69.916,3,0
120.526,t2_squeezenet,167.258,78.518,3,0
120.570,t2_squeezenet,190.012,43.444,2,0
120.647,t2_squeezenet,202.200,77.565,1,0
120.698,t2_squeezenet,207.667,50.925,0,0
120.873,t2_squeezenet,43.047,42.891,0,0
121.205,t2_squeezenet,41.542,38.495,1,0
121.236,t2_squeezenet,38.244,31.140,1,0
121.287,t2_squeezenet,55.184,50.247,0,0
121.356,t2_squeezenet,38.636,38.420,2,0
121.429,t2_squeezenet,90.605,73.054,1,0
121.472,t2_squeezenet,126.780,43.324,2,0
121.553,t2_squeezenet,121.026,80.792,4,0
121.626,t2_squeezenet,193.233,73.039,5,0
121.672,t2_squeezenet,179.572,45.974,5,0
121.725,t2_squeezenet,216.994,53.306,5,0
121.758,t2_squeezenet,218.147,32.316,4,0
121.789,t2_squeezenet,195.569,31.160,3,0
121.848,t2_squeezenet,229.978,58.932,2,0
121.877,t2_squeezenet,218.811,29.176,2,0
121.947,t2_squeezenet,222.214,69.658,2,0
121.991,t2_squeezenet,136.361,44.099,1,0
122.064,t2_squeezenet,134.334,73.450,2,0
122.143,t2_squeezenet,129.184,78.910,2,0
122.189,t2_squeezenet,156.332,45.727,2,0
122.257,t2_squeezenet,114.009,67.999,1,0
122.333,t2_squeezenet,183.447,75.989,1,0
122.381,t2_squeezenet,52.386,47.794,0,0
122.454,t2_squeezenet,52.950,48.093,2,0
122.531,t2_squeezenet,97.825,76.944,6,0
122.572,t2_squeezenet,120.436,40.869,5,0
122.655,t2_squeezenet,178.486,82.093,5,0
122.716,t2_squeezenet,233.097,61.924,8,0
122.760,t2_squeezenet,268.467,43.958,7,0
122.833,t2_squeezenet,340.730,72.659,9,0
122.881,t2_squeezenet,384.232,47.913,9,0
122.954,t2_squeezenet,364.772,72.593,9,0
122.991,t2_squeezenet,320.969,37.638,8,0
123.056,t2_squeezenet,360.498,64.579,10,0
123.126,t2_squeezenet,425.013,70.379,10,0
123.161,t2_squeezenet,451.052,34.458,9,0
123.229,t2_squeezenet,467.898,67.551,10,0
123.264,t2_squeezenet,438.415,35.499,9,0
123.333,t2_squeezenet,506.647,68.606,9,0
123.371,t2_squeezenet,528.597,38.209,10,0
123.440,t2_squeezenet,501.000,68.962,10,0
123.478,t2_squeezenet,480.796,37.731,9,0
123.547,t2_squeezenet,541.852,69.048,11,0
123.582,t2_squeezenet,569.724,34.849,11,0
123.655,t2_squeezenet,530.596,73.013,12,0
123.692,t2_squeezenet,511.792,37.101,12,0
123.727,t2_squeezenet,499.182,34.816,11,0
123.764,t2_squeezenet,464.139,36.724,10,0
123.830,t2_squeezenet,475.455,66.725,11,0
123.879,t2_squeezenet,515.218,48.404,11,0
123.951,t2_squeezenet,578.336,72.198,10,0
124.026,t2_squeezenet,541.759,74.521,10,0
124.059,t2_squeezenet,573.452,33.747,10,0
124.129,t2_squeezenet,595.626,69.290,10,0
124.173,t2_squeezenet,603.526,44.653,11,0
124.253,t2_squeezenet,652.441,79.607,10,0
124.328,t2_squeezenet,721.084,74.939,10,0
124.365,t2_squeezenet,679.372,37.175,9,0
124.432,t2_squeezenet,654.974,66.743,9,0
124.467,t2_squeezenet,689.656,34.836,8,0
124.536,t2_squeezenet,695.488,68.697,8,0
124.575,t2_squeezenet,620.128,39.106,7,0
124.647,t2_squeezenet,594.411,72.507,6,0
124.704,t2_squeezenet,589.025,56.596,8,0
124.753,t2_squeezenet,611.770,49.094,10,0
124.791,t2_squeezenet,628.818,37.654,10,0
124.854,t2_squeezenet,587.731,63.647,11,0
124.893,t2_squeezenet,515.551,38.419,10,0
124.956,t2_squeezenet,443.447,62.915,10,0
124.990,t2_squeezenet,307.960,34.356,11,0
125.057,t2_squeezenet,366.913,66.578,11,0
125.126,t2_squeezenet,426.386,69.441,12,0
125.169,t2_squeezenet,459.151,42.714,14,0
125.241,t2_squeezenet,499.836,71.835,13,0
125.290,t2_squeezenet,547.859,48.947,13,0
125.360,t2_squeezenet,586.596,70.309,16,0
125.434,t2_squeezenet,610.322,73.426,16,0
125.478,t2_squeezenet,652.129,43.975,16,0
125.557,t2_squeezenet,659.163,79.645,16,0
125.627,t2_squeezenet,643.055,69.127,15,0
125.675,t2_squeezenet,687.703,48.760,16,0
125.729,t2_squeezenet,721.025,53.489,15,0
125.776,t2_squeezenet,684.747,47.055,14,0
125.848,t2_squeezenet,724.759,71.408,15,0
125.924,t2_squeezenet,790.438,76.523,15,0
125.969,t2_squeezenet,824.693,44.560,14,0
126.045,t2_squeezenet,888.595,75.822,15,0
126.090,t2_squeezenet,825.580,45.437,15,0
126.160,t2_squeezenet,848.819,69.713,14,0
126.231,t2_squeezenet,914.932,70.644,14,0
126.275,t2_squeezenet,945.323,44.908,14,0
126.353,t2_squeezenet,1012.719,77.426,14,0
126.425,t2_squeezenet,1055.276,71.851,13,0
126.469,t2_squeezenet,1003.109,44.532,12,0
126.542,t2_squeezenet,1062.807,72.705,11,0
126.625,t2_squeezenet,992.811,82.965,13,0
126.671,t2_squeezenet,1008.862,45.922,12,0
126.721,t2_squeezenet,931.712,50.253,11,0
126.765,t2_squeezenet,924.784,43.454,11,0
126.838,t2_squeezenet,921.433,72.870,11,0
126.884,t2_squeezenet,901.537,45.686,10,0
126.954,t2_squeezenet,954.813,69.991,11,0
127.030,t2_squeezenet,970.317,76.001,10,0
127.075,t2_squeezenet,867.662,45.576,10,0
127.151,t2_squeezenet,886.971,75.571,9,0
127.224,t2_squeezenet,935.715,73.189,8,0
127.262,t2_squeezenet,682.414,38.068,8,0
127.339,t2_squeezenet,757.375,76.319,9,0
127.387,t2_squeezenet,786.219,48.106,8,0
127.454,t2_squeezenet,718.755,67.557,7,0
127.490,t2_squeezenet,716.359,35.722,7,0
127.558,t2_squeezenet,647.684,68.074,7,0
127.627,t2_squeezenet,680.742,68.789,8,0
127.663,t2_squeezenet,617.230,36.418,7,0
127.700,t2_squeezenet,460.844,36.974,6,0
127.739,t2_squeezenet,449.360,38.127,6,0
127.774,t2_squeezenet,444.870,35.127,5,0
127.839,t2_squeezenet,376.338,65.042,4,0
127.876,t2_squeezenet,351.801,36.617,4,0
127.938,t2_squeezenet,352.918,62.911,3,0
127.975,t2_squeezenet,364.327,36.170,2,0
128.040,t2_squeezenet,309.469,65.197,2,0
128.073,t2_squeezenet,215.094,33.168,1,0
128.143,t2_squeezenet,146.890,69.709,0,0
128.257,t2_squeezenet,42.925,38.480,1,0
128.326,t2_squeezenet,85.778,68.192,0,0
128.405,t2_squeezenet,44.609,43.113,1,0
128.435,t2_squeezenet,71.803,30.212,0,0
128.506,t2_squeezenet,45.187,40.595,2,0
128.539,t2_squeezenet,61.782,32.661,2,0
128.583,t2_squeezenet,105.771,44.127,3,0
128.656,t2_squeezenet,126.087,73.142,3,0
128.706,t2_squeezenet,142.893,50.019,3,0
128.751,t2_squeezenet,177.686,44.932,2,0
128.826,t2_squeezenet,239.872,74.785,4,0
128.872,t2_squeezenet,206.107,46.432,4,0
128.946,t2_squeezenet,173.382,73.513,6,0
128.990,t2_squeezenet,216.079,44.403,7,0
129.060,t2_squeezenet,282.427,70.000,6,0
129.138,t2_squeezenet,307.901,77.761,6,0
129.182,t2_squeezenet,296.829,43.168,5,0
129.252,t2_squeezenet,337.914,70.639,5,0
129.330,t2_squeezenet,394.892,77.946,5,0
129.377,t2_squeezenet,410.826,46.967,5,0
129.450,t2_squeezenet,464.051,72.683,6,0
129.491,t2_squeezenet,412.932,41.096,6,0
129.561,t2_squeezenet,362.214,69.965,5,0
129.637,t2_squeezenet,315.937,75.311,5,0
129.693,t2_squeezenet,356.514,56.126,5,0
129.741,t2_squeezenet,332.808,48.210,4,0
129.786,t2_squeezenet,371.996,45.519,3,0
129.859,t2_squeezenet,388.303,72.414,2,0
129.937,t2_squeezenet,353.804,78.114,1,0
129.980,t2_squeezenet,293.288,42.396,0,0
130.210,t2_squeezenet,37.967,36.784,0,0
130.291,t2_squeezenet,45.937,45.892,0,0
130.397,t2_squeezenet,49.098,45.347,3,0
130.431,t2_squeezenet,73.785,33.419,4,0
130.471,t2_squeezenet,105.778,40.856,4,0
130.547,t2_squeezenet,155.564,75.014,3,0
130.626,t2_squeezenet,213.453,78.973,3,0
130.678,t2_squeezenet,253.401,52.509,2,0
130.732,t2_squeezenet,291.116,54.115,3,0
130.775,t2_squeezenet,163.063,43.051,4,0
130.850,t2_squeezenet,147.959,74.697,4,0
130.927,t2_squeezenet,201.058,76.499,4,0
130.971,t2_squeezenet,227.480,44.303,3,0
131.044,t2_squeezenet,292.107,72.673,4,0
131.126,t2_squeezenet,338.681,82.186,5,0
131.170,t2_squeezenet,311.284,43.671,4,0
131.250,t2_squeezenet,255.669,79.967,4,0
131.325,t2_squeezenet,326.135,75.408,3,0
131.369,t2_squeezenet,319.019,43.960,3,0
131.450,t2_squeezenet,366.167,80.807,2,0
131.528,t2_squeezenet,333.314,78.171,2,0
131.569,t2_squeezenet,203.987,40.518,3,0
131.649,t2_squeezenet,139.802,80.312,4,0
131.704,t2_squeezenet,159.563,54.795,4,0
131.753,t2_squeezenet,184.985,49.037,3,0
131.830,t2_squeezenet,209.787,76.822,3,0
131.875,t2_squeezenet,228.951,45.329,2,0
131.954,t2_squeezenet,284.791,78.616,1,0
132.032,t2_squeezenet,247.509,78.570,0,0
132.075,t2_squeezenet,37.655,37.592,0,0
132.183,t2_squeezenet,41.883,41.510,0,0
132.344,t2_squeezenet,39.284,34.787,0,0
132.457,t2_squeezenet,35.345,30.952,0,0
132.568,t2_squeezenet,37.555,34.764,0,0
132.787,t2_squeezenet,32.351,31.305,1,0
132.820,t2_squeezenet,36.005,33.506,0,0
132.919,t2_squeezenet,32.731,32.547,1,0
132.958,t2_squeezenet,55.246,38.979,0,0
133.082,t2_squeezenet,47.082,42.680,1,0
133.132,t2_squeezenet,56.436,49.743,1,0
133.165,t2_squeezenet,51.993,33.103,3,0
133.237,t2_squeezenet,101.314,71.619,3,0
133.281,t2_squeezenet,125.483,44.192,3,0
133.351,t2_squeezenet,187.628,69.799,3,0
133.383,t2_squeezenet,166.043,32.813,4,0
133.454,t2_squeezenet,176.084,70.905,5,0
133.534,t2_squeezenet,226.566,79.322,4,0
133.569,t2_squeezenet,206.829,34.861,3,0
133.646,t2_squeezenet,263.698,77.460,3,0
133.705,t2_squeezenet,288.681,58.612,3,0
133.751,t2_squeezenet,317.571,46.335,2,0
133.828,t2_squeezenet,197.911,76.292,3,0
133.871,t2_squeezenet,208.392,43.024,4,0
133.951,t2_squeezenet,186.908,80.184,4,0
134.033,t2_squeezenet,215.673,81.907,5,0
134.077,t2_squeezenet,231.039,44.582,4,0
134.159,t2_squeezenet,301.607,81.751,8,0
134.239,t2_squeezenet,354.634,79.571,8,0
134.285,t2_squeezenet,271.769,45.712,7,0
134.362,t2_squeezenet,339.530,77.156,6,0
134.441,t2_squeezenet,352.581,78.963,5,0
134.485,t2_squeezenet,394.682,43.724,4,0
134.569,t2_squeezenet,470.172,84.150,3,0
134.645,t2_squeezenet,510.415,76.486,4,0
134.702,t2_squeezenet,562.148,56.300,5,0
134.744,t2_squeezenet,573.761,41.907,4,0
134.825,t2_squeezenet,202.677,80.953,4,0
134.870,t2_squeezenet,243.686,44.870,3,0
134.951,t2_squeezenet,300.922,81.598,5,0
135.031,t2_squeezenet,372.359,79.687,7,0
135.077,t2_squeezenet,253.350,46.041,7,0
135.163,t2_squeezenet,259.099,86.364,8,0
135.241,t2_squeezenet,336.032,77.899,9,0
135.284,t2_squeezenet,353.051,42.273,10,0
135.361,t2_squeezenet,402.391,77.240,10,0
135.445,t2_squeezenet,454.218,83.989,10,0
135.532,t2_squeezenet,528.839,86.460,10,0
135.574,t2_squeezenet,516.775,42.239,11,0
135.658,t2_squeezenet,578.392,83.926,10,0
135.710,t2_squeezenet,600.738,51.827,9,0
135.759,t2_squeezenet,568.390,49.299,10,0
135.833,t2_squeezenet,596.803,73.437,9,0
135.876,t2_squeezenet,627.141,43.799,8,0
135.956,t2_squeezenet,677.217,79.601,8,0
136.041,t2_squeezenet,746.104,84.612,9,0
136.124,t2_squeezenet,742.319,83.103,8,0
136.162,t2_squeezenet,706.736,38.442,7,0
136.246,t2_squeezenet,710.643,84.043,9,0
136.326,t2_squeezenet,763.609,79.045,8,0
136.371,t2_squeezenet,647.802,45.588,8,0
136.452,t2_squeezenet,704.697,80.555,9,0
136.532,t2_squeezenet,614.081,80.137,9,0
136.575,t2_squeezenet,597.603,43.374,8,0
136.666,t2_squeezenet,644.862,90.994,8,0
136.724,t2_squeezenet,534.570,57.319,7,0
136.767,t2_squeezenet,561.428,42.809,7,0
136.848,t2_squeezenet,616.335,80.986,12,0
136.927,t2_squeezenet,559.646,79.406,14,0
136.972,t2_squeezenet,565.224,44.549,14,0
137.055,t2_squeezenet,643.546,82.672,14,0
137.137,t2_squeezenet,676.718,81.965,13,0
137.224,t2_squeezenet,562.148,87.837,15,0
137.270,t2_squeezenet,534.657,45.599,15,0
137.348,t2_squeezenet,580.310,78.160,17,0
137.428,t2_squeezenet,645.795,79.960,17,0
137.470,t2_squeezenet,658.363,42.202,17,0
137.554,t2_squeezenet,725.037,83.518,16,0
137.639,t2_squeezenet,804.859,85.017,16,0
137.696,t2_squeezenet,853.675,56.441,16,0
137.740,t2_squeezenet,878.791,43.940,16,0
137.827,t2_squeezenet,920.165,87.566,15,0
137.872,t2_squeezenet,959.534,45.247,15,0
137.949,t2_squeezenet,999.281,76.741,15,0
138.030,t2_squeezenet,993.958,80.592,16,0
138.075,t2_squeezenet,932.947,45.457,15,0
138.160,t2_squeezenet,1010.888,84.536,15,0
138.244,t2_squeezenet,1089.399,84.137,15,0
138.329,t2_squeezenet,1102.830,85.281,15,0
138.373,t2_squeezenet,1100.847,43.763,14,0
138.460,t2_squeezenet,1165.313,86.619,14,0
138.545,t2_squeezenet,1237.617,85.435,14,0
138.627,t2_squeezenet,1231.272,81.574,13,0
138.674,t2_squeezenet,1213.507,47.488,12,0
138.732,t2_squeezenet,1130.853,57.038,12,0
138.778,t2_squeezenet,1107.548,46.165,11,0
138.858,t2_squeezenet,1150.698,80.557,10,0
138.943,t2_squeezenet,1075.147,84.208,10,0
139.029,t2_squeezenet,1142.491,86.601,11,0
139.078,t2_squeezenet,1122.011,48.784,10,0
139.158,t2_squeezenet,1166.058,80.148,9,0
139.245,t2_squeezenet,1154.098,86.687,8,0
139.328,t2_squeezenet,1156.051,82.665,7,0
139.374,t2_squeezenet,1114.732,46.559,6,0
139.458,t2_squeezenet,1029.751,83.376,6,0
139.541,t2_squeezenet,1029.711,82.964,6,0
139.626,t2_squeezenet,943.892,85.451,8,0
139.675,t2_squeezenet,751.529,48.871,8,0
139.733,t2_squeezenet,715.971,57.753,8,0
139.777,t2_squeezenet,754.375,43.667,9,0
139.861,t2_squeezenet,434.433,83.771,8,0
139.944,t2_squeezenet,480.525,83.385,10,0
140.032,t2_squeezenet,469.067,87.970,11,0
140.077,t2_squeezenet,473.585,44.914,13,0
140.165,t2_squeezenet,546.593,87.861,13,0
140.248,t2_squeezenet,621.689,83.267,14,0
140.336,t2_squeezenet,623.773,88.030,13,0
140.424,t2_squeezenet,681.247,88.019,14,0
140.462,t2_squeezenet,705.063,37.768,13,0
140.546,t2_squeezenet,662.390,83.580,12,0
140.636,t2_squeezenet,745.306,90.666,14,0
140.698,t2_squeezenet,802.860,61.337,14,0
140.742,t2_squeezenet,777.249,44.524,14,0
140.826,t2_squeezenet,848.577,83.229,15,0
140.871,t2_squeezenet,837.325,44.933,15,0
140.952,t2_squeezenet,899.159,81.377,15,0
141.038,t2_squeezenet,972.013,85.709,16,0
141.080,t2_squeezenet,940.842,41.729,15,0
141.163,t2_squeezenet,940.807,83.678,16,0
141.252,t2_squeezenet,1027.861,88.478,15,0
141.338,t2_squeezenet,1001.272,86.461,16,0
141.380,t2_squeezenet,970.468,41.700,16,0
141.463,t2_squeezenet,907.114,83.123,17,0
141.550,t2_squeezenet,966.848,87.135,17,0
141.641,t2_squeezenet,1016.904,90.092,18,0
141.697,t2_squeezenet,999.396,56.495,18,0
141.741,t2_squeezenet,1027.598,43.899,18,0
141.825,t2_squeezenet,1059.413,83.637,17,0
141.870,t2_squeezenet,1089.987,44.963,17,0
141.957,t2_squeezenet,1123.334,87.293,18,0
142.038,t2_squeezenet,1092.673,80.689,18,0
142.126,t2_squeezenet,1170.573,87.991,19,0
142.171,t2_squeezenet,1160.594,45.055,19,0
142.256,t2_squeezenet,1169.695,84.608,19,0
142.341,t2_squeezenet,1245.173,85.889,19,0
142.426,t2_squeezenet,1118.489,84.145,19,0
142.469,t2_squeezenet,1151.458,42.886,18,0
142.561,t2_squeezenet,1218.333,91.972,19,0
142.647,t2_squeezenet,1252.146,86.882,20,0
142.708,t2_squeezenet,1269.977,60.271,20,0
142.752,t2_squeezenet,1210.420,44.060,20,0
142.835,t2_squeezenet,1266.203,82.677,19,0
142.924,t2_squeezenet,1317.595,89.728,20,0
142.968,t2_squeezenet,1279.170,43.540,20,0
143.052,t2_squeezenet,1328.328,83.572,22,0
143.135,t2_squeezenet,1274.498,83.695,21,0
143.225,t2_squeezenet,1290.996,89.805,21,0
143.263,t2_squeezenet,1324.618,38.039,23,0
143.347,t2_squeezenet,1331.498,83.758,22,0
143.433,t2_squeezenet,1378.862,86.222,23,0
143.528,t2_squeezenet,1447.682,94.208,27,0
143.570,t2_squeezenet,1418.414,41.868,27,0
143.656,t2_squeezenet,1467.041,86.652,26,0
143.716,t2_squeezenet,1427.683,59.803,25,0
143.763,t2_squeezenet,1342.802,47.052,24,0
143.841,t2_squeezenet,1356.138,77.478,23,0
143.929,t2_squeezenet,1376.603,87.938,24,0
143.974,t2_squeezenet,1387.296,45.159,23,0
144.061,t2_squeezenet,1425.121,87.056,24,0
144.147,t2_squeezenet,1480.968,86.209,24,0
144.232,t2_squeezenet,1498.774,85.029,26,0
144.277,t2_squeezenet,1430.417,44.749,25,0
144.365,t2_squeezenet,1464.325,87.589,26,0
144.449,t2_squeezenet,1497.420,84.549,27,0
144.537,t2_squeezenet,1544.213,87.942,26,0
144.581,t2_squeezenet,1581.452,43.589,25,0
144.672,t2_squeezenet,1664.158,91.151,28,0
144.728,t2_squeezenet,1528.693,56.249,27,0
144.775,t2_squeezenet,1547.473,46.153,26,0
144.851,t2_squeezenet,1623.466,76.227,25,0
144.938,t2_squeezenet,1685.155,87.380,26,0
145.028,t2_squeezenet,1645.309,89.288,29,0
145.073,t2_squeezenet,1671.700,45.052,28,0
145.161,t2_squeezenet,1718.574,87.952,30,0
145.247,t2_squeezenet,1786.227,85.680,31,0
145.337,t2_squeezenet,1854.782,90.558,32,0
145.427,t2_squeezenet,1934.579,89.987,32,0
145.468,t2_squeezenet,1951.622,40.975,33,0
145.556,t2_squeezenet,2003.480,87.903,33,0
145.638,t2_squeezenet,1789.805,81.438,33,0
145.705,t2_squeezenet,1779.667,67.753,33,0
145.748,t2_squeezenet,1742.857,43.056,34,0
145.836,t2_squeezenet,1804.568,87.034,35,0
145.929,t2_squeezenet,1792.904,93.349,38,0
145.977,t2_squeezenet,1824.667,47.617,37,0
146.067,t2_squeezenet,1898.441,89.984,37,0
146.157,t2_squeezenet,1987.029,90.229,38,0
146.249,t2_squeezenet,1921.767,92.130,39,0
146.336,t2_squeezenet,2007.908,86.759,39,0
146.431,t2_squeezenet,2016.531,94.749,43,0
146.473,t2_squeezenet,2041.718,42.759,44,0
146.565,t2_squeezenet,1970.237,91.619,43,0
146.654,t2_squeezenet,2029.825,88.360,45,0
146.715,t2_squeezenet,2064.978,61.684,45,0
146.760,t2_squeezenet,2090.464,44.706,46,0
146.840,t2_squeezenet,1916.704,80.383,48,0
146.933,t2_squeezenet,2007.361,92.770,48,0
147.025,t2_squeezenet,2074.677,91.707,49,0
147.064,t2_squeezenet,2089.047,38.877,48,0
147.150,t2_squeezenet,2128.186,86.006,49,0
147.241,t2_squeezenet,2213.212,90.953,48,0
147.330,t2_squeezenet,2202.983,89.412,48,0
147.424,t2_squeezenet,2292.237,93.931,48,0
147.464,t2_squeezenet,2317.723,39.250,48,0
147.550,t2_squeezenet,2333.823,86.272,48,0
147.643,t2_squeezenet,2419.125,92.796,48,0
147.706,t2_squeezenet,2447.806,62.935,47,0
147.751,t2_squeezenet,2448.770,45.052,47,0
147.836,t2_squeezenet,2488.772,84.884,47,0
147.927,t2_squeezenet,2498.689,91.112,49,0
147.973,t2_squeezenet,2538.037,45.568,49,0
148.064,t2_squeezenet,2588.525,91.151,51,0
148.149,t2_squeezenet,2576.851,85.484,50,0
148.237,t2_squeezenet,2558.360,87.359,50,0
148.327,t2_squeezenet,2586.991,90.728,49,0
148.372,t2_squeezenet,2627.988,44.895,49,0
148.456,t2_squeezenet,2676.255,83.627,49,0
148.547,t2_squeezenet,2724.579,90.483,51,0
148.640,t2_squeezenet,2776.037,92.995,51,0
148.701,t2_squeezenet,2834.934,61.101,50,0
148.745,t2_squeezenet,2851.554,43.807,49,0
148.828,t2_squeezenet,2917.553,83.244,49,0
148.870,t2_squeezenet,2840.474,42.549,49,0
148.960,t2_squeezenet,2890.928,89.432,49,0
149.048,t2_squeezenet,2955.786,88.052,51,0
149.135,t2_squeezenet,2919.143,87.096,50,0
149.225,t2_squeezenet,2978.420,90.205,49,0
149.271,t2_squeezenet,2960.552,45.763,48,0
149.360,t2_squeezenet,3021.698,88.889,47,0
149.451,t2_squeezenet,3086.841,90.182,48,0
149.537,t2_squeezenet,3160.562,85.973,47,0
149.626,t2_squeezenet,3229.599,89.287,47,0
149.678,t2_squeezenet,3256.358,51.850,47,0
149.729,t2_squeezenet,3296.157,51.199,46,0
149.775,t2_squeezenet,3308.275,45.708,47,0
149.859,t2_squeezenet,3234.974,84.102,47,0
149.947,t2_squeezenet,3314.182,88.169,48,0
150.034,t2_squeezenet,3387.712,86.848,48,0
150.076,t2_squeezenet,3416.889,41.515,47,0
150.162,t2_squeezenet,3439.843,86.062,46,0
150.252,t2_squeezenet,3509.040,90.037,46,0
150.342,t2_squeezenet,3568.640,90.768,47,0
150.429,t2_squeezenet,3637.483,86.239,48,0
150.471,t2_squeezenet,3643.905,42.566,49,0
150.564,t2_squeezenet,3657.078,92.920,48,0
150.655,t2_squeezenet,3694.856,90.730,51,0
150.714,t2_squeezenet,3691.687,58.782,52,0
150.756,t2_squeezenet,3656.561,42.407,51,0
150.841,t2_squeezenet,3727.285,84.837,52,0
150.931,t2_squeezenet,3667.943,89.795,52,0
150.975,t2_squeezenet,3565.899,43.831,52,0
151.061,t2_squeezenet,3619.472,86.012,54,0
151.155,t2_squeezenet,3678.838,93.961,53,0
151.243,t2_squeezenet,3621.913,87.743,53,0
151.335,t2_squeezenet,3603.613,91.654,54,0
151.378,t2_squeezenet,3559.936,43.133,53,0
151.467,t2_squeezenet,3554.107,89.402,53,0
151.563,t2_squeezenet,3642.636,95.809,54,0
151.654,t2_squeezenet,3732.471,90.696,55,0
151.716,t2_squeezenet,3747.718,62.171,56,0
151.759,t2_squeezenet,3749.719,42.737,56,0
151.843,t2_squeezenet,3804.762,84.091,57,0
151.930,t2_squeezenet,3873.932,87.202,56,0
151.976,t2_squeezenet,3739.895,46.111,55,0
152.063,t2_squeezenet,3725.012,86.818,56,0
152.155,t2_squeezenet,3742.279,92.065,60,0
152.242,t2_squeezenet,3779.644,86.786,60,0
152.334,t2_squeezenet,3814.076,91.774,60,0
152.377,t2_squeezenet,3849.918,42.553,61,0
152.464,t2_squeezenet,3899.150,86.913,61,0
152.551,t2_squeezenet,3787.177,87.701,65,0
152.644,t2_squeezenet,3792.439,92.557,66,0
152.700,t2_squeezenet,3772.912,56.284,66,0
152.747,t2_squeezenet,3767.351,46.847,67,0
152.832,t2_squeezenet,3844.663,84.331,66,0
152.927,t2_squeezenet,3936.710,95.092,67,0
152.970,t2_squeezenet,3558.774,42.864,67,0
153.055,t2_squeezenet,3620.486,85.371,66,0
153.145,t2_squeezenet,3527.349,89.764,65,0
153.233,t2_squeezenet,3562.380,88.626,65,0
153.329,t2_squeezenet,3584.984,95.997,66,0
153.373,t2_squeezenet,3624.898,43.599,65,0
153.461,t2_squeezenet,3652.451,87.729,65,0
153.555,t2_squeezenet,3667.781,94.016,65,0
153.644,t2_squeezenet,3723.738,88.548,65,0
153.701,t2_squeezenet,3675.820,57.329,65,0
153.746,t2_squeezenet,3556.456,44.767,67,0
153.833,t2_squeezenet,3569.469,87.267,67,0
153.926,t2_squeezenet,3655.262,92.862,68,0
153.968,t2_squeezenet,3598.291,41.451,69,0
154.054,t2_squeezenet,3643.156,86.481,69,0
154.145,t2_squeezenet,3692.907,90.392,71,0
154.234,t2_squeezenet,3781.193,89.686,73,0
154.327,t2_squeezenet,3753.154,93.093,77,0
154.368,t2_squeezenet,3791.171,40.515,78,0
154.454,t2_squeezenet,3835.851,85.497,78,0
154.543,t2_squeezenet,3888.343,89.120,79,0
154.635,t2_squeezenet,3955.713,92.650,78,0
154.733,t2_squeezenet,4025.725,97.848,79,0
154.824,t2_squeezenet,4053.364,91.058,81,0
154.870,t2_squeezenet,4052.007,45.090,82,0
154.959,t2_squeezenet,4041.845,89.093,81,0
155.051,t2_squeezenet,4080.994,91.954,81,0
155.136,t2_squeezenet,4153.313,85.156,82,0
155.225,t2_squeezenet,4205.351,88.731,85,0
155.267,t2_squeezenet,4231.511,42.732,85,0
155.358,t2_squeezenet,4162.409,90.150,87,0
155.446,t2_squeezenet,4193.959,88.463,88,0
155.534,t2_squeezenet,4204.539,87.827,88,0
155.627,t2_squeezenet,4194.692,92.548,88,0
155.678,t2_squeezenet,4137.032,51.462,87,0
155.729,t2_squeezenet,4167.487,50.799,87,0
155.772,t2_squeezenet,4167.658,42.708,87,0
155.857,t2_squeezenet,4241.231,85.098,88,0
155.947,t2_squeezenet,4264.447,89.803,89,0
156.033,t2_squeezenet,4337.265,86.686,91,0
156.077,t2_squeezenet,4340.075,43.326,91,0
156.165,t2_squeezenet,4401.436,87.771,94,0
156.253,t2_squeezenet,4438.023,88.385,97,0
156.342,t2_squeezenet,4346.870,88.635,99,0
156.428,t2_squeezenet,4425.200,85.843,102,0
156.473,t2_squeezenet,4407.736,45.196,103,0
156.566,t2_squeezenet,4473.558,92.684,103,0
156.657,t2_squeezenet,4557.224,90.962,104,0
156.714,t2_squeezenet,4594.697,57.045,105,0
156.757,t2_squeezenet,4609.922,43.470,105,0
156.840,t2_squeezenet,4604.582,82.429,107,0
156.928,t2_squeezenet,4668.236,88.264,107,0
156.969,t2_squeezenet,4622.964,40.919,106,0
157.057,t2_squeezenet,4701.648,88.116,106,0
157.146,t2_squeezenet,4760.518,88.389,107,0
157.235,t2_squeezenet,4766.915,89.566,107,0
157.325,t2_squeezenet,4833.929,89.740,108,0
157.366,t2_squeezenet,4842.396,40.985,109,0
157.460,t2_squeezenet,4928.574,93.618,111,0
157.548,t2_squeezenet,5009.724,88.572,113,0
157.638,t2_squeezenet,5074.205,89.380,114,0
157.692,t2_squeezenet,5091.159,53.955,113,0
157.739,t2_squeezenet,5068.562,46.874,114,0
157.829,t2_squeezenet,5126.621,89.669,113,0
157.876,t2_squeezenet,5139.925,47.157,112,0
157.963,t2_squeezenet,5115.402,87.482,111,0
158.049,t2_squeezenet,5185.006,85.835,111,0
158.134,t2_squeezenet,5174.548,84.650,116,0
158.225,t2_squeezenet,5031.066,91.319,116,0
158.267,t2_squeezenet,4997.217,41.769,116,0
158.353,t2_squeezenet,5068.198,86.340,118,0
158.442,t2_squeezenet,5026.378,88.449,118,0
158.535,t2_squeezenet,5011.190,93.153,122,0
158.625,t2_squeezenet,5046.076,90.436,122,0
158.670,t2_squeezenet,4996.209,44.968,123,0
158.727,t2_squeezenet,5012.767,56.548,123,0
158.773,t2_squeezenet,5047.362,45.442,122,0
158.857,t2_squeezenet,5126.277,84.324,125,0
158.945,t2_squeezenet,5141.403,87.944,125,0
159.034,t2_squeezenet,5146.972,88.633,127,0
159.124,t2_squeezenet,5222.114,90.248,128,0
159.170,t2_squeezenet,5229.946,45.766,128,0
159.259,t2_squeezenet,5314.704,89.561,130,0
159.344,t2_squeezenet,5363.925,85.172,132,0
159.433,t2_squeezenet,5347.901,88.108,131,0
159.525,t2_squeezenet,5438.086,92.063,131,0
159.564,t2_squeezenet,5428.944,39.711,130,0
159.652,t2_squeezenet,5505.285,87.725,131,0
159.711,t2_squeezenet,5560.192,58.641,132,0
159.759,t2_squeezenet,5551.072,48.144,131,0
159.846,t2_squeezenet,5610.656,86.715,131,0
159.934,t2_squeezenet,5695.831,87.621,134,0
159.975,t2_squeezenet,5728.837,41.915,133,0
160.061,t2_squeezenet,5794.769,85.565,133,0
160.152,t2_squeezenet,5850.966,90.794,134,0
160.241,t2_squeezenet,5911.683,89.394,136,0
160.329,t2_squeezenet,5985.203,87.785,138,0
160.374,t2_squeezenet,5928.892,44.419,137,0
160.462,t2_squeezenet,5967.342,87.848,138,0
160.557,t2_squeezenet,6062.256,95.884,137,0
160.644,t2_squeezenet,5949.479,86.152,137,0
160.696,t2_squeezenet,5993.495,51.863,137,0
160.741,t2_squeezenet,5999.131,45.373,139,0
160.829,t2_squeezenet,6063.544,88.100,138,0
160.872,t2_squeezenet,6062.732,42.515,139,0
160.959,t2_squeezenet,6119.349,87.301,140,0
161.048,t2_squeezenet,6205.631,88.904,140,0
161.137,t2_squeezenet,6174.819,89.287,141,0
161.231,t2_squeezenet,6127.684,93.998,141,0
161.273,t2_squeezenet,6161.968,42.026,140,0
161.361,t2_squeezenet,6219.736,87.726,139,0
161.451,t2_squeezenet,6279.972,89.358,139,0
161.542,t2_squeezenet,6370.842,91.088,139,0
161.628,t2_squeezenet,6431.633,86.513,140,0
161.674,t2_squeezenet,6431.633,46.154,140,0
161.731,t2_squeezenet,6458.511,56.206,142,0
161.777,t2_squeezenet,6498.576,45.925,141,0
161.861,t2_squeezenet,6528.644,84.211,142,0
161.949,t2_squeezenet,6560.118,87.478,142,0
162.035,t2_squeezenet,6608.974,86.814,142,0
162.128,t2_squeezenet,6636.842,92.592,143,0
162.169,t2_squeezenet,6618.393,40.959,142,0
162.254,t2_squeezenet,6561.935,84.985,143,0
162.341,t2_squeezenet,6586.941,86.789,142,0
162.434,t2_squeezenet,6636.110,92.993,143,0
162.526,t2_squeezenet,6679.578,91.978,145,0
162.565,t2_squeezenet,6629.003,39.232,144,0
162.652,t2_squeezenet,6712.195,86.476,145,0
162.714,t2_squeezenet,6731.885,62.500,146,0
162.763,t2_squeezenet,6751.129,48.696,146,0
162.848,t2_squeezenet,6814.929,84.525,145,0
162.935,t2_squeezenet,6897.620,87.621,147,0
163.027,t2_squeezenet,6926.065,91.934,148,0
163.072,t2_squeezenet,6957.513,44.471,148,0
163.160,t2_squeezenet,7008.474,87.848,149,0
163.251,t2_squeezenet,7092.162,91.094,151,0
163.338,t2_squeezenet,7143.472,87.324,151,0
163.434,t2_squeezenet,7227.479,95.381,151,0
163.525,t2_squeezenet,7311.274,91.104,151,0
163.566,t2_squeezenet,7345.375,40.856,150,0
163.656,t2_squeezenet,7362.555,90.600,150,0
163.716,t2_squeezenet,7404.199,59.323,149,0
163.764,t2_squeezenet,7427.487,48.233,148,0
163.852,t2_squeezenet,7498.665,87.689,149,0
163.939,t2_squeezenet,7560.329,86.864,149,0
164.028,t2_squeezenet,7649.263,89.608,148,0
164.075,t2_squeezenet,7661.443,46.235,148,0
164.161,t2_squeezenet,7719.920,86.226,151,0
164.248,t2_squeezenet,7778.626,87.009,151,0
164.341,t2_squeezenet,7802.933,92.685,151,0
164.430,t2_squeezenet,7842.713,89.043,150,0
164.474,t2_squeezenet,7885.868,44.196,151,0
164.564,t2_squeezenet,7897.399,89.965,152,0
164.653,t2_squeezenet,7966.433,88.607,154,0
164.715,t2_squeezenet,7984.742,62.190,154,0
164.760,t2_squeezenet,7964.723,44.869,153,0
164.844,t2_squeezenet,8028.978,83.683,153,0
164.936,t2_squeezenet,8102.151,92.733,152,0
165.026,t2_squeezenet,8116.786,89.197,153,0
165.071,t2_squeezenet,8088.694,45.225,152,0
165.156,t2_squeezenet,8089.348,84.609,157,0
165.244,t2_squeezenet,8107.955,87.790,157,0
165.336,t2_squeezenet,8158.348,92.206,158,0
165.427,t2_squeezenet,8180.965,91.150,159,0
165.471,t2_squeezenet,8166.109,44.480,159,0
165.564,t2_squeezenet,8221.926,92.634,161,0
165.652,t2_squeezenet,8290.517,87.915,162,0
165.714,t2_squeezenet,8322.254,61.733,163,0
165.759,t2_squeezenet,8365.866,45.126,163,0
165.839,t2_squeezenet,8385.199,80.357,165,0
165.928,t2_squeezenet,8419.383,88.846,164,0
165.975,t2_squeezenet,8465.761,46.673,163,0
166.065,t2_squeezenet,8531.027,90.201,164,0
166.155,t2_squeezenet,8593.651,89.517,164,0
166.242,t2_squeezenet,8624.844,87.446,164,0
166.331,t2_squeezenet,8630.476,88.743,165,0
166.424,t2_squeezenet,8714.874,93.032,165,0
166.464,t2_squeezenet,8482.475,39.702,166,0
166.552,t2_squeezenet,8489.595,88.340,168,0
166.644,t2_squeezenet,8565.449,91.639,169,0
166.704,t2_squeezenet,8623.656,59.616,170,0
166.752,t2_squeezenet,8656.508,48.371,169,0
166.833,t2_squeezenet,8716.035,80.938,172,0
166.926,t2_squeezenet,8798.962,92.492,172,0
166.966,t2_squeezenet,8800.621,40.368,171,0
167.056,t2_squeezenet,8816.077,89.536,170,0
167.149,t2_squeezenet,8875.974,93.114,170,0
167.235,t2_squeezenet,8932.207,86.109,169,0
167.328,t2_squeezenet,9016.627,93.584,171,0
167.374,t2_squeezenet,9004.865,45.433,170,0
167.464,t2_squeezenet,9019.574,90.389,173,0
167.549,t2_squeezenet,9087.903,84.712,173,0
167.641,t2_squeezenet,9157.423,92.184,175,0
167.703,t2_squeezenet,9201.347,61.515,175,0
167.749,t2_squeezenet,9240.957,46.016,174,0
167.834,t2_squeezenet,9244.139,84.666,174,0
167.925,t2_squeezenet,9294.186,91.761,175,0
167.968,t2_squeezenet,9317.865,42.713,174,0
168.063,t2_squeezenet,9374.236,94.254,176,0
168.152,t2_squeezenet,9355.648,89.662,176,0
168.243,t2_squeezenet,9420.771,91.062,177,0
168.336,t2_squeezenet,9503.290,92.658,176,0
168.427,t2_squeezenet,9586.721,91.302,175,0
168.471,t2_squeezenet,9589.952,44.000,174,0
168.563,t2_squeezenet,9567.058,91.307,175,0
168.655,t2_squeezenet,9628.389,91.745,179,0
168.719,t2_squeezenet,9686.103,64.485,179,0
168.764,t2_squeezenet,9706.500,44.856,178,0
168.847,t2_squeezenet,9764.801,83.222,179,0
168.939,t2_squeezenet,9810.306,91.821,179,0
169.034,t2_squeezenet,9853.790,94.787,179,0
169.130,t2_squeezenet,9901.548,95.715,180,0
169.173,t2_squeezenet,9931.567,43.148,181,0
169.263,t2_squeezenet,9988.535,90.276,181,0
169.355,t2_squeezenet,10036.640,91.923,181,0
169.448,t2_squeezenet,10121.969,93.257,184,0
169.541,t2_squeezenet,10033.592,92.901,185,0
169.633,t2_squeezenet,10013.884,91.973,187,0
169.693,t2_squeezenet,10061.657,59.242,188,0
169.741,t2_squeezenet,10070.592,48.304,188,0
169.835,t2_squeezenet,10161.973,93.589,191,0
169.927,t2_squeezenet,10098.120,92.194,193,0
169.969,t2_squeezenet,10115.040,42.583,192,0
170.064,t2_squeezenet,10201.705,94.488,195,0
170.155,t2_squeezenet,10289.379,90.811,196,0
170.245,t2_squeezenet,10330.111,90.491,195,0
170.341,t2_squeezenet,10323.574,95.745,197,0
170.436,t2_squeezenet,10372.010,95.042,198,0
170.530,t2_squeezenet,10451.576,93.969,199,0
170.574,t2_squeezenet,10365.255,43.752,198,0
170.667,t2_squeezenet,10438.900,93.092,198,0
170.724,t2_squeezenet,10495.074,57.059,199,0
170.774,t2_squeezenet,10478.782,49.393,199,0
170.864,t2_squeezenet,10566.291,89.641,198,0
170.952,t2_squeezenet,10651.736,88.452,199,0
171.044,t2_squeezenet,10625.495,91.494,199,0
171.137,t2_squeezenet,10699.389,93.389,199,0
171.232,t2_squeezenet,10674.034,95.278,200,0
171.325,t2_squeezenet,10629.721,92.819,199,0
171.366,t2_squeezenet,10660.026,40.410,199,0
171.452,t2_squeezenet,10727.425,86.409,200,0
171.545,t2_squeezenet,10807.766,93.067,200,0
171.637,t2_squeezenet,10779.175,92.016,201,0
171.697,t2_squeezenet,10831.979,60.095,200,0
171.743,t2_squeezenet,10851.577,45.806,199,0
171.838,t2_squeezenet,10917.871,94.752,199,0
171.931,t2_squeezenet,10929.471,93.239,200,0
171.974,t2_squeezenet,10909.811,42.504,199,0
172.065,t2_squeezenet,10928.801,91.609,199,0
172.161,t2_squeezenet,10960.755,95.182,199,0
172.253,t2_squeezenet,10843.415,92.471,199,0
172.343,t2_squeezenet,10860.351,89.482,199,0
172.434,t2_squeezenet,10821.308,91.416,200,0
172.528,t2_squeezenet,10900.515,93.469,202,0
172.573,t2_squeezenet,10911.275,45.810,201,0
172.667,t2_squeezenet,10983.058,93.731,203,0
172.722,t2_squeezenet,11023.386,54.310,202,0
172.769,t2_squeezenet,11057.220,46.928,202,0
172.862,t2_squeezenet,11057.424,93.259,201,0
172.952,t2_squeezenet,11145.645,89.575,203,0
173.044,t2_squeezenet,11101.479,92.047,203,0
173.137,t2_squeezenet,11130.720,93.101,204,0
173.232,t2_squeezenet,11137.774,95.145,205,0
173.327,t2_squeezenet,11216.141,95.260,207,0
173.370,t2_squeezenet,11195.453,42.300,207,0
173.462,t2_squeezenet,11270.289,91.994,206,0
173.555,t2_squeezenet,11212.395,92.837,207,0
173.649,t2_squeezenet,11258.021,94.659,206,0
173.711,t2_squeezenet,11264.360,60.990,205,0
173.753,t2_squeezenet,11280.539,42.127,205,0
173.841,t2_squeezenet,11322.674,88.288,204,0
173.934,t2_squeezenet,11342.381,92.937,203,0
174.026,t2_squeezenet,11383.412,91.509,203,0
174.070,t2_squeezenet,11414.643,44.423,202,0
174.163,t2_squeezenet,11506.596,92.390,201,0
174.256,t2_squeezenet,11517.487,93.160,204,0
174.345,t2_squeezenet,11428.117,89.420,203,0
174.436,t2_squeezenet,11508.744,90.399,202,0
174.530,t2_squeezenet,11599.459,94.002,203,0
174.627,t2_squeezenet,11671.461,97.374,204,0
174.688,t2_squeezenet,11714.615,61.231,203,0
174.733,t2_squeezenet,11676.794,44.498,202,0
174.777,t2_squeezenet,11698.319,44.114,203,0
174.865,t2_squeezenet,11757.193,88.243,202,0
174.956,t2_squeezenet,11733.904,90.714,203,0
175.047,t2_squeezenet,11800.210,90.761,204,0
175.139,t2_squeezenet,11889.515,92.164,206,0
175.233,t2_squeezenet,11963.772,93.430,207,0
175.328,t2_squeezenet,11959.561,94.962,208,0
175.371,t2_squeezenet,11926.237,43.657,207,0
175.462,t2_squeezenet,11829.637,90.847,208,0
175.552,t2_squeezenet,11728.297,89.696,208,0
175.645,t2_squeezenet,11810.380,92.535,207,0
175.707,t2_squeezenet,11834.911,61.930,209,0
175.752,t2_squeezenet,11694.210,45.611,208,0
175.841,t2_squeezenet,11753.313,88.328,207,0
175.935,t2_squeezenet,11836.620,94.693,207,0
176.028,t2_squeezenet,11924.438,92.999,208,0
176.070,t2_squeezenet,11960.036,41.560,207,0
176.157,t2_squeezenet,11995.960,87.516,207,0
176.249,t2_squeezenet,11908.627,91.541,206,0
176.343,t2_squeezenet,11912.534,93.840,206,0
176.437,t2_squeezenet,11995.732,94.243,206,0
176.528,t2_squeezenet,12004.252,90.689,209,0
176.571,t2_squeezenet,12041.835,42.642,212,0
176.665,t2_squeezenet,12066.154,94.041,212,0
176.725,t2_squeezenet,12121.745,60.027,211,0
176.766,t2_squeezenet,12156.562,41.224,210,0
176.855,t2_squeezenet,12188.651,89.021,209,0
176.948,t2_squeezenet,12107.306,92.765,208,0
177.041,t2_squeezenet,12084.070,93.234,209,0
177.133,t2_squeezenet,12163.586,91.355,211,0
177.225,t2_squeezenet,12153.267,92.125,211,0
177.268,t2_squeezenet,12166.782,43.127,211,0
177.359,t2_squeezenet,12243.896,90.600,213,0
177.449,t2_squeezenet,12316.025,90.313,213,0
177.540,t2_squeezenet,12399.612,90.961,213,0
177.633,t2_squeezenet,12483.513,92.413,216,0
177.697,t2_squeezenet,12475.728,64.628,216,0
177.743,t2_squeezenet,12474.931,45.329,219,0
177.829,t2_squeezenet,12533.923,86.193,220,0
177.870,t2_squeezenet,12516.596,41.250,220,0
177.962,t2_squeezenet,12535.778,91.477,220,0
178.057,t2_squeezenet,12587.215,94.988,220,0
178.147,t2_squeezenet,12622.724,90.129,222,0
178.238,t2_squeezenet,12708.997,91.482,221,0
178.329,t2_squeezenet,12792.890,91.124,222,0
178.424,t2_squeezenet,12848.161,94.726,223,0
178.466,t2_squeezenet,12880.868,41.969,225,0
178.555,t2_squeezenet,12882.070,89.087,225,0
178.648,t2_squeezenet,12956.377,92.347,226,0
178.713,t2_squeezenet,12978.296,65.178,226,0
178.759,t2_squeezenet,12997.799,46.403,226,0
178.847,t2_squeezenet,13066.736,87.850,225,0
178.937,t2_squeezenet,13154.359,89.236,225,0
179.033,t2_squeezenet,12990.219,96.453,226,0
179.127,t2_squeezenet,13063.231,94.096,225,0
179.168,t2_squeezenet,13035.904,40.690,225,0
179.257,t2_squeezenet,13086.293,88.884,227,0
179.349,t2_squeezenet,13081.397,91.872,226,0
179.442,t2_squeezenet,13122.591,92.784,228,0
179.537,t2_squeezenet,13126.456,95.665,230,0
179.627,t2_squeezenet,13190.584,89.664,231,0
179.672,t2_squeezenet,13223.032,44.752,230,0
179.730,t2_squeezenet,13229.909,57.688,229,0
179.826,t2_squeezenet,13289.128,96.606,230,0
179.870,t2_squeezenet,13323.379,43.463,230,0
179.962,t2_squeezenet,13378.982,91.856,234,0
180.055,t2_squeezenet,13425.539,93.328,234,0
180.145,t2_squeezenet,13453.686,90.410,233,0
180.233,t2_squeezenet,13538.083,87.926,233,0
180.325,t2_squeezenet,13571.566,91.424,232,0
180.365,t2_squeezenet,13608.479,40.410,231,0
180.458,t2_squeezenet,13654.349,92.089,230,0
180.549,t2_squeezenet,13735.608,91.319,229,0
180.639,t2_squeezenet,13722.984,90.528,228,0
180.698,t2_squeezenet,13633.161,58.347,228,0
180.744,t2_squeezenet,13484.797,46.473,227,0
180.838,t2_squeezenet,13566.279,93.128,227,0
180.927,t2_squeezenet,13624.546,89.280,226,0
180.967,t2_squeezenet,13592.181,40.087,225,0
181.060,t2_squeezenet,13652.357,92.863,225,0
181.155,t2_squeezenet,13727.850,94.639,227,0
181.245,t2_squeezenet,13799.559,89.902,227,0
181.336,t2_squeezenet,13823.890,91.622,230,0
181.429,t2_squeezenet,13877.085,92.976,230,0
181.524,t2_squeezenet,13959.461,94.714,231,0
181.565,t2_squeezenet,13928.411,41.223,231,0
181.657,t2_squeezenet,14010.944,91.443,231,0
181.717,t2_squeezenet,13893.305,60.122,230,0
181.764,t2_squeezenet,13893.555,46.758,230,0
181.855,t2_squeezenet,13941.857,91.156,230,0
181.945,t2_squeezenet,13972.734,89.586,229,0
182.033,t2_squeezenet,14009.404,87.916,229,0
182.127,t2_squeezenet,14079.495,94.839,230,0
182.174,t2_squeezenet,14024.850,46.052,231,0
182.264,t2_squeezenet,14091.581,90.097,232,0
182.353,t2_squeezenet,14159.905,88.872,233,0
182.444,t2_squeezenet,13972.012,91.579,234,0
182.539,t2_squeezenet,14041.218,94.298,235,0
182.631,t2_squeezenet,14050.150,92.744,235,0
182.685,t2_squeezenet,14093.993,53.213,236,0
182.744,t2_squeezenet,14130.507,59.317,237,0
182.806,t2_squeezenet,14189.713,61.404,236,0
182.871,t2_squeezenet,14223.381,65.487,235,0
182.927,t2_squeezenet,14216.287,56.071,234,0
182.992,t2_squeezenet,14202.191,65.258,233,0
183.051,t2_squeezenet,14223.024,58.578,233,0
183.113,t2_squeezenet,14219.317,61.975,232,0
183.174,t2_squeezenet,14207.213,60.527,231,0
183.232,t2_squeezenet,14150.194,58.454,232,0
183.280,t2_squeezenet,14171.497,47.483,232,0
183.322,t2_squeezenet,14184.946,42.608,231,0
183.370,t2_squeezenet,14206.266,47.714,230,0
183.415,t2_squeezenet,14227.375,44.782,229,0
183.458,t2_squeezenet,14103.677,43.386,228,0
183.505,t2_squeezenet,14145.559,46.887,227,0
183.553,t2_squeezenet,14174.237,48.025,226,0
183.597,t2_squeezenet,14167.520,43.268,225,0
183.640,t2_squeezenet,14194.833,43.341,224,0
183.685,t2_squeezenet,14181.302,44.281,223,0
183.728,t2_squeezenet,14188.008,43.044,222,0
183.776,t2_squeezenet,14232.757,48.154,221,0
183.818,t2_squeezenet,14237.799,42.466,220,0
183.863,t2_squeezenet,14232.781,44.124,219,0
183.911,t2_squeezenet,14267.489,48.608,222,0
183.959,t2_squeezenet,14314.609,47.351,221,0
184.001,t2_squeezenet,14261.194,42.409,220,0
184.048,t2_squeezenet,14276.937,46.643,219,0
184.092,t2_squeezenet,14293.400,44.164,218,0
184.137,t2_squeezenet,14332.368,45.408,219,0
184.185,t2_squeezenet,14350.611,47.544,218,0
184.228,t2_squeezenet,14377.864,42.703,219,0
184.274,t2_squeezenet,14416.589,46.225,218,0
184.321,t2_squeezenet,14444.913,46.759,218,0
184.368,t2_squeezenet,14370.722,46.780,217,0
184.411,t2_squeezenet,14368.032,43.174,216,0
184.454,t2_squeezenet,14408.883,43.447,217,0
184.499,t2_squeezenet,14439.523,44.490,217,0
184.548,t2_squeezenet,14455.241,48.628,220,0
184.589,t2_squeezenet,14454.866,41.168,219,0
184.631,t2_squeezenet,14373.320,42.425,219,0
184.678,t2_squeezenet,14391.854,46.967,220,0
184.726,t2_squeezenet,14412.158,47.670,219,0
184.771,t2_squeezenet,14383.766,45.051,218,0
184.816,t2_squeezenet,14383.814,44.758,218,0
184.860,t2_squeezenet,14396.613,43.844,217,0
184.905,t2_squeezenet,14391.003,44.913,217,0
184.955,t2_squeezenet,14331.553,50.374,218,0
184.995,t2_squeezenet,14326.540,39.456,218,0
185.036,t2_squeezenet,14336.288,40.831,217,0
