t_s,tenant,latency_ms,service_ms,qdepth,warmup
0.054,t2_squeezenet,40.431,38.568,0,1
0.152,t2_squeezenet,51.818,47.322,1,1
0.195,t2_squeezenet,55.699,42.600,1,1
0.239,t2_squeezenet,78.999,43.729,2,1
0.284,t2_squeezenet,84.350,45.454,2,1
0.330,t2_squeezenet,109.988,46.060,2,1
0.379,t2_squeezenet,110.653,48.633,1,1
0.421,t2_squeezenet,123.715,42.307,0,1
0.553,t2_squeezenet,35.866,34.974,2,1
0.588,t2_squeezenet,68.766,35.292,1,1
0.626,t2_squeezenet,94.242,37.635,1,1
0.657,t2_squeezenet,50.962,30.749,0,1
0.697,t2_squeezenet,35.746,35.448,0,1
0.778,t2_squeezenet,32.494,30.122,2,1
0.807,t2_squeezenet,55.156,29.037,1,1
0.836,t2_squeezenet,78.365,28.979,0,1
0.893,t2_squeezenet,39.827,36.389,0,1
1.036,t2_squeezenet,32.063,31.841,1,1
1.065,t2_squeezenet,48.807,29.048,3,1
1.095,t2_squeezenet,57.982,29.015,2,1
1.130,t2_squeezenet,90.169,35.064,4,1
1.162,t2_squeezenet,105.075,32.156,3,1
1.194,t2_squeezenet,94.700,32.064,2,1
1.229,t2_squeezenet,120.520,35.371,2,1
1.264,t2_squeezenet,150.979,34.714,2,1
1.307,t2_squeezenet,104.541,42.476,2,1
1.349,t2_squeezenet,95.103,42.773,1,1
1.396,t2_squeezenet,94.683,46.108,1,1
1.443,t2_squeezenet,91.322,47.015,3,1
1.488,t2_squeezenet,88.298,44.861,2,1
1.531,t2_squeezenet,98.109,43.447,2,1
1.589,t2_squeezenet,153.165,58.300,1,1
1.657,t2_squeezenet,160.852,67.526,3,1
1.728,t2_squeezenet,137.795,70.878,2,1
1.778,t2_squeezenet,147.523,49.737,1,1
1.835,t2_squeezenet,188.701,57.559,0,1
1.889,t2_squeezenet,49.849,48.800,1,1
1.937,t2_squeezenet,49.030,47.921,3,1
1.982,t2_squeezenet,85.315,44.286,4,1
2.024,t2_squeezenet,116.955,42.633,4,1
2.071,t2_squeezenet,155.488,46.369,3,1
2.117,t2_squeezenet,173.822,46.201,2,1
2.160,t2_squeezenet,192.536,43.152,1,1
2.205,t2_squeezenet,191.133,44.488,1,1
2.247,t2_squeezenet,57.392,42.130,1,1
2.293,t2_squeezenet,69.486,46.331,1,1
2.340,t2_squeezenet,65.579,47.067,2,1
2.383,t2_squeezenet,62.786,42.606,1,1
2.427,t2_squeezenet,88.030,43.857,1,1
2.476,t2_squeezenet,76.708,49.087,1,1
2.521,t2_squeezenet,66.820,45.113,0,1
2.677,t2_squeezenet,45.834,44.553,0,1
2.753,t2_squeezenet,45.848,45.403,1,1
2.799,t2_squeezenet,49.593,45.519,0,1
2.857,t2_squeezenet,47.168,42.292,3,1
2.893,t2_squeezenet,69.226,36.072,3,1
2.929,t2_squeezenet,98.244,35.887,4,1
2.965,t2_squeezenet,132.739,36.581,3,1
3.002,t2_squeezenet,113.317,36.467,5,1
3.036,t2_squeezenet,126.461,34.682,4,1
3.071,t2_squeezenet,145.633,34.199,3,1
3.107,t2_squeezenet,132.253,36.296,5,1
3.142,t2_squeezenet,159.932,34.671,4,1
3.177,t2_squeezenet,177.841,35.046,4,1
3.214,t2_squeezenet,141.692,36.758,3,1
3.250,t2_squeezenet,173.304,36.071,2,1
3.285,t2_squeezenet,207.870,35.376,1,1
3.323,t2_squeezenet,155.658,38.209,0,1
3.463,t2_squeezenet,52.705,47.778,1,1
3.508,t2_squeezenet,48.151,45.293,1,1
3.551,t2_squeezenet,62.993,43.267,0,1
3.682,t2_squeezenet,44.688,43.586,3,1
3.728,t2_squeezenet,65.108,45.716,3,1
3.765,t2_squeezenet,97.831,36.951,2,1
3.812,t2_squeezenet,132.322,47.024,2,1
3.857,t2_squeezenet,154.744,45.247,4,1
3.897,t2_squeezenet,88.749,39.830,3,1
3.936,t2_squeezenet,107.155,39.266,4,1
3.968,t2_squeezenet,133.583,31.852,3,1
4.000,t2_squeezenet,155.825,32.138,4,1
4.029,t2_squeezenet,102.598,29.123,3,1
4.064,t2_squeezenet,134.256,34.827,2,1
4.101,t2_squeezenet,121.170,37.095,4,1
4.133,t2_squeezenet,143.559,31.703,5,1
4.166,t2_squeezenet,97.420,32.981,5,1
4.200,t2_squeezenet,110.670,34.355,4,1
4.236,t2_squeezenet,137.746,35.589,4,1
4.273,t2_squeezenet,159.304,37.081,3,1
4.307,t2_squeezenet,188.252,33.334,2,1
4.338,t2_squeezenet,190.114,31.386,1,1
4.368,t2_squeezenet,161.618,29.787,0,1
4.512,t2_squeezenet,38.579,37.585,0,1
4.608,t2_squeezenet,39.640,35.425,0,1
4.685,t2_squeezenet,40.121,36.532,1,1
4.724,t2_squeezenet,60.798,39.082,0,1
4.772,t2_squeezenet,37.834,37.697,1,1
4.805,t2_squeezenet,51.617,32.787,1,1
4.836,t2_squeezenet,57.829,31.919,0,1
4.943,t2_squeezenet,35.135,35.110,2,1
4.978,t2_squeezenet,42.253,35.261,2,1
5.009,t2_squeezenet,69.918,31.437,2,1
5.039,t2_squeezenet,96.573,29.881,4,1
5.075,t2_squeezenet,87.499,35.690,3,1
5.110,t2_squeezenet,100.010,35.303,3,1
5.149,t2_squeezenet,114.024,38.298,3,1
5.184,t2_squeezenet,148.416,35.244,2,1
5.219,t2_squeezenet,140.918,34.799,1,1
5.256,t2_squeezenet,108.207,36.948,1,1
5.292,t2_squeezenet,54.448,35.935,0,1
5.342,t2_squeezenet,36.494,35.542,0,1
5.409,t2_squeezenet,40.658,36.334,3,1
5.450,t2_squeezenet,73.935,41.259,2,1
5.491,t2_squeezenet,95.780,40.246,2,1
5.537,t2_squeezenet,137.028,46.713,2,1
5.570,t2_squeezenet,109.256,32.334,1,1
5.614,t2_squeezenet,105.618,44.422,2,1
5.660,t2_squeezenet,83.240,45.896,4,1
5.704,t2_squeezenet,118.286,43.715,3,1
5.750,t2_squeezenet,129.548,45.616,3,1
5.789,t2_squeezenet,163.522,39.167,2,1
5.826,t2_squeezenet,173.093,37.160,3,1
5.869,t2_squeezenet,162.698,43.039,3,1
5.912,t2_squeezenet,118.175,42.744,3,1
5.945,t2_squeezenet,135.389,33.262,2,1
5.980,t2_squeezenet,151.702,35.324,1,1
6.019,t2_squeezenet,114.754,38.545,1,1
6.051,t2_squeezenet,55.868,31.644,1,1
6.095,t2_squeezenet,46.283,44.301,1,1
6.141,t2_squeezenet,48.638,46.370,2,1
6.174,t2_squeezenet,62.224,32.395,4,1
6.203,t2_squeezenet,66.595,29.095,6,1
6.233,t2_squeezenet,85.334,30.151,5,1
6.273,t2_squeezenet,124.511,39.916,5,1
6.316,t2_squeezenet,143.904,43.007,4,1
6.361,t2_squeezenet,179.327,44.415,5,1
6.409,t2_squeezenet,219.460,48.038,4,1
6.454,t2_squeezenet,254.427,45.126,7,1
6.493,t2_squeezenet,246.861,39.432,9,1
6.536,t2_squeezenet,194.558,42.218,10,1
6.580,t2_squeezenet,226.940,44.200,11,1
6.626,t2_squeezenet,204.988,45.988,10,1
6.671,t2_squeezenet,242.341,45.516,10,1
6.714,t2_squeezenet,279.911,42.983,9,1
6.758,t2_squeezenet,312.888,43.248,10,1
6.804,t2_squeezenet,344.289,46.213,10,1
6.852,t2_squeezenet,377.957,47.833,11,1
6.896,t2_squeezenet,418.586,43.708,10,1
6.939,t2_squeezenet,445.929,43.725,10,1
6.985,t2_squeezenet,473.982,45.550,9,1
7.030,t2_squeezenet,489.492,44.724,8,1
7.075,t2_squeezenet,531.165,45.600,8,1
7.118,t2_squeezenet,484.623,42.096,7,1
7.161,t2_squeezenet,429.304,43.663,7,1
7.211,t2_squeezenet,469.079,49.476,9,1
7.254,t2_squeezenet,492.518,43.117,8,1
7.289,t2_squeezenet,483.647,34.669,9,1
7.325,t2_squeezenet,480.226,36.058,9,1
7.361,t2_squeezenet,424.856,35.799,9,1
7.395,t2_squeezenet,351.418,34.679,10,1
7.430,t2_squeezenet,280.049,34.273,10,1
7.472,t2_squeezenet,304.574,42.336,10,1
7.514,t2_squeezenet,338.996,42.111,10,1
7.559,t2_squeezenet,364.419,45.175,11,1
7.607,t2_squeezenet,352.521,47.211,12,1
7.643,t2_squeezenet,381.473,36.499,11,1
7.674,t2_squeezenet,355.871,30.314,11,1
7.717,t2_squeezenet,375.294,43.664,13,1
7.763,t2_squeezenet,375.189,45.521,12,1
7.808,t2_squeezenet,415.987,44.916,12,1
7.841,t2_squeezenet,427.798,33.173,11,1
7.882,t2_squeezenet,410.637,41.001,12,1
7.926,t2_squeezenet,432.956,44.065,11,1
7.972,t2_squeezenet,453.193,46.022,10,1
8.017,t2_squeezenet,487.709,44.643,11,1
8.049,t2_squeezenet,482.223,32.452,10,1
8.085,t2_squeezenet,506.922,36.055,10,1
8.118,t2_squeezenet,472.860,32.284,9,1
8.159,t2_squeezenet,452.877,41.198,8,1
8.203,t2_squeezenet,489.646,44.310,8,1
8.251,t2_squeezenet,536.032,48.079,7,1
8.293,t2_squeezenet,508.766,41.897,6,1
8.328,t2_squeezenet,475.815,34.400,5,1
8.364,t2_squeezenet,500.582,35.962,8,1
8.400,t2_squeezenet,395.740,35.645,7,1
8.435,t2_squeezenet,424.447,35.230,7,1
8.475,t2_squeezenet,424.962,40.512,6,1
8.519,t2_squeezenet,348.951,43.203,7,1
8.563,t2_squeezenet,234.783,44.091,8,1
8.609,t2_squeezenet,267.488,46.648,10,1
8.656,t2_squeezenet,304.270,46.246,10,1
8.698,t2_squeezenet,334.445,42.183,10,1
8.743,t2_squeezenet,320.998,45.120,11,1
8.787,t2_squeezenet,297.458,43.719,11,1
8.834,t2_squeezenet,328.460,46.550,10,1
8.879,t2_squeezenet,343.929,45.537,9,1
8.924,t2_squeezenet,363.760,44.698,8,1
8.969,t2_squeezenet,393.095,45.316,7,1
9.017,t2_squeezenet,414.717,47.825,6,1
9.064,t2_squeezenet,458.160,46.458,5,1
9.106,t2_squeezenet,453.765,42.131,5,1
9.152,t2_squeezenet,459.851,46.351,6,1
9.197,t2_squeezenet,479.693,44.889,6,1
9.242,t2_squeezenet,503.737,44.788,6,1
9.285,t2_squeezenet,538.761,43.370,6,1
9.329,t2_squeezenet,235.434,43.135,5,1
9.375,t2_squeezenet,262.064,45.767,4,1
9.423,t2_squeezenet,306.002,48.207,3,1
9.459,t2_squeezenet,277.351,35.822,3,1
9.500,t2_squeezenet,291.011,41.206,2,1
9.545,t2_squeezenet,282.447,44.659,3,1
9.589,t2_squeezenet,137.935,44.208,2,1
9.634,t2_squeezenet,99.366,44.836,2,1
9.683,t2_squeezenet,139.957,48.830,2,1
9.723,t2_squeezenet,128.700,40.353,2,1
9.766,t2_squeezenet,103.166,43.385,4,1
9.814,t2_squeezenet,107.476,47.886,5,1
9.861,t2_squeezenet,126.333,46.458,5,1
9.906,t2_squeezenet,162.471,44.619,4,1
9.950,t2_squeezenet,198.478,44.651,3,1
9.995,t2_squeezenet,219.257,44.892,2,1
10.042,t2_squeezenet,251.318,46.602,2,1
10.088,t2_squeezenet,238.186,45.631,3,1
10.130,t2_squeezenet,124.011,42.525,4,1
10.174,t2_squeezenet,125.369,44.080,3,1
10.221,t2_squeezenet,144.517,46.867,3,1
10.267,t2_squeezenet,174.084,45.605,4,1
10.312,t2_squeezenet,215.589,44.863,3,1
10.358,t2_squeezenet,142.214,46.146,3,1
10.403,t2_squeezenet,181.907,45.429,3,1
10.452,t2_squeezenet,228.318,48.698,2,1
10.494,t2_squeezenet,164.686,41.906,1,1
10.538,t2_squeezenet,157.508,43.428,1,1
10.585,t2_squeezenet,55.862,47.133,0,1
10.672,t2_squeezenet,44.164,41.678,0,1
10.775,t2_squeezenet,51.860,47.032,2,1
10.821,t2_squeezenet,95.360,46.266,1,1
10.867,t2_squeezenet,96.537,45.160,0,1
10.948,t2_squeezenet,38.209,35.878,0,1
11.030,t2_squeezenet,34.669,31.627,0,1
11.088,t2_squeezenet,52.164,47.622,1,1
11.134,t2_squeezenet,83.776,45.506,0,1
11.200,t2_squeezenet,50.197,45.889,1,1
11.245,t2_squeezenet,45.979,44.894,0,1
11.305,t2_squeezenet,47.249,45.178,2,1
11.348,t2_squeezenet,81.846,42.528,1,1
11.392,t2_squeezenet,117.332,44.101,1,1
11.437,t2_squeezenet,50.447,44.952,0,1
11.509,t2_squeezenet,47.560,45.567,1,1
11.552,t2_squeezenet,83.547,43.207,4,1
11.597,t2_squeezenet,74.355,45.260,5,1
11.643,t2_squeezenet,109.423,45.842,5,1
11.688,t2_squeezenet,141.554,45.151,5,1
11.730,t2_squeezenet,180.567,41.886,5,1
11.776,t2_squeezenet,217.337,46.151,4,1
11.822,t2_squeezenet,246.084,45.832,5,1
11.870,t2_squeezenet,261.076,48.041,4,1
11.914,t2_squeezenet,246.662,44.002,5,1
11.959,t2_squeezenet,255.105,44.272,6,1
12.006,t2_squeezenet,219.947,47.856,5,1
12.054,t2_squeezenet,259.557,47.312,6,1
12.096,t2_squeezenet,204.820,42.041,7,1
12.140,t2_squeezenet,238.639,43.935,6,1
12.185,t2_squeezenet,266.478,44.811,5,1
12.231,t2_squeezenet,311.061,45.929,4,1
12.275,t2_squeezenet,256.464,44.121,5,1
12.320,t2_squeezenet,289.304,44.871,5,1
12.365,t2_squeezenet,288.614,45.078,5,1
12.415,t2_squeezenet,321.632,49.520,5,1
12.459,t2_squeezenet,226.858,44.493,5,1
12.502,t2_squeezenet,239.777,42.841,8,1
12.548,t2_squeezenet,232.229,46.122,8,1
12.593,t2_squeezenet,228.688,44.588,7,1
12.638,t2_squeezenet,232.916,45.368,7,1
12.681,t2_squeezenet,249.963,42.662,6,1
12.724,t2_squeezenet,254.743,43.380,7,1
12.770,t2_squeezenet,297.410,45.404,8,1
12.820,t2_squeezenet,340.732,49.922,8,1
12.862,t2_squeezenet,367.103,42.028,7,1
12.908,t2_squeezenet,403.794,45.850,7,1
12.954,t2_squeezenet,342.227,45.770,8,1
13.000,t2_squeezenet,307.332,46.154,7,1
13.044,t2_squeezenet,335.253,44.519,9,1
13.089,t2_squeezenet,363.446,44.633,10,1
13.131,t2_squeezenet,399.295,42.093,9,1
13.178,t2_squeezenet,368.079,46.803,9,1
13.224,t2_squeezenet,335.912,46.211,10,1
13.267,t2_squeezenet,353.921,43.170,10,1
13.313,t2_squeezenet,389.275,46.050,12,1
13.361,t2_squeezenet,359.762,47.023,12,1
13.406,t2_squeezenet,398.001,44.974,11,1
13.449,t2_squeezenet,422.832,43.648,12,1
13.495,t2_squeezenet,417.888,45.976,13,1
13.540,t2_squeezenet,452.512,45.066,12,1
13.590,t2_squeezenet,450.514,49.511,11,1
13.632,t2_squeezenet,446.442,41.341,12,1
13.674,t2_squeezenet,459.974,42.847,12,1
13.722,t2_squeezenet,496.401,47.366,13,1
13.769,t2_squeezenet,472.723,47.163,12,1
13.811,t2_squeezenet,512.205,42.242,11,1
13.857,t2_squeezenet,551.619,46.095,11,1
13.902,t2_squeezenet,550.628,45.027,11,1
13.947,t2_squeezenet,529.222,44.815,12,1
13.995,t2_squeezenet,556.375,47.110,11,1
14.037,t2_squeezenet,585.228,42.771,10,1
14.079,t2_squeezenet,587.221,41.833,11,1
14.129,t2_squeezenet,529.707,49.700,13,1
14.174,t2_squeezenet,574.446,45.177,12,1
14.217,t2_squeezenet,570.558,43.181,12,1
14.264,t2_squeezenet,587.971,46.230,13,1
14.310,t2_squeezenet,616.392,46.062,13,1
14.358,t2_squeezenet,528.560,48.168,14,1
14.401,t2_squeezenet,509.185,42.730,14,1
14.444,t2_squeezenet,524.956,43.056,14,1
14.490,t2_squeezenet,559.146,45.818,13,1
14.536,t2_squeezenet,472.400,46.521,12,1
14.580,t2_squeezenet,501.854,43.211,12,1
14.624,t2_squeezenet,512.085,43.878,13,1
14.670,t2_squeezenet,554.052,46.058,13,1
14.716,t2_squeezenet,596.701,46.240,12,1
14.763,t2_squeezenet,566.911,46.906,12,1
14.806,t2_squeezenet,556.359,43.476,11,1
14.851,t2_squeezenet,591.100,44.397,13,1
14.899,t2_squeezenet,595.135,47.629,14,1
14.944,t2_squeezenet,613.202,45.655,15,1
14.986,t2_squeezenet,652.269,41.491,15,1
15.031,t2_squeezenet,663.218,45.353,15,1
15.077,t2_squeezenet,648.325,45.317,14,1
15.122,t2_squeezenet,581.520,45.711,14,1
15.167,t2_squeezenet,554.804,44.724,13,1
15.212,t2_squeezenet,593.313,44.432,16,1
15.257,t2_squeezenet,627.960,45.156,18,1
15.307,t2_squeezenet,586.514,49.914,17,1
15.349,t2_squeezenet,534.643,42.563,18,1
15.392,t2_squeezenet,575.971,42.891,17,1
15.439,t2_squeezenet,602.538,46.507,17,1
15.485,t2_squeezenet,620.965,46.034,16,1
15.529,t2_squeezenet,652.930,43.602,15,1
15.573,t2_squeezenet,673.649,44.003,15,1
15.617,t2_squeezenet,675.669,44.456,14,1
15.665,t2_squeezenet,691.746,47.973,13,1
15.712,t2_squeezenet,704.304,46.838,13,1
15.754,t2_squeezenet,669.397,41.647,12,1
15.800,t2_squeezenet,620.631,45.819,12,1
15.845,t2_squeezenet,660.198,45.660,13,1
15.891,t2_squeezenet,701.863,45.733,12,1
15.934,t2_squeezenet,731.028,43.013,12,1
15.978,t2_squeezenet,754.757,43.924,11,1
16.022,t2_squeezenet,767.997,44.193,11,1
16.071,t2_squeezenet,815.600,47.929,11,1
16.115,t2_squeezenet,797.609,44.716,12,1
16.158,t2_squeezenet,813.579,43.080,12,1
16.206,t2_squeezenet,770.247,47.787,13,1
16.254,t2_squeezenet,717.005,47.680,14,1
16.298,t2_squeezenet,593.307,43.715,13,1
16.343,t2_squeezenet,554.037,45.065,12,1
16.386,t2_squeezenet,557.746,43.608,13,1
16.431,t2_squeezenet,597.134,45.024,13,1
16.479,t2_squeezenet,561.424,46.874,13,1
16.520,t2_squeezenet,507.144,41.498,13,1
16.564,t2_squeezenet,535.399,44.059,12,1
16.614,t2_squeezenet,512.253,49.316,13,1
16.659,t2_squeezenet,554.094,45.891,12,1
16.703,t2_squeezenet,565.704,43.713,12,1
16.748,t2_squeezenet,578.901,44.834,11,1
16.793,t2_squeezenet,612.664,44.436,12,1
16.840,t2_squeezenet,622.567,47.760,12,1
16.885,t2_squeezenet,654.594,44.900,11,1
16.926,t2_squeezenet,570.873,40.409,10,1
16.972,t2_squeezenet,614.582,45.744,11,1
17.019,t2_squeezenet,612.234,47.270,11,1
17.064,t2_squeezenet,600.666,44.842,11,1
17.109,t2_squeezenet,594.539,45.300,11,1
17.155,t2_squeezenet,580.149,46.253,11,1
17.201,t2_squeezenet,614.549,46.049,11,1
17.249,t2_squeezenet,583.081,47.359,11,1
17.291,t2_squeezenet,513.612,41.935,10,1
17.334,t2_squeezenet,552.922,42.603,9,1
17.381,t2_squeezenet,557.456,46.971,10,1
17.426,t2_squeezenet,491.110,45.856,10,1
17.467,t2_squeezenet,509.789,40.817,9,1
17.514,t2_squeezenet,535.417,46.801,9,1
17.560,t2_squeezenet,526.844,46.260,9,1
17.609,t2_squeezenet,513.903,48.057,9,1
17.653,t2_squeezenet,519.045,44.116,8,1
17.695,t2_squeezenet,520.317,42.699,8,1
17.741,t2_squeezenet,532.649,45.172,8,1
17.787,t2_squeezenet,432.903,46.425,9,1
17.831,t2_squeezenet,476.080,44.214,10,1
17.874,t2_squeezenet,466.688,42.856,10,1
17.920,t2_squeezenet,414.377,45.841,11,1
17.966,t2_squeezenet,406.477,46.061,12,1
18.013,t2_squeezenet,446.116,46.454,12,1
18.056,t2_squeezenet,378.569,43.093,13,1
18.100,t2_squeezenet,370.754,44.172,15,1
18.147,t2_squeezenet,375.228,47.143,15,1
18.194,t2_squeezenet,409.432,46.237,15,1
18.235,t2_squeezenet,447.424,41.582,15,1
18.282,t2_squeezenet,460.172,46.208,16,1
18.324,t2_squeezenet,462.610,42.456,15,1
18.371,t2_squeezenet,460.282,47.272,17,1
18.417,t2_squeezenet,497.247,45.464,18,1
18.460,t2_squeezenet,503.658,43.545,18,1
18.506,t2_squeezenet,544.043,45.616,20,1
18.556,t2_squeezenet,559.933,49.483,21,1
18.600,t2_squeezenet,581.030,44.364,20,1
18.643,t2_squeezenet,598.693,43.097,20,1
18.690,t2_squeezenet,633.162,46.470,19,1
18.734,t2_squeezenet,661.162,44.362,20,1
18.782,t2_squeezenet,689.644,47.589,19,1
18.824,t2_squeezenet,682.916,41.795,19,1
18.867,t2_squeezenet,708.410,43.705,18,1
18.915,t2_squeezenet,687.817,47.127,18,1
18.962,t2_squeezenet,694.167,47.194,17,1
19.004,t2_squeezenet,726.066,42.127,19,1
19.050,t2_squeezenet,716.630,45.847,18,1
19.096,t2_squeezenet,749.097,45.857,19,1
19.142,t2_squeezenet,784.115,45.901,19,1
19.186,t2_squeezenet,800.597,44.038,19,1
19.229,t2_squeezenet,831.255,43.261,19,1
19.272,t2_squeezenet,822.685,42.589,18,1
19.320,t2_squeezenet,845.536,48.405,17,1
19.365,t2_squeezenet,886.376,45.193,18,1
19.408,t2_squeezenet,906.401,42.569,17,1
19.455,t2_squeezenet,915.115,47.067,18,1
19.501,t2_squeezenet,958.980,46.052,19,1
19.546,t2_squeezenet,915.858,44.814,19,1
19.590,t2_squeezenet,870.330,44.098,18,1
19.633,t2_squeezenet,902.075,42.558,17,1
19.678,t2_squeezenet,887.371,45.088,17,1
19.725,t2_squeezenet,819.379,47.073,18,1
19.768,t2_squeezenet,793.509,42.647,17,1
19.811,t2_squeezenet,833.438,42.987,16,1
19.859,t2_squeezenet,874.559,48.213,18,1
19.907,t2_squeezenet,836.998,47.711,18,1
19.951,t2_squeezenet,875.013,44.221,19,1
19.995,t2_squeezenet,880.066,44.114,19,1
20.039,t2_squeezenet,868.177,43.259,18,0
20.085,t2_squeezenet,857.432,46.372,18,0
20.132,t2_squeezenet,807.724,46.642,18,0
20.174,t2_squeezenet,823.142,41.865,22,0
20.220,t2_squeezenet,796.004,45.765,22,0
20.265,t2_squeezenet,824.302,45.719,23,0
20.311,t2_squeezenet,849.315,45.739,23,0
20.355,t2_squeezenet,864.428,43.946,22,0
20.400,t2_squeezenet,895.466,45.012,24,0
20.446,t2_squeezenet,771.431,46.075,24,0
20.494,t2_squeezenet,782.434,47.441,23,0
20.536,t2_squeezenet,812.476,41.917,23,0
20.579,t2_squeezenet,755.638,42.797,22,0
20.625,t2_squeezenet,778.883,45.999,25,0
20.670,t2_squeezenet,814.751,44.899,26,0
20.706,t2_squeezenet,828.527,36.650,27,0
20.746,t2_squeezenet,835.693,39.662,27,0
20.788,t2_squeezenet,873.660,41.712,26,0
20.833,t2_squeezenet,848.584,45.532,26,0
20.880,t2_squeezenet,816.248,47.201,25,0
20.926,t2_squeezenet,833.001,45.242,24,0
20.962,t2_squeezenet,827.878,36.044,24,0
21.002,t2_squeezenet,853.401,40.605,23,0
21.045,t2_squeezenet,894.210,42.156,22,0
21.089,t2_squeezenet,935.421,43.855,23,0
21.135,t2_squeezenet,963.161,46.307,23,0
21.181,t2_squeezenet,989.776,46.130,23,0
21.225,t2_squeezenet,988.719,43.916,23,0
21.270,t2_squeezenet,1027.919,45.403,22,0
21.316,t2_squeezenet,1017.265,45.435,21,0
21.363,t2_squeezenet,999.613,47.061,21,0
21.407,t2_squeezenet,1035.383,44.002,21,0
21.449,t2_squeezenet,1049.031,41.925,21,0
21.496,t2_squeezenet,1066.463,46.655,22,0
21.542,t2_squeezenet,1011.831,45.738,22,0
21.585,t2_squeezenet,1005.742,43.060,22,0
21.630,t2_squeezenet,1041.647,44.877,22,0
21.676,t2_squeezenet,1066.553,45.962,23,0
21.721,t2_squeezenet,1109.554,45.743,24,0
21.770,t2_squeezenet,1140.868,48.121,24,0
21.812,t2_squeezenet,1152.044,42.439,23,0
21.855,t2_squeezenet,1181.255,42.910,22,0
21.903,t2_squeezenet,1208.380,47.857,21,0
21.949,t2_squeezenet,1219.286,46.450,21,0
21.989,t2_squeezenet,1199.057,39.195,20,0
22.035,t2_squeezenet,1099.467,46.218,20,0
22.081,t2_squeezenet,1030.815,45.627,19,0
22.128,t2_squeezenet,1072.152,47.112,18,0
22.173,t2_squeezenet,1046.669,45.610,19,0
22.217,t2_squeezenet,1042.834,43.519,19,0
22.266,t2_squeezenet,1040.861,48.638,19,0
22.314,t2_squeezenet,991.086,48.231,18,0
22.356,t2_squeezenet,973.704,42.205,20,0
22.400,t2_squeezenet,973.256,44.053,19,0
22.447,t2_squeezenet,991.161,46.358,18,0
22.490,t2_squeezenet,1001.940,42.962,17,0
22.536,t2_squeezenet,998.602,46.228,17,0
22.580,t2_squeezenet,1023.217,43.332,18,0
22.624,t2_squeezenet,1010.119,44.742,18,0
22.672,t2_squeezenet,1014.976,47.757,18,0
22.719,t2_squeezenet,1058.639,46.496,17,0
22.761,t2_squeezenet,1065.835,42.569,20,0
22.807,t2_squeezenet,1092.813,45.425,19,0
22.853,t2_squeezenet,1118.308,46.213,18,0
22.898,t2_squeezenet,964.486,45.275,17,0
22.945,t2_squeezenet,910.640,46.704,17,0
22.986,t2_squeezenet,844.983,41.221,17,0
23.031,t2_squeezenet,859.167,45.089,16,0
23.081,t2_squeezenet,897.927,49.547,15,0
23.125,t2_squeezenet,904.937,43.507,16,0
23.168,t2_squeezenet,844.129,43.878,19,0
23.216,t2_squeezenet,878.688,47.832,19,0
23.262,t2_squeezenet,912.788,46.002,19,0
23.308,t2_squeezenet,816.815,45.671,19,0
23.352,t2_squeezenet,796.406,43.699,18,0
23.395,t2_squeezenet,831.264,43.334,19,0
23.441,t2_squeezenet,825.572,46.050,20,0
23.489,t2_squeezenet,841.251,47.162,20,0
23.530,t2_squeezenet,810.124,41.549,20,0
23.576,t2_squeezenet,848.814,45.821,20,0
23.623,t2_squeezenet,880.837,46.931,19,0
23.668,t2_squeezenet,921.510,45.217,18,0
23.712,t2_squeezenet,805.717,44.089,18,0
23.757,t2_squeezenet,800.812,44.416,17,0
23.801,t2_squeezenet,717.443,43.853,18,0
23.849,t2_squeezenet,740.783,47.904,18,0
23.894,t2_squeezenet,766.185,45.089,18,0
23.934,t2_squeezenet,798.311,40.500,20,0
23.981,t2_squeezenet,831.974,46.514,21,0
24.029,t2_squeezenet,874.784,47.548,21,0
24.074,t2_squeezenet,883.993,45.009,20,0
24.119,t2_squeezenet,899.270,45.338,21,0
24.165,t2_squeezenet,895.290,45.851,20,0
24.211,t2_squeezenet,827.231,45.714,19,0
24.259,t2_squeezenet,872.312,48.136,21,0
24.301,t2_squeezenet,903.066,41.869,22,0
24.344,t2_squeezenet,921.693,42.894,21,0
24.392,t2_squeezenet,905.509,48.323,20,0
24.437,t2_squeezenet,914.709,44.919,19,0
24.477,t2_squeezenet,909.568,40.372,18,0
24.525,t2_squeezenet,815.970,47.069,17,0
24.570,t2_squeezenet,787.551,45.687,18,0
24.617,t2_squeezenet,830.025,46.239,18,0
24.663,t2_squeezenet,828.430,46.013,17,0
24.706,t2_squeezenet,834.709,43.021,17,0
24.750,t2_squeezenet,854.013,43.973,17,0
24.799,t2_squeezenet,892.915,49.157,18,0
24.843,t2_squeezenet,918.032,44.384,18,0
24.884,t2_squeezenet,916.584,40.546,19,0
24.932,t2_squeezenet,951.630,47.999,19,0
24.978,t2_squeezenet,965.765,45.793,19,0
25.025,t2_squeezenet,949.694,46.749,18,0
25.068,t2_squeezenet,951.073,43.195,18,0
25.112,t2_squeezenet,883.963,44.477,17,0
25.160,t2_squeezenet,919.359,47.723,16,0
25.208,t2_squeezenet,963.169,47.444,20,0
25.249,t2_squeezenet,971.438,41.219,20,0
25.293,t2_squeezenet,998.002,43.971,20,0
25.341,t2_squeezenet,802.245,47.599,20,0
25.385,t2_squeezenet,824.832,44.610,22,0
25.429,t2_squeezenet,850.799,44.094,21,0
25.474,t2_squeezenet,770.604,44.414,20,0
25.519,t2_squeezenet,791.764,45.032,19,0
25.568,t2_squeezenet,817.411,48.955,19,0
25.613,t2_squeezenet,830.546,45.390,18,0
25.656,t2_squeezenet,813.586,42.547,21,0
25.703,t2_squeezenet,850.621,46.536,21,0
25.748,t2_squeezenet,871.640,45.012,21,0
25.793,t2_squeezenet,898.671,45.584,21,0
25.836,t2_squeezenet,882.410,42.669,21,0
25.880,t2_squeezenet,817.246,43.929,21,0
25.926,t2_squeezenet,757.069,46.184,22,0
25.976,t2_squeezenet,805.638,49.652,22,0
26.018,t2_squeezenet,845.057,41.685,22,0
26.061,t2_squeezenet,887.738,43.479,22,0
26.110,t2_squeezenet,913.417,49.148,24,0
26.156,t2_squeezenet,933.260,45.571,25,0
26.199,t2_squeezenet,947.666,43.365,25,0
26.244,t2_squeezenet,945.788,44.474,24,0
26.286,t2_squeezenet,936.731,42.088,23,0
26.332,t2_squeezenet,963.623,46.543,22,0
26.378,t2_squeezenet,1004.815,45.692,22,0
26.421,t2_squeezenet,859.172,43.104,23,0
26.467,t2_squeezenet,850.539,45.143,23,0
26.513,t2_squeezenet,892.050,46.922,22,0
26.558,t2_squeezenet,928.897,44.904,23,0
26.602,t2_squeezenet,960.699,43.407,25,0
26.647,t2_squeezenet,980.099,44.997,24,0
26.690,t2_squeezenet,956.755,42.782,24,0
26.738,t2_squeezenet,951.996,48.273,24,0
26.781,t2_squeezenet,947.199,42.814,23,0
26.825,t2_squeezenet,951.329,44.375,25,0
26.875,t2_squeezenet,994.772,49.464,28,0
26.922,t2_squeezenet,1029.329,47.021,27,0
26.965,t2_squeezenet,1001.323,42.758,27,0
27.010,t2_squeezenet,1011.292,45.354,26,0
27.054,t2_squeezenet,1030.746,43.512,25,0
27.099,t2_squeezenet,1010.692,44.996,24,0
27.145,t2_squeezenet,1037.528,46.117,23,0
27.188,t2_squeezenet,1079.396,42.646,23,0
27.231,t2_squeezenet,1101.596,43.505,22,0
27.281,t2_squeezenet,1140.416,49.231,21,0
27.327,t2_squeezenet,1163.048,45.874,21,0
27.369,t2_squeezenet,1033.509,42.750,20,0
27.415,t2_squeezenet,1036.793,45.719,19,0
27.461,t2_squeezenet,1042.125,45.553,19,0
27.507,t2_squeezenet,1074.151,45.842,19,0
27.548,t2_squeezenet,1026.641,41.670,19,0
27.592,t2_squeezenet,1054.653,43.835,18,0
27.637,t2_squeezenet,1056.748,44.661,18,0
27.684,t2_squeezenet,1098.259,47.409,18,0
27.727,t2_squeezenet,1128.487,43.016,18,0
27.773,t2_squeezenet,1091.147,45.437,20,0
27.819,t2_squeezenet,1109.665,45.955,22,0
27.865,t2_squeezenet,1072.228,46.152,21,0
27.911,t2_squeezenet,1116.662,45.915,21,0
27.955,t2_squeezenet,1148.288,43.954,22,0
27.998,t2_squeezenet,1171.656,43.054,21,0
28.047,t2_squeezenet,1193.916,48.349,21,0
28.091,t2_squeezenet,1232.311,44.214,20,0
28.133,t2_squeezenet,1263.066,41.686,20,0
28.180,t2_squeezenet,1215.781,46.933,21,0
28.225,t2_squeezenet,1065.351,45.524,21,0
28.273,t2_squeezenet,966.064,48.162,21,0
28.318,t2_squeezenet,870.711,44.814,21,0
28.362,t2_squeezenet,865.937,44.074,21,0
28.407,t2_squeezenet,863.272,44.887,21,0
28.457,t2_squeezenet,839.138,49.809,21,0
28.499,t2_squeezenet,853.435,42.077,21,0
28.542,t2_squeezenet,819.797,43.203,20,0
28.588,t2_squeezenet,843.819,45.989,20,0
28.635,t2_squeezenet,879.229,46.002,20,0
28.680,t2_squeezenet,918.432,45.377,21,0
28.724,t2_squeezenet,949.056,44.380,20,0
28.769,t2_squeezenet,987.730,44.132,22,0
28.817,t2_squeezenet,1021.168,47.916,23,0
28.863,t2_squeezenet,966.995,46.132,22,0
28.905,t2_squeezenet,974.059,42.096,22,0
28.950,t2_squeezenet,1012.348,44.679,21,0
28.996,t2_squeezenet,991.683,46.579,20,0
29.040,t2_squeezenet,911.839,44.074,19,0
29.084,t2_squeezenet,949.877,43.185,19,0
29.129,t2_squeezenet,986.322,45.273,20,0
29.175,t2_squeezenet,990.879,45.619,20,0
29.223,t2_squeezenet,992.326,48.629,20,0
29.267,t2_squeezenet,959.130,43.993,20,0
29.311,t2_squeezenet,963.003,43.583,22,0
29.358,t2_squeezenet,970.736,46.583,21,0
29.403,t2_squeezenet,972.471,45.762,21,0
29.447,t2_squeezenet,971.547,43.355,20,0
29.492,t2_squeezenet,945.122,45.630,20,0
29.535,t2_squeezenet,918.826,42.450,19,0
29.580,t2_squeezenet,922.071,45.239,18,0
29.629,t2_squeezenet,953.099,48.689,17,0
29.671,t2_squeezenet,935.919,42.000,16,0
29.715,t2_squeezenet,971.709,43.602,15,0
29.763,t2_squeezenet,1010.964,48.406,15,0
29.810,t2_squeezenet,1009.821,46.824,16,0
29.851,t2_squeezenet,1045.497,40.634,17,0
29.898,t2_squeezenet,1003.597,47.216,17,0
29.943,t2_squeezenet,871.515,44.693,16,0
29.987,t2_squeezenet,899.709,43.801,15,0
30.032,t2_squeezenet,907.371,45.645,15,0
30.075,t2_squeezenet,901.646,43.211,15,0
30.122,t2_squeezenet,930.122,46.883,15,0
30.171,t2_squeezenet,925.102,48.358,14,0
30.215,t2_squeezenet,943.380,44.656,13,0
30.260,t2_squeezenet,968.953,44.109,12,0
30.304,t2_squeezenet,997.240,44.336,11,0
30.349,t2_squeezenet,985.173,45.472,13,0
30.396,t2_squeezenet,905.148,46.307,13,0
30.439,t2_squeezenet,696.264,42.691,12,0
30.482,t2_squeezenet,695.677,42.935,13,0
30.528,t2_squeezenet,719.548,46.575,12,0
30.577,t2_squeezenet,752.284,48.601,12,0
30.619,t2_squeezenet,788.242,42.223,15,0
30.666,t2_squeezenet,768.317,46.735,14,0
30.712,t2_squeezenet,690.712,45.921,14,0
30.757,t2_squeezenet,693.388,45.373,13,0
30.802,t2_squeezenet,714.031,45.013,13,0
30.845,t2_squeezenet,536.777,42.451,14,0
30.888,t2_squeezenet,541.344,43.168,15,0
30.936,t2_squeezenet,588.474,48.213,15,0
30.981,t2_squeezenet,599.072,44.457,17,0
31.024,t2_squeezenet,558.949,43.231,19,0
31.072,t2_squeezenet,596.334,48.020,20,0
31.118,t2_squeezenet,560.802,46.062,19,0
31.165,t2_squeezenet,576.062,46.690,18,0
31.208,t2_squeezenet,615.003,43.218,20,0
31.252,t2_squeezenet,646.071,43.854,20,0
31.299,t2_squeezenet,689.654,46.351,22,0
31.344,t2_squeezenet,634.159,45.701,21,0
31.386,t2_squeezenet,617.399,41.940,23,0
31.431,t2_squeezenet,624.463,44.724,23,0
31.478,t2_squeezenet,652.862,46.750,22,0
31.524,t2_squeezenet,661.671,46.297,21,0
31.569,t2_squeezenet,686.416,44.744,21,0
31.614,t2_squeezenet,710.803,44.596,20,0
31.658,t2_squeezenet,713.909,43.764,20,0
31.706,t2_squeezenet,750.217,48.285,20,0
31.749,t2_squeezenet,784.541,43.366,20,0
31.791,t2_squeezenet,809.494,41.462,20,0
31.838,t2_squeezenet,853.539,46.678,21,0
31.884,t2_squeezenet,860.327,45.930,22,0
31.929,t2_squeezenet,892.749,45.732,23,0
31.975,t2_squeezenet,921.148,45.548,22,0
32.019,t2_squeezenet,846.661,43.831,21,0
32.066,t2_squeezenet,885.615,47.249,21,0
32.114,t2_squeezenet,907.915,48.165,21,0
32.156,t2_squeezenet,909.001,41.181,20,0
32.200,t2_squeezenet,946.344,44.320,22,0
32.247,t2_squeezenet,991.846,46.833,21,0
32.291,t2_squeezenet,1010.089,44.311,21,0
32.335,t2_squeezenet,985.682,43.849,21,0
32.380,t2_squeezenet,994.588,44.357,21,0
32.425,t2_squeezenet,1038.748,45.348,21,0
32.474,t2_squeezenet,1049.001,48.905,21,0
32.519,t2_squeezenet,975.132,44.818,22,0
32.562,t2_squeezenet,941.543,42.897,21,0
32.608,t2_squeezenet,948.572,45.840,20,0
32.655,t2_squeezenet,932.986,46.925,19,0
32.699,t2_squeezenet,937.124,44.347,20,0
32.743,t2_squeezenet,930.296,44.336,19,0
32.786,t2_squeezenet,956.168,43.063,19,0
32.832,t2_squeezenet,964.078,45.365,20,0
32.881,t2_squeezenet,1006.755,49.226,21,0
32.923,t2_squeezenet,1012.237,42.180,21,0
32.967,t2_squeezenet,1044.430,43.690,20,0
33.015,t2_squeezenet,993.767,48.022,19,0
33.060,t2_squeezenet,988.518,45.263,18,0
33.102,t2_squeezenet,921.389,41.946,20,0
33.148,t2_squeezenet,964.414,45.375,19,0
33.193,t2_squeezenet,1006.577,45.240,20,0
33.237,t2_squeezenet,972.623,44.280,20,0
33.284,t2_squeezenet,980.941,46.726,20,0
33.328,t2_squeezenet,962.373,43.557,19,0
33.373,t2_squeezenet,948.774,45.426,19,0
33.423,t2_squeezenet,997.287,49.557,19,0
33.468,t2_squeezenet,982.078,45.323,20,0
33.512,t2_squeezenet,996.796,43.815,21,0
33.557,t2_squeezenet,884.888,45.217,20,0
33.603,t2_squeezenet,922.309,45.471,20,0
33.649,t2_squeezenet,878.549,46.522,20,0
33.691,t2_squeezenet,895.470,41.466,19,0
33.735,t2_squeezenet,907.531,44.408,19,0
33.782,t2_squeezenet,945.610,46.585,18,0
33.830,t2_squeezenet,965.226,48.008,18,0
33.873,t2_squeezenet,966.248,42.992,17,0
33.918,t2_squeezenet,845.202,44.914,18,0
33.964,t2_squeezenet,887.050,45.924,17,0
34.010,t2_squeezenet,919.946,45.968,16,0
34.057,t2_squeezenet,903.602,46.715,18,0
34.099,t2_squeezenet,935.226,42.006,18,0
34.143,t2_squeezenet,934.885,43.901,20,0
34.190,t2_squeezenet,915.934,47.489,19,0
34.237,t2_squeezenet,894.258,46.378,21,0
34.279,t2_squeezenet,863.093,42.109,21,0
34.327,t2_squeezenet,896.522,47.962,20,0
34.372,t2_squeezenet,924.127,45.336,20,0
34.419,t2_squeezenet,922.443,46.906,19,0
34.463,t2_squeezenet,956.711,43.523,18,0
34.506,t2_squeezenet,919.435,42.677,17,0
34.551,t2_squeezenet,916.906,44.869,17,0
34.599,t2_squeezenet,907.052,48.034,16,0
34.639,t2_squeezenet,846.015,40.452,15,0
34.684,t2_squeezenet,786.768,44.585,20,0
34.730,t2_squeezenet,819.684,46.113,20,0
34.777,t2_squeezenet,766.231,47.187,19,0
34.815,t2_squeezenet,783.633,37.383,21,0
34.852,t2_squeezenet,804.162,36.943,20,0
34.887,t2_squeezenet,818.716,35.342,20,0
34.924,t2_squeezenet,818.416,36.744,21,0
34.968,t2_squeezenet,854.176,43.763,23,0
35.010,t2_squeezenet,878.365,41.956,26,0
35.055,t2_squeezenet,854.782,44.930,26,0
35.105,t2_squeezenet,889.641,49.961,30,0
35.149,t2_squeezenet,916.166,43.939,30,0
35.192,t2_squeezenet,920.985,43.267,29,0
35.240,t2_squeezenet,910.567,47.651,28,0
35.285,t2_squeezenet,777.291,45.651,27,0
35.329,t2_squeezenet,676.434,44.064,27,0
35.375,t2_squeezenet,716.985,45.184,26,0
35.418,t2_squeezenet,753.145,43.325,25,0
35.463,t2_squeezenet,794.550,44.435,25,0
35.511,t2_squeezenet,840.318,47.858,27,0
35.552,t2_squeezenet,872.704,41.780,30,0
35.597,t2_squeezenet,890.597,45.066,30,0
35.645,t2_squeezenet,864.167,47.368,30,0
35.691,t2_squeezenet,902.509,45.800,31,0
35.735,t2_squeezenet,940.662,44.176,31,0
35.779,t2_squeezenet,901.761,44.349,30,0
35.824,t2_squeezenet,919.277,44.144,30,0
35.872,t2_squeezenet,954.618,48.034,30,0
35.908,t2_squeezenet,955.432,35.890,30,0
35.943,t2_squeezenet,990.855,35.450,30,0
35.979,t2_squeezenet,1020.432,35.388,29,0
36.016,t2_squeezenet,1041.044,37.566,28,0
36.052,t2_squeezenet,1070.699,35.510,27,0
36.094,t2_squeezenet,1102.682,41.952,26,0
36.138,t2_squeezenet,1144.339,44.691,27,0
36.183,t2_squeezenet,1154.799,44.640,31,0
36.228,t2_squeezenet,1172.932,44.913,31,0
36.275,t2_squeezenet,1217.252,47.134,30,0
36.316,t2_squeezenet,1251.976,41.031,30,0
36.361,t2_squeezenet,1294.400,44.120,31,0
36.409,t2_squeezenet,1309.993,48.404,30,0
36.453,t2_squeezenet,1327.209,43.968,30,0
36.488,t2_squeezenet,1183.304,35.077,30,0
36.525,t2_squeezenet,1086.730,36.385,30,0
36.562,t2_squeezenet,1080.805,37.243,30,0
36.605,t2_squeezenet,1114.977,42.670,29,0
36.649,t2_squeezenet,1152.833,44.195,28,0
36.693,t2_squeezenet,1178.352,44.556,29,0
36.739,t2_squeezenet,1217.213,45.665,28,0
36.784,t2_squeezenet,1259.629,44.553,29,0
36.828,t2_squeezenet,1290.848,43.849,28,0
36.873,t2_squeezenet,1295.248,45.415,27,0
36.921,t2_squeezenet,1302.809,48.140,28,0
36.968,t2_squeezenet,1291.084,46.974,30,0
37.010,t2_squeezenet,1331.004,41.756,31,0
37.056,t2_squeezenet,1341.057,45.535,31,0
37.101,t2_squeezenet,1282.148,45.330,33,0
37.142,t2_squeezenet,1299.502,40.798,32,0
37.179,t2_squeezenet,1289.603,36.711,32,0
37.216,t2_squeezenet,1285.657,36.764,31,0
37.257,t2_squeezenet,1160.764,41.019,30,0
37.301,t2_squeezenet,1176.798,44.610,30,0
37.347,t2_squeezenet,1198.367,45.885,32,0
37.393,t2_squeezenet,1243.232,45.581,32,0
37.440,t2_squeezenet,1283.474,46.991,31,0
37.483,t2_squeezenet,1322.797,42.648,31,0
37.526,t2_squeezenet,1361.969,43.030,30,0
37.571,t2_squeezenet,1366.977,45.507,30,0
37.618,t2_squeezenet,1326.728,46.431,29,0
37.660,t2_squeezenet,1334.623,41.920,28,0
37.705,t2_squeezenet,1368.026,45.120,27,0
37.751,t2_squeezenet,1336.297,46.516,27,0
37.798,t2_squeezenet,1341.587,46.515,27,0
37.845,t2_squeezenet,1352.069,46.762,30,0
37.888,t2_squeezenet,1348.857,42.694,30,0
37.932,t2_squeezenet,1267.783,44.069,31,0
37.979,t2_squeezenet,1293.384,47.209,31,0
38.024,t2_squeezenet,1265.532,45.150,33,0
38.065,t2_squeezenet,1292.515,41.104,35,0
38.112,t2_squeezenet,1221.991,46.201,35,0
38.158,t2_squeezenet,1256.140,46.181,36,0
38.204,t2_squeezenet,1276.808,46.420,37,0
38.249,t2_squeezenet,1312.139,44.728,37,0
38.293,t2_squeezenet,1347.483,44.251,37,0
38.338,t2_squeezenet,1345.887,44.504,37,0
38.389,t2_squeezenet,1394.442,50.596,38,0
38.431,t2_squeezenet,1383.417,41.971,38,0
38.474,t2_squeezenet,1412.382,43.767,37,0
38.520,t2_squeezenet,1440.773,45.392,37,0
38.567,t2_squeezenet,1485.343,46.667,36,0
38.611,t2_squeezenet,1447.199,44.481,37,0
38.656,t2_squeezenet,1363.553,45.304,37,0
38.702,t2_squeezenet,1382.041,45.300,39,0
38.750,t2_squeezenet,1408.853,47.715,38,0
38.796,t2_squeezenet,1454.929,46.399,37,0
38.838,t2_squeezenet,1448.290,42.112,37,0
38.884,t2_squeezenet,1434.537,46.309,36,0
38.930,t2_squeezenet,1371.693,45.750,37,0
38.976,t2_squeezenet,1239.908,45.337,36,0
39.016,t2_squeezenet,1239.792,39.930,36,0
39.057,t2_squeezenet,1252.245,41.550,36,0
39.100,t2_squeezenet,1275.896,42.681,37,0
39.148,t2_squeezenet,1314.114,47.754,38,0
39.189,t2_squeezenet,1354.210,41.324,38,0
39.232,t2_squeezenet,1371.716,43.340,40,0
39.267,t2_squeezenet,1378.996,34.605,39,0
39.315,t2_squeezenet,1422.162,47.574,39,0
39.358,t2_squeezenet,1424.680,43.116,39,0
39.403,t2_squeezenet,1422.627,45.271,38,0
39.438,t2_squeezenet,1425.711,34.857,37,0
39.479,t2_squeezenet,1455.240,40.751,37,0
39.525,t2_squeezenet,1498.851,46.083,37,0
39.568,t2_squeezenet,1516.134,42.623,36,0
39.611,t2_squeezenet,1554.788,43.451,37,0
39.657,t2_squeezenet,1565.175,45.675,37,0
39.703,t2_squeezenet,1574.596,45.814,38,0
39.745,t2_squeezenet,1606.208,42.094,37,0
39.791,t2_squeezenet,1623.984,45.581,37,0
39.837,t2_squeezenet,1636.131,46.655,39,0
39.873,t2_squeezenet,1628.333,36.147,38,0
39.905,t2_squeezenet,1620.352,31.663,37,0
39.937,t2_squeezenet,1611.911,31.591,37,0
39.976,t2_squeezenet,1620.108,38.856,37,0
40.021,t2_squeezenet,1648.860,45.242,36,0
40.064,t2_squeezenet,1658.891,43.092,38,0
40.095,t2_squeezenet,1577.050,31.055,37,0
40.133,t2_squeezenet,1553.568,38.081,37,0
40.180,t2_squeezenet,1596.148,47.055,38,0
40.228,t2_squeezenet,1572.633,47.793,38,0
40.270,t2_squeezenet,1605.904,42.181,37,0
40.316,t2_squeezenet,1644.618,45.908,36,0
40.363,t2_squeezenet,1675.263,46.423,37,0
40.401,t2_squeezenet,1583.337,38.393,37,0
40.445,t2_squeezenet,1538.294,43.499,36,0
40.486,t2_squeezenet,1576.832,41.199,38,0
40.521,t2_squeezenet,1506.640,34.725,38,0
40.568,t2_squeezenet,1517.425,46.772,37,0
40.604,t2_squeezenet,1535.375,35.970,37,0
40.646,t2_squeezenet,1557.327,41.802,38,0
40.691,t2_squeezenet,1571.354,45.541,37,0
40.739,t2_squeezenet,1604.372,47.325,37,0
40.782,t2_squeezenet,1611.274,43.848,36,0
40.828,t2_squeezenet,1634.173,45.208,36,0
40.862,t2_squeezenet,1660.357,34.749,36,0
40.908,t2_squeezenet,1687.941,45.072,36,0
40.954,t2_squeezenet,1665.033,46.320,36,0
40.998,t2_squeezenet,1662.337,44.296,35,0
41.042,t2_squeezenet,1591.790,44.078,38,0
41.089,t2_squeezenet,1607.468,46.614,37,0
41.135,t2_squeezenet,1564.660,46.179,37,0
41.178,t2_squeezenet,1582.922,42.444,38,0
41.222,t2_squeezenet,1582.971,44.365,38,0
41.269,t2_squeezenet,1609.092,46.361,38,0
41.301,t2_squeezenet,1622.572,32.156,40,0
41.345,t2_squeezenet,1594.250,43.766,40,0
41.389,t2_squeezenet,1589.759,44.842,39,0
41.435,t2_squeezenet,1606.570,44.997,38,0
41.483,t2_squeezenet,1652.264,48.890,38,0
41.527,t2_squeezenet,1604.222,43.804,38,0
41.570,t2_squeezenet,1604.490,42.278,38,0
41.614,t2_squeezenet,1573.152,44.679,37,0
41.662,t2_squeezenet,1609.458,47.869,36,0
41.705,t2_squeezenet,1649.041,42.824,37,0
41.750,t2_squeezenet,1628.003,44.935,38,0
41.796,t2_squeezenet,1655.042,45.918,38,0
41.843,t2_squeezenet,1671.488,46.472,39,0
41.892,t2_squeezenet,1676.940,49.598,38,0
41.934,t2_squeezenet,1604.046,41.842,39,0
41.979,t2_squeezenet,1616.220,44.410,38,0
42.025,t2_squeezenet,1624.708,46.587,38,0
42.071,t2_squeezenet,1625.603,45.797,37,0
42.113,t2_squeezenet,1654.050,41.543,36,0
42.157,t2_squeezenet,1673.404,44.086,35,0
42.202,t2_squeezenet,1700.433,44.684,38,0
42.249,t2_squeezenet,1656.272,47.343,37,0
42.295,t2_squeezenet,1687.135,45.453,38,0
42.338,t2_squeezenet,1703.772,42.971,38,0
42.384,t2_squeezenet,1667.106,46.730,38,0
42.432,t2_squeezenet,1622.557,47.735,38,0
42.477,t2_squeezenet,1623.316,44.516,37,0
42.521,t2_squeezenet,1638.115,44.021,36,0
42.565,t2_squeezenet,1614.943,44.670,38,0
42.610,t2_squeezenet,1606.260,44.480,37,0
42.658,t2_squeezenet,1651.932,47.665,38,0
42.700,t2_squeezenet,1685.535,42.738,37,0
42.745,t2_squeezenet,1728.112,44.336,37,0
42.780,t2_squeezenet,1655.893,34.770,37,0
42.813,t2_squeezenet,1669.264,32.921,39,0
42.854,t2_squeezenet,1684.002,41.029,39,0
42.898,t2_squeezenet,1706.082,44.314,38,0
42.944,t2_squeezenet,1712.031,46.299,37,0
42.990,t2_squeezenet,1719.673,46.059,36,0
43.036,t2_squeezenet,1764.337,45.733,36,0
43.080,t2_squeezenet,1792.696,43.322,36,0
43.124,t2_squeezenet,1806.974,44.377,35,0
43.169,t2_squeezenet,1715.484,44.555,34,0
43.215,t2_squeezenet,1697.934,46.406,33,0
43.257,t2_squeezenet,1729.300,41.985,33,0
43.303,t2_squeezenet,1637.267,46.308,32,0
43.352,t2_squeezenet,1652.678,48.121,33,0
43.398,t2_squeezenet,1677.308,46.039,36,0
43.444,t2_squeezenet,1707.216,45.889,36,0
43.488,t2_squeezenet,1714.392,43.924,36,0
43.531,t2_squeezenet,1725.997,43.909,35,0
43.579,t2_squeezenet,1744.602,47.624,35,0
43.620,t2_squeezenet,1698.752,40.968,35,0
43.664,t2_squeezenet,1739.349,43.249,36,0
43.711,t2_squeezenet,1690.566,47.897,37,0
43.758,t2_squeezenet,1587.503,46.827,37,0
43.802,t2_squeezenet,1620.318,43.745,37,0
43.848,t2_squeezenet,1660.872,45.685,36,0
43.892,t2_squeezenet,1702.957,44.553,37,0
43.940,t2_squeezenet,1675.656,47.040,38,0
43.980,t2_squeezenet,1704.691,40.019,38,0
44.014,t2_squeezenet,1680.001,34.731,38,0
44.050,t2_squeezenet,1681.254,35.276,38,0
44.094,t2_squeezenet,1665.068,43.994,38,0
44.137,t2_squeezenet,1613.791,42.698,38,0
44.181,t2_squeezenet,1633.589,44.891,37,0
44.232,t2_squeezenet,1678.051,50.251,37,0
44.277,t2_squeezenet,1666.003,44.751,38,0
44.319,t2_squeezenet,1663.167,42.698,37,0
44.366,t2_squeezenet,1661.106,46.782,36,0
44.411,t2_squeezenet,1664.387,44.888,37,0
44.457,t2_squeezenet,1674.165,45.361,37,0
44.499,t2_squeezenet,1707.737,42.498,37,0
44.543,t2_squeezenet,1733.447,43.660,36,0
44.589,t2_squeezenet,1772.622,46.389,37,0
44.637,t2_squeezenet,1639.095,47.578,39,0
44.679,t2_squeezenet,1600.537,42.161,39,0
44.724,t2_squeezenet,1485.942,44.824,39,0
44.770,t2_squeezenet,1444.152,46.004,38,0
44.816,t2_squeezenet,1468.544,46.131,37,0
44.860,t2_squeezenet,1503.314,43.641,37,0
44.904,t2_squeezenet,1543.773,44.047,36,0
44.949,t2_squeezenet,1564.823,45.360,36,0
44.995,t2_squeezenet,1608.869,45.814,36,0
45.041,t2_squeezenet,1602.222,45.428,36,0
45.083,t2_squeezenet,1635.164,42.328,35,0
45.131,t2_squeezenet,1575.727,47.659,36,0
45.178,t2_squeezenet,1577.570,46.683,36,0
45.223,t2_squeezenet,1598.758,45.239,37,0
45.269,t2_squeezenet,1625.223,45.903,37,0
45.312,t2_squeezenet,1631.302,43.666,40,0
45.358,t2_squeezenet,1651.389,45.264,39,0
45.406,t2_squeezenet,1658.122,48.369,39,0
45.447,t2_squeezenet,1657.851,40.408,38,0
45.490,t2_squeezenet,1629.923,42.856,38,0
45.538,t2_squeezenet,1671.710,47.877,37,0
45.585,t2_squeezenet,1690.171,47.653,37,0
45.629,t2_squeezenet,1730.487,43.374,37,0
45.674,t2_squeezenet,1728.919,45.498,37,0
45.719,t2_squeezenet,1733.994,44.666,36,0
45.767,t2_squeezenet,1733.881,47.515,35,0
45.812,t2_squeezenet,1723.289,45.039,34,0
45.853,t2_squeezenet,1738.066,41.663,34,0
45.899,t2_squeezenet,1701.288,45.689,34,0
45.945,t2_squeezenet,1682.308,45.755,35,0
45.990,t2_squeezenet,1716.393,44.963,35,0
46.034,t2_squeezenet,1654.473,44.277,35,0
46.080,t2_squeezenet,1681.029,45.378,35,0
46.127,t2_squeezenet,1705.639,47.086,35,0
46.176,t2_squeezenet,1713.479,49.084,36,0
46.219,t2_squeezenet,1658.731,43.494,37,0
46.265,t2_squeezenet,1677.593,45.280,38,0
46.311,t2_squeezenet,1721.305,46.124,38,0
46.356,t2_squeezenet,1738.363,45.169,38,0
46.399,t2_squeezenet,1770.248,42.579,38,0
46.443,t2_squeezenet,1767.614,44.360,38,0
46.489,t2_squeezenet,1780.888,45.232,37,0
46.535,t2_squeezenet,1709.862,46.602,37,0
46.582,t2_squeezenet,1644.563,47.175,36,0
46.625,t2_squeezenet,1632.336,42.916,35,0
46.670,t2_squeezenet,1643.001,44.640,37,0
46.719,t2_squeezenet,1615.091,49.412,37,0
46.764,t2_squeezenet,1649.725,44.850,37,0
46.806,t2_squeezenet,1629.524,41.732,39,0
46.853,t2_squeezenet,1670.543,46.435,38,0
46.896,t2_squeezenet,1702.807,43.519,38,0
46.945,t2_squeezenet,1720.637,48.169,39,0
46.987,t2_squeezenet,1707.563,42.624,39,0
47.032,t2_squeezenet,1739.925,44.425,38,0
47.079,t2_squeezenet,1777.931,46.955,37,0
47.126,t2_squeezenet,1814.992,47.657,37,0
47.170,t2_squeezenet,1767.858,43.127,38,0
47.215,t2_squeezenet,1735.538,45.087,37,0
47.260,t2_squeezenet,1700.711,45.706,36,0
47.306,t2_squeezenet,1702.461,45.742,36,0
47.352,t2_squeezenet,1719.332,45.827,35,0
47.394,t2_squeezenet,1543.642,41.416,35,0
47.438,t2_squeezenet,1542.790,44.583,36,0
47.487,t2_squeezenet,1579.938,49.124,36,0
47.534,t2_squeezenet,1592.566,46.124,35,0
47.577,t2_squeezenet,1603.347,42.974,35,0
47.625,t2_squeezenet,1613.554,47.859,35,0
47.670,t2_squeezenet,1615.800,45.792,34,0
47.716,t2_squeezenet,1598.822,45.150,36,0
47.761,t2_squeezenet,1627.125,45.078,35,0
47.804,t2_squeezenet,1635.331,43.152,36,0
47.847,t2_squeezenet,1655.288,42.848,36,0
47.896,t2_squeezenet,1685.086,49.612,36,0
47.939,t2_squeezenet,1714.824,42.303,36,0
47.982,t2_squeezenet,1754.976,43.542,36,0
48.031,t2_squeezenet,1761.071,48.194,35,0
48.077,t2_squeezenet,1727.787,46.591,35,0
48.123,t2_squeezenet,1754.946,45.568,34,0
48.167,t2_squeezenet,1727.895,43.896,38,0
48.211,t2_squeezenet,1689.904,44.550,41,0
48.258,t2_squeezenet,1614.941,46.287,42,0
48.305,t2_squeezenet,1653.536,47.272,45,0
48.345,t2_squeezenet,1686.851,40.175,45,0
48.390,t2_squeezenet,1705.646,44.834,45,0
48.437,t2_squeezenet,1682.582,46.996,44,0
48.483,t2_squeezenet,1717.154,46.158,44,0
48.527,t2_squeezenet,1757.429,43.330,45,0
48.572,t2_squeezenet,1796.025,45.091,44,0
48.617,t2_squeezenet,1760.391,45.329,45,0
48.665,t2_squeezenet,1746.999,47.842,44,0
48.708,t2_squeezenet,1775.485,42.363,44,0
48.751,t2_squeezenet,1791.771,43.575,44,0
48.796,t2_squeezenet,1693.558,45.003,43,0
48.842,t2_squeezenet,1708.097,46.095,42,0
48.887,t2_squeezenet,1742.163,44.744,42,0
48.934,t2_squeezenet,1666.910,46.412,41,0
48.979,t2_squeezenet,1593.410,45.029,42,0
49.025,t2_squeezenet,1624.163,46.097,45,0
49.073,t2_squeezenet,1648.098,48.307,44,0
49.115,t2_squeezenet,1638.844,41.643,43,0
49.158,t2_squeezenet,1619.255,43.502,42,0
49.206,t2_squeezenet,1623.112,48.038,41,0
49.252,t2_squeezenet,1566.109,45.766,42,0
49.293,t2_squeezenet,1602.631,40.955,42,0
49.339,t2_squeezenet,1630.856,45.785,43,0
49.385,t2_squeezenet,1599.443,45.746,44,0
49.433,t2_squeezenet,1647.120,48.061,44,0
49.477,t2_squeezenet,1633.021,44.329,44,0
49.521,t2_squeezenet,1668.760,43.161,44,0
49.567,t2_squeezenet,1663.347,46.149,45,0
49.613,t2_squeezenet,1655.959,46.432,44,0
49.656,t2_squeezenet,1581.085,42.739,45,0
49.701,t2_squeezenet,1564.205,44.597,44,0
49.745,t2_squeezenet,1604.569,44.466,46,0
49.792,t2_squeezenet,1649.899,46.341,46,0
49.839,t2_squeezenet,1684.520,47.196,46,0
49.883,t2_squeezenet,1725.672,44.245,45,0
49.928,t2_squeezenet,1758.186,45.150,44,0
49.976,t2_squeezenet,1798.670,47.902,44,0
50.024,t2_squeezenet,1843.527,47.232,44,0
50.066,t2_squeezenet,1855.949,42.230,44,0
50.111,t2_squeezenet,1884.934,45.505,44,0
50.156,t2_squeezenet,1902.606,44.583,45,0
50.202,t2_squeezenet,1931.187,45.985,45,0
50.246,t2_squeezenet,1952.026,43.453,45,0
50.288,t2_squeezenet,1990.795,42.331,45,0
50.334,t2_squeezenet,2031.591,45.514,45,0
50.384,t2_squeezenet,2078.299,49.943,46,0
50.427,t2_squeezenet,2054.033,43.432,45,0
50.470,t2_squeezenet,2008.170,42.811,44,0
50.516,t2_squeezenet,2032.498,46.530,43,0
50.562,t2_squeezenet,2061.957,45.382,42,0
50.607,t2_squeezenet,2017.241,45.513,42,0
50.651,t2_squeezenet,2055.939,43.655,42,0
50.693,t2_squeezenet,1989.254,41.525,42,0
50.739,t2_squeezenet,1996.245,46.535,43,0
50.787,t2_squeezenet,1928.550,47.591,44,0
50.829,t2_squeezenet,1893.423,41.894,46,0
50.875,t2_squeezenet,1919.216,45.982,45,0
50.921,t2_squeezenet,1935.261,46.421,45,0
50.967,t2_squeezenet,1976.958,45.991,45,0
51.012,t2_squeezenet,2021.583,44.909,49,0
51.056,t2_squeezenet,2064.952,43.901,49,0
51.100,t2_squeezenet,1885.916,43.933,49,0
51.147,t2_squeezenet,1918.638,46.285,49,0
51.193,t2_squeezenet,1920.768,45.957,49,0
51.235,t2_squeezenet,1939.940,41.886,49,0
51.280,t2_squeezenet,1958.537,45.635,49,0
51.328,t2_squeezenet,1983.217,47.608,48,0
51.373,t2_squeezenet,1999.817,44.680,49,0
51.419,t2_squeezenet,2001.167,46.047,50,0
51.462,t2_squeezenet,1998.642,43.538,50,0
51.508,t2_squeezenet,2023.050,45.606,50,0
51.556,t2_squeezenet,2014.578,47.662,51,0
51.597,t2_squeezenet,2044.544,41.025,51,0
51.640,t2_squeezenet,1996.648,43.342,52,0
51.687,t2_squeezenet,2037.080,46.901,52,0
51.734,t2_squeezenet,2027.257,46.920,56,0
51.777,t2_squeezenet,2048.325,42.909,59,0
51.823,t2_squeezenet,2084.124,46.011,59,0
51.869,t2_squeezenet,2084.288,45.474,59,0
51.917,t2_squeezenet,2097.056,48.232,59,0
51.962,t2_squeezenet,2017.019,44.702,59,0
52.004,t2_squeezenet,1992.872,41.954,60,0
52.048,t2_squeezenet,1995.266,44.660,60,0
52.095,t2_squeezenet,1992.889,46.488,61,0
52.140,t2_squeezenet,1997.530,44.700,62,0
52.185,t2_squeezenet,2032.638,44.692,61,0
52.231,t2_squeezenet,2040.652,46.679,63,0
52.279,t2_squeezenet,2053.379,47.456,63,0
52.326,t2_squeezenet,2057.301,47.004,62,0
52.369,t2_squeezenet,2077.743,43.229,61,0
52.413,t2_squeezenet,2078.630,44.272,62,0
52.459,t2_squeezenet,2107.174,46.040,61,0
52.505,t2_squeezenet,1905.974,45.482,61,0
52.548,t2_squeezenet,1915.703,42.958,61,0
52.593,t2_squeezenet,1909.981,44.751,61,0
52.638,t2_squeezenet,1939.219,45.024,61,0
52.685,t2_squeezenet,1982.408,46.791,61,0
52.732,t2_squeezenet,1987.005,47.081,63,0
52.776,t2_squeezenet,2013.266,44.142,67,0
52.821,t2_squeezenet,2016.643,44.796,66,0
52.870,t2_squeezenet,2047.594,48.826,68,0
52.915,t2_squeezenet,2087.658,45.088,67,0
52.958,t2_squeezenet,2079.535,42.972,66,0
53.003,t2_squeezenet,2067.089,45.135,65,0
53.048,t2_squeezenet,2077.892,44.827,64,0
53.094,t2_squeezenet,2120.249,46.299,63,0
53.137,t2_squeezenet,2148.458,42.606,62,0
53.182,t2_squeezenet,2181.387,44.454,61,0
53.229,t2_squeezenet,2222.866,47.748,63,0
53.277,t2_squeezenet,2249.154,47.401,63,0
53.319,t2_squeezenet,2231.770,42.246,62,0
53.364,t2_squeezenet,2226.641,44.512,63,0
53.409,t2_squeezenet,2217.010,44.874,63,0
53.456,t2_squeezenet,2249.059,47.044,64,0
53.499,t2_squeezenet,2235.323,43.706,63,0
53.542,t2_squeezenet,2190.910,42.488,62,0
53.587,t2_squeezenet,2230.614,45.223,61,0
53.634,t2_squeezenet,2260.818,46.875,62,0
53.681,t2_squeezenet,2298.329,46.283,62,0
53.723,t2_squeezenet,2287.524,42.451,61,0
53.771,t2_squeezenet,2281.763,47.500,62,0
53.816,t2_squeezenet,2293.810,45.713,61,0
53.861,t2_squeezenet,2312.700,44.523,62,0
53.906,t2_squeezenet,2324.502,45.193,62,0
53.949,t2_squeezenet,2350.783,42.796,61,0
53.994,t2_squeezenet,2386.485,44.788,61,0
54.041,t2_squeezenet,2356.662,47.265,62,0
54.084,t2_squeezenet,2372.749,42.731,62,0
54.128,t2_squeezenet,2415.610,43.579,62,0
54.176,t2_squeezenet,2463.996,48.626,61,0
54.224,t2_squeezenet,2509.603,47.077,61,0
54.267,t2_squeezenet,2535.393,43.432,62,0
54.313,t2_squeezenet,2571.827,46.118,61,0
54.356,t2_squeezenet,2613.558,43.205,60,0
54.402,t2_squeezenet,2657.599,45.988,59,0
54.449,t2_squeezenet,2685.939,46.587,59,0
54.489,t2_squeezenet,2666.025,39.924,59,0
54.534,t2_squeezenet,2687.186,45.157,58,0
54.581,t2_squeezenet,2701.580,46.628,58,0
54.627,t2_squeezenet,2670.705,46.225,58,0
54.672,t2_squeezenet,2678.997,44.394,57,0
54.717,t2_squeezenet,2721.112,45.171,58,0
54.762,t2_squeezenet,2716.673,45.522,57,0
54.810,t2_squeezenet,2738.833,47.697,57,0
54.855,t2_squeezenet,2778.608,44.377,57,0
54.897,t2_squeezenet,2790.041,42.416,56,0
54.944,t2_squeezenet,2826.649,47.235,57,0
54.991,t2_squeezenet,2769.335,46.746,59,0
55.034,t2_squeezenet,2812.012,42.899,61,0
55.080,t2_squeezenet,2849.545,45.988,61,0
55.125,t2_squeezenet,2881.010,44.850,60,0
55.171,t2_squeezenet,2797.657,46.259,59,0
55.219,t2_squeezenet,2819.853,47.720,59,0
55.262,t2_squeezenet,2797.728,42.814,58,0
55.306,t2_squeezenet,2792.030,43.764,57,0
55.354,t2_squeezenet,2805.686,48.093,56,0
55.399,t2_squeezenet,2771.287,44.759,56,0
55.440,t2_squeezenet,2789.357,41.570,56,0
55.485,t2_squeezenet,2787.180,44.747,55,0
55.530,t2_squeezenet,2824.027,45.187,55,0
55.579,t2_squeezenet,2860.936,48.554,55,0
55.623,t2_squeezenet,2886.874,43.776,54,0
55.667,t2_squeezenet,2920.465,43.903,54,0
55.713,t2_squeezenet,2964.858,46.607,55,0
55.761,t2_squeezenet,2993.750,47.474,54,0
55.804,t2_squeezenet,3031.693,42.687,54,0
55.847,t2_squeezenet,3020.273,43.597,54,0
55.894,t2_squeezenet,3055.928,47.017,53,0
55.938,t2_squeezenet,3085.085,43.621,52,0
55.985,t2_squeezenet,2794.388,46.822,53,0
56.028,t2_squeezenet,2833.544,43.537,53,0
56.073,t2_squeezenet,2871.775,44.411,53,0
56.121,t2_squeezenet,2885.975,48.376,52,0
56.167,t2_squeezenet,2840.984,45.369,53,0
56.209,t2_squeezenet,2880.599,42.241,53,0
56.255,t2_squeezenet,2855.887,46.423,52,0
56.300,t2_squeezenet,2868.309,44.561,51,0
56.345,t2_squeezenet,2913.064,45.377,50,0
56.388,t2_squeezenet,2761.708,42.557,50,0
56.431,t2_squeezenet,2802.899,43.235,52,0
56.477,t2_squeezenet,2801.457,45.295,52,0
56.526,t2_squeezenet,2801.891,49.101,52,0
56.569,t2_squeezenet,2804.307,43.264,54,0
56.615,t2_squeezenet,2791.704,45.653,55,0
56.661,t2_squeezenet,2810.543,45.920,55,0
56.706,t2_squeezenet,2828.243,45.222,55,0
56.753,t2_squeezenet,2782.537,46.572,56,0
56.796,t2_squeezenet,2787.174,42.764,57,0
56.839,t2_squeezenet,2807.137,43.748,56,0
56.886,t2_squeezenet,2803.393,45.990,55,0
56.932,t2_squeezenet,2840.824,46.093,56,0
56.974,t2_squeezenet,2752.172,42.504,56,0
57.020,t2_squeezenet,2772.729,45.715,55,0
57.067,t2_squeezenet,2802.185,46.931,55,0
57.113,t2_squeezenet,2680.112,45.895,56,0
57.157,t2_squeezenet,2684.483,44.432,55,0
57.200,t2_squeezenet,2637.536,43.025,54,0
57.245,t2_squeezenet,2647.652,44.258,55,0
57.295,t2_squeezenet,2616.386,50.283,55,0
57.336,t2_squeezenet,2652.364,40.545,54,0
57.378,t2_squeezenet,2599.449,42.524,53,0
57.425,t2_squeezenet,2609.147,46.878,52,0
57.472,t2_squeezenet,2569.002,46.401,53,0
57.516,t2_squeezenet,2601.554,44.627,52,0
57.563,t2_squeezenet,2588.441,46.312,52,0
57.608,t2_squeezenet,2621.384,44.935,52,0
57.654,t2_squeezenet,2664.147,46.797,53,0
57.701,t2_squeezenet,2688.912,46.853,52,0
57.743,t2_squeezenet,2730.712,42.037,53,0
57.789,t2_squeezenet,2764.615,45.093,53,0
57.835,t2_squeezenet,2777.277,46.078,54,0
57.881,t2_squeezenet,2707.714,46.226,54,0
57.924,t2_squeezenet,2568.698,43.283,53,0
57.969,t2_squeezenet,2564.800,44.727,52,0
58.014,t2_squeezenet,2499.248,44.755,51,0
58.063,t2_squeezenet,2498.616,48.653,53,0
58.107,t2_squeezenet,2453.048,44.034,52,0
58.149,t2_squeezenet,2479.862,41.864,51,0
58.194,t2_squeezenet,2507.938,45.109,52,0
58.243,t2_squeezenet,2469.313,49.284,54,0
58.285,t2_squeezenet,2474.170,41.981,53,0
58.329,t2_squeezenet,2364.109,44.315,52,0
58.375,t2_squeezenet,2399.117,45.290,51,0
58.421,t2_squeezenet,2434.531,46.391,51,0
58.469,t2_squeezenet,2426.810,47.244,51,0
58.512,t2_squeezenet,2371.172,43.168,50,0
58.556,t2_squeezenet,2390.930,44.498,50,0
58.605,t2_squeezenet,2435.617,48.248,50,0
58.650,t2_squeezenet,2300.551,45.484,49,0
58.691,t2_squeezenet,2294.631,41.313,50,0
58.739,t2_squeezenet,2329.718,47.418,51,0
58.782,t2_squeezenet,2356.960,43.269,50,0
58.828,t2_squeezenet,2354.958,45.360,50,0
58.874,t2_squeezenet,2360.864,46.169,51,0
58.918,t2_squeezenet,2388.264,44.153,50,0
58.963,t2_squeezenet,2409.816,45.016,49,0
59.014,t2_squeezenet,2448.564,50.641,49,0
59.058,t2_squeezenet,2469.703,43.711,48,0
59.102,t2_squeezenet,2508.871,43.880,48,0
59.147,t2_squeezenet,2502.398,45.251,47,0
59.192,t2_squeezenet,2490.026,45.005,48,0
59.239,t2_squeezenet,2532.254,46.790,48,0
59.280,t2_squeezenet,2571.256,41.729,49,0
59.324,t2_squeezenet,2557.496,43.789,50,0
59.373,t2_squeezenet,2594.406,48.619,49,0
59.420,t2_squeezenet,2524.293,47.304,48,0
59.463,t2_squeezenet,2553.373,42.321,48,0
59.509,t2_squeezenet,2547.942,46.592,48,0
59.556,t2_squeezenet,2526.388,46.923,47,0
59.602,t2_squeezenet,2527.502,45.579,48,0
59.648,t2_squeezenet,2571.927,45.525,51,0
59.690,t2_squeezenet,2487.756,42.345,50,0
59.735,t2_squeezenet,2524.822,45.054,50,0
59.783,t2_squeezenet,2533.011,48.139,51,0
59.827,t2_squeezenet,2387.187,43.395,52,0
59.870,t2_squeezenet,2424.238,43.104,51,0
59.918,t2_squeezenet,2363.976,48.614,50,0
59.965,t2_squeezenet,2379.520,46.381,51,0
60.010,t2_squeezenet,2396.180,45.590,51,0
60.056,t2_squeezenet,2427.959,45.486,54,0
60.100,t2_squeezenet,2392.755,43.525,55,0
60.145,t2_squeezenet,2428.174,45.476,58,0
60.193,t2_squeezenet,2445.383,47.337,59,0
60.233,t2_squeezenet,2425.439,40.474,61,0
60.278,t2_squeezenet,2469.824,45.090,63,0
60.325,t2_squeezenet,2468.144,46.660,65,0
60.371,t2_squeezenet,2349.703,46.509,65,0
60.416,t2_squeezenet,2366.318,44.381,66,0
60.461,t2_squeezenet,2404.998,44.917,67,0
60.506,t2_squeezenet,2319.623,44.914,67,0
60.555,t2_squeezenet,2360.882,48.765,69,0
60.598,t2_squeezenet,2402.210,43.308,68,0
60.640,t2_squeezenet,2420.654,41.910,67,0
60.686,t2_squeezenet,2464.921,46.232,68,0
60.731,t2_squeezenet,2337.589,44.724,69,0
60.776,t2_squeezenet,2352.969,45.053,70,0
60.821,t2_squeezenet,2301.965,44.628,69,0
60.866,t2_squeezenet,2284.014,45.742,68,0
60.912,t2_squeezenet,2243.338,45.268,68,0
60.961,t2_squeezenet,2283.136,49.116,70,0
61.003,t2_squeezenet,2297.263,42.411,71,0
61.046,t2_squeezenet,2332.516,42.931,72,0
61.093,t2_squeezenet,2274.974,47.035,72,0
61.140,t2_squeezenet,2290.501,46.106,72,0
61.180,t2_squeezenet,2310.312,40.098,72,0
61.225,t2_squeezenet,2214.103,45.385,72,0
61.270,t2_squeezenet,2180.965,44.902,73,0
61.318,t2_squeezenet,2129.341,47.330,72,0
61.364,t2_squeezenet,2173.329,46.184,72,0
61.408,t2_squeezenet,2212.219,43.644,72,0
61.455,t2_squeezenet,2195.504,47.127,72,0
61.502,t2_squeezenet,2229.309,46.830,73,0
61.546,t2_squeezenet,2244.344,44.090,73,0
61.589,t2_squeezenet,2278.921,43.443,72,0
61.635,t2_squeezenet,2173.551,45.406,71,0
61.678,t2_squeezenet,2195.861,43.635,70,0
61.725,t2_squeezenet,2126.963,46.337,72,0
61.769,t2_squeezenet,2168.583,43.959,71,0
61.812,t2_squeezenet,2202.929,43.710,70,0
61.860,t2_squeezenet,2231.808,47.116,70,0
61.907,t2_squeezenet,2261.913,47.312,69,0
61.949,t2_squeezenet,2303.250,42.435,68,0
61.995,t2_squeezenet,2269.577,45.089,68,0
62.041,t2_squeezenet,2272.546,46.021,68,0
62.087,t2_squeezenet,2313.737,46.592,71,0
62.132,t2_squeezenet,2340.204,44.574,70,0
62.177,t2_squeezenet,2366.426,44.607,69,0
62.221,t2_squeezenet,2300.622,44.034,69,0
62.270,t2_squeezenet,2319.041,49.390,69,0
62.315,t2_squeezenet,2311.045,44.424,68,0
62.357,t2_squeezenet,2331.313,42.141,67,0
62.404,t2_squeezenet,2350.933,47.201,68,0
62.449,t2_squeezenet,2394.672,45.373,67,0
62.495,t2_squeezenet,2438.720,45.142,68,0
62.540,t2_squeezenet,2476.298,45.095,68,0
62.583,t2_squeezenet,2495.984,43.578,69,0
62.627,t2_squeezenet,2518.787,43.647,68,0
62.677,t2_squeezenet,2564.490,49.639,68,0
62.720,t2_squeezenet,2582.312,42.634,68,0
62.764,t2_squeezenet,2626.991,44.868,68,0
62.812,t2_squeezenet,2660.541,47.484,68,0
62.859,t2_squeezenet,2671.555,46.844,67,0
62.904,t2_squeezenet,2695.194,45.243,66,0
62.948,t2_squeezenet,2723.699,44.291,66,0
62.993,t2_squeezenet,2767.334,44.936,67,0
63.040,t2_squeezenet,2791.907,46.402,67,0
63.086,t2_squeezenet,2828.839,46.335,69,0
63.127,t2_squeezenet,2853.756,40.684,68,0
63.173,t2_squeezenet,2891.221,45.517,67,0
63.220,t2_squeezenet,2907.209,47.726,69,0
63.265,t2_squeezenet,2950.316,45.016,70,0
63.311,t2_squeezenet,2976.470,45.186,69,0
63.355,t2_squeezenet,2980.449,43.894,69,0
63.399,t2_squeezenet,2990.315,44.779,68,0
63.447,t2_squeezenet,3022.639,47.675,68,0
63.489,t2_squeezenet,3036.498,41.571,67,0
63.532,t2_squeezenet,3067.879,43.642,66,0
63.578,t2_squeezenet,3068.022,45.388,65,0
63.625,t2_squeezenet,3105.126,47.060,67,0
63.668,t2_squeezenet,3143.945,42.791,68,0
63.715,t2_squeezenet,3073.322,47.337,68,0
63.760,t2_squeezenet,3101.010,44.714,67,0
63.808,t2_squeezenet,3108.928,48.315,68,0
63.854,t2_squeezenet,3132.853,45.391,69,0
63.896,t2_squeezenet,3164.981,42.428,68,0
63.942,t2_squeezenet,3178.443,45.507,69,0
63.988,t2_squeezenet,3083.547,45.989,69,0
64.032,t2_squeezenet,3117.735,44.163,68,0
64.076,t2_squeezenet,3148.954,43.386,69,0
64.121,t2_squeezenet,3161.644,45.214,68,0
64.166,t2_squeezenet,3189.711,45.369,68,0
64.216,t2_squeezenet,3232.161,49.633,70,0
64.260,t2_squeezenet,3238.542,44.606,71,0
64.304,t2_squeezenet,3259.128,43.690,72,0
64.353,t2_squeezenet,3288.271,48.322,71,0
64.398,t2_squeezenet,3291.568,45.289,70,0
64.441,t2_squeezenet,3269.898,42.660,69,0
64.486,t2_squeezenet,3284.324,45.098,69,0
64.531,t2_squeezenet,3284.656,45.222,70,0
64.576,t2_squeezenet,3317.977,44.487,70,0
64.623,t2_squeezenet,3272.578,47.231,72,0
64.666,t2_squeezenet,3277.339,43.313,71,0
64.711,t2_squeezenet,3292.297,44.549,70,0
64.759,t2_squeezenet,3301.343,48.524,69,0
64.804,t2_squeezenet,3334.790,44.733,68,0
64.848,t2_squeezenet,3302.291,43.381,67,0
64.892,t2_squeezenet,3199.785,44.360,68,0
64.937,t2_squeezenet,3233.754,44.912,70,0
64.985,t2_squeezenet,3260.700,48.109,70,0
65.026,t2_squeezenet,3201.327,40.407,70,0
65.069,t2_squeezenet,3086.812,43.268,71,0
65.117,t2_squeezenet,3078.848,47.904,70,0
65.165,t2_squeezenet,3114.299,48.542,69,0
65.209,t2_squeezenet,3153.239,43.231,69,0
65.255,t2_squeezenet,3176.128,46.356,72,0
65.301,t2_squeezenet,3213.749,45.488,72,0
65.346,t2_squeezenet,3166.334,45.760,72,0
65.393,t2_squeezenet,3156.623,46.753,72,0
65.435,t2_squeezenet,3076.059,41.905,72,0
65.479,t2_squeezenet,3090.453,44.190,73,0
65.526,t2_squeezenet,3067.364,46.808,73,0
65.571,t2_squeezenet,3087.698,44.630,72,0
65.614,t2_squeezenet,3118.484,42.694,72,0
65.661,t2_squeezenet,3107.600,47.405,72,0
65.707,t2_squeezenet,3150.837,46.422,73,0
65.755,t2_squeezenet,3116.284,47.628,73,0
65.798,t2_squeezenet,3105.975,42.704,73,0
65.840,t2_squeezenet,3083.798,42.568,72,0
65.887,t2_squeezenet,3100.223,46.539,72,0
65.935,t2_squeezenet,3010.828,47.616,72,0
65.975,t2_squeezenet,3002.659,40.586,73,0
66.020,t2_squeezenet,3036.823,44.299,73,0
66.065,t2_squeezenet,3045.276,44.896,74,0
66.112,t2_squeezenet,3069.951,46.812,75,0
66.158,t2_squeezenet,3109.601,46.162,75,0
66.202,t2_squeezenet,3134.531,44.116,74,0
66.247,t2_squeezenet,3066.481,44.714,73,0
66.294,t2_squeezenet,3089.325,47.544,73,0
66.341,t2_squeezenet,3135.747,46.583,74,0
66.383,t2_squeezenet,3152.143,41.651,78,0
66.428,t2_squeezenet,3174.720,45.851,80,0
66.474,t2_squeezenet,3159.346,45.295,81,0
66.520,t2_squeezenet,3110.169,46.233,80,0
66.565,t2_squeezenet,2978.854,44.527,79,0
66.609,t2_squeezenet,3007.394,44.484,78,0
66.655,t2_squeezenet,3051.784,45.565,78,0
66.704,t2_squeezenet,3064.733,48.877,77,0
66.747,t2_squeezenet,3093.752,42.887,76,0
66.791,t2_squeezenet,3086.263,43.956,76,0
66.838,t2_squeezenet,3077.449,46.797,77,0
66.883,t2_squeezenet,3100.178,45.765,77,0
66.929,t2_squeezenet,3117.300,45.391,76,0
66.971,t2_squeezenet,3143.117,42.561,76,0
67.016,t2_squeezenet,3105.288,44.089,77,0
67.064,t2_squeezenet,3149.291,48.185,77,0
67.111,t2_squeezenet,3133.934,47.060,78,0
67.153,t2_squeezenet,3100.427,42.031,78,0
67.198,t2_squeezenet,3144.418,44.922,77,0
67.245,t2_squeezenet,3098.427,46.894,77,0
67.290,t2_squeezenet,3121.693,44.963,76,0
67.332,t2_squeezenet,3163.449,42.345,75,0
67.378,t2_squeezenet,3163.936,45.372,76,0
67.421,t2_squeezenet,3194.548,43.037,76,0
67.470,t2_squeezenet,3228.860,49.565,75,0
67.514,t2_squeezenet,3244.752,43.766,74,0
67.557,t2_squeezenet,3266.073,42.954,75,0
67.605,t2_squeezenet,3126.114,47.750,74,0
67.651,t2_squeezenet,3151.345,46.248,76,0
67.695,t2_squeezenet,3186.622,44.101,76,0
67.740,t2_squeezenet,3184.418,44.324,78,0
67.783,t2_squeezenet,3195.169,43.518,78,0
67.829,t2_squeezenet,3231.740,45.726,78,0
67.875,t2_squeezenet,3274.326,45.902,78,0
67.918,t2_squeezenet,3063.836,42.536,77,0
67.961,t2_squeezenet,3095.675,43.548,77,0
68.011,t2_squeezenet,3094.326,49.465,77,0
68.057,t2_squeezenet,3136.730,46.440,76,0
68.101,t2_squeezenet,3167.371,43.480,77,0
68.146,t2_squeezenet,3178.931,45.400,76,0
68.191,t2_squeezenet,3205.083,45.190,75,0
68.239,t2_squeezenet,3189.807,47.984,74,0
68.283,t2_squeezenet,3223.799,43.462,74,0
68.326,t2_squeezenet,3145.381,43.027,74,0
68.370,t2_squeezenet,3160.749,44.271,73,0
68.416,t2_squeezenet,3193.250,46.013,73,0
68.461,t2_squeezenet,3228.934,44.633,73,0
68.506,t2_squeezenet,3265.907,44.648,74,0
68.551,t2_squeezenet,3271.626,45.465,75,0
68.597,t2_squeezenet,3269.925,46.131,74,0
68.645,t2_squeezenet,3261.045,47.267,73,0
68.686,t2_squeezenet,3282.733,41.476,73,0
68.729,t2_squeezenet,3267.627,42.746,74,0
68.777,t2_squeezenet,3303.857,48.357,73,0
68.822,t2_squeezenet,3323.108,44.932,73,0
68.863,t2_squeezenet,3288.700,40.728,72,0
68.910,t2_squeezenet,3275.543,47.161,71,0
68.956,t2_squeezenet,3257.123,45.670,72,0
69.003,t2_squeezenet,3297.758,46.528,72,0
69.048,t2_squeezenet,3329.017,45.769,72,0
69.091,t2_squeezenet,3322.555,43.047,72,0
69.135,t2_squeezenet,3251.027,43.685,71,0
69.184,t2_squeezenet,3265.791,49.177,70,0
69.228,t2_squeezenet,3285.318,43.848,69,0
69.269,t2_squeezenet,3324.040,40.564,69,0
69.317,t2_squeezenet,3300.260,47.548,68,0
69.363,t2_squeezenet,3339.843,46.025,69,0
69.409,t2_squeezenet,3372.958,46.665,68,0
69.453,t2_squeezenet,3354.957,43.788,67,0
69.498,t2_squeezenet,3388.573,44.658,67,0
69.546,t2_squeezenet,3411.192,47.856,67,0
69.593,t2_squeezenet,3331.030,47.168,67,0
69.635,t2_squeezenet,3324.386,42.139,69,0
69.679,t2_squeezenet,3353.950,44.294,69,0
69.726,t2_squeezenet,3384.990,46.624,69,0
69.771,t2_squeezenet,3415.418,44.282,68,0
69.816,t2_squeezenet,3457.359,45.054,67,0
69.861,t2_squeezenet,3500.944,44.928,68,0
69.906,t2_squeezenet,3546.540,45.723,67,0
69.957,t2_squeezenet,3552.413,50.304,68,0
70.001,t2_squeezenet,3577.458,44.047,68,0
70.044,t2_squeezenet,3617.841,43.249,69,0
70.090,t2_squeezenet,3648.093,46.172,69,0
70.136,t2_squeezenet,3677.017,45.220,68,0
70.180,t2_squeezenet,3570.508,44.626,68,0
70.224,t2_squeezenet,3474.081,43.790,68,0
70.269,t2_squeezenet,3457.280,44.582,69,0
70.314,t2_squeezenet,3496.281,45.592,70,0
70.364,t2_squeezenet,3514.865,49.714,71,0
70.407,t2_squeezenet,3444.704,42.577,70,0
70.453,t2_squeezenet,3463.868,45.704,70,0
70.500,t2_squeezenet,3505.912,47.365,69,0
70.546,t2_squeezenet,3497.128,46.139,68,0
70.590,t2_squeezenet,3496.287,44.189,69,0
70.634,t2_squeezenet,3523.997,43.714,69,0
70.678,t2_squeezenet,3533.987,43.465,68,0
70.726,t2_squeezenet,3526.689,48.015,69,0
70.770,t2_squeezenet,3433.053,44.328,69,0
70.812,t2_squeezenet,3470.905,42.169,70,0
70.858,t2_squeezenet,3446.700,46.005,70,0
70.907,t2_squeezenet,3390.092,48.661,72,0
70.952,t2_squeezenet,3402.797,44.341,72,0
70.995,t2_squeezenet,3373.752,43.567,72,0
71.040,t2_squeezenet,3413.230,44.357,71,0
71.085,t2_squeezenet,3441.385,45.251,71,0
71.132,t2_squeezenet,3454.893,47.548,73,0
71.175,t2_squeezenet,3459.385,42.176,73,0
71.217,t2_squeezenet,3496.484,42.156,73,0
71.264,t2_squeezenet,3531.605,46.741,72,0
71.310,t2_squeezenet,3542.009,46.394,71,0
71.352,t2_squeezenet,3538.297,42.226,70,0
71.399,t2_squeezenet,3524.650,46.102,71,0
71.444,t2_squeezenet,3491.245,45.300,71,0
71.490,t2_squeezenet,3480.085,45.697,72,0
71.537,t2_squeezenet,3479.163,47.318,71,0
71.579,t2_squeezenet,3519.013,41.914,70,0
71.623,t2_squeezenet,3369.655,44.535,70,0
71.671,t2_squeezenet,3345.961,46.965,70,0
71.716,t2_squeezenet,3318.806,45.769,71,0
71.759,t2_squeezenet,3323.910,42.886,70,0
71.806,t2_squeezenet,3334.984,46.986,71,0
71.853,t2_squeezenet,3352.239,46.722,71,0
71.902,t2_squeezenet,3394.571,48.538,73,0
71.945,t2_squeezenet,3435.899,43.264,73,0
71.989,t2_squeezenet,3339.958,43.873,73,0
72.035,t2_squeezenet,3335.038,46.020,73,0
72.082,t2_squeezenet,3355.919,46.615,72,0
72.123,t2_squeezenet,3312.548,40.994,71,0
72.167,t2_squeezenet,3240.006,44.423,70,0
72.213,t2_squeezenet,3260.048,46.124,73,0
72.260,t2_squeezenet,3287.072,47.093,72,0
72.307,t2_squeezenet,3273.231,46.395,71,0
72.351,t2_squeezenet,3300.875,43.935,70,0
72.395,t2_squeezenet,3127.220,44.455,69,0
72.444,t2_squeezenet,3126.842,48.150,68,0
72.489,t2_squeezenet,3136.154,45.218,68,0
72.530,t2_squeezenet,3076.860,41.264,68,0
72.576,t2_squeezenet,3041.871,46.255,68,0
72.621,t2_squeezenet,3063.145,44.418,67,0
72.667,t2_squeezenet,3048.927,45.673,68,0
72.712,t2_squeezenet,3087.702,44.917,68,0
72.756,t2_squeezenet,3128.767,44.257,67,0
72.801,t2_squeezenet,3163.676,44.957,66,0
72.849,t2_squeezenet,3164.015,48.275,66,0
72.893,t2_squeezenet,3062.999,43.438,67,0
72.936,t2_squeezenet,3085.727,43.497,67,0
72.983,t2_squeezenet,3072.139,46.164,68,0
73.029,t2_squeezenet,3104.153,46.053,68,0
73.072,t2_squeezenet,3077.762,42.802,67,0
73.116,t2_squeezenet,3113.681,44.528,68,0
73.160,t2_squeezenet,3144.595,44.265,67,0
73.208,t2_squeezenet,3160.594,47.921,66,0
73.255,t2_squeezenet,3084.256,46.618,67,0
73.297,t2_squeezenet,3091.926,42.346,66,0
73.343,t2_squeezenet,3105.326,45.998,68,0
73.390,t2_squeezenet,3151.114,46.129,67,0
73.435,t2_squeezenet,3163.678,45.045,68,0
73.477,t2_squeezenet,3178.583,42.182,68,0
73.522,t2_squeezenet,3199.688,45.325,68,0
73.566,t2_squeezenet,3202.293,43.955,69,0
73.615,t2_squeezenet,3182.625,48.037,71,0
73.658,t2_squeezenet,3106.279,42.941,72,0
73.701,t2_squeezenet,3148.156,43.500,73,0
73.749,t2_squeezenet,3131.305,47.813,73,0
73.796,t2_squeezenet,3101.867,47.024,72,0
73.839,t2_squeezenet,3137.441,42.719,72,0
73.885,t2_squeezenet,3119.139,46.328,74,0
73.929,t2_squeezenet,3157.286,43.540,74,0
73.975,t2_squeezenet,3190.283,46.364,74,0
74.022,t2_squeezenet,3182.923,46.988,75,0
74.064,t2_squeezenet,3193.709,41.966,75,0
74.108,t2_squeezenet,3219.228,43.978,74,0
74.158,t2_squeezenet,3254.114,49.672,73,0
74.204,t2_squeezenet,3253.942,46.330,72,0
74.248,t2_squeezenet,3285.355,43.949,72,0
74.294,t2_squeezenet,3243.476,46.111,73,0
74.339,t2_squeezenet,3235.672,44.309,73,0
74.387,t2_squeezenet,3277.598,47.701,73,0
74.430,t2_squeezenet,3316.741,43.508,73,0
74.472,t2_squeezenet,3329.871,42.094,74,0
74.519,t2_squeezenet,3334.314,46.267,76,0
74.567,t2_squeezenet,3213.839,48.422,75,0
74.611,t2_squeezenet,3227.372,43.458,74,0
74.656,t2_squeezenet,3248.898,45.369,74,0
74.702,t2_squeezenet,3247.576,45.751,74,0
74.748,t2_squeezenet,3262.743,46.021,73,0
74.796,t2_squeezenet,3182.420,47.944,72,0
74.838,t2_squeezenet,3197.541,41.833,72,0
74.882,t2_squeezenet,3198.092,43.718,71,0
74.929,t2_squeezenet,3223.185,47.731,71,0
74.974,t2_squeezenet,3198.036,45.096,71,0
75.016,t2_squeezenet,3229.251,41.126,70,0
75.063,t2_squeezenet,3230.513,46.898,70,0
75.108,t2_squeezenet,3243.092,45.415,71,0
75.156,t2_squeezenet,3278.115,47.702,75,0
75.200,t2_squeezenet,3319.488,43.935,75,0
75.243,t2_squeezenet,3329.777,43.351,75,0
75.289,t2_squeezenet,3301.095,45.738,74,0
75.336,t2_squeezenet,3334.450,46.962,76,0
75.379,t2_squeezenet,3203.031,42.711,75,0
75.423,t2_squeezenet,3246.578,44.573,74,0
75.467,t2_squeezenet,3283.975,43.406,73,0
75.513,t2_squeezenet,3317.169,46.155,72,0
75.560,t2_squeezenet,3103.712,47.167,72,0
75.605,t2_squeezenet,3111.133,44.495,74,0
75.650,t2_squeezenet,3108.158,44.920,74,0
75.698,t2_squeezenet,3055.496,48.349,76,0
75.745,t2_squeezenet,3101.522,47.091,75,0
75.787,t2_squeezenet,3101.082,41.348,74,0
75.832,t2_squeezenet,2999.090,45.031,73,0
75.877,t2_squeezenet,3001.896,45.154,72,0
75.923,t2_squeezenet,3034.875,46.312,71,0
75.967,t2_squeezenet,3069.391,43.630,70,0
76.010,t2_squeezenet,3067.148,43.082,71,0
76.055,t2_squeezenet,3107.170,45.001,70,0
76.108,t2_squeezenet,3112.848,52.424,71,0
76.151,t2_squeezenet,3064.554,42.914,73,0
76.194,t2_squeezenet,3087.246,43.256,72,0
76.243,t2_squeezenet,3032.028,48.630,72,0
76.288,t2_squeezenet,3073.369,44.886,71,0
76.333,t2_squeezenet,3033.647,45.287,72,0
76.376,t2_squeezenet,3074.807,42.883,72,0
76.418,t2_squeezenet,3087.764,41.870,71,0
76.465,t2_squeezenet,3069.750,47.177,72,0
76.512,t2_squeezenet,3103.220,46.797,71,0
76.555,t2_squeezenet,3099.002,42.564,71,0
76.600,t2_squeezenet,3108.637,45.867,70,0
76.647,t2_squeezenet,3110.351,46.815,70,0
76.693,t2_squeezenet,3135.849,45.795,71,0
76.738,t2_squeezenet,3167.424,44.482,72,0
76.781,t2_squeezenet,3200.005,43.760,72,0
76.825,t2_squeezenet,3215.818,43.493,71,0
76.874,t2_squeezenet,3242.020,48.856,71,0
76.916,t2_squeezenet,3262.272,42.143,72,0
76.959,t2_squeezenet,3283.355,42.983,72,0
77.007,t2_squeezenet,3313.408,47.403,72,0
77.055,t2_squeezenet,3350.987,47.947,71,0
77.099,t2_squeezenet,3275.444,44.547,70,0
77.145,t2_squeezenet,3293.238,45.430,69,0
77.191,t2_squeezenet,3334.341,46.586,71,0
77.236,t2_squeezenet,3373.921,44.873,70,0
77.285,t2_squeezenet,3361.202,48.465,72,0
77.326,t2_squeezenet,3360.364,41.275,72,0
77.370,t2_squeezenet,3386.361,43.728,71,0
77.417,t2_squeezenet,3423.373,47.222,71,0
77.463,t2_squeezenet,3428.961,45.682,71,0
77.506,t2_squeezenet,3257.324,42.647,71,0
77.553,t2_squeezenet,3299.404,47.125,71,0
77.599,t2_squeezenet,3344.682,46.412,74,0
77.646,t2_squeezenet,3318.521,47.014,75,0
77.692,t2_squeezenet,3318.357,45.584,77,0
77.734,t2_squeezenet,3338.815,42.580,77,0
77.779,t2_squeezenet,3330.505,44.508,77,0
77.827,t2_squeezenet,3374.254,47.945,77,0
77.870,t2_squeezenet,3390.582,42.825,76,0
77.913,t2_squeezenet,3425.876,43.024,76,0
77.959,t2_squeezenet,3465.621,46.316,76,0
78.006,t2_squeezenet,3388.328,46.226,75,0
78.067,t2_squeezenet,3407.984,61.073,75,0
78.114,t2_squeezenet,3278.644,46.675,74,0
78.163,t2_squeezenet,3251.765,49.881,73,0
78.215,t2_squeezenet,3264.819,51.466,73,0
78.266,t2_squeezenet,3208.186,50.919,72,0
78.316,t2_squeezenet,3245.862,50.359,71,0
78.362,t2_squeezenet,3270.189,45.367,71,0
78.416,t2_squeezenet,3306.266,54.447,71,0
78.472,t2_squeezenet,3342.886,55.545,70,0
78.515,t2_squeezenet,3381.936,43.170,69,0
78.569,t2_squeezenet,3425.427,54.244,71,0
78.614,t2_squeezenet,3468.714,44.899,71,0
78.661,t2_squeezenet,3462.195,46.213,71,0
78.706,t2_squeezenet,3476.734,45.628,70,0
78.750,t2_squeezenet,3444.970,43.336,70,0
78.794,t2_squeezenet,3487.442,44.460,72,0
78.842,t2_squeezenet,3526.261,47.834,73,0
78.888,t2_squeezenet,3339.150,45.948,72,0
78.929,t2_squeezenet,3354.361,41.274,72,0
78.975,t2_squeezenet,3389.701,45.110,71,0
79.022,t2_squeezenet,3435.827,47.209,72,0
79.066,t2_squeezenet,3453.301,43.926,72,0
79.109,t2_squeezenet,3452.700,43.268,71,0
79.154,t2_squeezenet,3488.297,45.118,72,0
79.200,t2_squeezenet,3519.669,45.981,72,0
79.250,t2_squeezenet,3264.158,50.192,74,0
79.294,t2_squeezenet,3298.351,43.578,76,0
79.337,t2_squeezenet,3278.742,43.222,76,0
79.384,t2_squeezenet,3306.696,46.266,75,0
79.429,t2_squeezenet,3321.055,45.428,74,0
79.473,t2_squeezenet,3363.373,43.532,73,0
79.517,t2_squeezenet,3405.707,44.541,72,0
79.561,t2_squeezenet,3356.812,44.017,71,0
79.606,t2_squeezenet,3286.760,45.058,71,0
79.655,t2_squeezenet,3333.088,48.145,72,0
79.697,t2_squeezenet,3341.938,42.152,72,0
79.740,t2_squeezenet,3299.294,43.462,72,0
79.790,t2_squeezenet,3339.489,49.202,71,0
79.836,t2_squeezenet,3311.322,46.352,70,0
79.878,t2_squeezenet,3231.302,42.417,70,0
79.923,t2_squeezenet,3253.342,44.321,69,0
79.968,t2_squeezenet,3284.833,45.363,69,0
80.014,t2_squeezenet,3305.168,46.150,71,0
80.059,t2_squeezenet,3322.155,44.170,70,0
80.102,t2_squeezenet,3349.501,43.072,70,0
80.149,t2_squeezenet,3306.667,47.376,70,0
80.197,t2_squeezenet,3287.599,48.241,69,0
80.242,t2_squeezenet,3331.758,44.376,68,0
80.287,t2_squeezenet,3350.654,45.487,69,0
80.332,t2_squeezenet,3371.553,44.655,69,0
80.377,t2_squeezenet,3212.147,45.067,68,0
80.423,t2_squeezenet,3245.996,46.123,67,0
80.466,t2_squeezenet,3280.743,42.368,69,0
80.508,t2_squeezenet,3252.585,42.336,69,0
80.556,t2_squeezenet,3296.062,48.126,70,0
80.604,t2_squeezenet,3337.183,47.070,70,0
80.645,t2_squeezenet,3323.033,41.781,70,0
80.692,t2_squeezenet,3282.008,46.544,70,0
80.737,t2_squeezenet,3278.482,45.378,70,0
80.785,t2_squeezenet,3297.790,47.398,69,0
80.829,t2_squeezenet,3305.051,43.940,68,0
80.871,t2_squeezenet,3315.886,42.429,69,0
80.918,t2_squeezenet,3350.722,46.205,68,0
80.964,t2_squeezenet,3396.016,45.850,69,0
81.008,t2_squeezenet,3420.066,44.079,71,0
81.052,t2_squeezenet,3444.857,44.461,71,0
81.098,t2_squeezenet,3487.253,45.363,70,0
81.144,t2_squeezenet,3493.584,45.873,70,0
81.191,t2_squeezenet,3510.545,47.067,69,0
81.234,t2_squeezenet,3546.447,43.347,69,0
81.277,t2_squeezenet,3554.034,42.838,68,0
81.325,t2_squeezenet,3587.701,47.672,69,0
81.371,t2_squeezenet,3579.607,46.542,68,0
81.412,t2_squeezenet,3505.456,40.983,69,0
81.457,t2_squeezenet,3504.451,44.571,68,0
81.503,t2_squeezenet,3444.005,46.013,67,0
81.550,t2_squeezenet,3377.906,46.551,66,0
81.596,t2_squeezenet,3265.033,45.966,69,0
81.640,t2_squeezenet,3252.209,44.070,69,0
81.685,t2_squeezenet,3137.223,44.811,71,0
81.734,t2_squeezenet,3173.623,49.096,71,0
81.777,t2_squeezenet,3212.931,43.714,70,0
81.819,t2_squeezenet,3244.179,41.258,69,0
81.866,t2_squeezenet,3215.645,47.548,72,0
81.910,t2_squeezenet,3186.295,43.869,72,0
81.955,t2_squeezenet,3190.049,44.526,71,0
82.000,t2_squeezenet,3222.853,45.242,73,0
82.044,t2_squeezenet,3260.214,44.140,73,0
82.091,t2_squeezenet,3287.324,46.818,73,0
82.139,t2_squeezenet,3325.723,48.105,74,0
82.181,t2_squeezenet,3280.304,41.848,74,0
82.225,t2_squeezenet,3248.242,43.950,74,0
82.275,t2_squeezenet,3295.480,49.584,73,0
82.320,t2_squeezenet,3259.026,45.161,72,0
82.365,t2_squeezenet,3234.293,44.756,73,0
82.408,t2_squeezenet,3266.289,42.830,72,0
82.452,t2_squeezenet,3284.854,44.100,72,0
82.500,t2_squeezenet,3282.912,48.327,72,0
82.546,t2_squeezenet,3310.080,45.611,73,0
82.588,t2_squeezenet,3343.212,42.169,72,0
82.635,t2_squeezenet,3370.069,47.186,72,0
82.681,t2_squeezenet,3390.657,45.214,71,0
82.726,t2_squeezenet,3432.407,44.939,71,0
82.770,t2_squeezenet,3455.055,44.045,70,0
82.814,t2_squeezenet,3211.288,44.140,69,0
82.858,t2_squeezenet,3246.014,43.571,70,0
82.907,t2_squeezenet,3271.736,49.913,70,0
82.950,t2_squeezenet,3274.314,42.207,74,0
82.994,t2_squeezenet,3273.704,44.075,75,0
83.043,t2_squeezenet,3193.336,49.359,75,0
83.090,t2_squeezenet,3167.155,46.892,74,0
83.136,t2_squeezenet,3145.949,45.888,75,0
83.181,t2_squeezenet,3182.100,44.972,76,0
83.226,t2_squeezenet,3212.820,44.713,75,0
83.275,t2_squeezenet,3207.436,48.993,74,0
83.318,t2_squeezenet,3197.618,43.470,75,0
83.359,t2_squeezenet,3087.994,41.015,74,0
83.405,t2_squeezenet,3121.508,45.925,74,0
83.451,t2_squeezenet,3135.312,45.794,74,0
83.497,t2_squeezenet,3072.640,45.324,77,0
83.541,t2_squeezenet,3111.554,44.272,77,0
83.586,t2_squeezenet,3139.375,44.934,77,0
83.633,t2_squeezenet,3135.310,46.604,79,0
83.681,t2_squeezenet,3152.644,48.163,80,0
83.723,t2_squeezenet,3174.774,42.288,79,0
83.766,t2_squeezenet,3208.827,43.163,78,0
83.814,t2_squeezenet,3173.251,48.075,77,0
83.859,t2_squeezenet,3185.142,44.544,78,0
83.902,t2_squeezenet,3183.407,43.092,78,0
83.949,t2_squeezenet,3115.341,46.368,79,0
83.994,t2_squeezenet,3149.939,45.085,79,0
84.041,t2_squeezenet,3108.253,47.657,80,0
84.088,t2_squeezenet,3138.726,46.408,79,0
84.131,t2_squeezenet,3151.768,43.221,81,0
84.177,t2_squeezenet,3184.062,45.385,82,0
84.224,t2_squeezenet,3217.836,47.632,81,0
84.269,t2_squeezenet,3218.877,44.183,80,0
84.312,t2_squeezenet,3203.076,43.435,80,0
84.357,t2_squeezenet,3127.609,44.302,79,0
84.401,t2_squeezenet,3123.348,44.922,78,0
84.449,t2_squeezenet,3132.575,47.916,80,0
84.493,t2_squeezenet,3101.311,43.427,79,0
84.537,t2_squeezenet,3126.719,43.607,78,0
84.584,t2_squeezenet,3026.517,47.669,82,0
84.632,t2_squeezenet,3072.885,47.222,83,0
84.674,t2_squeezenet,3104.200,42.047,82,0
84.719,t2_squeezenet,3129.830,45.219,82,0
84.763,t2_squeezenet,3133.355,44.300,83,0
84.807,t2_squeezenet,3144.137,43.860,82,0
84.853,t2_squeezenet,3183.811,46.057,82,0
84.897,t2_squeezenet,3226.133,43.798,82,0
84.942,t2_squeezenet,3249.403,45.250,81,0
84.992,t2_squeezenet,3171.558,49.167,80,0
85.037,t2_squeezenet,3192.979,44.954,81,0
85.080,t2_squeezenet,3227.622,43.581,81,0
85.127,t2_squeezenet,3265.048,47.133,80,0
85.173,t2_squeezenet,3299.691,45.299,80,0
85.218,t2_squeezenet,3259.016,45.552,80,0
85.262,t2_squeezenet,3295.578,43.380,79,0
85.304,t2_squeezenet,3308.206,41.719,78,0
85.350,t2_squeezenet,3309.405,45.981,78,0
85.397,t2_squeezenet,3345.583,47.455,77,0
85.440,t2_squeezenet,3334.267,42.995,78,0
85.485,t2_squeezenet,3371.694,44.851,79,0
85.530,t2_squeezenet,3349.108,45.217,79,0
85.577,t2_squeezenet,3388.794,46.613,80,0
85.621,t2_squeezenet,3286.825,44.467,80,0
85.665,t2_squeezenet,3324.403,43.074,79,0
85.709,t2_squeezenet,3285.409,44.583,79,0
85.754,t2_squeezenet,3277.323,45.196,79,0
85.801,t2_squeezenet,3300.388,46.337,78,0
85.843,t2_squeezenet,3298.342,41.787,77,0
85.889,t2_squeezenet,3264.512,46.613,78,0
85.937,t2_squeezenet,3220.333,47.769,80,0
85.983,t2_squeezenet,3139.566,45.876,80,0
86.029,t2_squeezenet,3179.858,45.671,80,0
86.072,t2_squeezenet,3191.615,43.411,79,0
86.117,t2_squeezenet,3202.586,44.994,78,0
86.165,t2_squeezenet,3243.823,47.271,77,0
86.207,t2_squeezenet,3267.633,42.361,76,0
86.249,t2_squeezenet,3307.300,41.784,76,0
86.296,t2_squeezenet,3349.495,47.377,75,0
86.343,t2_squeezenet,3389.354,46.829,74,0
86.386,t2_squeezenet,3415.088,43.033,73,0
86.432,t2_squeezenet,3430.140,45.683,72,0
86.477,t2_squeezenet,3375.717,45.007,71,0
86.523,t2_squeezenet,3411.340,45.913,72,0
86.570,t2_squeezenet,3428.843,46.821,72,0
86.612,t2_squeezenet,3439.206,41.584,73,0
86.657,t2_squeezenet,3342.980,45.252,73,0
86.703,t2_squeezenet,3387.308,45.903,74,0
86.749,t2_squeezenet,3348.342,45.445,75,0
86.793,t2_squeezenet,3384.940,43.917,76,0
86.839,t2_squeezenet,3386.130,46.050,77,0
86.885,t2_squeezenet,3414.415,45.966,77,0
86.933,t2_squeezenet,3447.122,48.352,76,0
86.977,t2_squeezenet,3488.047,44.202,75,0
87.021,t2_squeezenet,3487.411,43.456,75,0
87.068,t2_squeezenet,3503.402,46.798,75,0
87.114,t2_squeezenet,3523.320,46.232,76,0
87.157,t2_squeezenet,3551.442,42.800,75,0
87.202,t2_squeezenet,3583.164,45.253,76,0
87.247,t2_squeezenet,3600.328,44.796,75,0
87.293,t2_squeezenet,3644.750,45.479,74,0
87.339,t2_squeezenet,3514.208,46.909,74,0
87.382,t2_squeezenet,3547.888,42.639,74,0
87.427,t2_squeezenet,3565.268,44.714,76,0
87.476,t2_squeezenet,3540.161,48.819,79,0
87.520,t2_squeezenet,3582.625,44.445,79,0
87.562,t2_squeezenet,3573.937,41.441,78,0
87.610,t2_squeezenet,3605.341,47.748,81,0
87.652,t2_squeezenet,3642.674,42.895,81,0
87.700,t2_squeezenet,3603.992,47.714,83,0
87.744,t2_squeezenet,3640.764,44.096,82,0
87.789,t2_squeezenet,3657.835,44.411,82,0
87.837,t2_squeezenet,3703.926,47.967,84,0
87.885,t2_squeezenet,3722.046,48.264,83,0
87.928,t2_squeezenet,3617.278,42.780,83,0
87.973,t2_squeezenet,3561.988,44.741,84,0
88.018,t2_squeezenet,3602.653,45.375,84,0
88.063,t2_squeezenet,3624.944,45.105,85,0
88.109,t2_squeezenet,3570.563,46.042,85,0
88.151,t2_squeezenet,3610.025,41.769,86,0
88.195,t2_squeezenet,3645.271,44.186,86,0
88.245,t2_squeezenet,3692.902,49.732,88,0
88.291,t2_squeezenet,3722.356,45.908,88,0
88.334,t2_squeezenet,3726.961,42.519,87,0
88.382,t2_squeezenet,3758.909,48.010,88,0
88.428,t2_squeezenet,3749.750,46.256,88,0
88.474,t2_squeezenet,3739.964,45.837,87,0
88.519,t2_squeezenet,3777.156,45.183,87,0
88.562,t2_squeezenet,3742.836,43.256,87,0
88.608,t2_squeezenet,3745.944,45.813,87,0
88.656,t2_squeezenet,3636.814,47.543,88,0
88.699,t2_squeezenet,3663.261,42.684,87,0
88.742,t2_squeezenet,3664.770,43.044,87,0
88.791,t2_squeezenet,3642.948,49.051,87,0
88.838,t2_squeezenet,3626.735,47.015,86,0
88.884,t2_squeezenet,3569.932,45.670,86,0
88.928,t2_squeezenet,3500.077,44.030,85,0
88.971,t2_squeezenet,3533.165,43.239,84,0
89.019,t2_squeezenet,3547.829,47.834,86,0
89.065,t2_squeezenet,3592.166,45.829,88,0
89.106,t2_squeezenet,3603.071,41.417,90,0
89.151,t2_squeezenet,3620.791,45.271,89,0
89.197,t2_squeezenet,3660.301,45.594,89,0
89.243,t2_squeezenet,3657.474,46.185,91,0
89.287,t2_squeezenet,3578.208,43.847,90,0
89.332,t2_squeezenet,3616.269,44.807,92,0
89.377,t2_squeezenet,3509.924,45.327,93,0
89.426,t2_squeezenet,3552.149,48.646,93,0
89.469,t2_squeezenet,3569.000,42.366,95,0
89.511,t2_squeezenet,3602.257,42.289,96,0
89.557,t2_squeezenet,3633.414,45.960,95,0
89.603,t2_squeezenet,3632.652,45.767,96,0
89.646,t2_squeezenet,3643.462,43.355,95,0
89.692,t2_squeezenet,3446.584,45.541,95,0
89.736,t2_squeezenet,3252.460,44.382,95,0
89.783,t2_squeezenet,3274.889,47.028,94,0
89.831,t2_squeezenet,3298.879,47.814,94,0
89.873,t2_squeezenet,3279.545,41.705,94,0
89.917,t2_squeezenet,3308.696,44.220,94,0
89.963,t2_squeezenet,3349.506,45.865,95,0
90.010,t2_squeezenet,3334.219,46.859,95,0
90.052,t2_squeezenet,3375.562,42.101,94,0
90.097,t2_squeezenet,3377.130,44.231,94,0
90.142,t2_squeezenet,3410.961,45.385,94,0
90.190,t2_squeezenet,3437.111,48.478,94,0
90.235,t2_squeezenet,3443.251,44.479,93,0
90.279,t2_squeezenet,3469.070,43.524,92,0
90.327,t2_squeezenet,3489.606,48.082,91,0
90.373,t2_squeezenet,3488.146,45.900,92,0
90.416,t2_squeezenet,3438.990,43.748,92,0
90.461,t2_squeezenet,3430.023,44.984,91,0
90.506,t2_squeezenet,3414.137,44.206,92,0
90.550,t2_squeezenet,3445.343,44.477,91,0
90.600,t2_squeezenet,3415.824,49.297,91,0
90.643,t2_squeezenet,3454.080,42.946,91,0
90.687,t2_squeezenet,3370.793,44.569,90,0
90.737,t2_squeezenet,3368.447,49.792,90,0
90.783,t2_squeezenet,3391.347,45.806,89,0
90.827,t2_squeezenet,3421.977,43.782,88,0
90.871,t2_squeezenet,3449.431,44.704,89,0
90.916,t2_squeezenet,3488.853,44.648,89,0
90.963,t2_squeezenet,3528.535,46.734,88,0
91.006,t2_squeezenet,3570.579,42.686,88,0
91.049,t2_squeezenet,3610.464,43.289,88,0
91.095,t2_squeezenet,3590.271,45.606,89,0
91.143,t2_squeezenet,3578.740,47.921,88,0
91.186,t2_squeezenet,3604.693,43.719,88,0
91.231,t2_squeezenet,3645.251,44.134,87,0
91.276,t2_squeezenet,3684.687,45.393,87,0
91.321,t2_squeezenet,3693.830,45.366,86,0
91.368,t2_squeezenet,3694.320,46.999,86,0
91.410,t2_squeezenet,3735.613,41.646,85,0
91.453,t2_squeezenet,3767.189,43.057,84,0
91.501,t2_squeezenet,3745.989,47.689,83,0
91.547,t2_squeezenet,3750.779,46.211,84,0
91.590,t2_squeezenet,3787.099,42.136,83,0
91.638,t2_squeezenet,3830.298,48.311,84,0
91.683,t2_squeezenet,3795.331,45.263,83,0
91.729,t2_squeezenet,3800.893,45.662,85,0
91.774,t2_squeezenet,3811.906,44.941,87,0
91.816,t2_squeezenet,3802.849,42.367,87,0
91.861,t2_squeezenet,3807.694,44.739,87,0
91.911,t2_squeezenet,3851.372,49.879,89,0
91.954,t2_squeezenet,3887.275,42.467,89,0
91.996,t2_squeezenet,3850.478,42.690,89,0
92.043,t2_squeezenet,3895.632,46.632,90,0
92.090,t2_squeezenet,3908.356,46.523,91,0
92.137,t2_squeezenet,3928.807,46.839,91,0
92.181,t2_squeezenet,3950.722,44.014,90,0
92.225,t2_squeezenet,3990.186,44.062,90,0
92.272,t2_squeezenet,3981.128,47.363,89,0
92.319,t2_squeezenet,3962.701,46.725,90,0
92.360,t2_squeezenet,4003.152,40.694,89,0
92.405,t2_squeezenet,4003.653,45.539,90,0
92.450,t2_squeezenet,3966.425,44.504,90,0
92.495,t2_squeezenet,3941.269,45.096,90,0
92.539,t2_squeezenet,3941.158,44.346,89,0
92.584,t2_squeezenet,3967.104,44.847,89,0
92.629,t2_squeezenet,3996.879,44.493,88,0
92.679,t2_squeezenet,3971.864,49.834,87,0
92.722,t2_squeezenet,3936.135,43.283,86,0
92.765,t2_squeezenet,3881.864,42.817,85,0
92.811,t2_squeezenet,3809.705,46.532,84,0
92.858,t2_squeezenet,3850.323,46.780,83,0
92.902,t2_squeezenet,3886.494,43.406,82,0
92.947,t2_squeezenet,3925.035,45.690,82,0
92.991,t2_squeezenet,3946.730,43.997,82,0
93.039,t2_squeezenet,3993.311,47.234,83,0
93.088,t2_squeezenet,4019.794,49.136,86,0
93.130,t2_squeezenet,4026.028,41.959,86,0
93.176,t2_squeezenet,4070.472,46.165,85,0
93.221,t2_squeezenet,4063.068,44.676,84,0
93.267,t2_squeezenet,4047.715,45.750,84,0
93.310,t2_squeezenet,4087.845,43.208,85,0
93.354,t2_squeezenet,4117.180,43.813,87,0
93.397,t2_squeezenet,4100.218,42.915,86,0
93.446,t2_squeezenet,4127.485,49.773,86,0
93.491,t2_squeezenet,4164.000,44.242,85,0
93.535,t2_squeezenet,4200.952,44.334,87,0
93.582,t2_squeezenet,4239.231,46.792,87,0
93.629,t2_squeezenet,4208.508,46.721,86,0
93.676,t2_squeezenet,4222.535,47.283,86,0
93.719,t2_squeezenet,4261.802,42.701,85,0
93.762,t2_squeezenet,4294.869,43.591,85,0
93.809,t2_squeezenet,4333.915,46.147,84,0
93.853,t2_squeezenet,4357.372,44.424,83,0
93.895,t2_squeezenet,4330.190,41.904,84,0
93.941,t2_squeezenet,4366.425,45.525,84,0
93.987,t2_squeezenet,4303.559,46.454,86,0
94.034,t2_squeezenet,4328.721,46.333,85,0
94.079,t2_squeezenet,4283.413,45.738,85,0
94.124,t2_squeezenet,4291.943,44.510,84,0
94.168,t2_squeezenet,4281.003,43.668,83,0
94.217,t2_squeezenet,4282.912,49.127,82,0
94.261,t2_squeezenet,4314.895,43.958,82,0
94.304,t2_squeezenet,4314.614,43.007,81,0
94.349,t2_squeezenet,4253.517,44.868,81,0
94.395,t2_squeezenet,4259.039,45.755,80,0
94.440,t2_squeezenet,4287.137,45.129,80,0
94.486,t2_squeezenet,4125.268,46.182,79,0
94.531,t2_squeezenet,4168.962,44.577,79,0
94.577,t2_squeezenet,4201.804,46.638,78,0
94.625,t2_squeezenet,4152.686,47.377,78,0
94.665,t2_squeezenet,4166.224,40.744,77,0
94.708,t2_squeezenet,4111.291,42.789,76,0
94.754,t2_squeezenet,4131.608,45.990,75,0
94.800,t2_squeezenet,4105.234,45.237,76,0
94.843,t2_squeezenet,4009.091,42.914,75,0
94.887,t2_squeezenet,4017.993,44.444,76,0
94.932,t2_squeezenet,4034.287,44.689,75,0
94.980,t2_squeezenet,3986.934,48.085,75,0
95.023,t2_squeezenet,4008.550,42.909,76,0
95.065,t2_squeezenet,4006.385,42.032,78,0
95.110,t2_squeezenet,4033.831,45.248,78,0
95.157,t2_squeezenet,3994.226,46.225,79,0
95.200,t2_squeezenet,3946.291,43.295,79,0
95.245,t2_squeezenet,3893.073,45.414,81,0
95.290,t2_squeezenet,3781.412,44.592,80,0
95.336,t2_squeezenet,3808.966,45.735,79,0
95.382,t2_squeezenet,3769.519,46.516,79,0
95.424,t2_squeezenet,3808.454,41.166,79,0
95.466,t2_squeezenet,3781.385,42.846,78,0
95.512,t2_squeezenet,3815.829,46.045,78,0
95.558,t2_squeezenet,3861.346,45.662,80,0
95.600,t2_squeezenet,3865.703,42.125,80,0
95.646,t2_squeezenet,3887.932,45.969,79,0
95.691,t2_squeezenet,3925.362,44.807,80,0
95.740,t2_squeezenet,3965.012,48.674,82,0
95.784,t2_squeezenet,3954.138,43.801,84,0
95.827,t2_squeezenet,3921.214,42.986,83,0
95.872,t2_squeezenet,3964.985,45.098,82,0
95.917,t2_squeezenet,4007.182,44.903,81,0
95.962,t2_squeezenet,4014.389,44.577,80,0
96.005,t2_squeezenet,4019.138,43.569,79,0
96.052,t2_squeezenet,4044.144,46.249,78,0
96.097,t2_squeezenet,4074.562,45.508,79,0
96.145,t2_squeezenet,4099.675,47.426,80,0
96.187,t2_squeezenet,4127.732,42.033,79,0
96.230,t2_squeezenet,4104.851,42.952,79,0
96.276,t2_squeezenet,4065.290,46.658,80,0
96.321,t2_squeezenet,4022.933,44.644,81,0
96.364,t2_squeezenet,4054.494,42.726,82,0
96.409,t2_squeezenet,4047.894,44.866,83,0
96.456,t2_squeezenet,4090.133,46.857,83,0
96.502,t2_squeezenet,4096.658,46.675,83,0
96.548,t2_squeezenet,4061.687,45.512,85,0
96.590,t2_squeezenet,4032.924,42.491,85,0
96.634,t2_squeezenet,3728.621,43.184,85,0
96.682,t2_squeezenet,3724.327,48.345,85,0
96.725,t2_squeezenet,3693.373,42.650,85,0
96.767,t2_squeezenet,3729.560,42.449,85,0
96.815,t2_squeezenet,3770.100,47.325,84,0
96.861,t2_squeezenet,3798.139,46.093,84,0
96.907,t2_squeezenet,3829.372,46.402,84,0
96.950,t2_squeezenet,3862.540,42.243,83,0
96.993,t2_squeezenet,3893.804,42.964,82,0
97.039,t2_squeezenet,3817.734,46.216,83,0
97.084,t2_squeezenet,3799.104,45.550,83,0
97.127,t2_squeezenet,3824.662,42.142,82,0
97.170,t2_squeezenet,3855.443,43.671,81,0
97.217,t2_squeezenet,3896.269,46.662,82,0
97.264,t2_squeezenet,3917.940,47.214,82,0
97.308,t2_squeezenet,3910.953,43.808,81,0
97.352,t2_squeezenet,3857.882,43.887,83,0
97.396,t2_squeezenet,3897.642,43.428,83,0
97.442,t2_squeezenet,3906.895,45.978,82,0
97.486,t2_squeezenet,3927.427,44.606,81,0
97.528,t2_squeezenet,3890.157,42.040,81,0
97.573,t2_squeezenet,3813.326,44.574,80,0
97.620,t2_squeezenet,3757.352,47.348,82,0
97.666,t2_squeezenet,3778.169,45.946,85,0
97.711,t2_squeezenet,3806.140,44.885,87,0
97.755,t2_squeezenet,3812.189,43.350,87,0
97.799,t2_squeezenet,3838.995,43.967,87,0
97.846,t2_squeezenet,3870.305,47.504,86,0
97.887,t2_squeezenet,3828.063,40.698,88,0
97.930,t2_squeezenet,3690.781,43.161,87,0
97.977,t2_squeezenet,3663.918,46.962,88,0
98.025,t2_squeezenet,3593.915,47.287,89,0
98.068,t2_squeezenet,3554.193,43.714,89,0
98.114,t2_squeezenet,3522.226,45.760,89,0
98.159,t2_squeezenet,3404.478,44.737,88,0
98.205,t2_squeezenet,3429.052,45.975,88,0
98.250,t2_squeezenet,3400.982,44.955,88,0
98.294,t2_squeezenet,3432.944,43.732,88,0
98.337,t2_squeezenet,3381.389,42.816,87,0
98.383,t2_squeezenet,3398.714,46.306,86,0
98.429,t2_squeezenet,3417.375,45.646,87,0
98.473,t2_squeezenet,3445.719,44.158,87,0
98.518,t2_squeezenet,3476.466,45.113,87,0
98.563,t2_squeezenet,3515.955,44.948,87,0
98.611,t2_squeezenet,3524.450,47.455,87,0
98.652,t2_squeezenet,3522.475,41.600,86,0
98.696,t2_squeezenet,3545.262,43.448,86,0
98.741,t2_squeezenet,3551.530,45.224,85,0
98.788,t2_squeezenet,3583.391,46.573,84,0
98.831,t2_squeezenet,3602.417,43.184,84,0
98.879,t2_squeezenet,3638.304,48.441,84,0
98.924,t2_squeezenet,3542.495,44.355,83,0
98.972,t2_squeezenet,3569.409,47.760,82,0
99.017,t2_squeezenet,3542.310,45.536,82,0
99.059,t2_squeezenet,3546.402,42.111,81,0
99.107,t2_squeezenet,3572.601,47.127,80,0
99.151,t2_squeezenet,3609.279,44.833,80,0
99.196,t2_squeezenet,3635.926,44.659,79,0
99.241,t2_squeezenet,3589.015,45.053,80,0
99.288,t2_squeezenet,3628.423,46.374,79,0
99.334,t2_squeezenet,3627.323,46.183,78,0
99.382,t2_squeezenet,3674.136,48.059,77,0
99.425,t2_squeezenet,3710.992,43.135,76,0
99.468,t2_squeezenet,3727.916,42.910,75,0
99.515,t2_squeezenet,3771.792,47.175,75,0
99.561,t2_squeezenet,3796.075,46.021,75,0
99.603,t2_squeezenet,3514.379,41.309,75,0
99.649,t2_squeezenet,3557.513,45.936,77,0
99.693,t2_squeezenet,3586.076,43.633,76,0
99.739,t2_squeezenet,3626.374,46.189,78,0
99.787,t2_squeezenet,3575.104,48.105,77,0
99.830,t2_squeezenet,3560.804,43.403,78,0
99.875,t2_squeezenet,3604.351,44.338,78,0
99.924,t2_squeezenet,3635.054,48.802,79,0
99.968,t2_squeezenet,3659.915,44.804,81,0
100.010,t2_squeezenet,3678.237,41.267,81,0
100.054,t2_squeezenet,3713.468,43.862,80,0
100.099,t2_squeezenet,3720.253,45.643,81,0
100.147,t2_squeezenet,3752.124,47.707,80,0
100.191,t2_squeezenet,3774.565,43.654,80,0
100.235,t2_squeezenet,3760.600,44.504,80,0
100.283,t2_squeezenet,3775.508,47.147,79,0
100.331,t2_squeezenet,3814.453,48.540,80,0
100.374,t2_squeezenet,3835.625,42.298,80,0
100.417,t2_squeezenet,3867.851,43.528,80,0
100.462,t2_squeezenet,3850.937,45.227,81,0
100.509,t2_squeezenet,3844.369,46.170,82,0
100.552,t2_squeezenet,3830.487,43.340,81,0
100.596,t2_squeezenet,3855.455,43.636,82,0
100.640,t2_squeezenet,3784.610,44.483,82,0
100.688,t2_squeezenet,3815.395,47.778,82,0
100.734,t2_squeezenet,3739.494,46.212,82,0
100.776,t2_squeezenet,3738.714,42.018,81,0
100.821,t2_squeezenet,3752.327,44.931,80,0
100.868,t2_squeezenet,3679.352,46.926,82,0
100.914,t2_squeezenet,3713.219,45.366,82,0
100.956,t2_squeezenet,3736.981,42.562,82,0
101.000,t2_squeezenet,3682.224,43.212,81,0
101.044,t2_squeezenet,3698.970,44.756,82,0
101.095,t2_squeezenet,3746.401,50.608,82,0
101.138,t2_squeezenet,3754.795,43.332,82,0
101.182,t2_squeezenet,3655.456,43.848,82,0
101.230,t2_squeezenet,3650.595,47.528,81,0
101.275,t2_squeezenet,3672.607,45.275,81,0
101.321,t2_squeezenet,3708.301,46.094,82,0
101.364,t2_squeezenet,3730.194,43.108,82,0
101.408,t2_squeezenet,3762.126,44.044,83,0
101.454,t2_squeezenet,3803.496,45.082,83,0
101.500,t2_squeezenet,3843.894,45.853,83,0
101.541,t2_squeezenet,3872.289,41.901,82,0
101.588,t2_squeezenet,3885.113,45.994,82,0
101.634,t2_squeezenet,3927.540,46.947,81,0
101.680,t2_squeezenet,3946.953,45.939,81,0
101.725,t2_squeezenet,3930.169,44.555,81,0
101.770,t2_squeezenet,3899.419,45.338,82,0
101.815,t2_squeezenet,3938.944,44.251,83,0
101.864,t2_squeezenet,3984.375,49.371,83,0
101.905,t2_squeezenet,3974.191,41.223,82,0
101.948,t2_squeezenet,3983.857,42.360,82,0
101.995,t2_squeezenet,4015.062,47.052,82,0
102.042,t2_squeezenet,4052.671,47.119,82,0
102.087,t2_squeezenet,4034.356,44.625,84,0
102.133,t2_squeezenet,4033.947,46.194,83,0
102.178,t2_squeezenet,3978.222,44.459,82,0
102.223,t2_squeezenet,3973.517,45.020,84,0
102.271,t2_squeezenet,3995.472,48.644,84,0
102.312,t2_squeezenet,3922.223,40.984,83,0
102.355,t2_squeezenet,3951.446,42.712,84,0
102.403,t2_squeezenet,3948.206,48.169,86,0
102.449,t2_squeezenet,3967.943,45.749,88,0
102.493,t2_squeezenet,3941.288,43.878,87,0
102.538,t2_squeezenet,3927.902,44.353,86,0
102.583,t2_squeezenet,3910.290,45.099,85,0
102.632,t2_squeezenet,3838.975,48.951,84,0
102.676,t2_squeezenet,3823.764,44.178,84,0
102.718,t2_squeezenet,3744.121,42.418,84,0
102.764,t2_squeezenet,3625.169,45.498,83,0
102.810,t2_squeezenet,3604.992,46.479,84,0
102.853,t2_squeezenet,3643.702,42.572,83,0
102.897,t2_squeezenet,3398.982,43.831,86,0
102.943,t2_squeezenet,3417.919,45.780,85,0
102.989,t2_squeezenet,3392.751,45.815,84,0
103.037,t2_squeezenet,3412.347,48.475,85,0
103.080,t2_squeezenet,3444.609,42.909,86,0
103.124,t2_squeezenet,3482.835,44.129,85,0
103.171,t2_squeezenet,3468.257,46.930,84,0
103.217,t2_squeezenet,3493.150,45.455,85,0
103.259,t2_squeezenet,3524.908,41.734,86,0
103.305,t2_squeezenet,3480.973,46.351,85,0
103.348,t2_squeezenet,3518.575,43.178,84,0
103.395,t2_squeezenet,3562.800,47.055,85,0
103.441,t2_squeezenet,3558.378,46.101,86,0
103.485,t2_squeezenet,3593.436,43.668,87,0
103.531,t2_squeezenet,3598.947,45.645,86,0
103.580,t2_squeezenet,3634.135,49.072,88,0
103.625,t2_squeezenet,3669.577,44.615,89,0
103.669,t2_squeezenet,3661.274,43.857,90,0
103.713,t2_squeezenet,3646.160,44.652,90,0
103.757,t2_squeezenet,3689.245,44.204,91,0
103.804,t2_squeezenet,3654.546,46.078,91,0
103.847,t2_squeezenet,3645.597,42.821,90,0
103.890,t2_squeezenet,3583.875,43.000,90,0
103.937,t2_squeezenet,3611.362,47.118,90,0
103.985,t2_squeezenet,3630.668,47.847,91,0
104.027,t2_squeezenet,3619.575,42.097,91,0
104.072,t2_squeezenet,3653.642,45.305,93,0
104.117,t2_squeezenet,3662.760,45.234,94,0
104.164,t2_squeezenet,3698.857,46.408,93,0
104.207,t2_squeezenet,3703.712,43.443,93,0
104.252,t2_squeezenet,3669.009,44.788,94,0
104.295,t2_squeezenet,3704.690,42.669,93,0
104.343,t2_squeezenet,3713.058,47.708,94,0
104.390,t2_squeezenet,3706.542,47.462,94,0
104.434,t2_squeezenet,3742.199,43.812,96,0
104.482,t2_squeezenet,3639.418,47.931,98,0
104.528,t2_squeezenet,3678.123,45.860,98,0
104.574,t2_squeezenet,3705.611,45.471,97,0
104.618,t2_squeezenet,3711.863,44.230,98,0
104.662,t2_squeezenet,3725.180,43.669,99,0
104.706,t2_squeezenet,3695.765,44.664,100,0
104.756,t2_squeezenet,3726.045,49.482,102,0
104.796,t2_squeezenet,3738.861,40.326,101,0
104.840,t2_squeezenet,3723.885,43.548,101,0
104.888,t2_squeezenet,3747.471,48.267,101,0
104.935,t2_squeezenet,3696.405,47.199,101,0
104.979,t2_squeezenet,3687.810,43.836,102,0
105.024,t2_squeezenet,3729.970,45.292,101,0
105.070,t2_squeezenet,3720.280,45.353,101,0
105.116,t2_squeezenet,3738.263,45.868,100,0
105.162,t2_squeezenet,3766.211,46.076,99,0
105.204,t2_squeezenet,3756.562,42.066,100,0
105.248,t2_squeezenet,3773.756,44.070,100,0
105.294,t2_squeezenet,3748.965,46.255,99,0
105.339,t2_squeezenet,3699.386,44.749,99,0
105.383,t2_squeezenet,3696.779,43.305,98,0
105.428,t2_squeezenet,3694.178,45.642,98,0
105.474,t2_squeezenet,3714.799,45.267,98,0
105.521,t2_squeezenet,3727.195,47.643,97,0
105.565,t2_squeezenet,3752.052,43.788,99,0
105.607,t2_squeezenet,3745.698,42.266,100,0
105.653,t2_squeezenet,3710.510,45.605,101,0
105.702,t2_squeezenet,3721.074,49.061,100,0
105.743,t2_squeezenet,3724.367,40.249,99,0
105.788,t2_squeezenet,3740.324,45.490,99,0
105.834,t2_squeezenet,3781.407,45.741,98,0
105.880,t2_squeezenet,3821.323,46.124,98,0
105.927,t2_squeezenet,3731.088,46.811,99,0
105.969,t2_squeezenet,3753.745,42.394,99,0
106.014,t2_squeezenet,3797.951,44.508,100,0
106.061,t2_squeezenet,3826.124,46.650,99,0
106.106,t2_squeezenet,3779.471,45.742,98,0
106.148,t2_squeezenet,3807.251,41.182,98,0
106.192,t2_squeezenet,3822.391,44.038,97,0
106.238,t2_squeezenet,3855.457,45.944,97,0
106.285,t2_squeezenet,3886.734,47.054,97,0
106.330,t2_squeezenet,3924.204,44.951,99,0
106.373,t2_squeezenet,3950.510,43.521,98,0
106.420,t2_squeezenet,3970.855,46.206,97,0
106.468,t2_squeezenet,3808.277,48.286,96,0
106.510,t2_squeezenet,3794.894,42.335,95,0
106.555,t2_squeezenet,3782.245,44.588,94,0
106.600,t2_squeezenet,3809.005,44.941,93,0
106.646,t2_squeezenet,3780.020,46.060,94,0
106.690,t2_squeezenet,3812.975,44.242,93,0
106.734,t2_squeezenet,3845.103,43.695,92,0
106.778,t2_squeezenet,3888.082,44.200,92,0
106.826,t2_squeezenet,3823.480,47.967,92,0
106.873,t2_squeezenet,3870.117,47.252,93,0
106.915,t2_squeezenet,3850.130,41.754,93,0
106.961,t2_squeezenet,3882.864,45.423,93,0
107.007,t2_squeezenet,3812.026,45.733,93,0
107.051,t2_squeezenet,3837.994,44.718,93,0
107.097,t2_squeezenet,3867.022,45.197,92,0
107.138,t2_squeezenet,3894.557,41.192,91,0
107.182,t2_squeezenet,3794.556,44.414,91,0
107.232,t2_squeezenet,3842.505,49.541,92,0
107.276,t2_squeezenet,3868.630,43.648,91,0
107.319,t2_squeezenet,3894.444,43.402,91,0
107.367,t2_squeezenet,3909.045,48.212,93,0
107.413,t2_squeezenet,3950.424,45.756,92,0
107.458,t2_squeezenet,3922.779,44.432,93,0
107.503,t2_squeezenet,3964.966,45.543,94,0
107.546,t2_squeezenet,3998.321,43.247,95,0
107.592,t2_squeezenet,3993.799,45.666,95,0
107.639,t2_squeezenet,4036.735,46.967,95,0
107.681,t2_squeezenet,4053.974,41.786,95,0
107.726,t2_squeezenet,4067.169,45.059,95,0
107.774,t2_squeezenet,4082.726,47.668,97,0
107.821,t2_squeezenet,4071.380,46.760,96,0
107.866,t2_squeezenet,4111.600,44.784,95,0
107.911,t2_squeezenet,4127.814,45.276,95,0
107.955,t2_squeezenet,4102.762,44.383,95,0
108.004,t2_squeezenet,4077.425,48.283,95,0
108.047,t2_squeezenet,4076.745,43.741,94,0
108.091,t2_squeezenet,4117.050,43.196,94,0
108.135,t2_squeezenet,4136.030,44.297,94,0
108.183,t2_squeezenet,4154.125,48.292,95,0
108.229,t2_squeezenet,4168.994,45.462,95,0
108.274,t2_squeezenet,4212.552,45.371,97,0
108.320,t2_squeezenet,4237.563,45.459,97,0
108.365,t2_squeezenet,4270.297,45.192,97,0
108.414,t2_squeezenet,4233.300,48.543,96,0
108.455,t2_squeezenet,4246.874,41.384,96,0
108.498,t2_squeezenet,4273.105,42.933,96,0
108.547,t2_squeezenet,4233.111,48.430,99,0
108.590,t2_squeezenet,4254.491,43.498,99,0
108.633,t2_squeezenet,4251.748,42.721,99,0
108.679,t2_squeezenet,4278.048,46.259,99,0
108.724,t2_squeezenet,4305.089,45.024,100,0
108.772,t2_squeezenet,4344.176,47.934,100,0
108.817,t2_squeezenet,4374.545,44.938,101,0
108.861,t2_squeezenet,4399.927,43.502,104,0
108.906,t2_squeezenet,4437.269,45.565,104,0
108.953,t2_squeezenet,4459.814,46.566,104,0
108.997,t2_squeezenet,4391.546,44.235,105,0
109.040,t2_squeezenet,4427.334,42.290,104,0
109.086,t2_squeezenet,4465.297,45.951,105,0
109.130,t2_squeezenet,4501.040,44.588,104,0
109.178,t2_squeezenet,4503.295,47.351,104,0
109.222,t2_squeezenet,4532.282,43.905,103,0
109.266,t2_squeezenet,4552.577,43.919,102,0
109.313,t2_squeezenet,4587.221,47.193,102,0
109.360,t2_squeezenet,4608.416,47.226,101,0
109.402,t2_squeezenet,4593.584,42.292,102,0
109.447,t2_squeezenet,4598.421,44.219,101,0
109.492,t2_squeezenet,4599.682,45.665,101,0
109.537,t2_squeezenet,4588.682,44.619,100,0
109.584,t2_squeezenet,4625.248,46.787,100,0
109.627,t2_squeezenet,4561.430,42.758,100,0
109.671,t2_squeezenet,4501.508,44.426,100,0
109.721,t2_squeezenet,4527.809,49.637,102,0
109.766,t2_squeezenet,4548.431,45.307,102,0
109.809,t2_squeezenet,4487.296,42.274,102,0
109.855,t2_squeezenet,4452.986,46.627,104,0
109.900,t2_squeezenet,4435.590,44.799,104,0
109.945,t2_squeezenet,4412.277,44.815,103,0
109.990,t2_squeezenet,4452.395,45.406,106,0
110.032,t2_squeezenet,4493.459,41.748,106,0
110.077,t2_squeezenet,4504.575,44.662,110,0
110.127,t2_squeezenet,4525.737,50.282,111,0
110.170,t2_squeezenet,4547.426,42.450,111,0
110.212,t2_squeezenet,4577.267,42.738,111,0
110.260,t2_squeezenet,4495.536,47.669,112,0
110.307,t2_squeezenet,4469.179,46.414,111,0
110.352,t2_squeezenet,4460.588,44.801,110,0
110.395,t2_squeezenet,4468.794,43.495,111,0
110.439,t2_squeezenet,4471.524,43.723,112,0
110.484,t2_squeezenet,4511.603,45.000,112,0
110.531,t2_squeezenet,4531.608,46.966,113,0
110.573,t2_squeezenet,4430.614,41.684,112,0
110.619,t2_squeezenet,4413.926,45.801,112,0
110.666,t2_squeezenet,4406.939,47.304,111,0
110.712,t2_squeezenet,4415.511,46.091,113,0
110.756,t2_squeezenet,4453.984,43.542,115,0
110.801,t2_squeezenet,4496.682,44.988,117,0
110.845,t2_squeezenet,4240.079,44.116,117,0
110.893,t2_squeezenet,4270.742,47.690,117,0
110.937,t2_squeezenet,4183.994,44.104,117,0
110.978,t2_squeezenet,4187.180,41.577,117,0
111.025,t2_squeezenet,4180.917,46.240,117,0
111.073,t2_squeezenet,4226.211,47.983,116,0
111.117,t2_squeezenet,4227.246,44.168,116,0
111.161,t2_squeezenet,4215.089,44.169,116,0
111.207,t2_squeezenet,4237.172,45.504,116,0
111.252,t2_squeezenet,4207.210,45.383,116,0
111.299,t2_squeezenet,4136.119,46.322,117,0
111.340,t2_squeezenet,4124.831,41.779,118,0
111.384,t2_squeezenet,4162.886,43.113,119,0
111.431,t2_squeezenet,4139.800,47.194,121,0
111.477,t2_squeezenet,4155.729,45.782,124,0
111.520,t2_squeezenet,4169.619,43.090,124,0
111.567,t2_squeezenet,4215.907,47.414,126,0
111.612,t2_squeezenet,4174.185,44.853,128,0
111.660,t2_squeezenet,4219.741,47.419,130,0
111.706,t2_squeezenet,4236.388,45.941,130,0
111.748,t2_squeezenet,4255.497,42.558,131,0
111.791,t2_squeezenet,4280.551,43.168,130,0
111.841,t2_squeezenet,4309.744,49.152,132,0
111.884,t2_squeezenet,4307.337,42.901,131,0
111.925,t2_squeezenet,4315.237,41.175,133,0
111.974,t2_squeezenet,4292.838,48.738,133,0
112.020,t2_squeezenet,4301.118,46.088,133,0
112.067,t2_squeezenet,4337.677,46.841,132,0
112.111,t2_squeezenet,4355.158,43.838,132,0
112.153,t2_squeezenet,4386.103,42.858,132,0
112.199,t2_squeezenet,4317.317,46.038,132,0
112.247,t2_squeezenet,4323.869,47.228,133,0
112.289,t2_squeezenet,4310.939,42.294,134,0
112.333,t2_squeezenet,4281.789,43.632,135,0
112.378,t2_squeezenet,4249.196,45.413,135,0
112.426,t2_squeezenet,4280.929,47.265,138,0
112.470,t2_squeezenet,4295.106,44.629,138,0
112.515,t2_squeezenet,4331.142,44.410,137,0
112.560,t2_squeezenet,4329.305,45.347,138,0
112.607,t2_squeezenet,4366.338,46.998,137,0
112.652,t2_squeezenet,4382.519,45.104,136,0
112.693,t2_squeezenet,4404.741,41.066,135,0
112.740,t2_squeezenet,4414.538,46.807,135,0
112.784,t2_squeezenet,4329.702,43.813,135,0
112.830,t2_squeezenet,4369.964,45.919,139,0
112.875,t2_squeezenet,4369.764,44.568,139,0
112.919,t2_squeezenet,4395.239,44.100,139,0
112.964,t2_squeezenet,4434.739,44.873,141,0
113.014,t2_squeezenet,4470.259,49.713,141,0
113.056,t2_squeezenet,4492.611,42.690,141,0
113.100,t2_squeezenet,4473.446,43.549,143,0
113.147,t2_squeezenet,4501.531,46.742,143,0
113.193,t2_squeezenet,4486.192,46.217,144,0
113.237,t2_squeezenet,4523.130,43.743,145,0
113.281,t2_squeezenet,4546.415,44.438,144,0
113.325,t2_squeezenet,4530.600,43.682,144,0
113.373,t2_squeezenet,4562.511,48.266,147,0
113.421,t2_squeezenet,4591.403,47.262,146,0
113.463,t2_squeezenet,4628.730,42.749,146,0
113.510,t2_squeezenet,4669.623,46.315,148,0
113.557,t2_squeezenet,4699.248,47.565,149,0
113.603,t2_squeezenet,4718.057,45.295,149,0
113.647,t2_squeezenet,4713.315,44.322,150,0
113.690,t2_squeezenet,4733.734,43.038,152,0
113.734,t2_squeezenet,4753.613,44.084,151,0
113.782,t2_squeezenet,4721.527,47.829,150,0
113.825,t2_squeezenet,4752.618,42.703,150,0
113.869,t2_squeezenet,4728.361,43.719,149,0
113.916,t2_squeezenet,4608.190,47.651,150,0
113.964,t2_squeezenet,4601.256,47.142,151,0
114.008,t2_squeezenet,4634.313,44.116,150,0
114.055,t2_squeezenet,4588.789,47.598,150,0
114.100,t2_squeezenet,4555.627,44.307,152,0
114.146,t2_squeezenet,4561.925,46.365,152,0
114.192,t2_squeezenet,4541.701,45.949,152,0
114.232,t2_squeezenet,4552.874,39.691,153,0
114.277,t2_squeezenet,4589.846,44.916,152,0
114.323,t2_squeezenet,4631.720,46.257,152,0
114.370,t2_squeezenet,4626.100,46.526,153,0
114.414,t2_squeezenet,4610.668,44.047,155,0
114.459,t2_squeezenet,4645.163,45.400,154,0
114.505,t2_squeezenet,4663.622,45.749,155,0
114.554,t2_squeezenet,4709.385,49.243,154,0
114.597,t2_squeezenet,4726.030,42.358,154,0
114.639,t2_squeezenet,4693.794,42.209,153,0
114.686,t2_squeezenet,4739.591,47.343,154,0
114.731,t2_squeezenet,4749.215,44.606,155,0
114.775,t2_squeezenet,4784.780,43.823,154,0
114.821,t2_squeezenet,4827.800,45.739,156,0
114.865,t2_squeezenet,4831.153,44.482,156,0
114.911,t2_squeezenet,4857.693,45.985,156,0
114.960,t2_squeezenet,4904.650,48.675,156,0
115.003,t2_squeezenet,4940.766,42.491,156,0
115.046,t2_squeezenet,4969.917,43.208,156,0
115.093,t2_squeezenet,4992.141,47.017,155,0
115.140,t2_squeezenet,5018.280,46.696,154,0
115.180,t2_squeezenet,5048.723,40.653,154,0
115.226,t2_squeezenet,5022.080,45.330,153,0
115.271,t2_squeezenet,5031.441,44.788,153,0
115.320,t2_squeezenet,5079.746,49.179,152,0
115.364,t2_squeezenet,4983.882,44.388,154,0
115.408,t2_squeezenet,5021.849,43.821,156,0
115.454,t2_squeezenet,5039.654,46.313,155,0
115.501,t2_squeezenet,5069.266,46.553,156,0
115.545,t2_squeezenet,5082.309,44.009,155,0
115.589,t2_squeezenet,5103.823,43.546,155,0
115.635,t2_squeezenet,5148.373,46.591,155,0
115.679,t2_squeezenet,5105.821,43.441,156,0
115.727,t2_squeezenet,5052.785,47.778,156,0
115.769,t2_squeezenet,5089.876,42.755,156,0
115.813,t2_squeezenet,5112.050,43.663,155,0
115.862,t2_squeezenet,5140.056,48.785,155,0
115.908,t2_squeezenet,5186.221,46.383,155,0
115.951,t2_squeezenet,5210.228,42.426,156,0
115.997,t2_squeezenet,5223.183,45.874,156,0
116.041,t2_squeezenet,5247.259,44.088,156,0
116.088,t2_squeezenet,5289.945,46.819,158,0
116.132,t2_squeezenet,5294.946,43.694,158,0
116.174,t2_squeezenet,5295.834,42.689,157,0
116.218,t2_squeezenet,5311.372,43.879,156,0
116.268,t2_squeezenet,5314.905,49.912,158,0
116.312,t2_squeezenet,5316.516,44.223,159,0
116.357,t2_squeezenet,5259.995,44.692,159,0
116.403,t2_squeezenet,5260.676,45.637,160,0
116.448,t2_squeezenet,5274.286,44.959,159,0
116.496,t2_squeezenet,5287.252,47.713,161,0
116.538,t2_squeezenet,5264.800,42.361,161,0
116.581,t2_squeezenet,5304.961,42.511,161,0
116.627,t2_squeezenet,5321.245,46.874,160,0
116.674,t2_squeezenet,5346.235,46.144,160,0
116.717,t2_squeezenet,5374.519,43.136,159,0
116.762,t2_squeezenet,5416.136,45.189,158,0
116.808,t2_squeezenet,5416.557,45.854,158,0
116.855,t2_squeezenet,5453.099,46.594,157,0
116.900,t2_squeezenet,5471.424,44.942,158,0
116.943,t2_squeezenet,5509.868,43.420,158,0
116.986,t2_squeezenet,5526.933,43.018,157,0
117.036,t2_squeezenet,5568.612,49.861,156,0
117.079,t2_squeezenet,5606.559,43.237,157,0
117.121,t2_squeezenet,5643.564,41.933,159,0
117.168,t2_squeezenet,5638.080,47.051,159,0
117.215,t2_squeezenet,5671.668,46.302,158,0
117.260,t2_squeezenet,5699.260,45.616,158,0
117.305,t2_squeezenet,5732.022,44.681,157,0
117.349,t2_squeezenet,5758.114,44.186,158,0
117.394,t2_squeezenet,5802.601,45.023,159,0
117.443,t2_squeezenet,5827.273,49.057,161,0
117.485,t2_squeezenet,5849.128,41.828,161,0
117.529,t2_squeezenet,5872.329,43.521,160,0
117.575,t2_squeezenet,5869.391,45.841,159,0
117.622,t2_squeezenet,5880.899,46.710,159,0
117.667,t2_squeezenet,5925.107,45.021,158,0
117.711,t2_squeezenet,5912.963,44.206,159,0
117.756,t2_squeezenet,5946.795,45.113,158,0
117.804,t2_squeezenet,5965.251,47.731,160,0
117.850,t2_squeezenet,5964.945,46.296,162,0
117.892,t2_squeezenet,5992.668,41.810,162,0
117.938,t2_squeezenet,6025.032,45.472,163,0
117.984,t2_squeezenet,6017.824,46.047,163,0
118.027,t2_squeezenet,6010.718,43.469,163,0
118.071,t2_squeezenet,5996.200,43.409,163,0
118.116,t2_squeezenet,5991.955,45.336,165,0
118.161,t2_squeezenet,6007.239,45.242,166,0
118.209,t2_squeezenet,6005.865,47.726,167,0
118.253,t2_squeezenet,6007.641,44.281,167,0
118.297,t2_squeezenet,6027.208,43.645,169,0
118.344,t2_squeezenet,6059.901,46.526,168,0
118.389,t2_squeezenet,6083.911,45.521,167,0
118.432,t2_squeezenet,6125.623,42.886,166,0
118.478,t2_squeezenet,6129.822,46.007,167,0
118.520,t2_squeezenet,6132.335,41.772,166,0
118.566,t2_squeezenet,6178.299,46.322,167,0
118.615,t2_squeezenet,6210.323,48.357,166,0
118.658,t2_squeezenet,6234.032,42.929,167,0
118.703,t2_squeezenet,6238.675,44.888,166,0
118.751,t2_squeezenet,6227.905,48.630,168,0
118.797,t2_squeezenet,6267.304,45.618,168,0
118.839,t2_squeezenet,6114.954,42.054,169,0
118.886,t2_squeezenet,6103.916,47.004,170,0
118.930,t2_squeezenet,6136.558,43.988,171,0
118.976,t2_squeezenet,6181.659,46.075,172,0
119.020,t2_squeezenet,6214.608,43.924,173,0
119.063,t2_squeezenet,6241.632,42.395,172,0
119.109,t2_squeezenet,6281.000,46.236,172,0
119.158,t2_squeezenet,6301.781,48.464,171,0
119.201,t2_squeezenet,6291.928,43.100,171,0
119.246,t2_squeezenet,6312.888,44.708,170,0
119.290,t2_squeezenet,6335.780,44.377,169,0
119.336,t2_squeezenet,6374.673,45.586,169,0
119.382,t2_squeezenet,6379.888,46.089,170,0
119.425,t2_squeezenet,6369.433,43.613,170,0
119.467,t2_squeezenet,6399.688,41.861,172,0
119.514,t2_squeezenet,6430.597,47.140,172,0
119.562,t2_squeezenet,6465.583,47.669,173,0
119.604,t2_squeezenet,6501.923,41.950,173,0
119.651,t2_squeezenet,6489.953,46.399,173,0
119.698,t2_squeezenet,6506.891,46.840,172,0
119.744,t2_squeezenet,6540.406,46.333,173,0
119.789,t2_squeezenet,6558.838,45.479,173,0
119.832,t2_squeezenet,6524.079,42.720,173,0
119.876,t2_squeezenet,6549.126,43.671,174,0
119.925,t2_squeezenet,6591.094,49.315,173,0
119.968,t2_squeezenet,6628.664,43.126,175,0
120.011,t2_squeezenet,6641.898,42.399,174,0
120.059,t2_squeezenet,6608.104,47.851,173,0
120.105,t2_squeezenet,6632.735,46.459,172,0
120.152,t2_squeezenet,6674.883,47.054,171,0
120.197,t2_squeezenet,6701.599,44.293,172,0
120.241,t2_squeezenet,6727.699,44.017,171,0
120.291,t2_squeezenet,6744.897,50.381,174,0
120.338,t2_squeezenet,6754.551,46.356,174,0
120.379,t2_squeezenet,6760.822,40.930,174,0
120.424,t2_squeezenet,6796.509,45.019,175,0
120.469,t2_squeezenet,6817.509,44.853,174,0
120.515,t2_squeezenet,6832.758,46.745,174,0
120.560,t2_squeezenet,6871.440,44.442,174,0
120.605,t2_squeezenet,6786.582,44.778,174,0
120.649,t2_squeezenet,6750.909,44.262,175,0
120.699,t2_squeezenet,6791.308,49.566,176,0
120.742,t2_squeezenet,6808.530,43.779,175,0
120.784,t2_squeezenet,6848.731,41.597,174,0
120.832,t2_squeezenet,6784.617,47.336,176,0
120.877,t2_squeezenet,6811.303,44.966,177,0
120.920,t2_squeezenet,6848.555,42.919,177,0
120.965,t2_squeezenet,6891.382,45.109,179,0
121.009,t2_squeezenet,6899.908,44.168,181,0
121.055,t2_squeezenet,6872.486,45.767,180,0
121.105,t2_squeezenet,6889.877,50.746,181,0
121.147,t2_squeezenet,6921.175,41.610,183,0
121.193,t2_squeezenet,6873.865,45.677,185,0
121.239,t2_squeezenet,6906.419,46.537,184,0
121.285,t2_squeezenet,6950.952,45.227,184,0
121.329,t2_squeezenet,6948.026,44.068,187,0
121.373,t2_squeezenet,6990.793,44.494,187,0
121.416,t2_squeezenet,7030.713,42.272,186,0
121.463,t2_squeezenet,6993.711,47.239,186,0
121.508,t2_squeezenet,7024.694,45.068,187,0
121.552,t2_squeezenet,6983.752,43.427,187,0
121.598,t2_squeezenet,6932.118,46.438,188,0
121.645,t2_squeezenet,6972.044,47.125,188,0
121.691,t2_squeezenet,7003.875,45.435,188,0
121.734,t2_squeezenet,7037.829,43.165,189,0
121.779,t2_squeezenet,6996.378,44.716,189,0
121.823,t2_squeezenet,7034.299,44.748,188,0
121.872,t2_squeezenet,7064.490,48.966,188,0
121.912,t2_squeezenet,7083.873,39.801,188,0
121.955,t2_squeezenet,7068.175,42.713,188,0
122.003,t2_squeezenet,7071.897,47.427,187,0
122.051,t2_squeezenet,7068.232,48.260,187,0
122.093,t2_squeezenet,7065.400,42.411,187,0
122.140,t2_squeezenet,6961.506,46.445,187,0
122.184,t2_squeezenet,6953.523,44.040,186,0
122.229,t2_squeezenet,6905.488,45.353,186,0
122.277,t2_squeezenet,6942.364,47.198,187,0
122.319,t2_squeezenet,6961.899,42.354,187,0
122.362,t2_squeezenet,6988.856,42.660,186,0
122.410,t2_squeezenet,7026.969,47.764,187,0
122.455,t2_squeezenet,7063.060,45.508,186,0
122.497,t2_squeezenet,7038.755,42.228,186,0
122.546,t2_squeezenet,7085.703,48.069,185,0
122.593,t2_squeezenet,7037.411,47.008,186,0
122.640,t2_squeezenet,7039.486,47.779,186,0
122.684,t2_squeezenet,7019.603,43.172,185,0
122.726,t2_squeezenet,7050.101,42.831,184,0
122.773,t2_squeezenet,7052.129,46.190,184,0
122.822,t2_squeezenet,7088.731,48.911,184,0
122.862,t2_squeezenet,7022.591,40.521,184,0
122.907,t2_squeezenet,7032.002,44.553,183,0
122.953,t2_squeezenet,7039.379,46.089,184,0
123.000,t2_squeezenet,7067.320,46.560,185,0
123.047,t2_squeezenet,7081.578,47.366,185,0
123.091,t2_squeezenet,7073.627,44.434,186,0
123.136,t2_squeezenet,7082.600,44.725,186,0
123.184,t2_squeezenet,7120.728,47.539,186,0
123.231,t2_squeezenet,7167.249,46.803,185,0
123.272,t2_squeezenet,7150.371,41.153,185,0
123.317,t2_squeezenet,7068.017,45.510,186,0
123.363,t2_squeezenet,7106.190,45.249,186,0
123.409,t2_squeezenet,7149.830,45.976,186,0
123.453,t2_squeezenet,7176.505,44.705,186,0
123.498,t2_squeezenet,7207.593,43.997,186,0
123.543,t2_squeezenet,7193.004,45.287,187,0
123.593,t2_squeezenet,7226.506,49.666,188,0
123.636,t2_squeezenet,7248.984,43.555,188,0
123.678,t2_squeezenet,7209.563,42.114,187,0
123.727,t2_squeezenet,7239.568,48.288,188,0
123.771,t2_squeezenet,7282.277,44.700,187,0
123.817,t2_squeezenet,7313.923,45.254,186,0
123.860,t2_squeezenet,7286.592,43.409,185,0
123.904,t2_squeezenet,7275.669,44.051,185,0
123.952,t2_squeezenet,7189.327,47.588,184,0
123.998,t2_squeezenet,7112.159,46.333,183,0
124.041,t2_squeezenet,7147.255,42.571,183,0
124.087,t2_squeezenet,7166.718,45.934,182,0
124.134,t2_squeezenet,7080.605,47.046,181,0
124.179,t2_squeezenet,7104.769,45.096,180,0
124.223,t2_squeezenet,7140.440,44.006,181,0
124.268,t2_squeezenet,7181.312,44.750,182,0
124.313,t2_squeezenet,7221.842,44.861,181,0
124.359,t2_squeezenet,7231.393,46.428,180,0
124.404,t2_squeezenet,7148.274,44.690,179,0
124.447,t2_squeezenet,7126.575,42.612,178,0
124.494,t2_squeezenet,7165.922,47.392,181,0
124.541,t2_squeezenet,7173.177,46.783,180,0
124.586,t2_squeezenet,7213.911,44.493,179,0
124.631,t2_squeezenet,7209.872,45.886,180,0
124.675,t2_squeezenet,7248.208,43.609,179,0
124.720,t2_squeezenet,7288.295,44.873,178,0
124.768,t2_squeezenet,7296.347,47.931,179,0
124.809,t2_squeezenet,7212.873,40.894,178,0
124.853,t2_squeezenet,7173.382,43.705,182,0
124.902,t2_squeezenet,7213.646,48.829,182,0
124.948,t2_squeezenet,7186.808,46.316,182,0
124.991,t2_squeezenet,7208.652,43.006,183,0
125.038,t2_squeezenet,7246.079,47.121,182,0
125.083,t2_squeezenet,7277.953,45.149,183,0
125.132,t2_squeezenet,7320.787,48.231,182,0
125.175,t2_squeezenet,7356.940,43.386,181,0
125.218,t2_squeezenet,7347.522,42.443,181,0
125.263,t2_squeezenet,7359.910,45.371,182,0
125.311,t2_squeezenet,7386.737,47.669,182,0
125.353,t2_squeezenet,7387.171,42.290,181,0
125.397,t2_squeezenet,7379.416,44.012,180,0
125.443,t2_squeezenet,7393.866,45.535,180,0
125.488,t2_squeezenet,7400.265,45.546,180,0
125.536,t2_squeezenet,7444.167,47.742,180,0
125.580,t2_squeezenet,7482.355,43.391,180,0
125.623,t2_squeezenet,7497.736,43.627,179,0
125.671,t2_squeezenet,7538.423,47.391,178,0
125.716,t2_squeezenet,7521.324,45.666,177,0
125.758,t2_squeezenet,7550.148,41.726,178,0
125.802,t2_squeezenet,7563.249,44.087,177,0
125.847,t2_squeezenet,7588.410,44.343,177,0
125.894,t2_squeezenet,7622.450,47.544,180,0
125.941,t2_squeezenet,7667.823,46.559,182,0
125.985,t2_squeezenet,7525.314,43.663,182,0
126.030,t2_squeezenet,7555.031,44.910,181,0
126.079,t2_squeezenet,7555.089,48.893,180,0
126.123,t2_squeezenet,7571.593,44.103,179,0
126.166,t2_squeezenet,7545.224,42.800,178,0
126.211,t2_squeezenet,7553.671,45.375,177,0
126.256,t2_squeezenet,7532.930,44.932,179,0
126.302,t2_squeezenet,7560.998,46.289,180,0
126.347,t2_squeezenet,7596.253,44.055,179,0
126.390,t2_squeezenet,7603.754,43.896,180,0
126.438,t2_squeezenet,7624.920,47.871,182,0
126.486,t2_squeezenet,7665.858,47.473,182,0
126.529,t2_squeezenet,7682.770,43.019,181,0
126.576,t2_squeezenet,7695.752,46.553,181,0
126.621,t2_squeezenet,7696.603,45.417,181,0
126.667,t2_squeezenet,7740.260,46.257,183,0
126.712,t2_squeezenet,7743.592,44.337,184,0
126.755,t2_squeezenet,7784.472,43.590,187,0
126.798,t2_squeezenet,7793.552,42.157,187,0
126.846,t2_squeezenet,7834.736,48.444,187,0
126.891,t2_squeezenet,7805.987,44.979,187,0
126.933,t2_squeezenet,7742.502,42.373,186,0
126.981,t2_squeezenet,7650.729,47.348,187,0
127.027,t2_squeezenet,7688.199,45.938,188,0
127.073,t2_squeezenet,7711.501,45.652,187,0
127.117,t2_squeezenet,7704.653,44.811,187,0
127.161,t2_squeezenet,7724.974,43.731,188,0
127.206,t2_squeezenet,7755.841,44.571,188,0
127.253,t2_squeezenet,7789.958,47.149,191,0
127.295,t2_squeezenet,7784.148,42.301,190,0
127.339,t2_squeezenet,7798.815,43.030,190,0
127.388,t2_squeezenet,7839.171,49.106,191,0
127.435,t2_squeezenet,7835.053,47.514,191,0
127.479,t2_squeezenet,7872.490,43.863,190,0
127.524,t2_squeezenet,7821.371,44.908,190,0
127.568,t2_squeezenet,7832.327,44.263,189,0
127.615,t2_squeezenet,7847.758,46.184,189,0
127.660,t2_squeezenet,7850.914,45.127,189,0
127.703,t2_squeezenet,7857.024,42.711,188,0
127.746,t2_squeezenet,7882.815,43.552,189,0
127.793,t2_squeezenet,7857.413,46.367,189,0
127.838,t2_squeezenet,7886.790,45.524,189,0
127.882,t2_squeezenet,7916.110,44.041,189,0
127.927,t2_squeezenet,7761.226,44.848,190,0
127.973,t2_squeezenet,7788.682,45.515,191,0
128.021,t2_squeezenet,7775.796,47.855,191,0
128.064,t2_squeezenet,7812.705,43.760,192,0
128.107,t2_squeezenet,7838.559,42.181,191,0
128.153,t2_squeezenet,7883.344,46.416,190,0
128.199,t2_squeezenet,7906.075,45.582,191,0
128.242,t2_squeezenet,7904.222,43.365,191,0
128.287,t2_squeezenet,7892.039,44.616,192,0
128.332,t2_squeezenet,7909.639,44.914,194,0
128.378,t2_squeezenet,7908.764,46.227,194,0
128.425,t2_squeezenet,7904.023,47.225,193,0
128.468,t2_squeezenet,7864.221,42.686,192,0
128.512,t2_squeezenet,7889.210,43.853,192,0
128.560,t2_squeezenet,7916.447,48.185,191,0
128.605,t2_squeezenet,7942.400,44.798,190,0
128.646,t2_squeezenet,7965.975,40.558,189,0
128.693,t2_squeezenet,7893.743,47.086,188,0
128.738,t2_squeezenet,7935.071,44.889,187,0
128.785,t2_squeezenet,7968.726,47.455,186,0
128.830,t2_squeezenet,7977.090,44.171,186,0
128.873,t2_squeezenet,8009.346,43.812,185,0
128.920,t2_squeezenet,8014.814,46.846,185,0
128.969,t2_squeezenet,8037.071,48.290,184,0
129.012,t2_squeezenet,8077.677,43.087,184,0
129.057,t2_squeezenet,8095.663,44.848,183,0
129.102,t2_squeezenet,8105.264,44.772,185,0
129.147,t2_squeezenet,8141.001,45.797,185,0
129.192,t2_squeezenet,8185.432,44.570,184,0
129.236,t2_squeezenet,8161.187,44.352,185,0
129.281,t2_squeezenet,8183.262,44.275,187,0
129.329,t2_squeezenet,8211.870,48.495,186,0
129.375,t2_squeezenet,8252.941,45.793,185,0
129.418,t2_squeezenet,8275.047,42.406,187,0
129.465,t2_squeezenet,8311.029,47.043,187,0
129.509,t2_squeezenet,8350.337,44.723,186,0
129.555,t2_squeezenet,8382.698,45.577,186,0
129.601,t2_squeezenet,8341.784,45.590,186,0
129.644,t2_squeezenet,8351.886,42.945,185,0
129.687,t2_squeezenet,8393.344,43.261,184,0
129.737,t2_squeezenet,8433.346,49.897,183,0
129.781,t2_squeezenet,8453.647,43.883,183,0
129.824,t2_squeezenet,8466.794,42.915,184,0
129.873,t2_squeezenet,8426.891,48.705,186,0
129.919,t2_squeezenet,8452.571,46.127,186,0
129.965,t2_squeezenet,8479.288,46.405,186,0
130.008,t2_squeezenet,8469.298,42.572,186,0
130.051,t2_squeezenet,8480.528,43.205,187,0
130.099,t2_squeezenet,8505.850,47.470,188,0
130.144,t2_squeezenet,8514.688,45.144,187,0
130.185,t2_squeezenet,8508.669,41.509,187,0
130.232,t2_squeezenet,8523.276,46.427,188,0
130.279,t2_squeezenet,8548.580,47.295,189,0
130.326,t2_squeezenet,8555.372,46.167,188,0
130.369,t2_squeezenet,8514.946,43.454,187,0
130.413,t2_squeezenet,8533.740,44.168,186,0
130.457,t2_squeezenet,8532.961,43.815,185,0
130.505,t2_squeezenet,8498.779,47.989,185,0
130.549,t2_squeezenet,8468.772,43.223,184,0
130.591,t2_squeezenet,8479.868,42.612,184,0
130.635,t2_squeezenet,8429.840,44.160,184,0
130.683,t2_squeezenet,8440.638,47.523,184,0
130.728,t2_squeezenet,8458.352,44.678,183,0
130.773,t2_squeezenet,8488.810,45.561,182,0
130.819,t2_squeezenet,8455.220,45.257,181,0
130.864,t2_squeezenet,8493.835,45.630,180,0
130.913,t2_squeezenet,8440.206,48.179,179,0
130.954,t2_squeezenet,8377.605,41.129,178,0
130.997,t2_squeezenet,8415.773,43.380,177,0
131.044,t2_squeezenet,8419.043,47.053,176,0
131.088,t2_squeezenet,8350.230,43.395,178,0
131.131,t2_squeezenet,8334.162,42.674,178,0
131.177,t2_squeezenet,8353.687,46.760,177,0
131.222,t2_squeezenet,8314.938,44.853,176,0
131.270,t2_squeezenet,8362.104,47.393,177,0
131.317,t2_squeezenet,8355.520,47.004,177,0
131.360,t2_squeezenet,8365.182,43.139,177,0
131.405,t2_squeezenet,8390.660,45.326,177,0
131.452,t2_squeezenet,8375.629,46.697,176,0
131.496,t2_squeezenet,8415.592,44.340,177,0
131.540,t2_squeezenet,8448.191,43.784,179,0
131.584,t2_squeezenet,8401.271,43.801,180,0
131.629,t2_squeezenet,8362.616,45.317,180,0
131.678,t2_squeezenet,8390.781,47.999,181,0
131.721,t2_squeezenet,8414.829,43.182,180,0
131.765,t2_squeezenet,8426.913,44.426,180,0
131.812,t2_squeezenet,8419.125,47.249,180,0
131.860,t2_squeezenet,8446.711,47.694,181,0
131.902,t2_squeezenet,8431.952,42.105,181,0
131.947,t2_squeezenet,8445.080,44.561,182,0
131.991,t2_squeezenet,8463.111,44.275,182,0
132.039,t2_squeezenet,8461.524,47.447,181,0
132.083,t2_squeezenet,8499.721,44.460,181,0
132.126,t2_squeezenet,8506.074,42.768,180,0
132.171,t2_squeezenet,8482.071,44.324,180,0
132.219,t2_squeezenet,8499.351,48.705,179,0
132.264,t2_squeezenet,8388.457,44.812,179,0
132.306,t2_squeezenet,8266.387,42.183,178,0
132.354,t2_squeezenet,8165.975,47.089,179,0
132.398,t2_squeezenet,8184.762,44.546,179,0
132.444,t2_squeezenet,8214.722,45.361,178,0
132.488,t2_squeezenet,8256.493,44.365,178,0
132.530,t2_squeezenet,8080.044,41.703,178,0
132.576,t2_squeezenet,8125.693,46.198,178,0
132.624,t2_squeezenet,8165.529,47.639,177,0
132.668,t2_squeezenet,8176.902,43.887,176,0
132.714,t2_squeezenet,8115.103,45.851,176,0
132.759,t2_squeezenet,8147.760,45.660,179,0
132.807,t2_squeezenet,8083.829,47.670,179,0
132.853,t2_squeezenet,8108.773,45.528,180,0
132.896,t2_squeezenet,8085.060,43.744,182,0
132.939,t2_squeezenet,8125.371,42.853,182,0
132.987,t2_squeezenet,8160.383,47.724,182,0
133.032,t2_squeezenet,8201.120,44.558,182,0
133.074,t2_squeezenet,8230.778,42.555,183,0
133.121,t2_squeezenet,8231.632,46.474,183,0
133.169,t2_squeezenet,8245.126,47.877,182,0
133.214,t2_squeezenet,8244.352,45.799,181,0
133.260,t2_squeezenet,8275.177,45.669,180,0
133.305,t2_squeezenet,8239.730,44.564,180,0
133.349,t2_squeezenet,8276.439,44.636,180,0
133.398,t2_squeezenet,8214.757,48.609,179,0
133.440,t2_squeezenet,8181.975,42.114,178,0
133.484,t2_squeezenet,8223.451,43.489,179,0
133.530,t2_squeezenet,8262.686,46.039,181,0
133.577,t2_squeezenet,8169.901,46.681,182,0
133.620,t2_squeezenet,8141.494,43.768,182,0
133.667,t2_squeezenet,8167.158,46.609,183,0
133.712,t2_squeezenet,8149.633,44.753,184,0
133.760,t2_squeezenet,8015.042,47.805,186,0
133.806,t2_squeezenet,8056.676,46.439,187,0
133.848,t2_squeezenet,8007.623,41.321,186,0
133.893,t2_squeezenet,8037.347,45.486,185,0
133.939,t2_squeezenet,8065.223,45.937,185,0
133.983,t2_squeezenet,8106.732,43.772,184,0
134.026,t2_squeezenet,8141.515,42.758,185,0
134.071,t2_squeezenet,8172.282,44.908,185,0
134.116,t2_squeezenet,8208.575,45.658,184,0
134.165,t2_squeezenet,8253.709,48.374,183,0
134.208,t2_squeezenet,8246.977,43.601,183,0
134.252,t2_squeezenet,8039.266,43.333,184,0
134.298,t2_squeezenet,8085.411,46.357,184,0
134.345,t2_squeezenet,8104.812,47.266,185,0
134.389,t2_squeezenet,8102.051,43.037,185,0
134.435,t2_squeezenet,8146.357,45.896,185,0
134.476,t2_squeezenet,8121.186,41.845,185,0
134.522,t2_squeezenet,8152.221,45.698,184,0
134.570,t2_squeezenet,8177.292,47.559,183,0
134.613,t2_squeezenet,8197.933,42.878,183,0
134.657,t2_squeezenet,8231.167,44.278,182,0
134.706,t2_squeezenet,8233.092,48.573,182,0
134.752,t2_squeezenet,8215.250,46.465,181,0
134.794,t2_squeezenet,8202.095,41.440,181,0
134.840,t2_squeezenet,8205.682,46.627,181,0
134.884,t2_squeezenet,8247.732,44.085,181,0
134.932,t2_squeezenet,8288.993,47.822,182,0
134.975,t2_squeezenet,8283.077,42.726,182,0
135.018,t2_squeezenet,8310.160,42.574,181,0
135.065,t2_squeezenet,8352.776,46.891,182,0
135.113,t2_squeezenet,8399.154,48.214,182,0
135.158,t2_squeezenet,8438.112,44.630,183,0
135.203,t2_squeezenet,8454.611,45.420,182,0
135.249,t2_squeezenet,8468.681,45.452,181,0
135.294,t2_squeezenet,8481.241,45.394,180,0
135.341,t2_squeezenet,8490.331,47.168,180,0
135.383,t2_squeezenet,8444.444,41.876,181,0
135.426,t2_squeezenet,8450.196,42.639,180,0
135.474,t2_squeezenet,8484.293,48.110,180,0
135.521,t2_squeezenet,8520.097,46.448,179,0
135.563,t2_squeezenet,8456.706,42.405,180,0
135.610,t2_squeezenet,8482.233,47.238,179,0
135.656,t2_squeezenet,8512.436,45.971,181,0
135.703,t2_squeezenet,8525.886,46.444,181,0
135.748,t2_squeezenet,8528.135,45.494,181,0
135.791,t2_squeezenet,8570.948,43.085,181,0
135.836,t2_squeezenet,8614.017,44.245,181,0
135.885,t2_squeezenet,8634.537,48.877,180,0
135.928,t2_squeezenet,8622.914,43.648,179,0
135.971,t2_squeezenet,8613.599,42.175,179,0
136.018,t2_squeezenet,8641.212,47.046,178,0
136.064,t2_squeezenet,8636.836,46.474,179,0
136.111,t2_squeezenet,8603.309,47.141,179,0
136.155,t2_squeezenet,8568.101,43.990,180,0
136.199,t2_squeezenet,8570.916,43.889,180,0
136.248,t2_squeezenet,8510.320,48.696,179,0
136.295,t2_squeezenet,8552.800,46.982,178,0
136.337,t2_squeezenet,8575.208,41.296,178,0
136.381,t2_squeezenet,8582.425,44.341,178,0
136.427,t2_squeezenet,8555.423,46.389,177,0
136.472,t2_squeezenet,8580.497,44.325,176,0
136.516,t2_squeezenet,8622.580,44.271,176,0
136.561,t2_squeezenet,8612.593,44.375,177,0
136.605,t2_squeezenet,8655.756,44.539,176,0
136.653,t2_squeezenet,8669.407,47.409,175,0
136.698,t2_squeezenet,8646.233,45.777,175,0
136.741,t2_squeezenet,8687.456,42.422,174,0
136.786,t2_squeezenet,8628.342,45.371,175,0
136.832,t2_squeezenet,8654.750,45.747,174,0
136.877,t2_squeezenet,8637.039,45.118,173,0
136.921,t2_squeezenet,8670.195,43.334,174,0
136.965,t2_squeezenet,8695.498,44.003,174,0
137.010,t2_squeezenet,8709.460,45.459,173,0
137.059,t2_squeezenet,8755.487,49.250,173,0
137.102,t2_squeezenet,8796.579,42.743,172,0
137.146,t2_squeezenet,8792.053,44.201,172,0
137.195,t2_squeezenet,8722.145,48.549,174,0
137.241,t2_squeezenet,8439.600,45.540,173,0
137.284,t2_squeezenet,8392.495,43.683,173,0
137.328,t2_squeezenet,8327.048,43.464,173,0
137.373,t2_squeezenet,8281.112,45.452,174,0
137.419,t2_squeezenet,8324.017,45.841,175,0
137.465,t2_squeezenet,8367.879,45.421,176,0
137.508,t2_squeezenet,8364.239,43.290,176,0
137.554,t2_squeezenet,8360.252,45.908,177,0
137.601,t2_squeezenet,8384.904,46.926,178,0
137.647,t2_squeezenet,8398.222,45.430,178,0
137.691,t2_squeezenet,8437.142,44.191,177,0
137.735,t2_squeezenet,8470.947,44.002,177,0
137.780,t2_squeezenet,8402.406,45.498,177,0
137.827,t2_squeezenet,8439.727,46.925,177,0
137.872,t2_squeezenet,8471.884,44.322,177,0
137.914,t2_squeezenet,8484.234,42.670,176,0
137.962,t2_squeezenet,8426.288,47.207,175,0
138.010,t2_squeezenet,8433.975,48.188,175,0
138.053,t2_squeezenet,8297.044,43.189,174,0
138.099,t2_squeezenet,8309.149,46.093,174,0
138.146,t2_squeezenet,8346.247,46.511,175,0
138.192,t2_squeezenet,8354.460,46.065,175,0
138.239,t2_squeezenet,8384.670,47.119,175,0
138.281,t2_squeezenet,8414.715,42.281,174,0
138.325,t2_squeezenet,8417.058,43.341,174,0
138.374,t2_squeezenet,8435.664,48.889,174,0
138.418,t2_squeezenet,8451.792,44.093,174,0
138.460,t2_squeezenet,8422.639,41.766,173,0
138.507,t2_squeezenet,8465.643,46.890,172,0
138.553,t2_squeezenet,8489.370,45.827,172,0
138.599,t2_squeezenet,8504.561,46.230,172,0
138.645,t2_squeezenet,8473.666,45.680,172,0
138.689,t2_squeezenet,8478.433,44.020,172,0
138.734,t2_squeezenet,8513.911,45.829,172,0
138.782,t2_squeezenet,8544.692,47.618,171,0
138.824,t2_squeezenet,8580.165,41.806,171,0
138.869,t2_squeezenet,8394.385,44.574,171,0
138.912,t2_squeezenet,8332.032,43.499,170,0
138.958,t2_squeezenet,8346.808,45.490,171,0
139.005,t2_squeezenet,8358.468,47.208,170,0
139.049,t2_squeezenet,7981.115,44.091,170,0
139.093,t2_squeezenet,8024.604,44.223,169,0
139.141,t2_squeezenet,8054.674,47.311,170,0
139.188,t2_squeezenet,8094.344,46.721,169,0
139.229,t2_squeezenet,7997.203,41.253,168,0
139.274,t2_squeezenet,8038.585,44.955,168,0
139.321,t2_squeezenet,8021.139,46.708,167,0
139.365,t2_squeezenet,8048.006,44.387,166,0
139.409,t2_squeezenet,8022.674,44.147,166,0
139.454,t2_squeezenet,7984.988,44.568,166,0
139.499,t2_squeezenet,8017.096,44.535,165,0
139.548,t2_squeezenet,8034.174,49.363,166,0
139.592,t2_squeezenet,8071.930,44.240,166,0
139.635,t2_squeezenet,8105.960,42.557,165,0
139.681,t2_squeezenet,8138.794,46.165,165,0
139.727,t2_squeezenet,8183.399,45.569,164,0
139.771,t2_squeezenet,8159.846,44.496,163,0
139.814,t2_squeezenet,8181.372,42.597,162,0
139.858,t2_squeezenet,8216.105,44.140,163,0
139.903,t2_squeezenet,8166.235,44.904,163,0
139.954,t2_squeezenet,8176.550,50.513,163,0
139.996,t2_squeezenet,8163.160,42.351,163,0
140.040,t2_squeezenet,8205.625,44.344,162,0
140.089,t2_squeezenet,8218.384,48.166,162,0
140.135,t2_squeezenet,8222.688,46.072,161,0
140.178,t2_squeezenet,8232.221,43.342,161,0
140.222,t2_squeezenet,8253.849,43.411,164,0
140.267,t2_squeezenet,8225.123,45.399,166,0
140.313,t2_squeezenet,8173.048,45.873,165,0
140.359,t2_squeezenet,8118.906,45.670,165,0
140.401,t2_squeezenet,8091.690,42.593,164,0
140.447,t2_squeezenet,8115.182,46.093,163,0
140.495,t2_squeezenet,8131.749,47.985,164,0
140.541,t2_squeezenet,8089.797,45.111,165,0
140.585,t2_squeezenet,8095.079,43.966,164,0
140.633,t2_squeezenet,8058.159,48.325,167,0
140.679,t2_squeezenet,7989.094,45.641,166,0
140.727,t2_squeezenet,7988.455,47.951,169,0
140.768,t2_squeezenet,8026.471,40.921,168,0
140.809,t2_squeezenet,8052.762,41.733,169,0
140.858,t2_squeezenet,8099.986,48.024,168,0
140.903,t2_squeezenet,8113.053,45.755,167,0
140.946,t2_squeezenet,8132.553,43.109,169,0
140.994,t2_squeezenet,8152.744,47.045,169,0
141.039,t2_squeezenet,8182.307,45.577,170,0
141.088,t2_squeezenet,8228.516,48.949,171,0
141.132,t2_squeezenet,8260.296,43.375,171,0
141.173,t2_squeezenet,8244.631,41.697,170,0
141.218,t2_squeezenet,8235.081,44.693,171,0
141.266,t2_squeezenet,8259.748,47.612,170,0
141.309,t2_squeezenet,8271.228,43.301,171,0
141.353,t2_squeezenet,8310.081,43.974,172,0
141.400,t2_squeezenet,8284.399,46.390,171,0
141.446,t2_squeezenet,8160.618,46.074,170,0
141.493,t2_squeezenet,8174.733,47.775,169,0
141.536,t2_squeezenet,8063.686,42.687,168,0
141.580,t2_squeezenet,8098.797,44.136,169,0
141.627,t2_squeezenet,8122.365,46.914,168,0
141.673,t2_squeezenet,8152.837,45.824,168,0
141.715,t2_squeezenet,8188.424,41.965,170,0
141.762,t2_squeezenet,8200.247,46.446,171,0
141.805,t2_squeezenet,8237.276,42.959,173,0
141.851,t2_squeezenet,8238.897,46.216,172,0
141.898,t2_squeezenet,8269.189,47.052,171,0
141.941,t2_squeezenet,8282.142,43.164,170,0
141.986,t2_squeezenet,8303.785,44.450,169,0
142.036,t2_squeezenet,8329.057,49.740,170,0
142.080,t2_squeezenet,8340.007,44.775,172,0
142.123,t2_squeezenet,8378.737,42.479,174,0
142.167,t2_squeezenet,8420.645,44.467,174,0
142.213,t2_squeezenet,8451.603,45.533,175,0
142.260,t2_squeezenet,8458.713,46.710,176,0
142.303,t2_squeezenet,8386.985,43.367,176,0
142.347,t2_squeezenet,8359.578,43.531,176,0
142.394,t2_squeezenet,8395.847,47.454,177,0
142.442,t2_squeezenet,8414.555,47.516,179,0
142.484,t2_squeezenet,8285.778,42.536,179,0
142.530,t2_squeezenet,8296.199,45.854,179,0
142.576,t2_squeezenet,8330.365,45.866,178,0
142.622,t2_squeezenet,8360.530,45.886,178,0
142.666,t2_squeezenet,8339.644,43.711,177,0
142.709,t2_squeezenet,8380.437,43.069,177,0
142.752,t2_squeezenet,8371.516,42.562,176,0
142.800,t2_squeezenet,8403.471,48.176,175,0
142.846,t2_squeezenet,8382.236,45.500,175,0
142.888,t2_squeezenet,8298.145,42.885,175,0
142.936,t2_squeezenet,8258.353,47.394,175,0
142.981,t2_squeezenet,8200.992,45.475,175,0
143.027,t2_squeezenet,8210.324,45.632,175,0
143.072,t2_squeezenet,8213.070,45.165,176,0
143.116,t2_squeezenet,8220.259,43.674,175,0
143.161,t2_squeezenet,8231.912,44.765,174,0
143.208,t2_squeezenet,8259.560,47.437,175,0
143.251,t2_squeezenet,8215.011,42.759,174,0
143.294,t2_squeezenet,8246.279,43.107,174,0
143.343,t2_squeezenet,8270.580,48.407,175,0
143.390,t2_squeezenet,8255.298,47.090,175,0
143.434,t2_squeezenet,8296.428,43.826,174,0
143.479,t2_squeezenet,8166.476,45.148,174,0
143.524,t2_squeezenet,8155.263,44.551,174,0
143.570,t2_squeezenet,8189.379,45.988,176,0
143.616,t2_squeezenet,8154.629,45.958,177,0
143.658,t2_squeezenet,8132.659,42.491,178,0
143.701,t2_squeezenet,8144.687,42.599,177,0
143.748,t2_squeezenet,8133.684,46.573,180,0
143.793,t2_squeezenet,8175.440,45.558,179,0
143.838,t2_squeezenet,8199.605,44.545,179,0
143.883,t2_squeezenet,8208.413,45.469,178,0
143.929,t2_squeezenet,8180.964,45.983,178,0
143.981,t2_squeezenet,8204.273,51.266,180,0
144.023,t2_squeezenet,8228.347,42.268,179,0
144.066,t2_squeezenet,8118.829,42.642,178,0
144.111,t2_squeezenet,8082.438,45.940,177,0
144.159,t2_squeezenet,8118.269,47.088,176,0
144.201,t2_squeezenet,8126.896,41.946,176,0
144.246,t2_squeezenet,8106.795,45.232,175,0
144.290,t2_squeezenet,8146.942,44.182,176,0
144.336,t2_squeezenet,8155.052,46.086,177,0
144.385,t2_squeezenet,8082.278,48.463,177,0
144.427,t2_squeezenet,8049.836,42.307,176,0
144.474,t2_squeezenet,7981.665,46.505,176,0
144.520,t2_squeezenet,7972.787,46.743,176,0
144.566,t2_squeezenet,8017.868,45.367,178,0
144.608,t2_squeezenet,7934.351,42.416,178,0
144.654,t2_squeezenet,7896.693,45.892,178,0
144.698,t2_squeezenet,7917.175,43.827,180,0
144.745,t2_squeezenet,7849.675,47.285,179,0
144.790,t2_squeezenet,7885.822,44.298,181,0
144.833,t2_squeezenet,7881.413,42.918,181,0
144.879,t2_squeezenet,7854.918,46.403,180,0
144.927,t2_squeezenet,7804.414,47.853,179,0
144.970,t2_squeezenet,7813.859,43.278,178,0
145.016,t2_squeezenet,7856.949,45.085,177,0
145.059,t2_squeezenet,7875.716,43.614,177,0
145.104,t2_squeezenet,7843.780,45.078,177,0
145.150,t2_squeezenet,7837.707,45.283,180,0
145.192,t2_squeezenet,7859.329,42.336,180,0
145.236,t2_squeezenet,7891.797,43.832,179,0
145.286,t2_squeezenet,7899.425,49.922,178,0
145.332,t2_squeezenet,7916.291,46.171,178,0
145.375,t2_squeezenet,7945.053,43.127,179,0
145.422,t2_squeezenet,7966.613,46.162,179,0
145.467,t2_squeezenet,7987.485,44.845,178,0
145.513,t2_squeezenet,8000.740,46.846,178,0
145.558,t2_squeezenet,8043.625,43.976,178,0
145.601,t2_squeezenet,8045.147,43.518,179,0
145.645,t2_squeezenet,8067.580,43.478,178,0
145.692,t2_squeezenet,8088.343,47.400,178,0
145.736,t2_squeezenet,8038.533,43.772,177,0
145.782,t2_squeezenet,8037.805,45.782,177,0
145.828,t2_squeezenet,8039.510,46.072,176,0
145.874,t2_squeezenet,8043.152,46.060,177,0
145.922,t2_squeezenet,7923.388,48.330,177,0
145.964,t2_squeezenet,7896.588,42.081,180,0
146.008,t2_squeezenet,7875.609,43.783,179,0
146.056,t2_squeezenet,7923.091,47.793,180,0
146.103,t2_squeezenet,7946.736,46.660,179,0
146.143,t2_squeezenet,7926.517,40.375,183,0
146.189,t2_squeezenet,7901.481,46.090,184,0
146.235,t2_squeezenet,7904.201,45.997,184,0
146.283,t2_squeezenet,7890.627,47.478,185,0
146.329,t2_squeezenet,7777.124,45.771,184,0
146.372,t2_squeezenet,7800.464,43.689,185,0
146.419,t2_squeezenet,7804.339,46.293,184,0
146.465,t2_squeezenet,7814.302,46.608,184,0
146.509,t2_squeezenet,7816.082,43.968,184,0
146.553,t2_squeezenet,7756.047,43.218,184,0
146.598,t2_squeezenet,7767.671,45.181,184,0
146.641,t2_squeezenet,7727.324,43.369,185,0
146.688,t2_squeezenet,7732.121,46.886,185,0
146.732,t2_squeezenet,7707.353,43.500,187,0
146.775,t2_squeezenet,7672.683,43.574,187,0
146.823,t2_squeezenet,7690.668,47.508,187,0
146.870,t2_squeezenet,7602.064,47.342,191,0
146.913,t2_squeezenet,7513.689,42.628,193,0
146.957,t2_squeezenet,7536.555,44.382,193,0
147.004,t2_squeezenet,7500.601,46.191,192,0
147.049,t2_squeezenet,7542.524,45.546,191,0
147.095,t2_squeezenet,7537.019,45.234,191,0
147.138,t2_squeezenet,7457.086,43.077,191,0
147.183,t2_squeezenet,7362.227,45.165,191,0
147.231,t2_squeezenet,7406.642,47.624,190,0
147.276,t2_squeezenet,7402.096,45.334,192,0
147.318,t2_squeezenet,7398.828,42.190,191,0
147.365,t2_squeezenet,7391.952,46.787,192,0
147.411,t2_squeezenet,7325.784,45.961,192,0
147.456,t2_squeezenet,7294.193,45.271,193,0
147.502,t2_squeezenet,7302.337,45.214,194,0
147.544,t2_squeezenet,7342.070,42.655,194,0
147.590,t2_squeezenet,7384.694,45.219,197,0
147.639,t2_squeezenet,7432.111,49.229,198,0
147.682,t2_squeezenet,7446.175,42.491,197,0
147.726,t2_squeezenet,7486.001,44.519,196,0
147.772,t2_squeezenet,7516.122,45.908,198,0
147.819,t2_squeezenet,7483.379,46.466,198,0
147.864,t2_squeezenet,7413.148,45.288,198,0
147.908,t2_squeezenet,7454.921,43.787,197,0
147.951,t2_squeezenet,7454.634,43.117,197,0
147.998,t2_squeezenet,7479.098,46.566,198,0
148.044,t2_squeezenet,7459.080,46.796,197,0
148.084,t2_squeezenet,7488.134,39.827,196,0
148.130,t2_squeezenet,7527.040,45.531,198,0
148.177,t2_squeezenet,7557.616,47.030,198,0
148.224,t2_squeezenet,7532.679,46.833,198,0
148.269,t2_squeezenet,7566.252,44.775,199,0
148.314,t2_squeezenet,7591.840,45.323,199,0
148.360,t2_squeezenet,7635.018,46.079,202,0
148.408,t2_squeezenet,7640.203,48.266,203,0
148.451,t2_squeezenet,7662.596,42.789,205,0
148.493,t2_squeezenet,7566.160,42.110,206,0
148.541,t2_squeezenet,7613.242,48.076,207,0
148.586,t2_squeezenet,7650.420,44.081,207,0
148.630,t2_squeezenet,7656.853,44.455,207,0
148.676,t2_squeezenet,7640.509,45.588,207,0
148.721,t2_squeezenet,7685.413,45.125,207,0
148.768,t2_squeezenet,7715.526,47.340,206,0
148.816,t2_squeezenet,7755.077,47.317,207,0
148.858,t2_squeezenet,7758.082,42.528,207,0
148.902,t2_squeezenet,7726.955,44.060,206,0
148.949,t2_squeezenet,7761.890,46.398,206,0
148.994,t2_squeezenet,7723.848,44.811,206,0
149.036,t2_squeezenet,7762.157,42.828,206,0
149.080,t2_squeezenet,7765.244,43.764,207,0
149.125,t2_squeezenet,7805.240,44.153,208,0
149.174,t2_squeezenet,7610.981,49.358,210,0
149.219,t2_squeezenet,7652.909,45.303,213,0
149.263,t2_squeezenet,7593.216,43.631,213,0
149.310,t2_squeezenet,7627.600,47.359,216,0
149.357,t2_squeezenet,7654.680,47.082,215,0
149.402,t2_squeezenet,7689.074,44.004,215,0
149.446,t2_squeezenet,7728.945,44.680,215,0
149.490,t2_squeezenet,7735.372,43.376,214,0
149.536,t2_squeezenet,7754.186,46.162,218,0
149.582,t2_squeezenet,7798.176,46.307,218,0
149.624,t2_squeezenet,7836.107,42.000,217,0
149.668,t2_squeezenet,7655.603,43.948,216,0
149.716,t2_squeezenet,7691.972,47.580,215,0
149.762,t2_squeezenet,7725.023,45.883,215,0
149.805,t2_squeezenet,7742.899,43.010,215,0
149.851,t2_squeezenet,7788.891,46.413,215,0
149.895,t2_squeezenet,7798.826,44.020,215,0
149.943,t2_squeezenet,7827.536,47.432,215,0
149.987,t2_squeezenet,7865.136,44.246,216,0
150.027,t2_squeezenet,7883.070,39.910,215,0
150.073,t2_squeezenet,7905.442,45.931,216,0
150.120,t2_squeezenet,7945.673,46.795,216,0
150.165,t2_squeezenet,7930.251,45.402,216,0
150.210,t2_squeezenet,7962.226,44.995,215,0
150.256,t2_squeezenet,7956.576,45.468,216,0
150.303,t2_squeezenet,7978.932,46.589,216,0
150.351,t2_squeezenet,7999.096,48.195,218,0
150.393,t2_squeezenet,8001.514,41.801,217,0
150.435,t2_squeezenet,8034.452,42.402,217,0
150.482,t2_squeezenet,8078.118,46.834,216,0
150.528,t2_squeezenet,8087.574,45.523,216,0
150.570,t2_squeezenet,8126.029,42.767,215,0
150.616,t2_squeezenet,8127.304,45.100,214,0
150.662,t2_squeezenet,8080.078,46.689,213,0
150.709,t2_squeezenet,8002.215,46.347,212,0
150.756,t2_squeezenet,7924.691,47.631,214,0
150.799,t2_squeezenet,7952.842,42.965,213,0
150.843,t2_squeezenet,7935.851,43.223,212,0
150.890,t2_squeezenet,7940.701,47.564,212,0
150.935,t2_squeezenet,7916.734,44.435,212,0
150.975,t2_squeezenet,7938.619,40.204,214,0
151.021,t2_squeezenet,7976.399,45.988,214,0
151.066,t2_squeezenet,7893.138,44.872,213,0
151.113,t2_squeezenet,7912.776,46.643,214,0
151.159,t2_squeezenet,7895.072,46.113,217,0
151.202,t2_squeezenet,7898.605,43.122,216,0
151.247,t2_squeezenet,7913.490,44.966,216,0
151.296,t2_squeezenet,7920.979,49.111,216,0
151.339,t2_squeezenet,7863.126,42.881,215,0
151.382,t2_squeezenet,7864.884,43.061,214,0
151.428,t2_squeezenet,7897.278,45.343,214,0
151.472,t2_squeezenet,7918.769,44.222,215,0
151.518,t2_squeezenet,7958.282,46.360,215,0
151.562,t2_squeezenet,7971.690,43.336,216,0
151.607,t2_squeezenet,8002.016,44.889,216,0
151.655,t2_squeezenet,8017.385,47.959,216,0
151.702,t2_squeezenet,8045.522,47.176,216,0
151.744,t2_squeezenet,8040.499,42.006,215,0
151.790,t2_squeezenet,8085.753,45.985,215,0
151.836,t2_squeezenet,8107.777,46.373,216,0
151.881,t2_squeezenet,8136.559,45.149,216,0
151.925,t2_squeezenet,8093.100,43.742,216,0
151.970,t2_squeezenet,8075.941,44.320,215,0
152.013,t2_squeezenet,8067.450,43.759,214,0
152.063,t2_squeezenet,8113.302,49.157,213,0
152.107,t2_squeezenet,8146.524,43.926,213,0
152.149,t2_squeezenet,7980.175,42.065,212,0
152.196,t2_squeezenet,7943.558,47.001,211,0
152.241,t2_squeezenet,7956.114,45.672,211,0
152.286,t2_squeezenet,7976.679,44.504,210,0
152.332,t2_squeezenet,8019.595,46.362,209,0
152.375,t2_squeezenet,7991.026,42.885,209,0
152.419,t2_squeezenet,7972.280,43.561,209,0
152.469,t2_squeezenet,7965.927,49.435,210,0
152.510,t2_squeezenet,7955.999,41.552,212,0
152.554,t2_squeezenet,7992.639,43.696,211,0
152.603,t2_squeezenet,8040.758,49.177,213,0
152.651,t2_squeezenet,8073.673,47.370,213,0
152.695,t2_squeezenet,8073.124,44.767,214,0
152.740,t2_squeezenet,8077.434,44.894,213,0
152.785,t2_squeezenet,8109.834,44.226,213,0
152.831,t2_squeezenet,8142.790,46.304,214,0
152.876,t2_squeezenet,8106.202,45.012,213,0
152.917,t2_squeezenet,8144.957,41.274,213,0
152.963,t2_squeezenet,8173.151,45.505,214,0
153.009,t2_squeezenet,8187.791,45.778,214,0
153.054,t2_squeezenet,8023.504,45.480,214,0
153.098,t2_squeezenet,8035.362,43.539,213,0
153.142,t2_squeezenet,8032.770,44.559,212,0
153.188,t2_squeezenet,8060.262,46.028,212,0
153.236,t2_squeezenet,8108.005,47.941,211,0
153.280,t2_squeezenet,8143.273,43.355,211,0
153.322,t2_squeezenet,8130.876,42.271,212,0
153.370,t2_squeezenet,8050.842,47.458,212,0
153.414,t2_squeezenet,8056.585,44.453,212,0
153.458,t2_squeezenet,8099.041,43.465,211,0
153.503,t2_squeezenet,8118.954,45.084,211,0
153.548,t2_squeezenet,8037.650,45.001,210,0
153.594,t2_squeezenet,8069.636,46.307,209,0
153.642,t2_squeezenet,8084.360,47.745,208,0
153.685,t2_squeezenet,8098.967,42.486,208,0
153.728,t2_squeezenet,8053.578,43.122,207,0
153.777,t2_squeezenet,8030.360,49.115,206,0
153.822,t2_squeezenet,7962.188,44.877,205,0
153.865,t2_squeezenet,7995.567,43.355,205,0
153.910,t2_squeezenet,8005.048,44.194,206,0
153.954,t2_squeezenet,8030.827,44.028,206,0
154.002,t2_squeezenet,8073.823,47.804,206,0
154.046,t2_squeezenet,8111.843,44.007,207,0
154.089,t2_squeezenet,8139.682,42.943,207,0
154.135,t2_squeezenet,8111.568,46.175,206,0
154.181,t2_squeezenet,8145.893,46.698,206,0
154.225,t2_squeezenet,8121.150,43.956,206,0
154.271,t2_squeezenet,8151.757,45.301,210,0
154.317,t2_squeezenet,8196.348,45.805,210,0
154.360,t2_squeezenet,8231.284,42.881,211,0
154.407,t2_squeezenet,8270.667,47.030,210,0
154.451,t2_squeezenet,8283.013,43.834,210,0
154.495,t2_squeezenet,8315.181,44.446,211,0
154.542,t2_squeezenet,8322.447,47.061,211,0
154.590,t2_squeezenet,8346.200,47.416,213,0
154.632,t2_squeezenet,8378.255,42.756,213,0
154.678,t2_squeezenet,8343.328,45.743,212,0
154.722,t2_squeezenet,8376.318,44.027,211,0
154.768,t2_squeezenet,8339.239,45.698,211,0
154.814,t2_squeezenet,8346.188,46.040,210,0
154.855,t2_squeezenet,8323.250,40.910,212,0
154.899,t2_squeezenet,8317.256,43.899,212,0
154.948,t2_squeezenet,8324.686,49.270,213,0
154.993,t2_squeezenet,8359.780,45.096,213,0
155.036,t2_squeezenet,8367.785,42.187,215,0
155.082,t2_squeezenet,8375.113,46.544,215,0
155.129,t2_squeezenet,8415.132,46.297,216,0
155.175,t2_squeezenet,8461.232,46.813,216,0
155.218,t2_squeezenet,8457.563,42.664,216,0
155.262,t2_squeezenet,8470.477,43.516,215,0
155.306,t2_squeezenet,8474.226,44.257,217,0
155.354,t2_squeezenet,8520.380,47.658,216,0
155.397,t2_squeezenet,8557.510,42.692,215,0
155.442,t2_squeezenet,8582.686,45.305,216,0
155.488,t2_squeezenet,8625.335,46.553,216,0
155.535,t2_squeezenet,8649.476,46.328,216,0
155.580,t2_squeezenet,8686.883,45.557,217,0
155.624,t2_squeezenet,8719.522,43.186,216,0
155.668,t2_squeezenet,8746.592,44.692,218,0
155.715,t2_squeezenet,8634.916,46.284,219,0
155.762,t2_squeezenet,8627.738,47.107,219,0
155.801,t2_squeezenet,8651.119,39.342,218,0
155.847,t2_squeezenet,8602.326,46.182,218,0
155.894,t2_squeezenet,8634.320,46.642,217,0
155.941,t2_squeezenet,8672.446,46.479,218,0
155.985,t2_squeezenet,8648.366,44.055,219,0
156.029,t2_squeezenet,8672.395,44.442,219,0
156.074,t2_squeezenet,8673.231,44.651,219,0
156.122,t2_squeezenet,8673.927,47.920,218,0
156.164,t2_squeezenet,8714.439,42.236,217,0
156.207,t2_squeezenet,8744.135,43.119,216,0
156.252,t2_squeezenet,8763.429,44.771,217,0
156.298,t2_squeezenet,8783.693,45.596,216,0
156.343,t2_squeezenet,8775.790,45.031,217,0
156.389,t2_squeezenet,8819.792,46.480,218,0
156.434,t2_squeezenet,8859.583,44.775,219,0
156.481,t2_squeezenet,8899.362,46.504,219,0
156.528,t2_squeezenet,8919.764,46.806,220,0
156.569,t2_squeezenet,8935.688,41.466,219,0
156.614,t2_squeezenet,8872.971,44.946,219,0
156.659,t2_squeezenet,8916.237,45.178,221,0
156.706,t2_squeezenet,8952.695,46.312,222,0
156.748,t2_squeezenet,8946.398,41.895,221,0
156.791,t2_squeezenet,8934.849,43.663,221,0
156.837,t2_squeezenet,8919.103,45.189,221,0
156.885,t2_squeezenet,8914.791,48.244,220,0
156.930,t2_squeezenet,8958.056,45.305,220,0
156.973,t2_squeezenet,8871.293,42.773,219,0
157.019,t2_squeezenet,8913.134,45.483,220,0
157.065,t2_squeezenet,8943.430,46.292,219,0
157.109,t2_squeezenet,8976.315,44.425,218,0
157.153,t2_squeezenet,8945.351,43.661,219,0
157.197,t2_squeezenet,8962.655,43.328,221,0
157.242,t2_squeezenet,8987.638,45.253,220,0
157.290,t2_squeezenet,8978.077,48.467,219,0
157.332,t2_squeezenet,9015.366,42.031,218,0
157.377,t2_squeezenet,9058.167,44.110,218,0
157.424,t2_squeezenet,9101.484,47.806,218,0
157.471,t2_squeezenet,9129.981,46.186,217,0
157.513,t2_squeezenet,9146.051,42.467,217,0
157.559,t2_squeezenet,9170.869,46.232,217,0
157.603,t2_squeezenet,9163.699,43.860,216,0
157.651,t2_squeezenet,9207.873,47.687,215,0
157.695,t2_squeezenet,9248.934,44.134,214,0
157.738,t2_squeezenet,9258.991,42.946,213,0
157.784,t2_squeezenet,9291.882,45.740,215,0
157.832,t2_squeezenet,9330.388,47.637,215,0
157.877,t2_squeezenet,9340.277,45.784,215,0
157.921,t2_squeezenet,9355.197,43.810,214,0
157.967,t2_squeezenet,9356.778,45.243,214,0
158.011,t2_squeezenet,9342.911,44.189,214,0
158.058,t2_squeezenet,9345.921,47.380,213,0
158.102,t2_squeezenet,9305.768,43.250,214,0
158.144,t2_squeezenet,9341.174,42.195,215,0
158.190,t2_squeezenet,9350.857,45.753,215,0
158.237,t2_squeezenet,9298.436,47.503,216,0
158.281,t2_squeezenet,9300.808,43.224,215,0
158.324,t2_squeezenet,9322.037,43.745,214,0
158.370,t2_squeezenet,9317.585,45.538,214,0
158.417,t2_squeezenet,9357.209,46.707,214,0
158.465,t2_squeezenet,9357.142,48.000,214,0
158.507,t2_squeezenet,9382.336,41.960,214,0
158.550,t2_squeezenet,9394.476,43.635,216,0
158.599,t2_squeezenet,9426.955,48.879,216,0
158.643,t2_squeezenet,9469.327,43.870,216,0
158.685,t2_squeezenet,9494.117,42.049,217,0
158.732,t2_squeezenet,9533.234,46.869,216,0
158.778,t2_squeezenet,9567.625,45.962,219,0
158.826,t2_squeezenet,9611.738,47.407,218,0
158.869,t2_squeezenet,9627.149,43.677,218,0
158.912,t2_squeezenet,9644.247,42.980,218,0
158.956,t2_squeezenet,9662.714,43.990,217,0
159.003,t2_squeezenet,9701.866,46.199,220,0
159.047,t2_squeezenet,9743.445,44.610,219,0
159.089,t2_squeezenet,9715.490,41.675,218,0
159.134,t2_squeezenet,9730.372,45.270,218,0
159.181,t2_squeezenet,9686.110,46.302,218,0
159.228,t2_squeezenet,9726.184,47.423,218,0
159.272,t2_squeezenet,9755.359,43.686,218,0
159.316,t2_squeezenet,9789.890,44.123,217,0
159.364,t2_squeezenet,9833.344,48.090,217,0
159.410,t2_squeezenet,9845.490,46.265,217,0
159.452,t2_squeezenet,9697.507,41.081,216,0
159.497,t2_squeezenet,9703.008,45.409,215,0
159.543,t2_squeezenet,9715.179,45.617,214,0
159.587,t2_squeezenet,9730.804,44.437,216,0
159.632,t2_squeezenet,9707.354,44.988,216,0
159.676,t2_squeezenet,9725.592,43.560,215,0
159.721,t2_squeezenet,9754.939,45.153,215,0
159.770,t2_squeezenet,9736.348,49.363,214,0
159.815,t2_squeezenet,9757.627,44.827,213,0
159.861,t2_squeezenet,9779.733,45.342,217,0
159.905,t2_squeezenet,9754.503,44.430,216,0
159.950,t2_squeezenet,9730.086,45.187,215,0
159.997,t2_squeezenet,9741.681,46.400,217,0
160.039,t2_squeezenet,9756.675,42.245,217,0
160.083,t2_squeezenet,9765.506,44.162,219,0
160.130,t2_squeezenet,9807.932,46.124,219,0
160.177,t2_squeezenet,9838.104,47.865,219,0
160.220,t2_squeezenet,9802.625,42.446,218,0
160.267,t2_squeezenet,9776.510,46.822,218,0
160.313,t2_squeezenet,9572.582,45.779,218,0
160.359,t2_squeezenet,9618.621,46.197,217,0
160.403,t2_squeezenet,9656.300,44.358,217,0
160.448,t2_squeezenet,9578.107,44.346,217,0
160.492,t2_squeezenet,9583.293,43.990,216,0
160.541,t2_squeezenet,9578.317,49.162,220,0
160.584,t2_squeezenet,9616.949,42.687,220,0
160.626,t2_squeezenet,9653.482,42.408,221,0
160.673,t2_squeezenet,9667.534,46.710,221,0
160.720,t2_squeezenet,9644.909,46.715,222,0
160.765,t2_squeezenet,9685.970,45.751,222,0
160.810,t2_squeezenet,9694.893,44.825,223,0
160.854,t2_squeezenet,9721.240,43.869,222,0
160.899,t2_squeezenet,9763.479,44.931,221,0
160.948,t2_squeezenet,9798.850,49.118,221,0
160.990,t2_squeezenet,9757.839,41.546,221,0
161.032,t2_squeezenet,9757.591,41.664,220,0
161.080,t2_squeezenet,9662.946,48.417,219,0
161.127,t2_squeezenet,9682.192,46.587,219,0
161.172,t2_squeezenet,9710.745,44.832,219,0
161.217,t2_squeezenet,9741.041,44.866,218,0
161.262,t2_squeezenet,9726.864,45.114,217,0
161.309,t2_squeezenet,9750.403,47.696,217,0
161.356,t2_squeezenet,9760.632,46.782,218,0
161.398,t2_squeezenet,9777.639,41.990,218,0
161.444,t2_squeezenet,9770.152,45.719,219,0
161.490,t2_squeezenet,9733.034,46.012,220,0
161.536,t2_squeezenet,9738.830,45.694,219,0
161.578,t2_squeezenet,9748.742,41.708,219,0
161.622,t2_squeezenet,9779.077,44.590,218,0
161.668,t2_squeezenet,9772.273,45.758,221,0
161.717,t2_squeezenet,9622.404,48.777,222,0
161.760,t2_squeezenet,9520.599,43.160,222,0
161.803,t2_squeezenet,9429.497,42.967,223,0
161.851,t2_squeezenet,9462.464,47.512,223,0
161.897,t2_squeezenet,9466.875,45.759,223,0
161.940,t2_squeezenet,9496.377,43.141,227,0
161.986,t2_squeezenet,9499.202,45.683,227,0
162.027,t2_squeezenet,9532.760,41.718,227,0
162.073,t2_squeezenet,9567.247,45.518,227,0
162.122,t2_squeezenet,9544.864,48.698,226,0
162.164,t2_squeezenet,9580.283,42.670,226,0
162.209,t2_squeezenet,9612.132,44.982,226,0
162.257,t2_squeezenet,9640.998,47.557,227,0
162.303,t2_squeezenet,9643.044,46.222,227,0
162.345,t2_squeezenet,9654.004,42.187,227,0
162.390,t2_squeezenet,9647.184,44.118,227,0
162.434,t2_squeezenet,9609.852,44.102,228,0
162.482,t2_squeezenet,9657.505,48.527,229,0
162.525,t2_squeezenet,9610.210,42.547,228,0
162.567,t2_squeezenet,9646.730,42.508,227,0
162.614,t2_squeezenet,9675.530,46.679,228,0
162.661,t2_squeezenet,9680.613,46.977,227,0
162.705,t2_squeezenet,9687.633,44.054,228,0
162.750,t2_squeezenet,9575.780,44.654,228,0
162.796,t2_squeezenet,9523.251,46.258,227,0
162.841,t2_squeezenet,9536.060,44.976,228,0
162.890,t2_squeezenet,9574.410,48.410,227,0
162.932,t2_squeezenet,9575.195,41.959,227,0
162.973,t2_squeezenet,9561.379,41.109,226,0
163.021,t2_squeezenet,9549.580,47.822,225,0
163.068,t2_squeezenet,9401.989,47.267,225,0
163.111,t2_squeezenet,9280.173,42.486,224,0
163.158,t2_squeezenet,9272.904,47.000,227,0
163.203,t2_squeezenet,9304.724,45.256,228,0
163.250,t2_squeezenet,9308.897,46.900,228,0
163.295,t2_squeezenet,9304.286,45.193,228,0
163.338,t2_squeezenet,9319.649,42.559,228,0
163.381,t2_squeezenet,9357.611,43.288,227,0
163.430,t2_squeezenet,9370.738,49.161,227,0
163.473,t2_squeezenet,9330.841,42.688,227,0
163.517,t2_squeezenet,9308.671,43.647,228,0
163.565,t2_squeezenet,9336.896,47.745,227,0
163.611,t2_squeezenet,9371.868,46.043,227,0
163.658,t2_squeezenet,9418.419,47.180,227,0
163.702,t2_squeezenet,9447.149,43.959,226,0
163.746,t2_squeezenet,9490.738,44.070,226,0
163.792,t2_squeezenet,9515.131,46.230,225,0
163.839,t2_squeezenet,9519.347,46.640,225,0
163.880,t2_squeezenet,9551.104,41.478,225,0
163.926,t2_squeezenet,9498.271,45.026,224,0
163.970,t2_squeezenet,9508.101,44.015,224,0
164.016,t2_squeezenet,9543.173,46.287,226,0
164.061,t2_squeezenet,9540.573,45.305,226,0
164.106,t2_squeezenet,9550.872,44.657,227,0
164.150,t2_squeezenet,9584.803,44.213,226,0
164.199,t2_squeezenet,9630.153,48.779,227,0
164.244,t2_squeezenet,9646.678,45.067,229,0
164.286,t2_squeezenet,9525.597,41.442,228,0
164.332,t2_squeezenet,9516.034,46.036,230,0
164.377,t2_squeezenet,9540.429,45.607,230,0
164.421,t2_squeezenet,9569.965,43.343,229,0
164.465,t2_squeezenet,9600.586,44.210,230,0
164.509,t2_squeezenet,9594.616,43.869,229,0
164.555,t2_squeezenet,9629.020,45.671,229,0
164.604,t2_squeezenet,9622.320,49.635,230,0
164.648,t2_squeezenet,9639.237,43.218,230,0
164.694,t2_squeezenet,9669.343,45.922,230,0
164.739,t2_squeezenet,9707.705,45.338,230,0
164.786,t2_squeezenet,9717.673,46.559,231,0
164.830,t2_squeezenet,9743.366,43.964,232,0
164.874,t2_squeezenet,9772.918,44.195,232,0
164.917,t2_squeezenet,9776.845,43.032,234,0
164.963,t2_squeezenet,9754.957,45.922,234,0
165.009,t2_squeezenet,9726.108,46.248,236,0
165.052,t2_squeezenet,9754.363,42.559,236,0
165.097,t2_squeezenet,9792.132,45.253,235,0
165.144,t2_squeezenet,9737.571,46.788,235,0
165.189,t2_squeezenet,9756.670,45.468,237,0
165.233,t2_squeezenet,9790.592,43.408,237,0
165.278,t2_squeezenet,9747.628,44.834,238,0
165.323,t2_squeezenet,9787.694,45.697,240,0
165.370,t2_squeezenet,9829.141,46.225,241,0
165.413,t2_squeezenet,9774.770,42.922,240,0
165.456,t2_squeezenet,9807.344,42.976,242,0
165.503,t2_squeezenet,9851.861,47.686,241,0
165.551,t2_squeezenet,9869.015,47.444,240,0
165.594,t2_squeezenet,9909.500,43.392,239,0
165.640,t2_squeezenet,9884.430,45.689,240,0
165.684,t2_squeezenet,9837.145,44.051,240,0
165.730,t2_squeezenet,9832.194,45.443,242,0
165.778,t2_squeezenet,9856.392,48.113,242,0
165.820,t2_squeezenet,9877.122,42.512,242,0
165.862,t2_squeezenet,9881.070,41.359,242,0
165.911,t2_squeezenet,9886.844,49.174,242,0
165.957,t2_squeezenet,9894.179,45.685,243,0
165.998,t2_squeezenet,9789.104,41.337,242,0
166.046,t2_squeezenet,9823.673,47.334,241,0
166.091,t2_squeezenet,9789.325,45.628,243,0
166.139,t2_squeezenet,9815.578,47.692,243,0
166.182,t2_squeezenet,9806.371,43.192,243,0
166.225,t2_squeezenet,9837.749,42.550,243,0
166.272,t2_squeezenet,9869.193,47.594,243,0
166.321,t2_squeezenet,9915.126,48.402,244,0
166.363,t2_squeezenet,9927.757,41.769,243,0
166.407,t2_squeezenet,9920.169,43.771,243,0
166.452,t2_squeezenet,9939.397,45.496,242,0
166.498,t2_squeezenet,9886.095,46.134,242,0
166.545,t2_squeezenet,9920.387,47.053,242,0
166.589,t2_squeezenet,9964.207,43.976,241,0
166.633,t2_squeezenet,9999.636,43.300,242,0
166.680,t2_squeezenet,9978.046,47.058,242,0
166.726,t2_squeezenet,10021.203,45.717,244,0
166.767,t2_squeezenet,9994.336,41.604,244,0
166.811,t2_squeezenet,10007.328,44.152,243,0
166.858,t2_squeezenet,9942.415,46.013,243,0
166.904,t2_squeezenet,9906.845,45.972,242,0
166.949,t2_squeezenet,9948.657,45.143,241,0
166.992,t2_squeezenet,9869.473,43.015,241,0
167.037,t2_squeezenet,9893.742,45.157,241,0
167.086,t2_squeezenet,9923.687,48.725,241,0
167.130,t2_squeezenet,9962.972,43.669,242,0
167.172,t2_squeezenet,9989.509,42.102,242,0
167.219,t2_squeezenet,9845.877,47.505,242,0
167.263,t2_squeezenet,9851.242,43.280,242,0
167.308,t2_squeezenet,9809.706,45.306,242,0
167.353,t2_squeezenet,9819.466,45.176,241,0
167.398,t2_squeezenet,9649.601,44.948,243,0
167.446,t2_squeezenet,9680.928,48.140,243,0
167.494,t2_squeezenet,9720.859,47.199,245,0
167.536,t2_squeezenet,9708.923,42.082,245,0
167.580,t2_squeezenet,9733.689,44.487,244,0
167.626,t2_squeezenet,9696.605,45.412,243,0
167.671,t2_squeezenet,9689.577,45.505,244,0
167.716,t2_squeezenet,9633.582,44.982,244,0
167.759,t2_squeezenet,9664.682,42.611,243,0
167.804,t2_squeezenet,9699.355,44.792,244,0
167.852,t2_squeezenet,9708.948,48.603,245,0
167.898,t2_squeezenet,9743.281,45.990,245,0
167.942,t2_squeezenet,9730.570,43.524,244,0
167.989,t2_squeezenet,9775.382,47.235,244,0
168.037,t2_squeezenet,9683.383,47.264,243,0
168.081,t2_squeezenet,9690.809,44.813,242,0
168.126,t2_squeezenet,9681.458,44.234,242,0
168.169,t2_squeezenet,9669.966,43.463,242,0
168.215,t2_squeezenet,9704.628,45.920,241,0
168.262,t2_squeezenet,9742.296,46.711,240,0
168.304,t2_squeezenet,9756.824,41.718,239,0
168.348,t2_squeezenet,9749.184,43.990,240,0
168.396,t2_squeezenet,9767.546,48.540,240,0
168.443,t2_squeezenet,9794.108,46.649,241,0
168.486,t2_squeezenet,9811.861,43.224,241,0
168.533,t2_squeezenet,9796.010,46.254,240,0
168.577,t2_squeezenet,9833.855,44.347,241,0
168.625,t2_squeezenet,9878.756,47.530,240,0
168.669,t2_squeezenet,9902.417,44.485,239,0
168.712,t2_squeezenet,9847.078,43.032,241,0
168.755,t2_squeezenet,9883.933,43.105,240,0
168.802,t2_squeezenet,9841.587,46.733,239,0
168.847,t2_squeezenet,9876.636,45.010,238,0
168.891,t2_squeezenet,9913.196,44.117,237,0
168.936,t2_squeezenet,9934.543,44.990,239,0
168.982,t2_squeezenet,9889.098,45.960,238,0
169.031,t2_squeezenet,9883.234,48.837,237,0
169.074,t2_squeezenet,9879.045,42.909,236,0
169.117,t2_squeezenet,9888.245,42.626,235,0
169.163,t2_squeezenet,9842.152,45.932,237,0
169.209,t2_squeezenet,9825.535,45.768,238,0
169.251,t2_squeezenet,9668.636,42.606,241,0
169.296,t2_squeezenet,9712.603,44.876,242,0
169.343,t2_squeezenet,9756.821,46.391,242,0
169.389,t2_squeezenet,9759.018,46.312,241,0
169.437,t2_squeezenet,9727.362,47.680,240,0
169.480,t2_squeezenet,9654.229,43.134,240,0
169.523,t2_squeezenet,9694.885,43.190,239,0
169.571,t2_squeezenet,9729.125,47.882,239,0
169.616,t2_squeezenet,9770.979,44.551,238,0
169.657,t2_squeezenet,9801.339,40.724,237,0
169.702,t2_squeezenet,9746.855,45.661,237,0
169.747,t2_squeezenet,9774.875,44.669,237,0
169.793,t2_squeezenet,9804.708,46.166,237,0
169.840,t2_squeezenet,9804.424,46.677,237,0
169.884,t2_squeezenet,9832.614,43.950,236,0
169.929,t2_squeezenet,9874.581,44.853,235,0
169.979,t2_squeezenet,9924.144,50.300,234,0
170.021,t2_squeezenet,9903.650,42.030,233,0
170.065,t2_squeezenet,9919.144,43.112,235,0
170.111,t2_squeezenet,9868.176,46.335,235,0
170.154,t2_squeezenet,9852.452,43.152,234,0
170.201,t2_squeezenet,9838.886,46.863,234,0
170.245,t2_squeezenet,9821.273,43.820,233,0
170.290,t2_squeezenet,9797.770,45.158,235,0
170.338,t2_squeezenet,9837.467,47.639,235,0
170.385,t2_squeezenet,9874.282,46.983,234,0
170.427,t2_squeezenet,9905.899,42.425,237,0
170.472,t2_squeezenet,9933.218,44.086,239,0
170.517,t2_squeezenet,9947.797,45.805,238,0
170.562,t2_squeezenet,9971.002,44.675,238,0
170.606,t2_squeezenet,9994.628,44.049,237,0
170.649,t2_squeezenet,9980.778,42.867,240,0
170.694,t2_squeezenet,10018.437,45.120,244,0
170.744,t2_squeezenet,10034.223,49.897,246,0
170.789,t2_squeezenet,10053.459,44.456,246,0
170.832,t2_squeezenet,10038.063,43.245,247,0
170.880,t2_squeezenet,10079.951,47.598,247,0
170.925,t2_squeezenet,9985.636,45.483,248,0
170.969,t2_squeezenet,10016.933,43.578,247,0
171.014,t2_squeezenet,9903.331,45.216,246,0
171.058,t2_squeezenet,9906.111,43.910,247,0
171.103,t2_squeezenet,9813.053,44.334,247,0
171.150,t2_squeezenet,9830.335,47.758,249,0
171.193,t2_squeezenet,9868.346,42.134,249,0
171.236,t2_squeezenet,9848.786,43.789,248,0
171.286,t2_squeezenet,9872.197,49.081,248,0
171.331,t2_squeezenet,9898.859,45.522,248,0
171.374,t2_squeezenet,9921.181,43.126,247,0
171.420,t2_squeezenet,9942.242,46.172,246,0
171.464,t2_squeezenet,9916.158,43.932,245,0
171.513,t2_squeezenet,9883.518,48.058,245,0
171.556,t2_squeezenet,9920.074,43.419,244,0
171.598,t2_squeezenet,9944.687,41.707,245,0
171.644,t2_squeezenet,9987.571,45.870,245,0
171.690,t2_squeezenet,10014.119,46.290,245,0
171.736,t2_squeezenet,10021.710,45.364,245,0
171.781,t2_squeezenet,10028.327,44.860,245,0
171.826,t2_squeezenet,10056.045,45.202,248,0
171.871,t2_squeezenet,10092.706,45.322,248,0
171.918,t2_squeezenet,10096.424,47.004,249,0
171.961,t2_squeezenet,10071.560,43.080,249,0
172.004,t2_squeezenet,10105.324,42.523,248,0
172.052,t2_squeezenet,10147.787,47.647,249,0
172.097,t2_squeezenet,10181.355,45.204,248,0
172.139,t2_squeezenet,10217.801,42.382,247,0
172.185,t2_squeezenet,10255.328,45.647,247,0
172.232,t2_squeezenet,10258.431,47.263,248,0
172.280,t2_squeezenet,10253.223,47.949,249,0
172.326,t2_squeezenet,10255.679,45.845,250,0
172.370,t2_squeezenet,10212.084,43.565,250,0
172.414,t2_squeezenet,10239.896,44.126,249,0
172.462,t2_squeezenet,10222.908,47.548,250,0
172.506,t2_squeezenet,10266.577,44.208,249,0
172.548,t2_squeezenet,10264.764,42.218,249,0
172.593,t2_squeezenet,10257.077,45.213,249,0
172.639,t2_squeezenet,10268.758,45.175,249,0
172.686,t2_squeezenet,10292.427,46.932,248,0
172.730,t2_squeezenet,10322.773,43.856,248,0
172.774,t2_squeezenet,10311.936,43.953,247,0
172.821,t2_squeezenet,10357.731,47.671,246,0
172.869,t2_squeezenet,10261.744,47.402,247,0
172.911,t2_squeezenet,10302.198,42.102,246,0
172.957,t2_squeezenet,10289.789,45.717,247,0
173.002,t2_squeezenet,10316.247,45.074,246,0
173.047,t2_squeezenet,10321.341,45.499,247,0
173.092,t2_squeezenet,10283.046,44.989,249,0
173.137,t2_squeezenet,10323.542,44.462,248,0
173.181,t2_squeezenet,10258.311,44.530,249,0
173.230,t2_squeezenet,10173.988,48.351,248,0
173.276,t2_squeezenet,10164.103,45.702,248,0
173.318,t2_squeezenet,10199.942,42.462,248,0
173.366,t2_squeezenet,10225.595,47.605,249,0
173.411,t2_squeezenet,10259.962,44.903,250,0
173.456,t2_squeezenet,10280.633,45.375,250,0
173.501,t2_squeezenet,10322.690,44.817,251,0
173.544,t2_squeezenet,10307.121,43.043,251,0
173.588,t2_squeezenet,10322.089,44.147,251,0
173.637,t2_squeezenet,10338.891,48.608,250,0
173.680,t2_squeezenet,10272.258,42.751,249,0
173.725,t2_squeezenet,10290.264,44.670,250,0
173.771,t2_squeezenet,10286.922,45.952,249,0
173.817,t2_squeezenet,10321.800,46.618,248,0
173.862,t2_squeezenet,10280.118,44.842,247,0
173.905,t2_squeezenet,10259.306,42.864,249,0
173.948,t2_squeezenet,10207.133,43.242,249,0
173.996,t2_squeezenet,10193.071,47.667,249,0
174.041,t2_squeezenet,10161.333,45.117,249,0
174.084,t2_squeezenet,10142.372,42.287,250,0
174.129,t2_squeezenet,10152.205,45.468,249,0
174.177,t2_squeezenet,10165.807,48.246,248,0
174.223,t2_squeezenet,10207.809,46.103,249,0
174.267,t2_squeezenet,10249.921,44.008,249,0
174.313,t2_squeezenet,10233.394,45.282,249,0
174.357,t2_squeezenet,10277.572,44.401,248,0
174.405,t2_squeezenet,10238.823,48.193,248,0
174.447,t2_squeezenet,10268.487,41.948,248,0
174.491,t2_squeezenet,10288.810,43.523,247,0
174.537,t2_squeezenet,10317.996,46.262,248,0
174.584,t2_squeezenet,10357.731,46.666,247,0
174.628,t2_squeezenet,10332.559,44.291,249,0
174.674,t2_squeezenet,10370.689,45.816,249,0
174.719,t2_squeezenet,10398.694,45.195,249,0
174.766,t2_squeezenet,10392.716,46.876,248,0
174.815,t2_squeezenet,10374.151,48.582,247,0
174.857,t2_squeezenet,10398.618,42.002,248,0
174.902,t2_squeezenet,10356.314,44.794,247,0
174.948,t2_squeezenet,10368.340,45.720,247,0
174.992,t2_squeezenet,10403.216,44.724,247,0
175.036,t2_squeezenet,10396.722,43.469,248,0
175.081,t2_squeezenet,10404.202,45.257,247,0
175.127,t2_squeezenet,10407.747,45.745,247,0
175.176,t2_squeezenet,10434.402,48.413,249,0
175.220,t2_squeezenet,10470.307,44.696,248,0
175.264,t2_squeezenet,10473.335,43.675,249,0
175.312,t2_squeezenet,10484.915,47.528,253,0
175.359,t2_squeezenet,10506.915,47.736,254,0
175.403,t2_squeezenet,10514.673,43.224,254,0
175.446,t2_squeezenet,10547.318,43.116,253,0
175.492,t2_squeezenet,10579.835,45.914,253,0
175.536,t2_squeezenet,10577.811,43.881,254,0
175.584,t2_squeezenet,10601.599,47.849,253,0
175.626,t2_squeezenet,10640.257,42.298,253,0
175.670,t2_squeezenet,10678.154,44.388,252,0
175.719,t2_squeezenet,10692.498,48.625,253,0
175.766,t2_squeezenet,10626.639,46.576,253,0
175.808,t2_squeezenet,10653.551,42.313,253,0
175.855,t2_squeezenet,10691.770,46.870,255,0
175.900,t2_squeezenet,10728.280,44.947,257,0
175.946,t2_squeezenet,10747.539,45.491,256,0
175.988,t2_squeezenet,10745.790,42.553,256,0
176.032,t2_squeezenet,10754.409,43.506,256,0
176.078,t2_squeezenet,10787.722,45.832,255,0
176.127,t2_squeezenet,10831.358,49.217,256,0
176.171,t2_squeezenet,10861.026,44.106,255,0
176.217,t2_squeezenet,10892.233,45.604,256,0
176.262,t2_squeezenet,10916.081,45.586,255,0
176.308,t2_squeezenet,10886.879,45.335,255,0
176.355,t2_squeezenet,10913.367,47.065,255,0
176.397,t2_squeezenet,10946.028,42.359,254,0
176.441,t2_squeezenet,10845.654,44.136,254,0
176.487,t2_squeezenet,10848.141,45.998,256,0
176.535,t2_squeezenet,10866.429,47.742,257,0
176.577,t2_squeezenet,10870.315,41.586,257,0
176.624,t2_squeezenet,10905.172,46.909,258,0
176.670,t2_squeezenet,10941.838,45.971,257,0
176.716,t2_squeezenet,10953.988,46.227,256,0
176.761,t2_squeezenet,10965.270,45.027,255,0
176.804,t2_squeezenet,10955.257,42.751,255,0
176.848,t2_squeezenet,10968.145,44.012,254,0
176.897,t2_squeezenet,10968.330,48.874,253,0
176.940,t2_squeezenet,11006.637,43.145,253,0
176.983,t2_squeezenet,10936.416,42.283,254,0
177.029,t2_squeezenet,10958.222,46.670,254,0
177.076,t2_squeezenet,10986.700,46.463,254,0
177.123,t2_squeezenet,11010.955,46.710,253,0
177.166,t2_squeezenet,10987.676,43.723,254,0
177.210,t2_squeezenet,10995.368,43.763,254,0
177.257,t2_squeezenet,10996.441,46.698,253,0
177.303,t2_squeezenet,11030.424,46.310,253,0
177.344,t2_squeezenet,11045.633,41.042,254,0
177.390,t2_squeezenet,10990.774,45.530,253,0
177.434,t2_squeezenet,10976.454,44.530,258,0
177.481,t2_squeezenet,10940.005,46.265,257,0
177.525,t2_squeezenet,10935.366,44.111,258,0
177.570,t2_squeezenet,10977.799,45.032,259,0
177.615,t2_squeezenet,10937.408,44.634,258,0
177.663,t2_squeezenet,10974.486,48.210,257,0
177.709,t2_squeezenet,11019.994,45.679,257,0
177.751,t2_squeezenet,11051.905,42.437,259,0
177.796,t2_squeezenet,11051.936,44.819,258,0
177.843,t2_squeezenet,11027.694,46.621,259,0
177.888,t2_squeezenet,10934.999,45.536,259,0
177.931,t2_squeezenet,10927.392,42.349,259,0
177.975,t2_squeezenet,10893.842,44.177,260,0
178.020,t2_squeezenet,10928.299,45.462,260,0
178.070,t2_squeezenet,10967.543,49.838,264,0
178.113,t2_squeezenet,10974.985,42.540,265,0
178.156,t2_squeezenet,10950.947,43.366,264,0
178.204,t2_squeezenet,10971.649,47.323,263,0
178.251,t2_squeezenet,10976.015,47.495,263,0
178.294,t2_squeezenet,10922.230,43.088,263,0
178.340,t2_squeezenet,10952.314,45.561,264,0
178.385,t2_squeezenet,10996.059,45.017,265,0
178.429,t2_squeezenet,11000.470,44.469,265,0
178.478,t2_squeezenet,11027.379,48.038,266,0
178.521,t2_squeezenet,11050.282,43.015,268,0
178.565,t2_squeezenet,11079.371,44.621,269,0
178.614,t2_squeezenet,11084.006,49.109,268,0
178.660,t2_squeezenet,11025.296,45.627,274,0
178.704,t2_squeezenet,11057.495,43.940,275,0
178.748,t2_squeezenet,11066.821,44.037,276,0
178.794,t2_squeezenet,11028.278,45.659,276,0
178.841,t2_squeezenet,11059.078,46.891,275,0
178.886,t2_squeezenet,11066.344,44.691,275,0
178.927,t2_squeezenet,11076.885,41.463,274,0
178.973,t2_squeezenet,11108.725,45.694,274,0
179.024,t2_squeezenet,11035.858,50.648,277,0
179.067,t2_squeezenet,10976.293,43.198,279,0
179.112,t2_squeezenet,10964.291,44.898,279,0
179.158,t2_squeezenet,10847.071,46.688,281,0
179.203,t2_squeezenet,10881.347,44.924,281,0
179.250,t2_squeezenet,10871.261,46.978,282,0
179.292,t2_squeezenet,10877.569,41.521,281,0
179.336,t2_squeezenet,10899.861,43.979,280,0
179.383,t2_squeezenet,10909.959,46.826,280,0
179.429,t2_squeezenet,10881.934,46.078,281,0
179.471,t2_squeezenet,10916.137,41.947,282,0
179.519,t2_squeezenet,10841.620,47.690,282,0
179.565,t2_squeezenet,10874.224,46.039,283,0
179.611,t2_squeezenet,10918.615,46.127,284,0
179.656,t2_squeezenet,10760.004,45.319,285,0
179.700,t2_squeezenet,10774.594,43.148,286,0
179.744,t2_squeezenet,10809.951,44.430,286,0
179.793,t2_squeezenet,10664.307,49.081,286,0
179.837,t2_squeezenet,10689.951,43.865,286,0
179.877,t2_squeezenet,10723.582,40.216,285,0
179.926,t2_squeezenet,10757.727,48.406,285,0
179.972,t2_squeezenet,10799.010,46.025,286,0
180.019,t2_squeezenet,10794.536,46.778,287,0
180.063,t2_squeezenet,10836.002,44.510,287,0
180.109,t2_squeezenet,10880.694,45.160,288,0
180.156,t2_squeezenet,10925.294,47.307,287,0
180.202,t2_squeezenet,10944.908,46.396,286,0
180.244,t2_squeezenet,10970.491,41.284,286,0
180.289,t2_squeezenet,10964.777,44.922,285,0
180.335,t2_squeezenet,10874.472,46.584,285,0
180.380,t2_squeezenet,10839.790,44.448,285,0
180.424,t2_squeezenet,10766.280,44.219,288,0
180.468,t2_squeezenet,10746.053,44.214,288,0
180.513,t2_squeezenet,10743.307,44.633,288,0
180.562,t2_squeezenet,10760.768,48.544,287,0
180.606,t2_squeezenet,10560.557,44.644,286,0
180.649,t2_squeezenet,10600.901,42.683,286,0
180.695,t2_squeezenet,10646.766,46.393,286,0
180.742,t2_squeezenet,10637.201,46.176,286,0
180.786,t2_squeezenet,10616.868,44.515,287,0
180.830,t2_squeezenet,10581.561,43.991,290,0
180.874,t2_squeezenet,10605.920,44.009,290,0
180.920,t2_squeezenet,10644.314,45.244,289,0
180.969,t2_squeezenet,10659.767,49.056,291,0
181.011,t2_squeezenet,10613.402,42.048,291,0
181.055,t2_squeezenet,10655.030,43.875,290,0
181.103,t2_squeezenet,10697.334,47.784,290,0
181.148,t2_squeezenet,10733.205,45.440,289,0
181.192,t2_squeezenet,10757.231,43.637,288,0
181.236,t2_squeezenet,10794.165,43.876,289,0
181.280,t2_squeezenet,10810.909,44.485,288,0
181.326,t2_squeezenet,10775.697,45.925,288,0
181.372,t2_squeezenet,10750.696,45.148,288,0
181.415,t2_squeezenet,10787.999,43.113,287,0
181.460,t2_squeezenet,10823.594,45.309,286,0
181.507,t2_squeezenet,10867.944,46.662,286,0
181.552,t2_squeezenet,10900.923,45.325,287,0
181.596,t2_squeezenet,10936.646,43.773,287,0
181.640,t2_squeezenet,10969.458,44.417,289,0
181.685,t2_squeezenet,10996.717,44.516,288,0
181.733,t2_squeezenet,11039.291,47.746,287,0
181.774,t2_squeezenet,11057.539,40.962,287,0
181.818,t2_squeezenet,11093.107,43.893,288,0
181.864,t2_squeezenet,11125.734,46.498,288,0
181.914,t2_squeezenet,11163.492,49.885,287,0
181.979,t2_squeezenet,11183.355,64.311,287,0
182.035,t2_squeezenet,11238.034,56.729,287,0
182.081,t2_squeezenet,11239.584,45.454,287,0
182.127,t2_squeezenet,11232.224,46.034,286,0
182.173,t2_squeezenet,11252.671,45.685,288,0
182.214,t2_squeezenet,11178.228,41.826,289,0
182.260,t2_squeezenet,11214.877,45.631,289,0
182.306,t2_squeezenet,11215.082,45.420,289,0
182.351,t2_squeezenet,11219.105,45.194,290,0
182.396,t2_squeezenet,11254.663,44.489,290,0
182.441,t2_squeezenet,11298.675,45.516,290,0
182.487,t2_squeezenet,11308.444,45.543,290,0
182.536,t2_squeezenet,11284.165,48.867,290,0
182.578,t2_squeezenet,11262.738,42.867,289,0
182.620,t2_squeezenet,11118.463,41.950,289,0
182.667,t2_squeezenet,11098.525,46.402,289,0
182.714,t2_squeezenet,11144.363,46.616,289,0
182.754,t2_squeezenet,11153.519,40.749,290,0
182.799,t2_squeezenet,11152.424,44.627,289,0
182.844,t2_squeezenet,11151.071,44.351,288,0
182.890,t2_squeezenet,11149.207,45.992,288,0
182.939,t2_squeezenet,11140.630,49.328,287,0
182.982,t2_squeezenet,11174.610,43.149,287,0
183.027,t2_squeezenet,11209.703,44.510,290,0
183.076,t2_squeezenet,11258.215,48.885,289,0
183.121,t2_squeezenet,11266.382,45.512,291,0
183.162,t2_squeezenet,11255.371,40.502,290,0
183.209,t2_squeezenet,11301.429,47.327,292,0
183.253,t2_squeezenet,11333.351,44.132,292,0
183.301,t2_squeezenet,11271.017,47.339,292,0
183.345,t2_squeezenet,11294.972,44.604,293,0
183.389,t2_squeezenet,11237.949,43.358,293,0
183.434,t2_squeezenet,11220.153,45.637,292,0
183.482,t2_squeezenet,11262.071,47.655,291,0
183.526,t2_squeezenet,11288.864,43.942,290,0
183.570,t2_squeezenet,11314.596,43.725,290,0
183.614,t2_squeezenet,11318.683,44.433,291,0
183.660,t2_squeezenet,11345.047,45.645,292,0
183.705,t2_squeezenet,11374.075,44.740,293,0
183.748,t2_squeezenet,11323.423,43.030,294,0
183.792,t2_squeezenet,11337.612,43.696,295,0
183.839,t2_squeezenet,11309.601,47.141,296,0
183.887,t2_squeezenet,11308.465,47.817,297,0
183.929,t2_squeezenet,11334.042,41.962,296,0
183.974,t2_squeezenet,11285.412,45.727,296,0
184.020,t2_squeezenet,11189.992,45.483,296,0
184.067,t2_squeezenet,11205.381,46.574,296,0
184.112,t2_squeezenet,11190.220,44.987,295,0
184.155,t2_squeezenet,11218.754,42.816,296,0
184.197,t2_squeezenet,11154.877,42.602,296,0
184.247,t2_squeezenet,11201.524,49.448,297,0
184.292,t2_squeezenet,11236.826,45.257,298,0
184.335,t2_squeezenet,11270.400,42.912,298,0
184.383,t2_squeezenet,11309.394,47.772,298,0
184.428,t2_squeezenet,11270.709,45.370,297,0
184.476,t2_squeezenet,11304.857,47.291,297,0
184.519,t2_squeezenet,11279.835,43.136,298,0
184.562,t2_squeezenet,11266.898,43.586,298,0
184.609,t2_squeezenet,11266.981,46.240,298,0
184.656,t2_squeezenet,11312.925,47.197,299,0
184.697,t2_squeezenet,11298.163,40.807,298,0
184.741,t2_squeezenet,11340.152,44.052,297,0
184.788,t2_squeezenet,11359.515,46.798,296,0
184.835,t2_squeezenet,11363.063,46.854,296,0
184.880,t2_squeezenet,11402.956,45.125,296,0
184.923,t2_squeezenet,11390.063,43.424,295,0
184.967,t2_squeezenet,11420.124,44.201,297,0
185.011,t2_squeezenet,11321.194,43.474,296,0
