t_s,tenant,latency_ms,service_ms,qdepth,warmup
0.108,t0_mnv2,44.854,44.823,0,1
0.150,t0_mnv2,38.790,37.604,2,1
0.198,t0_mnv2,57.083,47.323,3,1
0.248,t0_mnv2,106.465,50.239,3,1
0.296,t0_mnv2,120.321,47.781,2,1
0.348,t0_mnv2,162.093,51.855,2,1
0.397,t0_mnv2,191.915,49.588,3,1
0.449,t0_mnv2,152.336,51.835,2,1
0.493,t0_mnv2,133.082,43.295,2,1
0.530,t0_mnv2,139.110,37.318,2,1
0.570,t0_mnv2,79.809,39.896,2,1
0.610,t0_mnv2,97.502,39.977,1,1
0.651,t0_mnv2,105.387,41.435,1,1
0.693,t0_mnv2,46.592,41.527,0,1
0.758,t0_mnv2,40.524,39.431,0,1
0.803,t0_mnv2,38.958,35.086,0,1
0.937,t0_mnv2,40.365,38.178,1,1
0.975,t0_mnv2,39.650,37.331,2,1
1.009,t0_mnv2,45.595,34.437,2,1
1.044,t0_mnv2,68.895,34.374,1,1
1.081,t0_mnv2,88.666,37.328,0,1
1.209,t0_mnv2,44.198,41.692,0,1
1.279,t0_mnv2,44.158,40.490,1,1
1.321,t0_mnv2,70.078,41.283,2,1
1.368,t0_mnv2,52.301,47.435,1,1
1.415,t0_mnv2,98.379,47.022,2,1
1.466,t0_mnv2,85.890,51.222,2,1
1.518,t0_mnv2,131.172,51.549,5,1
1.566,t0_mnv2,136.741,48.141,5,1
1.622,t0_mnv2,132.287,55.974,6,1
1.685,t0_mnv2,192.892,62.200,6,1
1.771,t0_mnv2,271.251,86.192,6,1
1.829,t0_mnv2,323.816,57.816,6,1
1.893,t0_mnv2,367.792,64.032,5,1
1.948,t0_mnv2,356.640,54.780,4,1
2.004,t0_mnv2,385.282,56.878,5,1
2.050,t0_mnv2,385.815,45.585,6,1
2.098,t0_mnv2,410.792,47.549,5,1
2.151,t0_mnv2,332.736,53.386,5,1
2.201,t0_mnv2,236.083,49.996,5,1
2.250,t0_mnv2,252.552,48.844,6,1
2.300,t0_mnv2,282.404,50.442,6,1
2.352,t0_mnv2,324.665,51.009,6,1
2.406,t0_mnv2,287.444,54.599,6,1
2.453,t0_mnv2,297.651,46.714,9,1
2.504,t0_mnv2,287.463,51.338,9,1
2.556,t0_mnv2,323.219,51.468,9,1
2.599,t0_mnv2,339.580,43.428,8,1
2.638,t0_mnv2,306.449,38.419,7,1
2.677,t0_mnv2,277.602,39.264,6,1
2.723,t0_mnv2,311.396,46.134,7,1
2.768,t0_mnv2,339.225,45.057,8,1
2.819,t0_mnv2,373.214,50.441,8,1
2.866,t0_mnv2,415.226,47.236,10,1
2.915,t0_mnv2,429.755,48.429,9,1
2.956,t0_mnv2,448.554,41.274,9,1
2.995,t0_mnv2,298.227,39.313,10,1
3.037,t0_mnv2,321.624,42.086,10,1
3.077,t0_mnv2,333.018,39.223,9,1
3.116,t0_mnv2,368.053,39.351,8,1
3.159,t0_mnv2,360.070,42.694,7,1
3.199,t0_mnv2,379.742,40.180,7,1
3.240,t0_mnv2,409.912,41.172,6,1
3.281,t0_mnv2,440.909,40.467,5,1
3.321,t0_mnv2,379.940,40.814,6,1
3.360,t0_mnv2,389.854,38.637,5,1
3.403,t0_mnv2,408.465,42.733,5,1
3.440,t0_mnv2,407.459,37.236,4,1
3.480,t0_mnv2,310.218,39.569,4,1
3.533,t0_mnv2,218.823,53.169,5,1
3.582,t0_mnv2,264.469,49.150,4,1
3.625,t0_mnv2,246.645,43.157,4,1
3.664,t0_mnv2,190.206,39.132,3,1
3.706,t0_mnv2,223.690,41.342,2,1
3.752,t0_mnv2,240.585,46.414,1,1
3.801,t0_mnv2,191.840,49.043,0,1
3.875,t0_mnv2,56.066,52.932,1,1
3.923,t0_mnv2,51.069,48.331,0,1
3.987,t0_mnv2,50.171,48.383,0,1
4.133,t0_mnv2,40.664,40.056,1,1
4.174,t0_mnv2,42.168,40.429,0,1
4.249,t0_mnv2,40.665,40.145,1,1
4.290,t0_mnv2,65.252,40.414,1,1
4.331,t0_mnv2,60.825,41.753,0,1
4.386,t0_mnv2,43.132,39.615,0,1
4.568,t0_mnv2,42.430,40.401,0,1
4.678,t0_mnv2,43.851,39.150,1,1
4.714,t0_mnv2,63.337,36.283,1,1
4.757,t0_mnv2,68.938,42.084,0,1
4.811,t0_mnv2,47.113,44.637,0,1
4.975,t0_mnv2,38.479,36.188,1,1
5.014,t0_mnv2,51.613,39.753,1,1
5.053,t0_mnv2,50.039,38.599,0,1
5.139,t0_mnv2,44.100,40.695,1,1
5.180,t0_mnv2,61.442,40.768,4,1
5.221,t0_mnv2,66.602,40.580,3,1
5.260,t0_mnv2,104.526,38.847,2,1
5.299,t0_mnv2,143.910,39.487,2,1
5.341,t0_mnv2,179.371,41.450,3,1
5.378,t0_mnv2,115.245,37.737,2,1
5.416,t0_mnv2,84.974,37.516,2,1
5.454,t0_mnv2,121.787,37.683,1,1
5.498,t0_mnv2,115.114,44.587,1,1
5.544,t0_mnv2,82.732,46.116,1,1
5.596,t0_mnv2,64.936,51.184,0,1
5.681,t0_mnv2,49.772,49.481,1,1
5.729,t0_mnv2,59.875,48.673,1,1
5.778,t0_mnv2,83.389,48.509,1,1
5.829,t0_mnv2,57.223,51.294,0,1
5.912,t0_mnv2,50.797,46.897,1,1
5.962,t0_mnv2,80.801,50.479,0,1
6.070,t0_mnv2,49.367,47.365,0,1
6.167,t0_mnv2,51.896,50.763,1,1
6.216,t0_mnv2,49.201,48.680,0,1
6.331,t0_mnv2,48.697,44.638,1,1
6.380,t0_mnv2,54.856,49.264,1,1
6.429,t0_mnv2,67.456,48.645,2,1
6.481,t0_mnv2,92.863,52.252,3,1
6.527,t0_mnv2,115.198,46.030,3,1
6.574,t0_mnv2,130.344,46.146,3,1
6.624,t0_mnv2,174.677,50.421,3,1
6.674,t0_mnv2,167.454,49.523,5,1
6.727,t0_mnv2,192.742,53.091,5,1
6.776,t0_mnv2,185.005,49.165,4,1
6.824,t0_mnv2,186.946,47.864,4,1
6.877,t0_mnv2,236.614,52.918,3,1
6.928,t0_mnv2,257.627,51.613,2,1
6.973,t0_mnv2,295.019,44.892,1,1
7.025,t0_mnv2,213.710,52.052,1,1
7.075,t0_mnv2,75.046,49.861,1,1
7.128,t0_mnv2,66.599,52.396,1,1
7.175,t0_mnv2,61.005,47.643,3,1
7.225,t0_mnv2,78.123,49.626,3,1
7.279,t0_mnv2,112.121,53.404,3,1
7.324,t0_mnv2,150.125,45.112,3,1
7.362,t0_mnv2,143.322,38.632,2,1
7.404,t0_mnv2,144.575,41.428,2,1
7.444,t0_mnv2,149.398,39.855,3,1
7.483,t0_mnv2,103.514,39.642,2,1
7.530,t0_mnv2,105.848,46.096,2,1
7.578,t0_mnv2,147.904,48.643,1,1
7.627,t0_mnv2,131.049,49.230,0,1
7.685,t0_mnv2,56.979,51.896,0,1
7.787,t0_mnv2,54.111,51.515,1,1
7.837,t0_mnv2,55.443,50.482,1,1
7.884,t0_mnv2,68.065,46.276,0,1
7.957,t0_mnv2,48.423,47.739,1,1
8.006,t0_mnv2,65.278,48.711,1,1
8.059,t0_mnv2,56.892,53.699,1,1
8.101,t0_mnv2,75.252,41.779,0,1
8.152,t0_mnv2,41.042,40.878,0,1
8.230,t0_mnv2,47.747,47.534,2,1
8.281,t0_mnv2,75.976,50.457,1,1
8.332,t0_mnv2,117.715,51.180,1,1
8.374,t0_mnv2,51.111,41.797,2,1
8.415,t0_mnv2,75.848,41.568,4,1
8.457,t0_mnv2,102.334,41.237,6,1
8.498,t0_mnv2,113.433,41.242,6,1
8.544,t0_mnv2,148.316,45.691,7,1
8.591,t0_mnv2,184.009,47.801,8,1
8.640,t0_mnv2,223.375,48.535,7,1
8.693,t0_mnv2,259.504,53.253,7,1
8.742,t0_mnv2,304.260,48.769,7,1
8.790,t0_mnv2,296.304,47.486,7,1
8.841,t0_mnv2,310.565,50.938,7,1
8.892,t0_mnv2,351.522,50.930,7,1
8.942,t0_mnv2,374.562,50.839,8,1
8.991,t0_mnv2,403.356,47.989,7,1
9.040,t0_mnv2,373.963,49.453,9,1
9.094,t0_mnv2,358.114,54.078,9,1
9.141,t0_mnv2,394.970,46.783,9,1
9.190,t0_mnv2,352.495,48.776,9,1
9.241,t0_mnv2,391.388,51.273,9,1
9.292,t0_mnv2,390.575,51.123,8,1
9.341,t0_mnv2,419.040,48.824,8,1
9.390,t0_mnv2,370.736,49.015,8,1
9.442,t0_mnv2,417.317,51.450,10,1
9.491,t0_mnv2,451.346,49.385,9,1
9.531,t0_mnv2,447.205,40.094,8,1
9.579,t0_mnv2,474.989,47.781,7,1
9.628,t0_mnv2,485.636,48.952,7,1
9.678,t0_mnv2,463.500,49.512,6,1
9.731,t0_mnv2,424.134,53.393,6,1
9.778,t0_mnv2,389.369,47.142,5,1
9.827,t0_mnv2,421.652,48.822,4,1
9.880,t0_mnv2,463.498,53.222,3,1
9.931,t0_mnv2,489.650,50.753,3,1
9.979,t0_mnv2,368.587,47.773,2,1
10.027,t0_mnv2,313.545,48.225,1,1
10.077,t0_mnv2,172.735,49.686,3,1
10.130,t0_mnv2,89.883,52.913,3,1
10.176,t0_mnv2,130.701,46.203,2,1
10.226,t0_mnv2,156.440,49.776,2,1
10.277,t0_mnv2,157.424,51.286,2,1
10.330,t0_mnv2,133.619,53.119,3,1
10.379,t0_mnv2,144.253,48.109,3,1
10.429,t0_mnv2,135.129,50.132,2,1
10.479,t0_mnv2,173.977,50.244,2,1
10.530,t0_mnv2,177.543,51.014,1,1
10.577,t0_mnv2,137.572,47.042,3,1
10.627,t0_mnv2,85.813,50.110,2,1
10.671,t0_mnv2,102.446,43.345,1,1
10.712,t0_mnv2,136.735,41.574,2,1
10.754,t0_mnv2,76.186,41.904,2,1
10.796,t0_mnv2,111.681,41.399,1,1
10.846,t0_mnv2,122.080,50.850,2,1
10.896,t0_mnv2,59.153,49.873,1,1
10.941,t0_mnv2,96.295,44.449,1,1
10.981,t0_mnv2,78.703,40.375,0,1
11.156,t0_mnv2,56.834,53.622,1,1
11.202,t0_mnv2,77.364,45.080,1,1
11.246,t0_mnv2,82.952,44.229,1,1
11.298,t0_mnv2,79.406,52.208,1,1
11.345,t0_mnv2,83.262,47.133,2,1
11.393,t0_mnv2,72.504,47.667,2,1
11.443,t0_mnv2,108.895,49.706,2,1
11.492,t0_mnv2,141.999,49.383,3,1
11.538,t0_mnv2,119.349,45.755,7,1
11.585,t0_mnv2,101.647,47.256,6,1
11.633,t0_mnv2,147.421,47.874,5,1
11.686,t0_mnv2,182.551,52.751,4,1
11.736,t0_mnv2,232.347,50.293,4,1
11.782,t0_mnv2,276.469,45.897,3,1
11.835,t0_mnv2,313.244,52.475,4,1
11.886,t0_mnv2,350.897,51.138,4,1
11.937,t0_mnv2,235.874,51.042,4,1
11.985,t0_mnv2,197.107,48.400,5,1
12.034,t0_mnv2,238.833,48.346,4,1
12.087,t0_mnv2,235.531,53.383,3,1
12.136,t0_mnv2,215.312,48.720,2,1
12.184,t0_mnv2,227.742,47.999,1,1
12.236,t0_mnv2,266.110,51.572,1,1
12.286,t0_mnv2,74.604,50.456,2,1
12.338,t0_mnv2,70.679,52.258,2,1
12.386,t0_mnv2,100.921,47.765,2,1
12.436,t0_mnv2,122.790,50.010,3,1
12.491,t0_mnv2,127.042,54.665,5,1
12.537,t0_mnv2,131.778,46.260,4,1
12.587,t0_mnv2,155.745,49.667,5,1
12.637,t0_mnv2,191.505,49.660,4,1
12.687,t0_mnv2,222.827,50.439,3,1
12.736,t0_mnv2,261.206,48.553,4,1
12.784,t0_mnv2,245.000,48.615,5,1
12.838,t0_mnv2,296.129,53.232,4,1
12.888,t0_mnv2,175.251,50.676,4,1
12.936,t0_mnv2,205.796,46.985,5,1
12.986,t0_mnv2,247.292,50.334,5,1
13.036,t0_mnv2,266.331,50.242,5,1
13.086,t0_mnv2,232.255,49.741,4,1
13.136,t0_mnv2,237.957,49.896,5,1
13.184,t0_mnv2,267.431,48.259,5,1
13.237,t0_mnv2,260.128,52.390,4,1
13.288,t0_mnv2,264.838,51.392,4,1
13.334,t0_mnv2,224.148,45.897,4,1
13.386,t0_mnv2,268.311,51.641,4,1
13.437,t0_mnv2,264.466,50.914,4,1
13.483,t0_mnv2,212.068,46.741,3,1
13.535,t0_mnv2,219.444,51.573,6,1
13.584,t0_mnv2,198.647,49.196,7,1
13.638,t0_mnv2,236.555,53.325,7,1
13.687,t0_mnv2,203.024,49.242,10,1
13.735,t0_mnv2,233.433,48.097,9,1
13.788,t0_mnv2,284.473,53.066,9,1
13.838,t0_mnv2,333.816,50.133,9,1
13.886,t0_mnv2,347.118,47.939,9,1
13.935,t0_mnv2,366.046,48.952,8,1
13.984,t0_mnv2,347.976,49.186,9,1
14.038,t0_mnv2,388.561,53.204,8,1
14.084,t0_mnv2,431.755,46.555,9,1
14.132,t0_mnv2,466.733,47.852,13,1
14.187,t0_mnv2,501.647,55.082,15,1
14.238,t0_mnv2,461.204,50.838,14,1
14.285,t0_mnv2,464.477,47.040,14,1
14.335,t0_mnv2,449.004,49.598,15,1
14.385,t0_mnv2,448.876,50.550,15,1
14.437,t0_mnv2,487.526,51.476,16,1
14.484,t0_mnv2,434.854,46.671,17,1
14.534,t0_mnv2,457.583,49.944,17,1
14.586,t0_mnv2,497.230,52.265,16,1
14.635,t0_mnv2,543.800,49.061,16,1
14.684,t0_mnv2,566.708,48.759,15,1
14.735,t0_mnv2,612.988,50.843,16,1
14.786,t0_mnv2,657.231,50.863,17,1
14.836,t0_mnv2,684.359,49.997,16,1
14.883,t0_mnv2,716.286,47.186,17,1
14.933,t0_mnv2,764.892,50.254,18,1
14.986,t0_mnv2,714.056,52.680,20,1
15.033,t0_mnv2,725.365,46.921,19,1
15.082,t0_mnv2,754.423,49.032,18,1
15.133,t0_mnv2,777.156,50.440,17,1
15.185,t0_mnv2,792.212,52.033,17,1
15.234,t0_mnv2,835.761,49.058,18,1
15.282,t0_mnv2,835.606,48.188,19,1
15.335,t0_mnv2,877.561,52.782,18,1
15.385,t0_mnv2,879.470,50.094,18,1
15.431,t0_mnv2,840.254,46.283,20,1
15.483,t0_mnv2,787.118,51.408,19,1
15.532,t0_mnv2,822.332,49.594,19,1
15.583,t0_mnv2,821.672,50.903,18,1
15.633,t0_mnv2,870.456,49.901,18,1
15.682,t0_mnv2,827.704,49.303,17,1
15.734,t0_mnv2,866.652,51.936,16,1
15.784,t0_mnv2,893.008,49.159,15,1
15.830,t0_mnv2,920.348,46.145,14,1
15.881,t0_mnv2,947.615,51.156,13,1
15.932,t0_mnv2,988.332,50.475,13,1
15.981,t0_mnv2,1001.111,49.149,13,1
16.029,t0_mnv2,893.331,48.609,13,1
16.078,t0_mnv2,866.432,48.859,13,1
16.134,t0_mnv2,902.402,55.662,14,1
16.181,t0_mnv2,940.351,47.389,13,1
16.229,t0_mnv2,955.559,47.789,13,1
16.282,t0_mnv2,917.858,52.871,12,1
16.334,t0_mnv2,920.975,51.976,12,1
16.381,t0_mnv2,963.320,47.301,12,1
16.431,t0_mnv2,1003.601,49.062,12,1
16.481,t0_mnv2,983.073,50.231,13,1
16.534,t0_mnv2,940.413,52.848,17,1
16.581,t0_mnv2,684.033,47.029,17,1
16.632,t0_mnv2,697.264,51.539,16,1
16.683,t0_mnv2,676.031,50.536,16,1
16.733,t0_mnv2,655.519,49.903,16,1
16.780,t0_mnv2,699.010,47.523,16,1
16.830,t0_mnv2,709.847,49.604,16,1
16.880,t0_mnv2,660.397,50.183,15,1
16.933,t0_mnv2,646.512,52.556,14,1
16.979,t0_mnv2,644.013,46.554,15,1
17.030,t0_mnv2,616.832,50.269,14,1
17.083,t0_mnv2,625.947,53.187,16,1
17.132,t0_mnv2,658.170,48.478,15,1
17.182,t0_mnv2,682.497,50.227,15,1
17.231,t0_mnv2,723.499,49.095,14,1
17.284,t0_mnv2,773.747,52.648,15,1
17.332,t0_mnv2,821.045,48.059,16,1
17.379,t0_mnv2,858.286,47.261,15,1
17.431,t0_mnv2,892.805,51.806,15,1
17.482,t0_mnv2,811.721,51.107,16,1
17.530,t0_mnv2,846.473,47.876,15,1
17.581,t0_mnv2,813.825,51.265,17,1
17.632,t0_mnv2,810.755,50.868,18,1
17.684,t0_mnv2,723.554,51.919,18,1
17.731,t0_mnv2,758.489,46.769,17,1
17.779,t0_mnv2,744.724,47.765,18,1
17.831,t0_mnv2,791.205,52.007,18,1
17.881,t0_mnv2,834.758,50.085,18,1
17.929,t0_mnv2,755.525,47.777,18,1
17.980,t0_mnv2,722.439,50.900,18,1
18.031,t0_mnv2,771.202,51.283,17,1
18.082,t0_mnv2,797.287,51.186,16,1
18.129,t0_mnv2,841.438,46.980,19,1
18.178,t0_mnv2,765.922,48.906,19,1
18.232,t0_mnv2,795.598,53.547,18,1
18.280,t0_mnv2,842.028,48.068,17,1
18.328,t0_mnv2,783.501,48.312,16,1
18.378,t0_mnv2,814.419,49.802,15,1
18.430,t0_mnv2,864.997,51.708,15,1
18.481,t0_mnv2,881.286,50.807,14,1
18.527,t0_mnv2,910.213,46.742,13,1
18.579,t0_mnv2,916.623,51.229,14,1
18.631,t0_mnv2,896.967,52.830,14,1
18.678,t0_mnv2,906.463,46.199,14,1
18.728,t0_mnv2,932.194,50.440,14,1
18.778,t0_mnv2,909.426,49.519,15,1
18.829,t0_mnv2,909.276,51.120,15,1
18.878,t0_mnv2,944.644,49.331,14,1
18.927,t0_mnv2,834.948,48.740,13,1
18.980,t0_mnv2,883.004,53.128,13,1
19.031,t0_mnv2,918.008,50.806,12,1
19.078,t0_mnv2,962.703,46.749,13,1
19.129,t0_mnv2,990.984,50.759,16,1
19.178,t0_mnv2,767.239,49.797,16,1
19.229,t0_mnv2,677.696,50.849,15,1
19.277,t0_mnv2,717.715,47.754,16,1
19.326,t0_mnv2,725.276,48.421,17,1
19.380,t0_mnv2,714.899,54.880,17,1
19.431,t0_mnv2,723.258,50.120,21,1
19.477,t0_mnv2,735.316,46.051,20,1
19.530,t0_mnv2,763.310,52.933,20,1
19.580,t0_mnv2,755.364,50.106,20,1
19.628,t0_mnv2,686.646,48.574,20,1
19.677,t0_mnv2,641.402,48.258,19,1
19.726,t0_mnv2,659.313,49.057,19,1
19.780,t0_mnv2,694.941,53.741,18,1
19.827,t0_mnv2,736.140,47.559,19,1
19.877,t0_mnv2,779.728,49.975,18,1
19.929,t0_mnv2,822.942,51.743,19,1
19.980,t0_mnv2,829.080,50.990,18,1
20.027,t0_mnv2,768.550,47.038,17,0
20.076,t0_mnv2,802.133,49.188,18,0
20.126,t0_mnv2,809.371,49.698,18,0
20.179,t0_mnv2,858.713,52.828,17,0
20.225,t0_mnv2,852.719,46.320,17,0
20.274,t0_mnv2,884.895,48.985,16,0
20.326,t0_mnv2,927.165,51.767,17,0
20.376,t0_mnv2,971.485,50.186,18,0
20.426,t0_mnv2,1013.705,49.093,19,0
20.475,t0_mnv2,1050.853,49.082,20,0
20.527,t0_mnv2,1011.582,51.949,20,0
20.576,t0_mnv2,998.255,49.316,19,0
20.623,t0_mnv2,1021.962,46.932,20,0
20.673,t0_mnv2,964.557,50.154,19,0
20.724,t0_mnv2,941.893,50.645,20,0
20.767,t0_mnv2,948.101,42.655,19,0
20.811,t0_mnv2,931.772,44.238,18,0
20.857,t0_mnv2,949.237,45.726,18,0
20.907,t0_mnv2,869.523,50.333,18,0
20.959,t0_mnv2,916.550,51.636,19,0
21.004,t0_mnv2,923.331,44.800,18,0
21.047,t0_mnv2,862.891,43.832,17,0
21.094,t0_mnv2,818.872,46.272,16,0
21.143,t0_mnv2,836.266,49.237,17,0
21.196,t0_mnv2,867.474,52.817,19,0
21.247,t0_mnv2,889.068,51.162,19,0
21.295,t0_mnv2,883.072,48.135,18,0
21.345,t0_mnv2,932.029,49.814,17,0
21.395,t0_mnv2,956.770,50.154,16,0
21.448,t0_mnv2,996.362,52.261,15,0
21.494,t0_mnv2,996.760,46.372,14,0
21.545,t0_mnv2,945.270,50.914,14,0
21.596,t0_mnv2,994.814,51.214,13,0
21.646,t0_mnv2,938.322,49.692,13,0
21.696,t0_mnv2,980.485,50.465,12,0
21.745,t0_mnv2,896.431,48.382,11,0
21.797,t0_mnv2,923.589,52.568,10,0
21.846,t0_mnv2,923.572,48.497,11,0
21.893,t0_mnv2,952.798,47.137,11,0
21.944,t0_mnv2,840.178,51.216,11,0
21.996,t0_mnv2,868.126,51.849,11,0
22.043,t0_mnv2,896.010,46.530,12,0
22.094,t0_mnv2,938.666,51.230,13,0
22.145,t0_mnv2,963.260,50.966,13,0
22.196,t0_mnv2,996.724,51.276,13,0
22.245,t0_mnv2,712.750,48.215,13,0
22.293,t0_mnv2,688.809,47.829,12,0
22.345,t0_mnv2,524.176,51.987,13,0
22.395,t0_mnv2,552.740,50.728,12,0
22.442,t0_mnv2,585.891,46.244,13,0
22.493,t0_mnv2,558.523,51.506,14,0
22.543,t0_mnv2,572.101,49.370,15,0
22.593,t0_mnv2,586.675,50.766,15,0
22.643,t0_mnv2,604.844,49.828,15,0
22.691,t0_mnv2,600.066,47.727,14,0
22.744,t0_mnv2,652.777,53.242,13,0
22.793,t0_mnv2,694.321,48.676,12,0
22.840,t0_mnv2,689.561,46.730,11,0
22.892,t0_mnv2,648.121,51.751,11,0
22.942,t0_mnv2,628.578,50.836,11,0
22.992,t0_mnv2,659.356,49.306,11,0
23.040,t0_mnv2,642.804,48.646,10,0
23.090,t0_mnv2,664.791,49.680,11,0
23.145,t0_mnv2,688.799,55.081,11,0
23.192,t0_mnv2,734.574,46.796,10,0
23.241,t0_mnv2,712.793,49.032,10,0
23.292,t0_mnv2,753.919,51.058,10,0
23.342,t0_mnv2,751.919,50.050,9,0
23.392,t0_mnv2,795.269,49.665,10,0
23.440,t0_mnv2,557.329,48.135,10,0
23.490,t0_mnv2,587.255,49.850,10,0
23.544,t0_mnv2,558.573,53.710,10,0
23.591,t0_mnv2,536.275,46.764,10,0
23.641,t0_mnv2,573.980,50.328,10,0
23.692,t0_mnv2,576.317,50.982,9,0
23.742,t0_mnv2,527.197,49.669,11,0
23.790,t0_mnv2,543.588,48.609,11,0
23.838,t0_mnv2,493.629,47.943,10,0
23.889,t0_mnv2,512.940,50.933,10,0
23.942,t0_mnv2,516.349,52.071,9,0
23.988,t0_mnv2,499.294,46.486,10,0
24.039,t0_mnv2,510.261,50.811,10,0
24.093,t0_mnv2,525.512,53.561,12,0
24.141,t0_mnv2,544.830,47.985,14,0
24.191,t0_mnv2,494.264,50.228,13,0
24.240,t0_mnv2,542.042,49.119,14,0
24.292,t0_mnv2,556.242,52.036,13,0
24.341,t0_mnv2,584.585,48.436,12,0
24.388,t0_mnv2,501.831,47.636,14,0
24.439,t0_mnv2,469.222,50.818,15,0
24.491,t0_mnv2,507.193,52.165,15,0
24.539,t0_mnv2,532.448,47.719,14,0
24.591,t0_mnv2,542.914,51.786,15,0
24.640,t0_mnv2,578.358,49.484,14,0
24.692,t0_mnv2,625.898,51.493,13,0
24.739,t0_mnv2,634.816,47.177,13,0
24.787,t0_mnv2,658.293,47.353,12,0
24.839,t0_mnv2,706.411,52.516,12,0
24.891,t0_mnv2,692.363,51.333,12,0
24.937,t0_mnv2,723.480,46.620,12,0
24.990,t0_mnv2,642.451,52.329,12,0
25.042,t0_mnv2,669.776,52.064,13,0
25.091,t0_mnv2,712.114,49.581,12,0
25.139,t0_mnv2,715.047,47.531,11,0
25.188,t0_mnv2,759.990,49.500,11,0
25.241,t0_mnv2,759.758,52.387,11,0
25.289,t0_mnv2,737.698,48.577,10,0
25.336,t0_mnv2,759.686,46.740,9,0
25.388,t0_mnv2,665.597,51.966,8,0
25.440,t0_mnv2,644.504,51.385,8,0
25.489,t0_mnv2,607.832,49.184,10,0
25.539,t0_mnv2,638.799,49.742,10,0
25.588,t0_mnv2,600.246,49.135,11,0
25.644,t0_mnv2,650.376,55.745,14,0
25.691,t0_mnv2,656.596,47.004,15,0
25.741,t0_mnv2,597.720,49.936,15,0
25.791,t0_mnv2,593.111,50.339,14,0
25.842,t0_mnv2,438.619,50.593,14,0
25.891,t0_mnv2,450.219,49.261,16,0
25.940,t0_mnv2,479.100,49.229,17,0
25.992,t0_mnv2,506.655,51.489,18,0
26.044,t0_mnv2,554.310,52.441,19,0
26.091,t0_mnv2,545.846,46.500,20,0
26.141,t0_mnv2,593.221,50.378,20,0
26.193,t0_mnv2,582.239,51.687,21,0
26.242,t0_mnv2,611.704,49.381,21,0
26.292,t0_mnv2,660.400,49.736,22,0
26.341,t0_mnv2,702.804,49.065,23,0
26.394,t0_mnv2,737.742,52.526,22,0
26.444,t0_mnv2,775.490,50.310,23,0
26.492,t0_mnv2,789.143,47.506,24,0
26.544,t0_mnv2,745.359,52.303,24,0
26.595,t0_mnv2,739.242,50.939,23,0
26.643,t0_mnv2,774.882,48.408,23,0
26.693,t0_mnv2,810.863,49.681,24,0
26.743,t0_mnv2,825.090,49.478,23,0
26.796,t0_mnv2,866.448,53.307,23,0
26.845,t0_mnv2,877.205,49.025,22,0
26.893,t0_mnv2,902.267,47.581,22,0
26.947,t0_mnv2,914.533,54.169,23,0
26.997,t0_mnv2,958.115,50.191,22,0
27.044,t0_mnv2,975.537,46.801,21,0
27.093,t0_mnv2,1021.467,49.126,21,0
27.143,t0_mnv2,1026.820,49.760,21,0
27.196,t0_mnv2,1049.723,52.881,20,0
27.243,t0_mnv2,1075.652,46.831,19,0
27.292,t0_mnv2,1057.801,48.942,18,0
27.347,t0_mnv2,1086.458,54.782,20,0
27.395,t0_mnv2,1130.036,48.374,20,0
27.443,t0_mnv2,1135.691,48.095,19,0
27.493,t0_mnv2,1170.579,49.734,20,0
27.543,t0_mnv2,1148.685,49.737,19,0
27.593,t0_mnv2,1177.670,50.312,18,0
27.641,t0_mnv2,1186.497,47.541,18,0
27.691,t0_mnv2,1217.279,50.195,18,0
27.745,t0_mnv2,1210.591,53.779,17,0
27.793,t0_mnv2,1167.809,47.890,16,0
27.842,t0_mnv2,1173.255,49.169,16,0
27.894,t0_mnv2,1212.592,51.896,18,0
27.945,t0_mnv2,1184.491,51.332,18,0
27.994,t0_mnv2,1112.986,48.838,18,0
28.042,t0_mnv2,1133.801,48.115,19,0
28.094,t0_mnv2,1166.024,51.749,18,0
28.146,t0_mnv2,1079.664,51.973,18,0
28.193,t0_mnv2,1079.834,46.884,20,0
28.244,t0_mnv2,949.093,51.504,19,0
28.294,t0_mnv2,964.381,49.951,20,0
28.345,t0_mnv2,1004.121,50.802,22,0
28.393,t0_mnv2,1033.221,47.692,21,0
28.441,t0_mnv2,962.525,48.227,23,0
28.494,t0_mnv2,1002.711,52.531,23,0
28.545,t0_mnv2,933.138,50.783,23,0
28.591,t0_mnv2,941.851,46.508,23,0
28.643,t0_mnv2,832.975,52.118,22,0
28.694,t0_mnv2,837.853,50.882,21,0
28.746,t0_mnv2,883.163,51.396,20,0
28.794,t0_mnv2,929.114,47.878,20,0
28.843,t0_mnv2,909.380,49.270,19,0
28.897,t0_mnv2,908.744,54.013,18,0
28.944,t0_mnv2,946.936,47.331,18,0
28.992,t0_mnv2,985.842,47.692,17,0
29.044,t0_mnv2,901.371,52.130,18,0
29.095,t0_mnv2,943.663,50.225,17,0
29.143,t0_mnv2,975.814,48.543,16,0
29.194,t0_mnv2,1018.369,50.589,16,0
29.243,t0_mnv2,994.163,49.489,15,0
29.296,t0_mnv2,1045.302,52.896,14,0
29.342,t0_mnv2,1047.142,46.138,14,0
29.391,t0_mnv2,1059.250,48.433,14,0
29.442,t0_mnv2,1105.852,51.415,14,0
29.492,t0_mnv2,1094.524,49.457,13,0
29.540,t0_mnv2,1129.175,48.459,16,0
29.590,t0_mnv2,1161.775,49.708,16,0
29.641,t0_mnv2,1176.846,50.609,15,0
29.693,t0_mnv2,1162.076,52.746,15,0
29.740,t0_mnv2,1173.940,46.058,14,0
29.788,t0_mnv2,1040.945,48.862,15,0
29.841,t0_mnv2,937.381,52.018,17,0
29.889,t0_mnv2,847.577,48.443,17,0
29.938,t0_mnv2,894.495,49.325,16,0
29.989,t0_mnv2,844.231,50.198,17,0
30.039,t0_mnv2,709.814,50.337,17,0
30.091,t0_mnv2,738.511,51.498,16,0
30.139,t0_mnv2,745.293,48.540,16,0
30.189,t0_mnv2,692.374,50.264,15,0
30.243,t0_mnv2,733.199,53.217,17,0
30.290,t0_mnv2,773.734,47.341,20,0
30.339,t0_mnv2,802.097,49.325,20,0
30.389,t0_mnv2,842.878,49.909,21,0
30.441,t0_mnv2,785.036,52.004,21,0
30.489,t0_mnv2,738.333,47.995,22,0
30.538,t0_mnv2,755.061,48.201,21,0
30.592,t0_mnv2,802.159,53.755,21,0
30.643,t0_mnv2,837.887,51.744,21,0
30.690,t0_mnv2,852.589,46.333,20,0
30.742,t0_mnv2,880.240,52.468,20,0
30.792,t0_mnv2,820.267,49.451,20,0
30.843,t0_mnv2,866.947,51.618,21,0
30.891,t0_mnv2,869.689,47.704,21,0
30.940,t0_mnv2,842.677,48.700,20,0
30.993,t0_mnv2,791.230,53.346,21,0
31.045,t0_mnv2,825.094,51.337,21,0
31.093,t0_mnv2,870.079,48.217,21,0
31.143,t0_mnv2,896.123,50.294,22,0
31.194,t0_mnv2,916.092,51.084,21,0
31.244,t0_mnv2,961.821,49.460,21,0
31.291,t0_mnv2,1002.107,47.510,21,0
31.341,t0_mnv2,1035.316,49.355,20,0
31.395,t0_mnv2,1020.370,54.237,19,0
31.442,t0_mnv2,1056.781,46.899,19,0
31.493,t0_mnv2,1101.702,51.466,19,0
31.545,t0_mnv2,1083.296,51.242,18,0
31.595,t0_mnv2,1126.820,49.864,18,0
31.645,t0_mnv2,1101.376,50.405,18,0
31.692,t0_mnv2,1071.192,47.285,17,0
31.744,t0_mnv2,1049.132,51.648,17,0
31.795,t0_mnv2,1044.989,51.361,16,0
31.842,t0_mnv2,1031.038,46.120,17,0
31.893,t0_mnv2,1075.351,50.982,16,0
31.944,t0_mnv2,1058.047,51.743,15,0
31.995,t0_mnv2,1044.779,50.197,15,0
32.044,t0_mnv2,1074.014,49.156,15,0
32.094,t0_mnv2,1090.469,49.850,17,0
32.146,t0_mnv2,1055.800,52.320,17,0
32.196,t0_mnv2,1102.656,49.862,16,0
32.243,t0_mnv2,1110.772,47.085,15,0
32.295,t0_mnv2,1055.625,51.543,14,0
32.346,t0_mnv2,1087.987,51.158,13,0
32.394,t0_mnv2,978.908,48.355,12,0
32.444,t0_mnv2,990.573,49.394,11,0
32.493,t0_mnv2,936.804,48.775,10,0
32.546,t0_mnv2,901.576,53.752,10,0
32.593,t0_mnv2,874.805,46.865,9,0
32.641,t0_mnv2,811.163,47.328,8,0
32.693,t0_mnv2,853.869,52.712,11,0
32.744,t0_mnv2,786.365,50.633,10,0
32.792,t0_mnv2,763.620,47.636,11,0
32.841,t0_mnv2,766.091,48.979,10,0
32.892,t0_mnv2,815.312,51.254,11,0
32.946,t0_mnv2,863.667,54.222,10,0
32.992,t0_mnv2,891.972,45.978,11,0
33.043,t0_mnv2,530.570,50.373,10,0
33.093,t0_mnv2,450.869,50.466,12,0
33.142,t0_mnv2,482.933,48.996,12,0
33.191,t0_mnv2,513.961,48.851,11,0
33.241,t0_mnv2,547.551,49.524,11,0
33.291,t0_mnv2,528.482,50.467,11,0
33.345,t0_mnv2,568.050,53.278,11,0
33.392,t0_mnv2,543.164,47.755,11,0
33.443,t0_mnv2,582.483,50.563,11,0
33.495,t0_mnv2,538.872,52.287,12,0
33.543,t0_mnv2,563.074,47.411,12,0
33.592,t0_mnv2,525.685,49.289,13,0
33.641,t0_mnv2,568.273,49.470,13,0
33.694,t0_mnv2,601.065,52.033,13,0
33.742,t0_mnv2,603.549,48.730,12,0
33.790,t0_mnv2,590.064,47.626,13,0
33.843,t0_mnv2,553.754,52.608,14,0
33.896,t0_mnv2,577.730,53.434,16,0
33.942,t0_mnv2,575.381,45.636,17,0
33.994,t0_mnv2,577.488,52.272,17,0
34.044,t0_mnv2,582.881,49.965,16,0
34.096,t0_mnv2,631.477,51.944,15,0
34.144,t0_mnv2,603.573,47.843,15,0
34.192,t0_mnv2,628.429,48.128,14,0
34.245,t0_mnv2,673.219,52.613,13,0
34.295,t0_mnv2,677.014,50.653,12,0
34.343,t0_mnv2,690.244,47.781,11,0
34.396,t0_mnv2,641.318,52.382,12,0
34.446,t0_mnv2,659.459,50.542,12,0
34.496,t0_mnv2,692.763,49.662,12,0
34.544,t0_mnv2,718.410,48.253,13,0
34.593,t0_mnv2,731.042,48.568,13,0
34.646,t0_mnv2,781.896,53.364,13,0
34.694,t0_mnv2,804.493,47.897,13,0
34.744,t0_mnv2,829.427,49.772,12,0
34.796,t0_mnv2,878.054,52.102,11,0
34.846,t0_mnv2,899.063,49.525,12,0
34.887,t0_mnv2,784.536,40.890,11,0
34.927,t0_mnv2,566.205,40.220,10,0
34.967,t0_mnv2,591.579,39.603,9,0
35.015,t0_mnv2,612.793,48.294,10,0
35.063,t0_mnv2,609.057,48.257,9,0
35.113,t0_mnv2,604.133,49.415,9,0
35.169,t0_mnv2,626.601,56.409,8,0
35.215,t0_mnv2,647.073,46.346,8,0
35.263,t0_mnv2,669.550,47.223,7,0
35.316,t0_mnv2,662.170,52.902,7,0
35.366,t0_mnv2,567.021,49.967,6,0
35.414,t0_mnv2,587.967,48.278,7,0
35.463,t0_mnv2,467.550,49.042,6,0
35.512,t0_mnv2,507.350,49.144,8,0
35.566,t0_mnv2,463.784,53.371,8,0
35.613,t0_mnv2,422.046,47.456,7,0
35.664,t0_mnv2,387.872,50.470,6,0
35.715,t0_mnv2,314.926,51.188,6,0
35.765,t0_mnv2,357.926,49.926,5,0
35.814,t0_mnv2,350.448,49.388,4,0
35.862,t0_mnv2,386.738,48.090,3,0
35.913,t0_mnv2,430.331,50.285,5,0
35.960,t0_mnv2,416.446,47.571,6,0
36.000,t0_mnv2,314.993,39.812,6,0
36.042,t0_mnv2,158.393,41.308,7,0
36.083,t0_mnv2,191.127,41.249,7,0
36.124,t0_mnv2,222.684,40.967,7,0
36.170,t0_mnv2,236.059,46.161,6,0
36.222,t0_mnv2,275.702,51.442,7,0
36.271,t0_mnv2,305.036,48.944,8,0
36.323,t0_mnv2,320.605,52.409,7,0
36.370,t0_mnv2,357.407,47.387,6,0
36.419,t0_mnv2,341.737,48.556,7,0
36.475,t0_mnv2,388.401,55.498,8,0
36.520,t0_mnv2,337.042,45.759,7,0
36.560,t0_mnv2,343.427,39.613,7,0
36.600,t0_mnv2,372.005,40.442,7,0
36.646,t0_mnv2,379.555,45.455,6,0
36.693,t0_mnv2,319.565,46.708,9,0
36.745,t0_mnv2,349.498,51.827,8,0
36.794,t0_mnv2,371.630,49.915,8,0
36.846,t0_mnv2,385.115,51.836,8,0
36.894,t0_mnv2,347.410,47.990,8,0
36.944,t0_mnv2,368.989,49.277,8,0
36.999,t0_mnv2,331.746,55.525,9,0
37.046,t0_mnv2,364.866,46.594,9,0
37.095,t0_mnv2,409.229,48.771,9,0
37.146,t0_mnv2,454.179,51.453,8,0
37.195,t0_mnv2,400.708,48.860,9,0
37.236,t0_mnv2,412.532,41.170,11,0
37.279,t0_mnv2,419.164,42.265,12,0
37.324,t0_mnv2,392.258,45.008,12,0
37.372,t0_mnv2,409.101,48.599,12,0
37.422,t0_mnv2,451.828,50.137,11,0
37.472,t0_mnv2,472.538,49.982,10,0
37.523,t0_mnv2,433.801,50.396,10,0
37.570,t0_mnv2,398.908,47.237,10,0
37.621,t0_mnv2,445.564,50.610,11,0
37.673,t0_mnv2,470.909,52.263,10,0
37.720,t0_mnv2,507.190,47.243,9,0
37.772,t0_mnv2,552.705,51.356,9,0
37.821,t0_mnv2,577.414,49.674,9,0
37.874,t0_mnv2,608.574,52.716,8,0
37.922,t0_mnv2,610.415,47.472,7,0
37.970,t0_mnv2,615.676,48.355,7,0
38.022,t0_mnv2,499.177,51.810,6,0
38.074,t0_mnv2,540.518,51.920,6,0
38.121,t0_mnv2,548.522,46.695,7,0
38.174,t0_mnv2,588.871,52.798,7,0
38.224,t0_mnv2,493.990,50.051,6,0
38.275,t0_mnv2,475.193,51.481,6,0
38.324,t0_mnv2,384.207,48.668,5,0
38.372,t0_mnv2,329.477,47.891,5,0
38.425,t0_mnv2,343.092,53.324,5,0
38.475,t0_mnv2,358.714,50.286,4,0
38.523,t0_mnv2,385.502,47.050,5,0
38.574,t0_mnv2,338.444,51.299,5,0
38.625,t0_mnv2,263.043,51.231,5,0
38.675,t0_mnv2,274.962,49.877,4,0
38.723,t0_mnv2,229.286,48.111,4,0
38.773,t0_mnv2,265.528,49.520,4,0
38.827,t0_mnv2,255.488,54.052,4,0
38.873,t0_mnv2,272.276,46.619,3,0
38.921,t0_mnv2,200.834,47.277,3,0
38.974,t0_mnv2,207.441,52.982,2,0
39.025,t0_mnv2,198.401,50.831,1,0
39.072,t0_mnv2,171.348,47.244,0,0
39.137,t0_mnv2,54.330,49.306,0,0
39.195,t0_mnv2,52.936,52.880,2,0
39.243,t0_mnv2,80.666,48.162,1,0
39.291,t0_mnv2,123.633,48.105,0,0
39.376,t0_mnv2,55.971,54.173,2,0
39.423,t0_mnv2,89.823,46.965,1,0
39.472,t0_mnv2,116.488,48.923,0,0
39.564,t0_mnv2,51.958,51.596,1,0
39.613,t0_mnv2,61.875,48.393,2,0
39.661,t0_mnv2,88.673,48.347,2,0
39.712,t0_mnv2,122.095,50.914,1,0
39.765,t0_mnv2,147.633,52.658,3,0
39.811,t0_mnv2,90.354,46.455,2,0
39.862,t0_mnv2,137.042,51.021,1,0
39.913,t0_mnv2,150.923,50.582,0,0
40.064,t0_mnv2,52.004,49.808,1,0
40.116,t0_mnv2,87.279,51.765,0,0
40.221,t0_mnv2,53.310,49.168,1,0
40.275,t0_mnv2,70.361,54.363,2,0
40.322,t0_mnv2,84.069,46.567,1,0
40.371,t0_mnv2,109.018,49.250,1,0
40.424,t0_mnv2,58.566,52.442,0,0
40.492,t0_mnv2,49.176,48.274,1,0
40.541,t0_mnv2,56.188,48.823,0,0
40.625,t0_mnv2,55.947,53.188,0,0
40.697,t0_mnv2,49.438,47.022,1,0
40.748,t0_mnv2,95.171,50.172,2,0
40.801,t0_mnv2,78.815,53.391,1,0
40.849,t0_mnv2,102.107,47.625,1,0
40.897,t0_mnv2,53.935,48.496,0,0
40.979,t0_mnv2,55.992,50.963,2,0
41.029,t0_mnv2,79.791,50.737,2,0
41.077,t0_mnv2,106.381,47.253,2,0
41.126,t0_mnv2,107.424,49.143,2,0
41.180,t0_mnv2,138.324,54.028,2,0
41.227,t0_mnv2,134.534,47.250,2,0
41.276,t0_mnv2,104.090,48.797,1,0
41.327,t0_mnv2,141.127,51.082,0,0
41.411,t0_mnv2,52.866,48.120,2,0
41.461,t0_mnv2,95.986,49.620,5,0
41.510,t0_mnv2,137.935,49.497,6,0
41.563,t0_mnv2,127.004,52.864,5,0
41.609,t0_mnv2,170.412,46.421,4,0
41.658,t0_mnv2,217.621,48.914,4,0
41.710,t0_mnv2,263.730,51.618,5,0
41.760,t0_mnv2,282.073,49.979,5,0
41.809,t0_mnv2,316.792,48.985,5,0
41.861,t0_mnv2,215.172,51.740,6,0
41.911,t0_mnv2,235.188,50.159,5,0
41.964,t0_mnv2,258.720,52.662,4,0
42.010,t0_mnv2,298.709,46.551,4,0
42.060,t0_mnv2,254.696,49.596,6,0
42.111,t0_mnv2,292.724,51.395,5,0
42.160,t0_mnv2,299.141,48.310,4,0
42.209,t0_mnv2,207.882,49.217,3,0
42.258,t0_mnv2,245.191,49.263,6,0
42.312,t0_mnv2,278.669,53.393,6,0
42.361,t0_mnv2,318.956,48.923,5,0
42.408,t0_mnv2,193.059,47.215,4,0
42.460,t0_mnv2,211.498,52.215,4,0
42.512,t0_mnv2,260.728,51.833,3,0
42.559,t0_mnv2,304.309,46.717,3,0
42.611,t0_mnv2,342.979,52.101,3,0
42.660,t0_mnv2,248.207,49.164,2,0
42.713,t0_mnv2,179.712,52.310,1,0
42.761,t0_mnv2,171.452,48.494,1,0
42.810,t0_mnv2,56.165,48.560,0,0
42.922,t0_mnv2,50.617,46.335,1,0
42.972,t0_mnv2,50.929,49.912,2,0
43.023,t0_mnv2,87.197,50.748,1,0
43.073,t0_mnv2,107.745,50.484,2,0
43.123,t0_mnv2,73.935,49.347,2,0
43.171,t0_mnv2,100.830,48.079,2,0
43.222,t0_mnv2,137.680,50.836,2,0
43.274,t0_mnv2,134.582,51.583,2,0
43.321,t0_mnv2,106.734,47.700,2,0
43.372,t0_mnv2,101.460,50.831,6,0
43.423,t0_mnv2,126.261,50.485,5,0
43.473,t0_mnv2,147.095,50.535,4,0
43.521,t0_mnv2,160.900,48.230,4,0
43.570,t0_mnv2,205.125,48.831,4,0
43.622,t0_mnv2,255.139,51.463,3,0
43.672,t0_mnv2,300.389,49.769,2,0
43.719,t0_mnv2,245.438,47.115,4,0
43.771,t0_mnv2,217.909,52.188,4,0
43.824,t0_mnv2,140.779,52.954,3,0
43.872,t0_mnv2,187.593,48.080,2,0
43.920,t0_mnv2,221.429,48.211,2,0
43.970,t0_mnv2,217.565,49.600,2,0
44.022,t0_mnv2,115.922,51.740,3,0
44.062,t0_mnv2,110.904,39.775,3,0
44.102,t0_mnv2,89.775,40.155,3,0
44.151,t0_mnv2,134.356,49.274,3,0
44.200,t0_mnv2,145.689,49.054,3,0
44.249,t0_mnv2,156.732,48.713,3,0
44.304,t0_mnv2,175.910,54.789,4,0
44.351,t0_mnv2,198.904,47.255,3,0
44.400,t0_mnv2,171.391,48.494,2,0
44.450,t0_mnv2,175.177,50.628,3,0
44.501,t0_mnv2,216.042,50.587,3,0
44.550,t0_mnv2,126.122,49.277,5,0
44.598,t0_mnv2,160.543,48.103,6,0
44.651,t0_mnv2,166.558,52.201,6,0
44.703,t0_mnv2,198.338,52.053,5,0
44.748,t0_mnv2,243.615,45.778,5,0
44.799,t0_mnv2,249.608,50.573,7,0
44.849,t0_mnv2,297.012,49.911,8,0
44.899,t0_mnv2,323.545,50.375,7,0
44.947,t0_mnv2,339.252,47.945,8,0
44.996,t0_mnv2,275.349,48.397,7,0
45.048,t0_mnv2,253.717,51.749,6,0
45.099,t0_mnv2,303.668,51.406,6,0
45.147,t0_mnv2,350.825,47.774,5,0
45.198,t0_mnv2,382.785,51.251,5,0
45.249,t0_mnv2,404.785,50.990,5,0
45.299,t0_mnv2,383.961,49.973,7,0
45.347,t0_mnv2,422.073,48.160,7,0
45.396,t0_mnv2,324.386,48.787,7,0
45.450,t0_mnv2,265.733,53.872,7,0
45.498,t0_mnv2,250.576,47.903,8,0
45.546,t0_mnv2,272.199,47.460,8,0
45.600,t0_mnv2,318.125,54.595,8,0
45.652,t0_mnv2,360.486,51.276,9,0
45.700,t0_mnv2,378.181,48.246,10,0
45.749,t0_mnv2,357.042,49.029,9,0
45.798,t0_mnv2,375.063,48.882,10,0
45.852,t0_mnv2,400.646,53.672,10,0
45.898,t0_mnv2,400.347,46.198,11,0
45.946,t0_mnv2,440.537,48.285,10,0
45.999,t0_mnv2,417.039,53.195,10,0
46.050,t0_mnv2,433.836,50.947,11,0
46.099,t0_mnv2,469.279,48.579,11,0
46.148,t0_mnv2,468.440,49.444,10,0
46.199,t0_mnv2,502.767,50.400,11,0
46.252,t0_mnv2,502.458,52.660,10,0
46.298,t0_mnv2,546.091,46.319,10,0
46.348,t0_mnv2,527.228,49.679,10,0
46.399,t0_mnv2,521.252,51.324,9,0
46.448,t0_mnv2,562.011,48.872,10,0
46.497,t0_mnv2,521.181,49.487,9,0
46.547,t0_mnv2,543.107,50.032,9,0
46.601,t0_mnv2,593.795,53.289,10,0
46.650,t0_mnv2,595.232,49.662,11,0
46.697,t0_mnv2,538.007,46.949,12,0
46.749,t0_mnv2,572.689,51.902,13,0
46.801,t0_mnv2,520.194,52.004,14,0
46.848,t0_mnv2,504.780,46.967,13,0
46.899,t0_mnv2,490.284,51.021,14,0
46.949,t0_mnv2,505.327,49.611,14,0
47.001,t0_mnv2,496.183,51.846,13,0
47.051,t0_mnv2,482.804,49.977,12,0
47.098,t0_mnv2,512.409,47.208,12,0
47.150,t0_mnv2,549.321,52.068,11,0
47.202,t0_mnv2,579.171,51.270,12,0
47.247,t0_mnv2,575.610,45.742,11,0
47.299,t0_mnv2,625.555,51.823,12,0
47.349,t0_mnv2,634.125,49.643,11,0
47.400,t0_mnv2,659.903,50.643,11,0
47.447,t0_mnv2,694.628,47.591,11,0
47.497,t0_mnv2,710.641,49.158,12,0
47.552,t0_mnv2,683.316,55.788,11,0
47.601,t0_mnv2,717.864,48.842,11,0
47.649,t0_mnv2,744.881,47.528,11,0
47.701,t0_mnv2,606.360,51.764,10,0
47.751,t0_mnv2,593.775,50.143,11,0
47.801,t0_mnv2,600.422,50.474,10,0
47.849,t0_mnv2,597.076,48.067,11,0
47.898,t0_mnv2,621.662,48.614,10,0
47.953,t0_mnv2,586.849,54.472,11,0
48.001,t0_mnv2,564.859,48.663,10,0
48.051,t0_mnv2,592.026,49.547,10,0
48.102,t0_mnv2,611.196,50.978,9,0
48.153,t0_mnv2,561.476,51.039,8,0
48.201,t0_mnv2,596.289,47.779,11,0
48.250,t0_mnv2,519.883,49.418,12,0
48.300,t0_mnv2,550.021,49.646,12,0
48.354,t0_mnv2,546.962,53.474,11,0
48.400,t0_mnv2,591.564,46.467,11,0
48.450,t0_mnv2,549.784,50.312,12,0
48.502,t0_mnv2,566.189,51.445,12,0
48.552,t0_mnv2,509.611,49.646,12,0
48.600,t0_mnv2,445.109,48.556,11,0
48.649,t0_mnv2,473.717,48.959,11,0
48.700,t0_mnv2,517.153,51.152,10,0
48.751,t0_mnv2,556.858,50.718,11,0
48.798,t0_mnv2,581.711,47.111,11,0
48.849,t0_mnv2,632.004,50.692,10,0
48.900,t0_mnv2,634.821,51.325,9,0
48.951,t0_mnv2,553.203,50.505,9,0
49.001,t0_mnv2,599.654,49.548,8,0
49.049,t0_mnv2,645.920,48.563,7,0
49.102,t0_mnv2,601.662,53.307,8,0
49.150,t0_mnv2,607.786,47.347,8,0
49.197,t0_mnv2,591.093,47.279,8,0
49.250,t0_mnv2,523.745,52.726,9,0
49.301,t0_mnv2,554.476,50.941,9,0
49.348,t0_mnv2,580.406,47.075,10,0
49.401,t0_mnv2,489.268,53.148,11,0
49.452,t0_mnv2,387.262,50.325,11,0
49.503,t0_mnv2,406.054,51.542,11,0
49.551,t0_mnv2,428.903,47.949,11,0
49.598,t0_mnv2,424.509,47.016,10,0
49.651,t0_mnv2,451.129,52.910,9,0
49.701,t0_mnv2,482.285,49.722,9,0
49.748,t0_mnv2,453.648,47.410,9,0
49.800,t0_mnv2,486.604,51.653,8,0
49.851,t0_mnv2,530.916,51.021,9,0
49.903,t0_mnv2,520.480,51.872,9,0
49.951,t0_mnv2,562.266,47.937,9,0
50.000,t0_mnv2,559.480,49.031,9,0
50.053,t0_mnv2,596.646,53.141,8,0
50.101,t0_mnv2,586.499,48.129,9,0
50.149,t0_mnv2,498.161,47.958,9,0
50.199,t0_mnv2,479.805,49.687,10,0
50.250,t0_mnv2,435.981,51.060,9,0
50.300,t0_mnv2,453.056,49.599,10,0
50.349,t0_mnv2,490.184,49.224,9,0
50.400,t0_mnv2,488.211,50.453,11,0
50.453,t0_mnv2,501.456,53.649,10,0
50.500,t0_mnv2,437.606,46.895,9,0
50.550,t0_mnv2,459.402,49.367,10,0
50.600,t0_mnv2,482.124,50.133,9,0
50.650,t0_mnv2,486.841,50.630,13,0
50.699,t0_mnv2,516.216,48.194,15,0
50.747,t0_mnv2,475.165,47.812,14,0
50.799,t0_mnv2,522.714,52.090,13,0
50.851,t0_mnv2,498.466,52.609,13,0
50.897,t0_mnv2,530.107,45.789,13,0
50.948,t0_mnv2,564.716,50.369,13,0
50.999,t0_mnv2,465.065,50.981,13,0
51.048,t0_mnv2,500.122,49.699,13,0
51.098,t0_mnv2,497.979,49.575,14,0
51.146,t0_mnv2,535.547,48.175,13,0
51.198,t0_mnv2,575.437,51.592,12,0
51.248,t0_mnv2,623.415,50.496,12,0
51.296,t0_mnv2,669.075,47.677,11,0
51.348,t0_mnv2,688.241,52.170,10,0
51.399,t0_mnv2,734.676,50.261,9,0
51.448,t0_mnv2,752.102,49.740,9,0
51.497,t0_mnv2,650.449,48.829,8,0
51.546,t0_mnv2,664.325,49.176,10,0
51.599,t0_mnv2,656.672,52.966,10,0
51.648,t0_mnv2,669.183,48.450,11,0
51.695,t0_mnv2,681.606,47.331,10,0
51.748,t0_mnv2,665.519,52.886,11,0
51.800,t0_mnv2,716.405,51.965,12,0
51.848,t0_mnv2,647.133,47.811,12,0
51.898,t0_mnv2,456.665,49.740,13,0
51.948,t0_mnv2,429.608,50.314,15,0
52.002,t0_mnv2,461.180,53.301,16,0
52.048,t0_mnv2,501.682,46.370,15,0
52.096,t0_mnv2,524.841,47.975,14,0
52.150,t0_mnv2,524.018,53.758,14,0
52.200,t0_mnv2,570.353,50.570,13,0
52.249,t0_mnv2,537.297,48.735,14,0
52.298,t0_mnv2,552.360,49.323,13,0
52.349,t0_mnv2,565.071,50.117,14,0
52.400,t0_mnv2,600.894,51.667,17,0
52.447,t0_mnv2,632.600,46.319,18,0
52.496,t0_mnv2,627.303,49.726,17,0
52.548,t0_mnv2,673.438,51.825,17,0
52.597,t0_mnv2,691.835,48.167,16,0
52.646,t0_mnv2,731.612,49.958,16,0
52.697,t0_mnv2,759.990,50.025,15,0
52.750,t0_mnv2,798.344,53.096,14,0
52.799,t0_mnv2,842.414,49.689,15,0
52.847,t0_mnv2,723.292,47.847,16,0
52.899,t0_mnv2,686.921,51.380,16,0
52.950,t0_mnv2,716.011,51.594,15,0
52.997,t0_mnv2,697.301,46.969,14,0
53.048,t0_mnv2,714.746,50.848,16,0
53.097,t0_mnv2,739.332,49.131,16,0
53.149,t0_mnv2,782.412,51.471,15,0
53.197,t0_mnv2,820.203,48.333,14,0
53.246,t0_mnv2,850.447,48.617,14,0
53.298,t0_mnv2,897.608,52.367,15,0
53.349,t0_mnv2,907.286,50.847,17,0
53.395,t0_mnv2,855.771,45.647,17,0
53.445,t0_mnv2,846.012,50.263,17,0
53.495,t0_mnv2,721.833,50.023,17,0
53.546,t0_mnv2,767.678,50.612,17,0
53.594,t0_mnv2,792.199,47.932,17,0
53.642,t0_mnv2,802.184,48.334,17,0
53.697,t0_mnv2,833.476,54.783,18,0
53.746,t0_mnv2,734.238,48.935,17,0
53.793,t0_mnv2,750.473,46.518,17,0
53.845,t0_mnv2,798.598,52.707,20,0
53.895,t0_mnv2,805.326,49.909,19,0
53.945,t0_mnv2,699.700,49.656,20,0
53.993,t0_mnv2,699.344,47.964,20,0
54.042,t0_mnv2,745.074,49.013,19,0
54.096,t0_mnv2,797.432,54.091,19,0
54.144,t0_mnv2,827.191,48.096,20,0
54.194,t0_mnv2,856.592,49.521,21,0
54.246,t0_mnv2,879.357,52.254,21,0
54.298,t0_mnv2,862.963,51.467,21,0
54.345,t0_mnv2,876.511,47.537,21,0
54.394,t0_mnv2,877.383,49.119,20,0
54.444,t0_mnv2,862.201,49.689,20,0
54.496,t0_mnv2,878.692,52.213,19,0
54.543,t0_mnv2,859.564,46.478,19,0
54.592,t0_mnv2,896.766,49.442,19,0
54.646,t0_mnv2,898.624,53.038,20,0
54.695,t0_mnv2,900.798,49.291,19,0
54.744,t0_mnv2,939.815,49.252,18,0
54.792,t0_mnv2,985.330,47.688,17,0
54.842,t0_mnv2,1024.888,49.897,18,0
54.895,t0_mnv2,986.062,53.138,21,0
54.942,t0_mnv2,997.780,46.916,21,0
54.993,t0_mnv2,1038.901,50.915,23,0
55.045,t0_mnv2,961.156,51.722,23,0
55.094,t0_mnv2,980.520,49.789,24,0
55.144,t0_mnv2,1004.758,49.938,23,0
55.193,t0_mnv2,1040.388,48.494,22,0
55.246,t0_mnv2,1060.273,53.451,22,0
55.294,t0_mnv2,1099.804,47.775,23,0
55.341,t0_mnv2,1062.941,47.028,24,0
55.394,t0_mnv2,1052.564,52.162,23,0
55.444,t0_mnv2,1016.086,50.702,24,0
55.491,t0_mnv2,989.237,46.806,23,0
55.542,t0_mnv2,974.633,51.162,23,0
55.594,t0_mnv2,991.305,51.337,22,0
55.646,t0_mnv2,1014.435,52.206,23,0
55.694,t0_mnv2,884.408,47.561,24,0
55.742,t0_mnv2,926.993,48.608,25,0
55.794,t0_mnv2,949.272,52.287,25,0
55.844,t0_mnv2,981.329,49.792,25,0
55.892,t0_mnv2,1019.304,47.439,24,0
55.942,t0_mnv2,1059.785,50.023,23,0
55.992,t0_mnv2,1081.259,50.165,24,0
56.045,t0_mnv2,1090.413,53.078,25,0
56.093,t0_mnv2,1122.075,47.571,25,0
56.142,t0_mnv2,1148.963,48.721,25,0
56.194,t0_mnv2,1164.150,52.930,25,0
56.243,t0_mnv2,1170.801,48.456,25,0
56.291,t0_mnv2,1198.432,48.022,26,0
56.341,t0_mnv2,1101.148,49.602,26,0
56.391,t0_mnv2,1141.328,50.283,25,0
56.440,t0_mnv2,1172.926,49.321,24,0
56.488,t0_mnv2,1180.964,47.134,23,0
56.540,t0_mnv2,1207.730,52.845,22,0
56.593,t0_mnv2,1161.645,52.154,22,0
56.640,t0_mnv2,1202.196,47.090,21,0
56.690,t0_mnv2,1154.646,50.400,21,0
56.740,t0_mnv2,1144.964,50.084,20,0
56.791,t0_mnv2,1156.847,50.934,21,0
56.840,t0_mnv2,1174.439,49.081,21,0
56.888,t0_mnv2,1220.071,47.858,20,0
56.940,t0_mnv2,1221.551,51.596,20,0
56.992,t0_mnv2,1252.147,52.003,21,0
57.039,t0_mnv2,1256.602,47.129,22,0
57.090,t0_mnv2,1292.268,51.203,22,0
57.141,t0_mnv2,1194.491,50.555,21,0
57.191,t0_mnv2,1211.750,49.978,21,0
57.239,t0_mnv2,1223.954,47.725,20,0
57.287,t0_mnv2,1246.753,48.461,20,0
57.340,t0_mnv2,1271.343,52.307,20,0
57.389,t0_mnv2,1263.477,49.272,21,0
57.435,t0_mnv2,1288.787,46.439,22,0
57.488,t0_mnv2,1275.870,52.689,25,0
57.539,t0_mnv2,1279.937,50.867,25,0
57.588,t0_mnv2,1320.683,49.361,27,0
57.637,t0_mnv2,1311.863,48.911,26,0
57.687,t0_mnv2,1104.266,49.538,28,0
57.741,t0_mnv2,1057.690,53.614,28,0
57.788,t0_mnv2,1021.950,47.227,28,0
57.836,t0_mnv2,1069.230,48.458,27,0
57.889,t0_mnv2,1052.973,52.487,26,0
57.941,t0_mnv2,1007.450,51.867,25,0
57.990,t0_mnv2,1013.219,48.723,25,0
58.038,t0_mnv2,1061.648,48.609,25,0
58.089,t0_mnv2,1096.811,50.674,24,0
58.141,t0_mnv2,1106.109,52.454,23,0
58.187,t0_mnv2,1134.552,45.882,24,0
58.235,t0_mnv2,1060.517,47.997,23,0
58.288,t0_mnv2,1021.672,52.838,23,0
58.338,t0_mnv2,1045.113,50.225,24,0
58.386,t0_mnv2,1027.526,47.944,24,0
58.437,t0_mnv2,1059.421,50.966,24,0
58.488,t0_mnv2,1069.515,50.792,24,0
58.539,t0_mnv2,1110.726,50.931,24,0
58.587,t0_mnv2,1129.203,47.456,24,0
58.637,t0_mnv2,1178.974,49.986,26,0
58.689,t0_mnv2,1226.070,51.714,25,0
58.736,t0_mnv2,1252.280,47.575,25,0
58.785,t0_mnv2,1283.147,49.074,25,0
58.836,t0_mnv2,1269.921,51.011,26,0
58.888,t0_mnv2,1308.005,51.908,28,0
58.939,t0_mnv2,1354.550,50.759,31,0
58.987,t0_mnv2,1336.826,48.208,31,0
59.038,t0_mnv2,1373.164,50.739,31,0
59.090,t0_mnv2,1403.212,51.837,30,0
59.135,t0_mnv2,1409.404,45.297,29,0
59.186,t0_mnv2,1404.637,50.664,30,0
59.237,t0_mnv2,1282.676,50.467,32,0
59.288,t0_mnv2,1261.907,51.447,33,0
59.336,t0_mnv2,1173.280,47.589,32,0
59.385,t0_mnv2,1204.326,49.781,34,0
59.438,t0_mnv2,1197.660,52.428,33,0
59.488,t0_mnv2,1161.653,50.185,32,0
59.534,t0_mnv2,1198.390,46.196,32,0
59.585,t0_mnv2,1235.734,51.039,31,0
59.636,t0_mnv2,1221.217,49.998,31,0
59.686,t0_mnv2,1215.436,50.816,31,0
59.734,t0_mnv2,1203.029,48.044,33,0
59.783,t0_mnv2,1241.757,48.919,32,0
59.836,t0_mnv2,1238.074,52.545,31,0
59.887,t0_mnv2,1287.475,51.035,33,0
59.935,t0_mnv2,1317.046,47.834,32,0
59.987,t0_mnv2,1256.759,51.600,32,0
60.038,t0_mnv2,1262.353,51.433,34,0
60.087,t0_mnv2,1283.028,48.532,33,0
60.136,t0_mnv2,1300.276,48.978,33,0
60.185,t0_mnv2,1327.155,49.302,32,0
60.238,t0_mnv2,1363.845,53.200,33,0
60.286,t0_mnv2,1404.360,47.318,35,0
60.334,t0_mnv2,1440.491,48.865,34,0
60.388,t0_mnv2,1491.476,53.128,37,0
60.438,t0_mnv2,1516.340,50.741,36,0
60.486,t0_mnv2,1557.854,47.595,35,0
60.536,t0_mnv2,1571.691,49.547,34,0
60.586,t0_mnv2,1591.503,50.173,34,0
60.638,t0_mnv2,1464.335,52.023,33,0
60.684,t0_mnv2,1499.173,46.251,32,0
60.734,t0_mnv2,1510.444,49.433,31,0
60.785,t0_mnv2,1555.562,51.164,32,0
60.835,t0_mnv2,1603.743,50.030,32,0
60.886,t0_mnv2,1627.704,51.457,31,0
60.935,t0_mnv2,1669.577,49.030,30,0
60.986,t0_mnv2,1641.286,50.333,29,0
61.037,t0_mnv2,1691.921,51.370,28,0
61.084,t0_mnv2,1713.200,46.863,30,0
61.134,t0_mnv2,1623.474,49.930,30,0
61.186,t0_mnv2,1568.869,52.014,31,0
61.234,t0_mnv2,1555.436,47.317,32,0
61.284,t0_mnv2,1575.746,49.988,31,0
61.335,t0_mnv2,1617.586,51.031,32,0
61.386,t0_mnv2,1662.648,51.738,32,0
61.435,t0_mnv2,1592.219,48.165,31,0
61.483,t0_mnv2,1633.104,48.359,31,0
61.534,t0_mnv2,1680.044,50.786,32,0
61.586,t0_mnv2,1649.906,52.148,33,0
61.632,t0_mnv2,1645.374,45.898,33,0
61.683,t0_mnv2,1687.366,50.600,34,0
61.733,t0_mnv2,1702.053,50.312,36,0
61.785,t0_mnv2,1691.539,52.204,35,0
61.833,t0_mnv2,1614.346,48.003,35,0
61.881,t0_mnv2,1649.524,47.801,35,0
61.933,t0_mnv2,1682.501,51.911,35,0
61.983,t0_mnv2,1712.356,50.132,36,0
62.031,t0_mnv2,1757.072,47.364,39,0
62.082,t0_mnv2,1744.561,50.879,41,0
62.132,t0_mnv2,1790.802,50.642,43,0
62.183,t0_mnv2,1822.033,51.092,43,0
62.232,t0_mnv2,1864.579,48.408,42,0
62.282,t0_mnv2,1737.985,49.644,42,0
62.336,t0_mnv2,1587.584,54.180,44,0
62.384,t0_mnv2,1599.401,47.823,44,0
62.432,t0_mnv2,1624.585,48.828,43,0
62.482,t0_mnv2,1443.974,49.912,42,0
62.534,t0_mnv2,1485.404,51.085,41,0
62.583,t0_mnv2,1525.988,49.632,42,0
62.632,t0_mnv2,1519.960,48.973,42,0
62.682,t0_mnv2,1523.478,49.531,41,0
62.736,t0_mnv2,1575.513,54.215,42,0
62.784,t0_mnv2,1575.277,47.831,42,0
62.833,t0_mnv2,1602.094,49.309,41,0
62.884,t0_mnv2,1559.643,50.938,41,0
62.934,t0_mnv2,1600.603,49.783,44,0
62.983,t0_mnv2,1626.430,48.975,44,0
63.032,t0_mnv2,1587.046,48.671,50,0
63.083,t0_mnv2,1589.287,50.710,49,0
63.135,t0_mnv2,1617.107,52.581,52,0
63.182,t0_mnv2,1639.488,46.524,53,0
63.232,t0_mnv2,1669.824,50.222,52,0
63.285,t0_mnv2,1678.373,52.954,52,0
63.334,t0_mnv2,1695.173,48.593,51,0
63.383,t0_mnv2,1742.009,49.296,51,0
63.432,t0_mnv2,1745.607,49.073,51,0
63.483,t0_mnv2,1781.677,51.173,53,0
63.532,t0_mnv2,1822.376,49.189,52,0
63.580,t0_mnv2,1789.573,47.214,53,0
63.631,t0_mnv2,1782.738,51.481,53,0
63.683,t0_mnv2,1761.669,52.066,55,0
63.733,t0_mnv2,1784.311,49.556,55,0
63.782,t0_mnv2,1831.729,49.063,56,0
63.832,t0_mnv2,1832.545,49.647,56,0
63.885,t0_mnv2,1873.404,52.782,57,0
63.932,t0_mnv2,1908.493,47.614,62,0
63.981,t0_mnv2,1956.604,48.645,65,0
64.033,t0_mnv2,1980.340,51.628,64,0
64.083,t0_mnv2,2007.299,50.530,65,0
64.131,t0_mnv2,2049.583,47.425,64,0
64.180,t0_mnv2,2097.465,48.923,63,0
64.231,t0_mnv2,2112.868,51.529,62,0
64.284,t0_mnv2,2153.700,52.628,63,0
64.330,t0_mnv2,2171.596,46.080,62,0
64.380,t0_mnv2,2124.269,50.135,64,0
64.431,t0_mnv2,2132.636,51.117,64,0
64.481,t0_mnv2,2177.677,49.570,65,0
64.529,t0_mnv2,2212.617,48.384,66,0
64.580,t0_mnv2,2200.240,50.155,66,0
64.630,t0_mnv2,2060.417,50.702,65,0
64.684,t0_mnv2,2102.727,53.338,65,0
64.731,t0_mnv2,2102.581,47.150,66,0
64.781,t0_mnv2,2094.443,50.194,65,0
64.832,t0_mnv2,2097.879,51.199,66,0
64.880,t0_mnv2,2124.256,47.874,65,0
64.930,t0_mnv2,2093.857,49.358,64,0
64.979,t0_mnv2,2074.795,49.009,63,0
65.031,t0_mnv2,2122.576,52.467,63,0
65.080,t0_mnv2,2157.306,48.481,63,0
65.128,t0_mnv2,2204.823,47.978,62,0
65.182,t0_mnv2,2227.838,53.923,64,0
65.233,t0_mnv2,2248.111,50.909,64,0
65.279,t0_mnv2,2288.949,46.488,63,0
65.330,t0_mnv2,2329.507,51.162,65,0
65.380,t0_mnv2,2378.706,49.558,64,0
65.432,t0_mnv2,2418.756,51.829,64,0
65.479,t0_mnv2,2464.202,47.530,64,0
65.528,t0_mnv2,2508.601,48.232,64,0
65.581,t0_mnv2,2495.559,52.902,64,0
65.631,t0_mnv2,2529.001,50.781,63,0
65.680,t0_mnv2,2554.824,48.557,62,0
65.730,t0_mnv2,2598.424,50.037,62,0
65.780,t0_mnv2,2630.697,49.894,62,0
65.831,t0_mnv2,2662.401,50.512,61,0
65.879,t0_mnv2,2643.326,48.145,61,0
65.928,t0_mnv2,2578.652,48.782,61,0
65.981,t0_mnv2,2582.557,53.108,60,0
66.029,t0_mnv2,2579.569,48.445,60,0
66.078,t0_mnv2,2617.491,48.581,60,0
66.129,t0_mnv2,2662.670,50.937,59,0
66.180,t0_mnv2,2643.594,50.797,58,0
66.229,t0_mnv2,2671.639,49.750,58,0
66.277,t0_mnv2,2659.683,47.548,58,0
66.326,t0_mnv2,2663.866,49.050,57,0
66.380,t0_mnv2,2711.006,53.854,57,0
66.428,t0_mnv2,2756.830,47.450,58,0
66.477,t0_mnv2,2790.696,49.279,57,0
66.528,t0_mnv2,2793.585,50.957,59,0
66.579,t0_mnv2,2833.772,51.437,58,0
66.629,t0_mnv2,2809.821,49.733,59,0
66.677,t0_mnv2,2841.009,47.700,61,0
66.728,t0_mnv2,2874.969,51.508,60,0
66.779,t0_mnv2,2888.717,50.625,59,0
66.825,t0_mnv2,2919.514,45.694,58,0
66.876,t0_mnv2,2966.151,50.732,60,0
66.926,t0_mnv2,3013.479,50.792,60,0
66.976,t0_mnv2,3062.206,49.905,59,0
67.026,t0_mnv2,3097.479,49.831,58,0
67.076,t0_mnv2,3126.584,49.474,58,0
67.129,t0_mnv2,3177.285,53.450,58,0
67.179,t0_mnv2,3206.010,50.002,58,0
67.226,t0_mnv2,3249.522,46.302,58,0
67.277,t0_mnv2,3213.772,51.103,58,0
67.327,t0_mnv2,3244.119,49.917,57,0
67.376,t0_mnv2,3104.301,49.294,57,0
67.425,t0_mnv2,3149.716,48.679,56,0
67.474,t0_mnv2,3142.265,48.878,55,0
67.529,t0_mnv2,3177.961,55.315,54,0
67.579,t0_mnv2,3209.036,49.417,53,0
67.626,t0_mnv2,3196.584,46.944,52,0
67.679,t0_mnv2,3221.498,53.043,52,0
67.729,t0_mnv2,3265.338,50.723,51,0
67.777,t0_mnv2,3295.525,47.789,52,0
67.826,t0_mnv2,3314.045,48.717,51,0
67.876,t0_mnv2,3319.494,49.651,51,0
67.929,t0_mnv2,3281.718,52.878,52,0
67.976,t0_mnv2,3278.123,47.267,52,0
68.027,t0_mnv2,3309.225,51.075,53,0
68.078,t0_mnv2,3270.146,50.673,52,0
68.128,t0_mnv2,3312.582,49.873,51,0
68.176,t0_mnv2,3174.207,47.911,51,0
68.225,t0_mnv2,3190.833,49.692,52,0
68.275,t0_mnv2,3138.172,50.186,53,0
68.328,t0_mnv2,3179.838,52.272,52,0
68.374,t0_mnv2,3193.794,46.635,51,0
68.425,t0_mnv2,3230.433,50.734,51,0
68.477,t0_mnv2,3181.215,51.931,50,0
68.526,t0_mnv2,3227.687,48.893,49,0
68.576,t0_mnv2,3256.953,49.822,49,0
68.625,t0_mnv2,3226.852,49.182,48,0
68.678,t0_mnv2,3208.202,52.354,48,0
68.726,t0_mnv2,3210.145,48.054,48,0
68.773,t0_mnv2,3220.186,47.268,47,0
68.824,t0_mnv2,3097.820,51.149,48,0
68.876,t0_mnv2,3145.666,52.255,48,0
68.924,t0_mnv2,3067.631,47.755,49,0
68.977,t0_mnv2,3051.308,52.179,50,0
69.026,t0_mnv2,3001.101,49.311,49,0
69.078,t0_mnv2,3011.274,52.274,49,0
69.125,t0_mnv2,2901.252,46.891,50,0
69.172,t0_mnv2,2906.390,47.222,49,0
69.225,t0_mnv2,2880.217,52.943,50,0
69.276,t0_mnv2,2888.176,50.391,49,0
69.322,t0_mnv2,2914.416,45.871,49,0
69.374,t0_mnv2,2864.108,52.427,50,0
69.426,t0_mnv2,2912.961,51.801,49,0
69.476,t0_mnv2,2950.332,49.580,50,0
69.524,t0_mnv2,2934.129,48.106,49,0
69.574,t0_mnv2,2976.267,49.749,51,0
69.626,t0_mnv2,2994.877,52.752,50,0
69.675,t0_mnv2,3028.601,48.538,50,0
69.723,t0_mnv2,3074.705,48.139,50,0
69.774,t0_mnv2,2937.373,50.689,50,0
69.825,t0_mnv2,2967.519,51.100,51,0
69.875,t0_mnv2,3005.957,49.452,50,0
69.925,t0_mnv2,3008.821,50.093,50,0
69.974,t0_mnv2,2920.757,49.158,49,0
70.028,t0_mnv2,2907.746,53.862,49,0
70.075,t0_mnv2,2933.569,47.356,50,0
70.124,t0_mnv2,2931.020,48.920,49,0
70.175,t0_mnv2,2911.207,50.647,48,0
70.225,t0_mnv2,2865.956,50.366,47,0
70.274,t0_mnv2,2622.281,48.520,46,0
70.323,t0_mnv2,2581.842,48.687,45,0
70.373,t0_mnv2,2610.466,50.581,45,0
70.428,t0_mnv2,2584.273,55.036,44,0
70.474,t0_mnv2,2582.717,45.470,45,0
70.525,t0_mnv2,2612.154,50.865,45,0
70.576,t0_mnv2,2603.127,50.851,45,0
70.625,t0_mnv2,2607.924,49.427,45,0
70.674,t0_mnv2,2647.550,49.333,45,0
70.722,t0_mnv2,2588.680,48.002,44,0
70.774,t0_mnv2,2565.449,51.081,44,0
70.825,t0_mnv2,2607.908,51.860,45,0
70.873,t0_mnv2,2609.166,47.366,44,0
70.924,t0_mnv2,2651.097,51.278,43,0
70.977,t0_mnv2,2579.818,52.566,43,0
71.025,t0_mnv2,2483.302,48.163,42,0
71.074,t0_mnv2,2433.443,48.944,41,0
71.123,t0_mnv2,2441.770,49.337,41,0
71.176,t0_mnv2,2399.634,52.257,41,0
71.224,t0_mnv2,2400.712,48.280,41,0
71.272,t0_mnv2,2398.448,47.681,40,0
71.325,t0_mnv2,2447.604,53.819,40,0
71.376,t0_mnv2,2494.448,50.957,40,0
71.424,t0_mnv2,2473.474,47.216,39,0
71.473,t0_mnv2,2503.907,49.662,38,0
71.523,t0_mnv2,2480.779,49.212,37,0
71.576,t0_mnv2,2495.707,52.959,37,0
71.623,t0_mnv2,2499.965,47.472,36,0
71.671,t0_mnv2,2467.424,48.001,37,0
71.724,t0_mnv2,2514.466,53.202,39,0
71.775,t0_mnv2,2484.900,50.920,41,0
71.825,t0_mnv2,2481.736,49.186,41,0
71.874,t0_mnv2,2504.854,49.328,41,0
71.924,t0_mnv2,2483.808,50.156,40,0
71.976,t0_mnv2,2509.431,51.995,39,0
72.023,t0_mnv2,2488.537,46.912,41,0
72.072,t0_mnv2,2500.675,49.061,43,0
72.125,t0_mnv2,2553.046,52.904,42,0
72.174,t0_mnv2,2511.790,48.923,42,0
72.222,t0_mnv2,2543.278,48.130,41,0
72.276,t0_mnv2,2547.381,53.370,42,0
72.328,t0_mnv2,2538.402,51.679,43,0
72.378,t0_mnv2,2574.915,50.478,42,0
72.426,t0_mnv2,2543.580,47.695,41,0
72.477,t0_mnv2,2502.383,50.926,41,0
72.529,t0_mnv2,2493.446,51.825,42,0
72.575,t0_mnv2,2536.741,46.597,42,0
72.625,t0_mnv2,2283.502,49.616,41,0
72.675,t0_mnv2,2246.982,50.442,40,0
72.727,t0_mnv2,2287.442,51.376,40,0
72.777,t0_mnv2,2302.691,49.868,41,0
72.824,t0_mnv2,2263.427,47.754,41,0
72.876,t0_mnv2,2261.134,51.910,41,0
72.927,t0_mnv2,2257.821,50.111,40,0
72.973,t0_mnv2,2204.501,46.443,42,0
73.024,t0_mnv2,2224.554,51.200,41,0
73.074,t0_mnv2,2266.573,49.875,41,0
73.124,t0_mnv2,2188.094,49.896,40,0
73.174,t0_mnv2,2053.028,49.436,43,0
73.225,t0_mnv2,2086.992,50.964,43,0
73.276,t0_mnv2,2070.161,51.357,44,0
73.326,t0_mnv2,2050.318,49.655,44,0
73.373,t0_mnv2,2034.634,47.130,46,0
73.424,t0_mnv2,1866.388,50.622,47,0
73.474,t0_mnv2,1819.204,50.831,47,0
73.523,t0_mnv2,1866.127,48.120,46,0
73.571,t0_mnv2,1894.220,48.760,45,0
73.621,t0_mnv2,1934.655,49.870,45,0
73.676,t0_mnv2,1973.117,54.881,45,0
73.723,t0_mnv2,1992.496,46.836,44,0
73.771,t0_mnv2,2038.847,48.359,45,0
73.824,t0_mnv2,2078.223,52.692,45,0
73.874,t0_mnv2,2094.127,50.187,44,0
73.923,t0_mnv2,2057.764,48.185,43,0
73.973,t0_mnv2,1987.731,49.933,43,0
74.023,t0_mnv2,2026.907,50.216,45,0
74.076,t0_mnv2,2061.550,53.221,44,0
74.123,t0_mnv2,2084.082,46.878,44,0
74.175,t0_mnv2,2134.836,51.500,43,0
74.225,t0_mnv2,2162.727,50.231,42,0
74.275,t0_mnv2,2140.478,49.813,43,0
74.323,t0_mnv2,2076.493,48.619,42,0
74.373,t0_mnv2,2106.787,49.542,41,0
74.423,t0_mnv2,2133.407,50.483,40,0
74.476,t0_mnv2,2148.976,52.799,42,0
74.523,t0_mnv2,2055.267,46.726,42,0
74.573,t0_mnv2,2076.223,50.410,42,0
74.626,t0_mnv2,2107.435,52.339,43,0
74.675,t0_mnv2,2136.369,48.751,43,0
74.724,t0_mnv2,2040.556,49.562,43,0
74.773,t0_mnv2,2008.555,48.774,43,0
74.826,t0_mnv2,2058.506,52.618,42,0
74.874,t0_mnv2,2078.173,47.819,42,0
74.921,t0_mnv2,2085.025,47.119,41,0
74.973,t0_mnv2,2036.621,51.854,42,0
75.025,t0_mnv2,2083.873,52.079,42,0
75.071,t0_mnv2,2106.310,46.273,41,0
75.124,t0_mnv2,2074.750,52.969,41,0
75.174,t0_mnv2,2035.635,49.850,40,0
75.225,t0_mnv2,2085.585,51.392,39,0
75.273,t0_mnv2,2123.883,47.182,40,0
75.320,t0_mnv2,2147.818,47.514,40,0
75.372,t0_mnv2,2189.499,52.036,39,0
75.422,t0_mnv2,2185.708,49.738,38,0
75.468,t0_mnv2,2217.185,46.301,37,0
75.520,t0_mnv2,2209.519,51.893,37,0
75.571,t0_mnv2,2218.962,50.483,36,0
75.624,t0_mnv2,2261.348,52.815,36,0
75.672,t0_mnv2,2303.570,48.238,39,0
75.721,t0_mnv2,2333.919,48.935,39,0
75.775,t0_mnv2,2361.636,53.696,39,0
75.823,t0_mnv2,2369.172,48.031,39,0
75.871,t0_mnv2,2288.507,47.934,39,0
75.920,t0_mnv2,2286.562,49.678,38,0
75.972,t0_mnv2,2231.696,51.409,39,0
76.021,t0_mnv2,2262.023,49.075,38,0
76.070,t0_mnv2,2256.847,49.161,38,0
76.121,t0_mnv2,2172.161,50.464,37,0
76.177,t0_mnv2,2188.549,55.788,36,0
76.224,t0_mnv2,2211.235,46.951,38,0
76.273,t0_mnv2,2252.804,49.307,38,0
76.323,t0_mnv2,2246.593,50.036,38,0
76.374,t0_mnv2,2111.481,50.800,38,0
76.423,t0_mnv2,2148.077,48.684,38,0
76.470,t0_mnv2,2044.184,47.698,38,0
76.522,t0_mnv2,2094.039,51.534,39,0
76.574,t0_mnv2,2118.843,52.381,38,0
76.621,t0_mnv2,2126.585,46.510,37,0
76.671,t0_mnv2,2129.693,49.860,37,0
76.722,t0_mnv2,2135.017,51.496,36,0
76.771,t0_mnv2,2174.503,48.684,35,0
76.821,t0_mnv2,2155.546,49.490,34,0
76.869,t0_mnv2,2163.281,48.210,33,0
76.920,t0_mnv2,2160.831,51.482,32,0
76.970,t0_mnv2,2129.445,50.111,31,0
77.018,t0_mnv2,2071.265,47.520,30,0
77.070,t0_mnv2,2115.704,52.091,31,0
77.122,t0_mnv2,2098.972,51.840,31,0
77.170,t0_mnv2,2057.769,47.547,31,0
77.221,t0_mnv2,1988.498,51.028,31,0
77.270,t0_mnv2,2010.535,49.193,33,0
77.323,t0_mnv2,2020.529,52.668,34,0
77.371,t0_mnv2,1866.467,48.389,34,0
77.419,t0_mnv2,1814.123,47.767,34,0
77.470,t0_mnv2,1834.134,51.240,35,0
77.523,t0_mnv2,1884.137,52.373,34,0
77.570,t0_mnv2,1930.810,47.373,35,0
77.621,t0_mnv2,1971.545,51.323,35,0
77.672,t0_mnv2,1986.845,50.660,39,0
77.724,t0_mnv2,1952.798,52.048,40,0
77.771,t0_mnv2,1970.181,46.444,39,0
77.819,t0_mnv2,1958.222,48.424,41,0
77.872,t0_mnv2,1942.748,52.727,41,0
77.922,t0_mnv2,1988.789,50.077,41,0
77.969,t0_mnv2,1907.624,46.736,41,0
78.022,t0_mnv2,1814.793,53.385,42,0
78.073,t0_mnv2,1865.607,51.151,42,0
78.133,t0_mnv2,1917.907,59.484,42,0
78.181,t0_mnv2,1909.988,48.543,42,0
78.232,t0_mnv2,1953.959,50.405,42,0
78.284,t0_mnv2,1940.178,51.620,42,0
78.335,t0_mnv2,1940.077,51.058,42,0
78.385,t0_mnv2,1938.933,50.384,41,0
78.436,t0_mnv2,1929.824,50.976,40,0
78.500,t0_mnv2,1979.030,63.573,40,0
78.558,t0_mnv2,1913.176,58.488,42,0
78.616,t0_mnv2,1584.931,57.783,42,0
78.669,t0_mnv2,1610.909,52.733,41,0
78.720,t0_mnv2,1620.482,51.063,41,0
78.771,t0_mnv2,1636.439,50.565,40,0
78.818,t0_mnv2,1632.019,47.609,39,0
78.867,t0_mnv2,1642.794,48.764,38,0
78.921,t0_mnv2,1689.579,53.783,40,0
78.968,t0_mnv2,1735.274,47.515,39,0
79.016,t0_mnv2,1727.215,47.720,41,0
79.068,t0_mnv2,1760.371,52.164,42,0
79.119,t0_mnv2,1757.657,50.866,41,0
79.168,t0_mnv2,1778.001,48.685,40,0
79.219,t0_mnv2,1771.050,51.208,40,0
79.268,t0_mnv2,1815.856,48.863,40,0
79.321,t0_mnv2,1786.092,53.134,39,0
79.368,t0_mnv2,1824.680,46.837,39,0
79.417,t0_mnv2,1818.075,48.876,42,0
79.468,t0_mnv2,1846.482,50.982,42,0
79.518,t0_mnv2,1890.131,50.191,44,0
79.566,t0_mnv2,1923.991,48.174,45,0
79.617,t0_mnv2,1966.752,50.001,46,0
79.667,t0_mnv2,2011.975,50.258,48,0
79.720,t0_mnv2,2034.266,53.008,47,0
79.766,t0_mnv2,2067.750,46.074,46,0
79.816,t0_mnv2,2024.623,50.166,45,0
79.867,t0_mnv2,2070.407,51.222,45,0
79.916,t0_mnv2,2114.158,48.425,46,0
79.966,t0_mnv2,2114.044,49.789,46,0
80.015,t0_mnv2,2141.335,49.109,47,0
80.067,t0_mnv2,2121.194,51.640,47,0
80.117,t0_mnv2,2147.562,50.425,46,0
80.166,t0_mnv2,2173.344,48.573,46,0
80.216,t0_mnv2,2171.627,50.435,47,0
80.269,t0_mnv2,2163.913,52.781,48,0
80.316,t0_mnv2,2173.578,47.004,47,0
80.366,t0_mnv2,2151.785,50.093,48,0
80.416,t0_mnv2,2159.747,49.872,49,0
80.468,t0_mnv2,2168.998,51.454,48,0
80.516,t0_mnv2,2058.907,47.917,47,0
80.563,t0_mnv2,2056.432,47.795,47,0
80.617,t0_mnv2,2067.981,53.707,46,0
80.668,t0_mnv2,2117.763,51.314,45,0
80.715,t0_mnv2,2099.188,46.675,45,0
80.765,t0_mnv2,2078.139,49.372,45,0
80.815,t0_mnv2,1944.693,50.198,46,0
80.866,t0_mnv2,1985.353,51.152,46,0
80.914,t0_mnv2,2020.871,47.668,46,0
80.963,t0_mnv2,1982.751,49.056,46,0
81.016,t0_mnv2,2028.521,52.688,45,0
81.065,t0_mnv2,2073.623,49.639,46,0
81.116,t0_mnv2,2093.333,50.411,45,0
81.165,t0_mnv2,2139.286,49.263,45,0
81.215,t0_mnv2,2012.083,50.214,45,0
81.266,t0_mnv2,2034.077,51.033,47,0
81.313,t0_mnv2,1976.034,46.206,46,0
81.362,t0_mnv2,1984.883,49.070,45,0
81.416,t0_mnv2,2038.296,53.966,45,0
81.463,t0_mnv2,2075.224,47.230,47,0
81.512,t0_mnv2,2096.421,49.123,48,0
81.565,t0_mnv2,2139.511,52.558,50,0
81.616,t0_mnv2,2131.317,50.723,50,0
81.666,t0_mnv2,2179.224,50.173,51,0
81.714,t0_mnv2,2223.075,48.473,51,0
81.765,t0_mnv2,2242.745,50.623,50,0
81.817,t0_mnv2,2266.488,52.278,51,0
81.863,t0_mnv2,2255.407,45.840,50,0
81.913,t0_mnv2,2300.630,49.432,49,0
81.965,t0_mnv2,2313.596,52.028,48,0
82.015,t0_mnv2,2361.623,50.782,47,0
82.065,t0_mnv2,2399.895,49.908,49,0
82.114,t0_mnv2,2278.154,48.205,49,0
82.166,t0_mnv2,2269.201,52.180,48,0
82.216,t0_mnv2,2314.162,50.214,49,0
82.263,t0_mnv2,2305.309,46.523,51,0
82.314,t0_mnv2,2331.493,51.246,53,0
82.365,t0_mnv2,2376.340,50.586,53,0
82.414,t0_mnv2,2354.608,49.518,55,0
82.463,t0_mnv2,2308.441,48.657,55,0
82.513,t0_mnv2,2336.400,49.741,56,0
82.568,t0_mnv2,2369.188,55.003,55,0
82.615,t0_mnv2,2349.811,47.043,56,0
82.662,t0_mnv2,2396.518,47.358,56,0
82.714,t0_mnv2,2398.040,52.122,55,0
82.765,t0_mnv2,2422.010,50.897,56,0
82.813,t0_mnv2,2446.398,48.212,56,0
82.862,t0_mnv2,2449.612,48.831,57,0
82.912,t0_mnv2,2367.721,49.458,58,0
82.966,t0_mnv2,2289.583,54.349,58,0
83.014,t0_mnv2,2279.115,47.785,59,0
83.063,t0_mnv2,2258.296,49.041,59,0
83.115,t0_mnv2,2308.229,51.769,58,0
83.166,t0_mnv2,2310.169,50.557,59,0
83.213,t0_mnv2,2305.956,47.191,58,0
83.262,t0_mnv2,2300.358,49.187,60,0
83.312,t0_mnv2,2281.135,50.004,60,0
83.365,t0_mnv2,2309.578,52.676,60,0
83.411,t0_mnv2,2290.771,46.646,60,0
83.460,t0_mnv2,2256.484,49.095,61,0
83.513,t0_mnv2,2282.937,52.089,61,0
83.562,t0_mnv2,2309.194,49.378,60,0
83.612,t0_mnv2,2347.729,49.584,59,0
83.661,t0_mnv2,2276.910,49.717,59,0
83.714,t0_mnv2,2296.418,52.055,60,0
83.764,t0_mnv2,2326.088,50.303,61,0
83.811,t0_mnv2,2366.715,47.041,61,0
83.861,t0_mnv2,2377.055,50.283,60,0
83.914,t0_mnv2,2420.215,53.178,59,0
83.962,t0_mnv2,2438.669,47.954,60,0
84.013,t0_mnv2,2467.359,50.816,60,0
84.063,t0_mnv2,2516.467,49.958,62,0
84.115,t0_mnv2,2536.660,51.890,61,0
84.163,t0_mnv2,2539.888,47.231,61,0
84.210,t0_mnv2,2574.317,47.629,61,0
84.263,t0_mnv2,2596.645,52.387,60,0
84.314,t0_mnv2,2507.902,50.895,61,0
84.360,t0_mnv2,2550.359,46.069,62,0
84.411,t0_mnv2,2391.199,51.463,62,0
84.462,t0_mnv2,2431.873,50.955,63,0
84.514,t0_mnv2,2451.821,52.173,63,0
84.562,t0_mnv2,2481.522,47.739,65,0
84.611,t0_mnv2,2414.832,48.798,64,0
84.663,t0_mnv2,2450.707,52.437,63,0
84.712,t0_mnv2,2493.979,48.865,62,0
84.760,t0_mnv2,2507.790,47.817,61,0
84.810,t0_mnv2,2551.785,50.141,60,0
84.860,t0_mnv2,2573.849,50.059,59,0
84.912,t0_mnv2,2605.797,51.715,60,0
84.961,t0_mnv2,2649.932,48.807,59,0
85.009,t0_mnv2,2662.763,48.220,60,0
85.063,t0_mnv2,2696.125,53.948,60,0
85.111,t0_mnv2,2731.469,47.535,59,0
85.160,t0_mnv2,2765.736,48.631,59,0
85.210,t0_mnv2,2792.117,50.714,60,0
85.261,t0_mnv2,2783.538,50.878,60,0
85.311,t0_mnv2,2816.000,49.334,61,0
85.359,t0_mnv2,2786.633,48.222,60,0
85.410,t0_mnv2,2807.220,51.217,59,0
85.463,t0_mnv2,2834.182,52.891,59,0
85.509,t0_mnv2,2769.172,45.553,58,0
85.558,t0_mnv2,2794.220,49.117,58,0
85.609,t0_mnv2,2816.648,51.538,57,0
85.659,t0_mnv2,2839.897,49.341,56,0
85.708,t0_mnv2,2869.613,49.015,55,0
85.756,t0_mnv2,2877.356,48.461,54,0
85.807,t0_mnv2,2919.451,51.123,54,0
85.858,t0_mnv2,2895.685,50.804,53,0
85.907,t0_mnv2,2916.053,48.257,52,0
85.957,t0_mnv2,2966.262,50.874,52,0
86.009,t0_mnv2,2993.849,51.108,53,0
86.058,t0_mnv2,2933.901,49.843,53,0
86.107,t0_mnv2,2963.535,48.716,53,0
86.156,t0_mnv2,2934.408,48.710,54,0
86.208,t0_mnv2,2970.423,52.016,55,0
86.257,t0_mnv2,3011.401,49.100,54,0
86.304,t0_mnv2,3020.266,46.890,53,0
86.356,t0_mnv2,3032.640,52.361,54,0
86.409,t0_mnv2,3033.037,52.254,53,0
86.457,t0_mnv2,3026.526,48.211,54,0
86.506,t0_mnv2,3073.628,48.856,56,0
86.556,t0_mnv2,3058.213,49.792,56,0
86.609,t0_mnv2,2948.186,53.534,56,0
86.656,t0_mnv2,2987.789,46.588,56,0
86.704,t0_mnv2,3000.066,48.283,56,0
86.757,t0_mnv2,3015.756,53.118,57,0
86.809,t0_mnv2,3064.667,51.057,56,0
86.857,t0_mnv2,3081.590,48.328,55,0
86.907,t0_mnv2,2979.349,49.607,55,0
86.957,t0_mnv2,2998.856,49.928,54,0
87.009,t0_mnv2,3033.935,52.610,53,0
87.055,t0_mnv2,3039.575,46.077,52,0
87.105,t0_mnv2,3076.500,49.633,51,0
87.157,t0_mnv2,3126.083,51.514,53,0
87.206,t0_mnv2,3066.391,49.377,52,0
87.255,t0_mnv2,3063.858,48.989,53,0
87.306,t0_mnv2,3033.297,51.446,53,0
87.358,t0_mnv2,3068.328,51.043,52,0
87.408,t0_mnv2,3085.764,50.704,53,0
87.456,t0_mnv2,3118.070,47.638,52,0
87.506,t0_mnv2,3099.249,50.429,51,0
87.559,t0_mnv2,3138.947,52.216,51,0
87.606,t0_mnv2,3165.532,46.878,51,0
87.656,t0_mnv2,3175.177,50.656,53,0
87.706,t0_mnv2,3187.350,49.735,52,0
87.759,t0_mnv2,3233.904,53.011,53,0
87.809,t0_mnv2,3262.143,49.606,54,0
87.856,t0_mnv2,2972.983,47.613,55,0
87.908,t0_mnv2,3022.954,51.170,54,0
87.960,t0_mnv2,2970.084,52.413,57,0
88.006,t0_mnv2,3005.877,45.644,56,0
88.056,t0_mnv2,3040.780,50.613,58,0
88.107,t0_mnv2,2965.552,50.358,59,0
88.158,t0_mnv2,2953.046,51.409,60,0
88.206,t0_mnv2,2998.235,47.440,61,0
88.255,t0_mnv2,3039.305,49.251,63,0
88.310,t0_mnv2,3035.968,54.543,65,0
88.359,t0_mnv2,3074.838,49.185,66,0
88.406,t0_mnv2,2948.195,47.458,65,0
88.458,t0_mnv2,2932.704,51.543,64,0
88.508,t0_mnv2,2719.010,49.741,66,0
88.558,t0_mnv2,2647.806,50.205,67,0
88.607,t0_mnv2,2614.794,48.657,66,0
88.656,t0_mnv2,2655.420,49.286,65,0
88.710,t0_mnv2,2676.619,54.291,66,0
88.758,t0_mnv2,2656.618,47.466,65,0
88.808,t0_mnv2,2674.149,50.477,65,0
88.859,t0_mnv2,2719.193,50.567,64,0
88.910,t0_mnv2,2717.040,50.859,65,0
88.958,t0_mnv2,2756.399,48.653,66,0
89.008,t0_mnv2,2689.853,49.136,65,0
89.057,t0_mnv2,2725.063,49.119,65,0
89.111,t0_mnv2,2693.740,53.761,65,0
89.157,t0_mnv2,2715.052,46.315,65,0
89.207,t0_mnv2,2743.681,49.701,67,0
89.259,t0_mnv2,2787.795,52.063,66,0
89.309,t0_mnv2,2837.264,50.097,65,0
89.358,t0_mnv2,2835.732,48.984,64,0
89.407,t0_mnv2,2815.969,48.789,63,0
89.456,t0_mnv2,2817.049,49.380,64,0
89.509,t0_mnv2,2828.691,52.639,63,0
89.556,t0_mnv2,2832.413,46.931,63,0
89.606,t0_mnv2,2852.516,50.062,62,0
89.658,t0_mnv2,2795.854,51.660,63,0
89.707,t0_mnv2,2581.946,49.842,62,0
89.757,t0_mnv2,2619.914,49.824,61,0
89.806,t0_mnv2,2653.186,48.760,61,0
89.859,t0_mnv2,2641.522,52.985,62,0
89.908,t0_mnv2,2666.237,48.675,62,0
89.955,t0_mnv2,2696.300,47.173,62,0
90.006,t0_mnv2,2615.092,50.941,61,0
90.057,t0_mnv2,2650.394,51.092,60,0
90.106,t0_mnv2,2585.798,48.406,59,0
90.154,t0_mnv2,2569.049,48.585,59,0
90.206,t0_mnv2,2599.078,51.872,60,0
90.259,t0_mnv2,2611.364,52.521,60,0
90.306,t0_mnv2,2657.145,46.847,60,0
90.354,t0_mnv2,2639.820,48.198,59,0
90.407,t0_mnv2,2675.270,52.680,60,0
90.457,t0_mnv2,2679.401,50.440,60,0
90.505,t0_mnv2,2710.349,47.563,60,0
90.554,t0_mnv2,2740.565,49.812,59,0
90.605,t0_mnv2,2763.291,50.053,61,0
90.658,t0_mnv2,2744.497,53.912,60,0
90.707,t0_mnv2,2777.270,48.040,60,0
90.756,t0_mnv2,2822.752,49.571,62,0
90.808,t0_mnv2,2856.129,51.662,63,0
90.857,t0_mnv2,2830.296,48.874,62,0
90.906,t0_mnv2,2864.936,48.999,61,0
90.956,t0_mnv2,2907.230,49.729,62,0
91.005,t0_mnv2,2914.556,49.781,61,0
91.057,t0_mnv2,2953.243,51.835,61,0
91.104,t0_mnv2,2992.161,47.043,63,0
91.155,t0_mnv2,3022.259,50.804,63,0
91.209,t0_mnv2,3017.582,53.473,63,0
91.255,t0_mnv2,3053.500,46.517,62,0
91.306,t0_mnv2,3086.965,50.499,61,0
91.355,t0_mnv2,3130.181,49.612,62,0
91.407,t0_mnv2,3166.760,51.435,61,0
91.455,t0_mnv2,3187.564,48.278,62,0
91.503,t0_mnv2,3232.773,48.090,63,0
91.555,t0_mnv2,3269.348,51.484,62,0
91.608,t0_mnv2,3271.626,52.746,62,0
91.655,t0_mnv2,3310.926,47.136,62,0
91.706,t0_mnv2,3242.687,51.566,64,0
91.757,t0_mnv2,3280.397,50.246,63,0
91.807,t0_mnv2,3311.814,50.525,63,0
91.855,t0_mnv2,3329.436,47.359,63,0
91.904,t0_mnv2,3358.464,48.971,63,0
91.956,t0_mnv2,3286.233,52.328,63,0
92.006,t0_mnv2,3334.530,49.808,62,0
92.052,t0_mnv2,3279.736,46.507,63,0
92.106,t0_mnv2,3234.044,53.874,63,0
92.157,t0_mnv2,3282.798,50.310,63,0
92.207,t0_mnv2,3296.401,50.031,64,0
92.256,t0_mnv2,3342.087,48.705,65,0
92.304,t0_mnv2,3264.747,48.299,65,0
92.357,t0_mnv2,3268.264,53.209,64,0
92.405,t0_mnv2,3286.101,47.475,63,0
92.453,t0_mnv2,3276.452,48.343,63,0
92.504,t0_mnv2,3322.141,51.062,62,0
92.556,t0_mnv2,3373.211,52.023,62,0
92.606,t0_mnv2,3172.883,49.956,62,0
92.654,t0_mnv2,3218.498,48.169,63,0
92.704,t0_mnv2,3159.144,49.360,62,0
92.758,t0_mnv2,3131.431,53.849,63,0
92.803,t0_mnv2,3155.059,45.611,63,0
92.853,t0_mnv2,3049.295,49.760,63,0
92.905,t0_mnv2,3096.813,51.673,64,0
92.955,t0_mnv2,3113.237,50.512,64,0
93.005,t0_mnv2,3126.585,49.399,65,0
93.055,t0_mnv2,3118.662,50.177,64,0
93.107,t0_mnv2,2970.881,51.865,64,0
93.158,t0_mnv2,2999.762,50.571,63,0
93.205,t0_mnv2,3030.349,46.875,64,0
93.254,t0_mnv2,3008.147,49.458,63,0
93.305,t0_mnv2,3023.097,50.948,64,0
93.353,t0_mnv2,2994.502,48.355,64,0
93.402,t0_mnv2,3028.880,48.904,65,0
93.452,t0_mnv2,3012.039,49.164,66,0
93.507,t0_mnv2,3014.502,54.947,67,0
93.555,t0_mnv2,2991.304,48.492,67,0
93.604,t0_mnv2,3037.591,48.993,67,0
93.654,t0_mnv2,3073.792,50.078,69,0
93.706,t0_mnv2,3024.503,51.769,69,0
93.755,t0_mnv2,3036.949,49.290,68,0
93.803,t0_mnv2,3082.475,47.557,68,0
93.853,t0_mnv2,3122.633,49.642,67,0
93.906,t0_mnv2,3137.650,53.209,66,0
93.952,t0_mnv2,3159.369,46.562,65,0
94.004,t0_mnv2,3069.837,51.167,67,0
94.054,t0_mnv2,3115.310,50.685,66,0
94.105,t0_mnv2,3088.141,50.561,65,0
94.155,t0_mnv2,3066.300,49.488,65,0
94.202,t0_mnv2,3108.908,47.838,65,0
94.254,t0_mnv2,3153.372,51.385,64,0
94.305,t0_mnv2,3154.652,50.680,63,0
94.351,t0_mnv2,3155.011,46.510,63,0
94.401,t0_mnv2,3062.931,50.068,62,0
94.453,t0_mnv2,3103.528,52.075,62,0
94.503,t0_mnv2,3075.305,50.025,61,0
94.553,t0_mnv2,3106.475,49.285,60,0
94.602,t0_mnv2,3135.452,49.093,59,0
94.655,t0_mnv2,3173.066,52.916,59,0
94.705,t0_mnv2,3143.336,49.711,60,0
94.752,t0_mnv2,3111.385,47.096,60,0
94.805,t0_mnv2,3145.057,53.521,60,0
94.857,t0_mnv2,3184.608,51.212,59,0
94.907,t0_mnv2,3209.136,50.813,61,0
94.958,t0_mnv2,3159.451,50.706,61,0
95.008,t0_mnv2,3177.398,50.211,61,0
95.062,t0_mnv2,3203.795,53.872,60,0
95.109,t0_mnv2,3153.567,46.503,59,0
95.159,t0_mnv2,3145.758,50.259,59,0
95.211,t0_mnv2,3163.376,51.666,58,0
95.261,t0_mnv2,3159.993,50.197,57,0
95.312,t0_mnv2,3172.140,51.071,57,0
95.361,t0_mnv2,3193.841,49.094,57,0
95.414,t0_mnv2,3224.930,53.101,59,0
95.463,t0_mnv2,3254.394,48.582,58,0
95.510,t0_mnv2,3294.806,47.065,59,0
95.564,t0_mnv2,3265.031,53.783,61,0
95.615,t0_mnv2,3187.600,51.445,62,0
95.666,t0_mnv2,3115.483,50.752,62,0
95.716,t0_mnv2,3128.152,49.576,63,0
95.766,t0_mnv2,3133.126,50.335,63,0
95.819,t0_mnv2,3174.874,52.873,62,0
95.866,t0_mnv2,3115.112,47.142,61,0
95.915,t0_mnv2,3160.092,48.944,61,0
95.970,t0_mnv2,3170.845,55.084,62,0
96.021,t0_mnv2,3214.200,50.229,62,0
96.071,t0_mnv2,3197.523,50.046,61,0
96.122,t0_mnv2,3231.580,51.064,61,0
96.172,t0_mnv2,3226.727,50.527,61,0
96.224,t0_mnv2,3230.451,51.194,64,0
96.271,t0_mnv2,3267.156,47.791,63,0
96.322,t0_mnv2,3231.524,50.767,66,0
96.375,t0_mnv2,3214.671,52.712,65,0
96.423,t0_mnv2,3232.559,47.802,65,0
96.477,t0_mnv2,3212.078,53.739,64,0
96.526,t0_mnv2,3233.204,49.739,65,0
96.580,t0_mnv2,3265.709,53.214,67,0
96.627,t0_mnv2,3255.256,47.770,66,0
96.676,t0_mnv2,3281.115,48.545,68,0
96.730,t0_mnv2,3300.706,53.754,69,0
96.780,t0_mnv2,3335.437,50.085,69,0
96.828,t0_mnv2,3353.915,47.608,69,0
96.882,t0_mnv2,3406.336,54.392,68,0
96.933,t0_mnv2,3414.560,50.752,68,0
96.984,t0_mnv2,3421.469,50.761,67,0
97.032,t0_mnv2,3412.394,48.246,66,0
97.080,t0_mnv2,3457.734,48.595,65,0
97.136,t0_mnv2,3500.288,55.366,64,0
97.183,t0_mnv2,3521.080,46.664,63,0
97.234,t0_mnv2,3458.659,51.627,62,0
97.285,t0_mnv2,3328.851,51.107,64,0
97.336,t0_mnv2,3370.809,50.281,64,0
97.385,t0_mnv2,3397.141,49.355,64,0
97.433,t0_mnv2,3319.535,47.582,64,0
97.485,t0_mnv2,3316.168,52.443,64,0
97.537,t0_mnv2,3226.075,52.001,64,0
97.583,t0_mnv2,3134.342,46.076,64,0
97.637,t0_mnv2,3018.905,53.863,64,0
97.689,t0_mnv2,2996.429,51.843,64,0
97.738,t0_mnv2,3042.968,48.840,65,0
97.789,t0_mnv2,3043.552,50.591,66,0
97.837,t0_mnv2,3069.480,48.119,65,0
97.889,t0_mnv2,3025.091,52.572,67,0
97.939,t0_mnv2,3058.375,49.294,66,0
97.986,t0_mnv2,3096.746,47.622,65,0
98.042,t0_mnv2,3124.960,55.735,69,0
98.093,t0_mnv2,3096.661,50.721,69,0
98.142,t0_mnv2,3000.616,49.274,69,0
98.192,t0_mnv2,2905.465,49.273,70,0
98.241,t0_mnv2,2909.975,49.789,69,0
98.296,t0_mnv2,2906.864,54.045,70,0
98.342,t0_mnv2,2928.845,46.670,70,0
98.393,t0_mnv2,2979.160,51.215,73,0
98.447,t0_mnv2,2962.381,53.153,73,0
98.495,t0_mnv2,2996.489,48.473,72,0
98.546,t0_mnv2,3028.263,51.031,73,0
98.596,t0_mnv2,3058.912,49.260,72,0
98.647,t0_mnv2,3099.029,51.680,72,0
98.698,t0_mnv2,3130.364,50.227,71,0
98.745,t0_mnv2,3144.837,47.205,71,0
98.797,t0_mnv2,3152.649,52.097,71,0
98.851,t0_mnv2,3165.052,54.048,70,0
98.900,t0_mnv2,3185.700,48.810,70,0
98.951,t0_mnv2,3231.673,51.218,72,0
99.001,t0_mnv2,3115.633,49.497,72,0
99.054,t0_mnv2,3120.691,53.484,72,0
99.102,t0_mnv2,3159.056,47.650,73,0
99.151,t0_mnv2,3163.279,49.479,74,0
99.205,t0_mnv2,3100.869,54.048,75,0
99.257,t0_mnv2,3119.734,51.045,74,0
99.306,t0_mnv2,3126.081,49.036,76,0
99.355,t0_mnv2,3164.758,49.554,77,0
99.405,t0_mnv2,3213.953,49.586,77,0
99.457,t0_mnv2,3249.192,52.550,78,0
99.503,t0_mnv2,3222.813,46.054,77,0
99.554,t0_mnv2,3271.845,50.263,79,0
99.606,t0_mnv2,3315.487,52.326,78,0
99.654,t0_mnv2,3355.299,48.012,77,0
99.705,t0_mnv2,3310.927,50.512,76,0
99.755,t0_mnv2,3268.122,50.117,75,0
99.806,t0_mnv2,3291.227,51.410,74,0
99.858,t0_mnv2,3301.284,51.383,76,0
99.905,t0_mnv2,3342.777,47.328,77,0
99.958,t0_mnv2,3386.660,52.313,78,0
100.010,t0_mnv2,3374.533,52.186,77,0
100.056,t0_mnv2,3413.313,46.655,76,0
100.107,t0_mnv2,3461.459,50.795,76,0
100.157,t0_mnv2,3452.394,49.446,75,0
100.211,t0_mnv2,3500.121,53.819,77,0
100.258,t0_mnv2,3512.089,47.125,77,0
100.306,t0_mnv2,3506.341,47.832,80,0
100.358,t0_mnv2,3462.944,52.372,81,0
100.409,t0_mnv2,3154.242,50.516,81,0
100.454,t0_mnv2,3192.182,45.533,80,0
100.505,t0_mnv2,3224.040,51.056,79,0
100.555,t0_mnv2,3238.977,49.506,78,0
100.606,t0_mnv2,3254.967,51.378,79,0
100.655,t0_mnv2,3244.644,48.319,79,0
100.706,t0_mnv2,3251.597,51.146,79,0
100.759,t0_mnv2,3252.301,53.408,78,0
100.808,t0_mnv2,3251.365,48.401,77,0
100.855,t0_mnv2,3250.826,47.132,79,0
100.908,t0_mnv2,3262.295,52.761,78,0
100.960,t0_mnv2,3257.366,52.155,78,0
101.008,t0_mnv2,3272.453,48.442,79,0
101.057,t0_mnv2,3310.515,48.731,79,0
101.109,t0_mnv2,3344.256,51.631,79,0
101.162,t0_mnv2,3302.049,53.279,78,0
101.209,t0_mnv2,3341.256,46.796,78,0
101.259,t0_mnv2,3388.582,50.391,78,0
101.309,t0_mnv2,3321.458,49.561,77,0
101.359,t0_mnv2,3370.899,50.492,76,0
101.409,t0_mnv2,3415.899,49.185,76,0
101.457,t0_mnv2,3462.140,47.987,77,0
101.508,t0_mnv2,3500.687,51.245,77,0
101.561,t0_mnv2,3499.200,52.837,76,0
101.607,t0_mnv2,3491.146,46.403,77,0
101.657,t0_mnv2,3507.660,49.505,78,0
101.709,t0_mnv2,3557.567,51.828,80,0
101.758,t0_mnv2,3509.611,48.883,82,0
101.808,t0_mnv2,3542.637,49.807,82,0
101.856,t0_mnv2,3556.272,48.380,83,0
101.908,t0_mnv2,3560.337,51.734,82,0
101.958,t0_mnv2,3592.951,50.424,81,0
102.004,t0_mnv2,3632.929,46.076,80,0
102.058,t0_mnv2,3681.845,53.229,80,0
102.109,t0_mnv2,3676.581,51.574,80,0
102.159,t0_mnv2,3648.342,49.345,80,0
102.208,t0_mnv2,3682.883,49.067,79,0
102.256,t0_mnv2,3650.956,48.737,78,0
102.310,t0_mnv2,3590.062,53.414,77,0
102.358,t0_mnv2,3574.565,48.302,77,0
102.405,t0_mnv2,3508.699,47.006,76,0
102.458,t0_mnv2,3543.371,52.328,77,0
102.509,t0_mnv2,3589.990,51.184,78,0
102.558,t0_mnv2,3637.542,49.005,78,0
102.607,t0_mnv2,3616.071,48.558,79,0
102.656,t0_mnv2,3647.101,49.338,80,0
102.709,t0_mnv2,3646.397,53.532,81,0
102.755,t0_mnv2,3665.684,45.801,81,0
102.803,t0_mnv2,3683.824,47.614,82,0
102.856,t0_mnv2,3725.461,52.923,82,0
102.906,t0_mnv2,3741.313,49.778,83,0
102.954,t0_mnv2,3765.923,48.377,84,0
103.006,t0_mnv2,3727.832,51.980,84,0
103.055,t0_mnv2,3767.413,49.268,86,0
103.107,t0_mnv2,3816.168,51.309,87,0
103.154,t0_mnv2,3829.297,47.582,87,0
103.204,t0_mnv2,3859.246,49.451,87,0
103.255,t0_mnv2,3897.678,51.144,89,0
103.304,t0_mnv2,3866.074,48.422,90,0
103.352,t0_mnv2,3910.842,48.714,90,0
103.402,t0_mnv2,3876.736,49.961,90,0
103.454,t0_mnv2,3926.121,51.471,90,0
103.505,t0_mnv2,3966.407,51.197,89,0
103.552,t0_mnv2,3741.877,46.671,88,0
103.603,t0_mnv2,3768.443,51.418,89,0
103.656,t0_mnv2,3799.089,52.234,88,0
103.702,t0_mnv2,3826.899,46.760,88,0
103.753,t0_mnv2,3864.978,50.551,88,0
103.802,t0_mnv2,3857.877,49.048,87,0
103.854,t0_mnv2,3898.981,52.072,87,0
103.902,t0_mnv2,3826.455,47.565,86,0
103.951,t0_mnv2,3787.502,49.582,85,0
104.003,t0_mnv2,3802.231,51.911,84,0
104.054,t0_mnv2,3847.827,51.035,85,0
104.101,t0_mnv2,3863.178,46.407,84,0
104.151,t0_mnv2,3890.040,50.633,84,0
104.201,t0_mnv2,3933.491,49.916,85,0
104.252,t0_mnv2,3964.513,50.662,85,0
104.301,t0_mnv2,3997.454,48.568,87,0
104.349,t0_mnv2,4029.870,48.344,86,0
104.403,t0_mnv2,4076.211,53.526,86,0
104.454,t0_mnv2,4059.195,51.613,87,0
104.501,t0_mnv2,3922.876,46.451,88,0
104.553,t0_mnv2,3954.324,51.835,87,0
104.603,t0_mnv2,3962.956,50.570,89,0
104.652,t0_mnv2,3983.330,49.017,90,0
104.701,t0_mnv2,3891.290,48.572,91,0
104.749,t0_mnv2,3897.847,48.380,90,0
104.804,t0_mnv2,3948.920,54.204,91,0
104.851,t0_mnv2,3921.324,47.146,91,0
104.899,t0_mnv2,3891.322,47.728,90,0
104.954,t0_mnv2,3946.480,55.826,90,0
105.004,t0_mnv2,3983.007,49.895,91,0
105.053,t0_mnv2,3983.624,48.487,90,0
105.102,t0_mnv2,3897.819,49.268,93,0
105.151,t0_mnv2,3918.605,48.651,94,0
105.204,t0_mnv2,3836.734,52.846,94,0
105.250,t0_mnv2,3839.372,46.462,94,0
105.298,t0_mnv2,3884.359,47.956,94,0
105.351,t0_mnv2,3863.153,52.617,96,0
105.402,t0_mnv2,3815.905,51.280,96,0
105.449,t0_mnv2,3855.104,46.662,96,0
105.498,t0_mnv2,3877.024,49.390,95,0
105.549,t0_mnv2,3906.887,50.154,95,0
105.600,t0_mnv2,3934.040,51.140,95,0
105.646,t0_mnv2,3970.247,46.320,94,0
105.696,t0_mnv2,3987.949,49.468,94,0
105.748,t0_mnv2,4028.956,52.287,93,0
105.797,t0_mnv2,4069.013,48.583,93,0
105.846,t0_mnv2,4090.994,49.615,92,0
105.898,t0_mnv2,4121.305,51.613,91,0
105.949,t0_mnv2,4112.422,50.905,90,0
105.999,t0_mnv2,4161.074,49.987,91,0
106.046,t0_mnv2,4002.774,46.988,91,0
106.096,t0_mnv2,4018.257,49.941,91,0
106.148,t0_mnv2,4000.980,51.839,92,0
106.194,t0_mnv2,3867.787,46.644,92,0
106.245,t0_mnv2,3810.462,50.292,92,0
106.295,t0_mnv2,3854.191,50.196,92,0
106.348,t0_mnv2,3863.391,53.313,91,0
106.396,t0_mnv2,3887.629,47.681,91,0
106.443,t0_mnv2,3919.972,47.224,91,0
106.495,t0_mnv2,3936.500,51.961,92,0
106.546,t0_mnv2,3975.371,50.826,91,0
106.592,t0_mnv2,3955.077,45.911,90,0
106.644,t0_mnv2,3998.149,51.381,89,0
106.694,t0_mnv2,4014.317,50.216,89,0
106.745,t0_mnv2,4056.655,50.876,88,0
106.793,t0_mnv2,4052.642,48.106,90,0
106.842,t0_mnv2,4064.190,49.316,89,0
106.896,t0_mnv2,4102.004,53.298,88,0
106.944,t0_mnv2,4105.465,48.655,87,0
106.991,t0_mnv2,4123.862,46.898,87,0
107.043,t0_mnv2,4174.280,52.094,87,0
107.093,t0_mnv2,4157.705,49.721,87,0
107.143,t0_mnv2,4191.810,49.976,87,0
107.191,t0_mnv2,4209.494,47.578,87,0
107.240,t0_mnv2,4212.021,48.716,87,0
107.296,t0_mnv2,4251.878,56.023,87,0
107.342,t0_mnv2,4287.297,46.458,89,0
107.390,t0_mnv2,4327.358,48.009,88,0
107.443,t0_mnv2,4346.239,52.435,88,0
107.493,t0_mnv2,4364.769,50.113,87,0
107.541,t0_mnv2,4385.512,48.408,87,0
107.591,t0_mnv2,4370.303,49.513,88,0
107.640,t0_mnv2,4401.683,49.015,88,0
107.693,t0_mnv2,4445.168,53.292,88,0
107.740,t0_mnv2,4462.957,46.845,89,0
107.791,t0_mnv2,4489.828,50.843,91,0
107.841,t0_mnv2,4523.517,50.446,92,0
107.892,t0_mnv2,4490.070,50.250,94,0
107.940,t0_mnv2,4490.611,48.345,93,0
107.990,t0_mnv2,4429.560,49.763,95,0
108.040,t0_mnv2,4436.460,49.585,94,0
108.092,t0_mnv2,4408.561,52.855,95,0
108.139,t0_mnv2,4392.984,46.826,94,0
108.189,t0_mnv2,4334.801,49.450,94,0
108.244,t0_mnv2,4226.272,55.084,95,0
108.294,t0_mnv2,4271.090,49.890,97,0
108.343,t0_mnv2,4222.366,49.525,97,0
108.392,t0_mnv2,4232.858,48.606,96,0
108.443,t0_mnv2,4273.494,51.349,95,0
108.492,t0_mnv2,4242.917,48.928,96,0
108.540,t0_mnv2,4263.141,47.511,97,0
108.590,t0_mnv2,4305.626,50.420,96,0
108.643,t0_mnv2,4345.356,52.469,95,0
108.690,t0_mnv2,4307.421,47.162,95,0
108.742,t0_mnv2,4288.913,51.873,94,0
108.792,t0_mnv2,4337.878,50.098,95,0
108.844,t0_mnv2,4381.308,51.415,94,0
108.892,t0_mnv2,4412.743,47.943,94,0
108.939,t0_mnv2,4374.094,47.564,93,0
108.993,t0_mnv2,4396.296,53.400,95,0
109.043,t0_mnv2,4440.698,50.568,95,0
109.089,t0_mnv2,4472.129,45.902,95,0
109.140,t0_mnv2,4504.663,50.718,95,0
109.191,t0_mnv2,4531.157,50.750,96,0
109.243,t0_mnv2,4550.552,52.112,97,0
109.290,t0_mnv2,4536.447,47.293,96,0
109.338,t0_mnv2,4575.638,47.792,96,0
109.391,t0_mnv2,4553.524,52.711,99,0
109.440,t0_mnv2,4505.958,49.234,99,0
109.486,t0_mnv2,4514.230,46.236,99,0
109.538,t0_mnv2,4538.596,51.714,100,0
109.588,t0_mnv2,4530.432,50.100,99,0
109.639,t0_mnv2,4564.193,50.611,98,0
109.688,t0_mnv2,4604.574,49.013,99,0
109.737,t0_mnv2,4648.567,49.014,99,0
109.791,t0_mnv2,4654.604,53.603,98,0
109.838,t0_mnv2,4699.211,47.771,97,0
109.887,t0_mnv2,4717.527,48.212,96,0
109.936,t0_mnv2,4703.528,49.575,97,0
109.989,t0_mnv2,4701.210,52.284,97,0
110.039,t0_mnv2,4735.089,49.882,98,0
110.086,t0_mnv2,4773.623,47.835,98,0
110.138,t0_mnv2,4789.621,51.064,99,0
110.192,t0_mnv2,4807.693,54.236,98,0
110.238,t0_mnv2,4810.686,46.241,97,0
110.287,t0_mnv2,4769.363,49.244,96,0
110.338,t0_mnv2,4788.900,50.381,96,0
110.388,t0_mnv2,4737.786,50.265,96,0
110.437,t0_mnv2,4677.311,48.595,96,0
110.485,t0_mnv2,4527.594,47.983,97,0
110.535,t0_mnv2,4555.721,50.105,97,0
110.588,t0_mnv2,4551.406,53.013,96,0
110.636,t0_mnv2,4576.706,47.717,95,0
110.686,t0_mnv2,4580.717,49.826,95,0
110.736,t0_mnv2,4601.794,50.129,96,0
110.786,t0_mnv2,4619.878,49.800,98,0
110.835,t0_mnv2,4602.712,49.020,97,0
110.883,t0_mnv2,4590.334,48.059,96,0
110.933,t0_mnv2,4574.392,50.531,97,0
110.986,t0_mnv2,4545.028,53.035,96,0
111.033,t0_mnv2,4553.100,46.786,95,0
111.085,t0_mnv2,4600.708,51.310,96,0
111.138,t0_mnv2,4448.573,53.102,96,0
111.185,t0_mnv2,4422.487,47.436,96,0
111.236,t0_mnv2,4462.849,50.666,96,0
111.284,t0_mnv2,4493.300,48.498,96,0
111.337,t0_mnv2,4372.955,52.498,96,0
111.385,t0_mnv2,4364.580,48.424,95,0
111.433,t0_mnv2,4379.433,47.433,95,0
111.485,t0_mnv2,4379.238,52.452,95,0
111.539,t0_mnv2,4361.598,54.021,95,0
111.586,t0_mnv2,4394.172,46.165,96,0
111.637,t0_mnv2,4368.529,51.785,98,0
111.688,t0_mnv2,4379.885,50.780,99,0
111.740,t0_mnv2,4420.570,52.004,99,0
111.788,t0_mnv2,4448.213,47.160,98,0
111.835,t0_mnv2,4423.524,47.683,97,0
111.888,t0_mnv2,4355.341,52.788,96,0
111.938,t0_mnv2,4395.947,50.260,97,0
111.988,t0_mnv2,4432.475,49.828,98,0
112.040,t0_mnv2,4406.244,51.612,98,0
112.090,t0_mnv2,4447.617,50.344,98,0
112.141,t0_mnv2,4447.498,50.493,97,0
112.189,t0_mnv2,4473.989,47.822,96,0
112.238,t0_mnv2,4466.850,48.853,96,0
112.291,t0_mnv2,4510.176,53.371,99,0
112.339,t0_mnv2,4552.513,48.433,99,0
112.388,t0_mnv2,4577.100,48.561,98,0
112.439,t0_mnv2,4604.490,50.824,100,0
112.491,t0_mnv2,4642.305,52.246,100,0
112.542,t0_mnv2,4660.554,50.436,102,0
112.590,t0_mnv2,4698.898,47.984,104,0
112.640,t0_mnv2,4677.371,50.237,105,0
112.692,t0_mnv2,4718.266,51.692,105,0
112.738,t0_mnv2,4761.768,46.439,105,0
112.788,t0_mnv2,4742.708,49.727,106,0
112.838,t0_mnv2,4764.229,50.383,105,0
112.890,t0_mnv2,4709.318,51.119,104,0
112.939,t0_mnv2,4730.691,49.581,107,0
112.988,t0_mnv2,4752.871,48.862,107,0
113.041,t0_mnv2,4785.767,52.978,108,0
113.091,t0_mnv2,4828.321,49.891,108,0
113.137,t0_mnv2,4850.347,45.903,107,0
113.188,t0_mnv2,4853.469,51.098,107,0
113.238,t0_mnv2,4786.261,50.116,107,0
113.289,t0_mnv2,4816.084,50.388,106,0
113.336,t0_mnv2,4811.998,47.470,106,0
113.386,t0_mnv2,4858.851,49.389,106,0
113.438,t0_mnv2,4783.170,52.898,105,0
113.488,t0_mnv2,4705.041,49.797,105,0
113.535,t0_mnv2,4745.901,46.477,104,0
113.587,t0_mnv2,4703.450,51.869,104,0
113.637,t0_mnv2,4687.623,49.945,104,0
113.686,t0_mnv2,4725.047,49.276,104,0
113.735,t0_mnv2,4744.436,48.842,103,0
113.784,t0_mnv2,4779.765,48.739,105,0
113.838,t0_mnv2,4750.767,53.885,105,0
113.886,t0_mnv2,4751.090,47.843,106,0
113.933,t0_mnv2,4788.772,47.810,105,0
113.987,t0_mnv2,4829.066,53.376,107,0
114.038,t0_mnv2,4826.375,51.579,109,0
114.087,t0_mnv2,4852.156,48.310,109,0
114.136,t0_mnv2,4824.303,49.591,110,0
114.186,t0_mnv2,4842.272,49.314,111,0
114.239,t0_mnv2,4872.687,53.245,111,0
114.285,t0_mnv2,4909.853,45.907,112,0
114.334,t0_mnv2,4949.193,48.653,112,0
114.387,t0_mnv2,4968.261,53.186,112,0
114.436,t0_mnv2,4980.325,49.181,112,0
114.486,t0_mnv2,4990.136,49.444,112,0
114.535,t0_mnv2,5032.004,48.985,113,0
114.585,t0_mnv2,4937.095,50.347,113,0
114.637,t0_mnv2,4951.187,52.204,112,0
114.684,t0_mnv2,4975.124,46.339,111,0
114.734,t0_mnv2,4835.227,49.988,111,0
114.785,t0_mnv2,4852.424,51.662,113,0
114.835,t0_mnv2,4864.020,49.250,114,0
114.885,t0_mnv2,4884.370,50.575,116,0
114.934,t0_mnv2,4914.212,48.785,116,0
114.988,t0_mnv2,4940.723,53.612,118,0
115.036,t0_mnv2,4924.380,48.506,120,0
115.084,t0_mnv2,4959.149,47.120,122,0
115.134,t0_mnv2,4804.733,50.930,123,0
115.186,t0_mnv2,4824.197,51.469,124,0
115.234,t0_mnv2,4826.519,47.953,124,0
115.284,t0_mnv2,4831.334,49.678,127,0
115.335,t0_mnv2,4858.015,51.722,127,0
115.387,t0_mnv2,4896.916,51.517,130,0
115.435,t0_mnv2,4772.375,47.994,130,0
115.483,t0_mnv2,4783.448,48.143,130,0
115.535,t0_mnv2,4832.467,51.273,130,0
115.585,t0_mnv2,4832.155,50.714,130,0
115.633,t0_mnv2,4865.596,47.517,129,0
115.683,t0_mnv2,4903.053,49.731,131,0
115.733,t0_mnv2,4832.751,50.606,132,0
115.787,t0_mnv2,4883.805,53.646,133,0
115.834,t0_mnv2,4785.496,47.026,133,0
115.882,t0_mnv2,4815.072,48.007,134,0
115.935,t0_mnv2,4806.616,52.799,135,0
115.985,t0_mnv2,4812.093,50.187,135,0
116.033,t0_mnv2,4832.826,48.003,135,0
116.082,t0_mnv2,4836.323,49.116,136,0
116.133,t0_mnv2,4825.576,50.597,136,0
116.184,t0_mnv2,4752.781,51.133,135,0
116.231,t0_mnv2,4782.473,46.595,134,0
116.282,t0_mnv2,4743.428,51.046,133,0
116.335,t0_mnv2,4789.648,53.122,135,0
116.382,t0_mnv2,4836.788,47.286,135,0
116.432,t0_mnv2,4816.880,49.094,135,0
116.482,t0_mnv2,4860.651,49.983,134,0
116.532,t0_mnv2,4899.033,50.848,135,0
116.583,t0_mnv2,4905.771,50.581,137,0
116.631,t0_mnv2,4946.683,47.821,137,0
116.682,t0_mnv2,4973.223,51.059,136,0
116.734,t0_mnv2,4816.284,52.094,135,0
116.782,t0_mnv2,4854.178,47.498,136,0
116.832,t0_mnv2,4892.451,50.331,135,0
116.881,t0_mnv2,4900.793,49.407,135,0
116.933,t0_mnv2,4893.694,51.087,134,0
116.982,t0_mnv2,4906.604,49.232,134,0
117.030,t0_mnv2,4807.709,47.759,135,0
117.081,t0_mnv2,4839.714,51.703,134,0
117.133,t0_mnv2,4889.695,51.305,133,0
117.179,t0_mnv2,4917.874,46.612,133,0
117.232,t0_mnv2,4943.731,52.614,133,0
117.282,t0_mnv2,4963.892,49.556,135,0
117.332,t0_mnv2,4928.447,49.796,134,0
117.380,t0_mnv2,4960.387,48.024,134,0
117.428,t0_mnv2,4989.393,48.074,134,0
117.480,t0_mnv2,4998.284,52.669,134,0
117.530,t0_mnv2,5036.302,49.988,133,0
117.577,t0_mnv2,5078.043,46.978,133,0
117.629,t0_mnv2,5114.185,51.609,132,0
117.680,t0_mnv2,5111.456,51.058,131,0
117.730,t0_mnv2,5155.759,50.118,132,0
117.778,t0_mnv2,5201.092,47.376,132,0
117.827,t0_mnv2,5222.465,49.090,132,0
117.881,t0_mnv2,5276.014,54.084,131,0
117.928,t0_mnv2,5264.515,46.522,130,0
117.976,t0_mnv2,5272.879,48.722,131,0
118.029,t0_mnv2,5261.285,52.753,131,0
118.080,t0_mnv2,5299.392,50.442,130,0
118.127,t0_mnv2,5232.552,46.909,131,0
118.177,t0_mnv2,5277.306,50.751,133,0
118.228,t0_mnv2,5324.519,50.153,132,0
118.280,t0_mnv2,5359.957,52.601,132,0
118.327,t0_mnv2,5373.093,47.120,132,0
118.376,t0_mnv2,5368.717,48.301,131,0
118.427,t0_mnv2,5387.482,51.152,130,0
118.476,t0_mnv2,5391.282,48.901,129,0
118.524,t0_mnv2,5354.764,48.226,129,0
118.573,t0_mnv2,5350.741,49.385,129,0
118.624,t0_mnv2,5315.294,50.660,129,0
118.678,t0_mnv2,5339.149,53.674,130,0
118.725,t0_mnv2,5239.579,46.562,129,0
118.774,t0_mnv2,5191.922,49.553,129,0
118.826,t0_mnv2,5237.533,52.298,131,0
118.874,t0_mnv2,5225.671,47.549,130,0
118.924,t0_mnv2,5188.689,49.782,131,0
118.975,t0_mnv2,5211.874,50.781,131,0
119.025,t0_mnv2,5260.589,50.626,130,0
119.076,t0_mnv2,5290.752,50.470,129,0
119.123,t0_mnv2,5264.153,47.396,129,0
119.175,t0_mnv2,5290.690,51.966,128,0
119.227,t0_mnv2,5283.390,51.599,128,0
119.274,t0_mnv2,5328.757,47.287,129,0
119.325,t0_mnv2,5376.324,50.829,129,0
119.374,t0_mnv2,5378.709,49.072,128,0
119.426,t0_mnv2,5403.940,51.972,128,0
119.474,t0_mnv2,5437.432,47.287,128,0
119.522,t0_mnv2,5462.681,48.172,127,0
119.574,t0_mnv2,5486.521,52.373,127,0
119.626,t0_mnv2,5526.153,52.249,128,0
119.672,t0_mnv2,5530.291,45.923,127,0
119.723,t0_mnv2,5570.080,50.750,126,0
119.773,t0_mnv2,5584.801,50.133,128,0
119.823,t0_mnv2,5581.238,50.004,130,0
119.871,t0_mnv2,5620.434,47.817,129,0
119.920,t0_mnv2,5587.595,48.198,128,0
119.973,t0_mnv2,5631.526,53.431,130,0
120.023,t0_mnv2,5610.670,50.415,130,0
120.070,t0_mnv2,5611.978,46.834,129,0
120.124,t0_mnv2,5633.873,53.392,129,0
120.174,t0_mnv2,5652.275,49.775,128,0
120.223,t0_mnv2,5684.596,49.254,128,0
120.272,t0_mnv2,5577.667,48.640,127,0
120.321,t0_mnv2,5580.271,49.815,126,0
120.376,t0_mnv2,5633.256,54.100,126,0
120.423,t0_mnv2,5649.321,47.633,126,0
120.472,t0_mnv2,5661.115,48.257,128,0
120.522,t0_mnv2,5699.244,50.784,127,0
120.575,t0_mnv2,5726.893,52.455,127,0
120.626,t0_mnv2,5776.368,51.527,127,0
120.673,t0_mnv2,5816.964,47.041,127,0
120.724,t0_mnv2,5821.901,50.258,127,0
120.777,t0_mnv2,5838.732,52.990,127,0
120.823,t0_mnv2,5859.407,45.758,126,0
120.872,t0_mnv2,5884.728,49.053,125,0
120.923,t0_mnv2,5931.282,50.991,125,0
120.974,t0_mnv2,5964.654,51.058,125,0
121.023,t0_mnv2,6006.108,49.350,124,0
121.073,t0_mnv2,6034.183,49.525,125,0
121.124,t0_mnv2,6079.718,50.998,125,0
121.174,t0_mnv2,6103.806,50.491,127,0
121.221,t0_mnv2,6125.521,46.751,126,0
121.271,t0_mnv2,6149.916,50.026,126,0
121.322,t0_mnv2,6144.011,51.144,126,0
121.371,t0_mnv2,6189.411,48.869,125,0
121.420,t0_mnv2,6226.026,49.089,125,0
121.469,t0_mnv2,6227.304,48.236,124,0
121.521,t0_mnv2,6266.107,51.906,124,0
121.572,t0_mnv2,6305.741,51.121,124,0
121.618,t0_mnv2,6344.226,46.450,125,0
121.669,t0_mnv2,6343.558,50.325,124,0
121.720,t0_mnv2,6366.432,51.714,124,0
121.767,t0_mnv2,6390.190,47.057,126,0
121.817,t0_mnv2,6436.596,49.976,125,0
121.867,t0_mnv2,6481.733,49.065,126,0
121.919,t0_mnv2,6491.932,52.599,127,0
121.968,t0_mnv2,6529.275,49.217,126,0
122.017,t0_mnv2,6520.929,48.585,125,0
122.071,t0_mnv2,6511.840,53.348,124,0
122.121,t0_mnv2,6486.750,50.370,123,0
122.167,t0_mnv2,6500.851,46.186,122,0
122.218,t0_mnv2,6548.833,50.925,121,0
122.268,t0_mnv2,6556.359,49.927,120,0
122.321,t0_mnv2,6606.950,52.515,119,0
122.368,t0_mnv2,6633.067,47.542,118,0
122.416,t0_mnv2,6677.804,47.833,119,0
122.469,t0_mnv2,6638.446,52.657,119,0
122.519,t0_mnv2,6681.350,50.498,118,0
122.567,t0_mnv2,6691.723,47.910,117,0
122.617,t0_mnv2,6712.376,49.984,116,0
122.668,t0_mnv2,6742.678,50.652,116,0
122.719,t0_mnv2,6739.407,50.929,115,0
122.766,t0_mnv2,6750.594,46.759,117,0
122.814,t0_mnv2,6774.293,48.714,117,0
122.868,t0_mnv2,6785.849,53.559,117,0
122.917,t0_mnv2,6807.719,48.742,117,0
122.966,t0_mnv2,6672.332,49.317,118,0
123.017,t0_mnv2,6711.412,50.936,117,0
123.067,t0_mnv2,6739.706,50.015,117,0
123.118,t0_mnv2,6762.812,51.138,116,0
123.166,t0_mnv2,6775.747,47.736,115,0
123.215,t0_mnv2,6724.221,48.699,116,0
123.270,t0_mnv2,6767.724,55.106,119,0
123.317,t0_mnv2,6782.173,47.305,119,0
123.366,t0_mnv2,6829.499,48.688,120,0
123.417,t0_mnv2,6835.183,50.830,120,0
123.468,t0_mnv2,6864.148,50.723,120,0
123.518,t0_mnv2,6762.621,49.970,120,0
123.565,t0_mnv2,6808.046,47.319,119,0
123.616,t0_mnv2,6766.523,50.787,118,0
123.668,t0_mnv2,6695.292,51.947,117,0
123.714,t0_mnv2,6716.640,45.790,116,0
123.764,t0_mnv2,6762.071,50.117,117,0
123.815,t0_mnv2,6678.677,51.213,116,0
123.865,t0_mnv2,6666.161,49.778,115,0
123.914,t0_mnv2,6676.198,49.406,115,0
123.965,t0_mnv2,6696.881,50.626,115,0
124.017,t0_mnv2,6739.594,51.404,115,0
124.066,t0_mnv2,6719.262,49.432,114,0
124.112,t0_mnv2,6723.032,46.332,113,0
124.163,t0_mnv2,6684.487,50.142,113,0
124.213,t0_mnv2,6637.861,50.699,112,0
124.262,t0_mnv2,6563.955,48.779,112,0
124.313,t0_mnv2,6613.065,50.369,111,0
124.361,t0_mnv2,6587.007,48.506,111,0
124.413,t0_mnv2,6589.846,52.168,111,0
124.463,t0_mnv2,6533.105,49.690,110,0
124.511,t0_mnv2,6544.387,48.060,109,0
124.563,t0_mnv2,6576.107,51.360,110,0
124.614,t0_mnv2,6529.553,50.999,109,0
124.662,t0_mnv2,6538.444,47.999,109,0
124.710,t0_mnv2,6579.919,48.136,109,0
124.759,t0_mnv2,6603.700,49.089,110,0
124.811,t0_mnv2,6636.626,52.302,109,0
124.860,t0_mnv2,6587.841,48.313,108,0
124.908,t0_mnv2,6595.337,48.193,107,0
124.961,t0_mnv2,6470.429,53.281,108,0
125.013,t0_mnv2,6447.774,51.502,107,0
125.060,t0_mnv2,6436.808,47.483,108,0
125.109,t0_mnv2,6469.196,48.637,113,0
125.159,t0_mnv2,6488.376,50.399,113,0
125.211,t0_mnv2,6447.249,51.765,117,0
125.258,t0_mnv2,6482.358,46.565,116,0
125.306,t0_mnv2,6528.648,48.085,115,0
125.359,t0_mnv2,6573.256,52.876,114,0
125.408,t0_mnv2,6530.552,49.671,113,0
125.457,t0_mnv2,6573.548,48.446,113,0
125.507,t0_mnv2,6536.874,50.306,113,0
125.557,t0_mnv2,6451.967,50.116,112,0
125.609,t0_mnv2,6423.443,51.854,112,0
125.656,t0_mnv2,6422.118,46.364,111,0
125.706,t0_mnv2,6434.012,50.035,112,0
125.757,t0_mnv2,6480.444,51.305,111,0
125.805,t0_mnv2,6388.352,48.192,111,0
125.854,t0_mnv2,6392.623,48.715,111,0
125.904,t0_mnv2,6377.731,49.889,111,0
125.959,t0_mnv2,6359.081,54.368,115,0
126.008,t0_mnv2,6382.707,49.373,116,0
126.055,t0_mnv2,6331.667,47.089,115,0
126.107,t0_mnv2,6363.036,51.918,115,0
126.158,t0_mnv2,6412.871,51.051,114,0
126.205,t0_mnv2,6416.555,46.506,115,0
126.256,t0_mnv2,6467.206,51.255,114,0
126.305,t0_mnv2,6499.298,49.309,113,0
126.356,t0_mnv2,6395.024,51.011,113,0
126.405,t0_mnv2,6440.902,48.538,112,0
126.454,t0_mnv2,6481.497,49.427,112,0
126.506,t0_mnv2,6514.983,51.400,112,0
126.557,t0_mnv2,6477.946,51.415,112,0
126.604,t0_mnv2,6429.820,46.432,112,0
126.655,t0_mnv2,6304.148,50.883,113,0
126.705,t0_mnv2,6294.469,49.932,114,0
126.755,t0_mnv2,6328.756,50.127,113,0
126.803,t0_mnv2,6366.218,47.848,114,0
126.851,t0_mnv2,6412.640,48.062,113,0
126.905,t0_mnv2,6337.396,53.775,112,0
126.955,t0_mnv2,6333.232,50.772,114,0
127.002,t0_mnv2,6345.684,46.317,113,0
127.053,t0_mnv2,6366.634,51.600,116,0
127.104,t0_mnv2,6355.596,50.613,116,0
127.154,t0_mnv2,6264.572,49.620,116,0
127.202,t0_mnv2,6266.483,48.098,115,0
127.251,t0_mnv2,6187.808,49.084,115,0
127.305,t0_mnv2,6239.853,54.212,115,0
127.352,t0_mnv2,6234.784,46.750,114,0
127.401,t0_mnv2,6273.753,49.506,116,0
127.455,t0_mnv2,6312.083,53.454,117,0
127.505,t0_mnv2,6334.065,49.900,118,0
127.553,t0_mnv2,6288.943,48.279,119,0
127.602,t0_mnv2,6304.502,48.656,118,0
127.651,t0_mnv2,6274.338,49.357,118,0
127.705,t0_mnv2,6214.856,53.178,118,0
127.751,t0_mnv2,6193.786,45.983,117,0
127.800,t0_mnv2,6218.746,48.995,117,0
127.852,t0_mnv2,6262.531,52.322,119,0
127.903,t0_mnv2,6204.782,50.510,119,0
127.952,t0_mnv2,6223.435,49.105,121,0
127.999,t0_mnv2,6269.915,47.705,120,0
128.050,t0_mnv2,6311.141,50.128,120,0
128.102,t0_mnv2,6261.308,52.760,120,0
128.149,t0_mnv2,6290.431,46.438,119,0
128.199,t0_mnv2,6330.206,49.643,119,0
128.250,t0_mnv2,6371.711,51.749,119,0
128.299,t0_mnv2,5916.626,48.364,120,0
128.350,t0_mnv2,5949.368,50.897,120,0
128.398,t0_mnv2,5962.780,48.645,122,0
128.451,t0_mnv2,5832.141,52.303,123,0
128.499,t0_mnv2,5769.625,48.741,123,0
128.546,t0_mnv2,5812.098,46.843,122,0
128.598,t0_mnv2,5835.279,51.386,122,0
128.649,t0_mnv2,5882.093,51.535,121,0
128.696,t0_mnv2,5863.365,47.081,120,0
128.747,t0_mnv2,5833.664,50.502,120,0
128.797,t0_mnv2,5871.816,50.155,119,0
128.850,t0_mnv2,5887.093,52.898,119,0
128.897,t0_mnv2,5863.297,47.244,118,0
128.945,t0_mnv2,5769.416,47.844,119,0
128.999,t0_mnv2,5811.496,53.232,119,0
129.049,t0_mnv2,5822.297,49.929,119,0
129.095,t0_mnv2,5862.919,46.257,121,0
129.146,t0_mnv2,5902.740,50.692,121,0
129.196,t0_mnv2,5932.201,49.926,120,0
129.247,t0_mnv2,5943.488,51.122,120,0
129.295,t0_mnv2,5967.142,48.680,120,0
129.345,t0_mnv2,5985.913,49.656,119,0
129.396,t0_mnv2,6000.885,51.340,119,0
129.446,t0_mnv2,5996.186,49.133,119,0
129.494,t0_mnv2,6008.660,48.111,118,0
129.543,t0_mnv2,5799.190,49.186,119,0
129.594,t0_mnv2,5838.021,50.626,118,0
129.645,t0_mnv2,5765.027,51.117,117,0
129.693,t0_mnv2,5756.772,48.520,117,0
129.742,t0_mnv2,5730.848,48.644,116,0
129.796,t0_mnv2,5654.558,53.875,116,0
129.845,t0_mnv2,5591.517,49.096,116,0
129.894,t0_mnv2,5575.774,48.378,115,0
129.944,t0_mnv2,5562.542,50.247,117,0
129.996,t0_mnv2,5468.409,52.302,117,0
130.045,t0_mnv2,5498.456,49.096,116,0
130.093,t0_mnv2,5461.036,47.662,116,0
130.143,t0_mnv2,5462.328,50.139,118,0
130.197,t0_mnv2,5453.034,53.388,117,0
130.243,t0_mnv2,5496.557,46.817,117,0
130.294,t0_mnv2,5365.812,50.922,117,0
130.346,t0_mnv2,5414.667,51.628,117,0
130.396,t0_mnv2,5378.998,49.580,117,0
130.444,t0_mnv2,5419.544,48.311,117,0
130.492,t0_mnv2,5427.041,47.801,118,0
130.543,t0_mnv2,5468.078,50.673,117,0
130.593,t0_mnv2,5504.079,50.849,117,0
130.640,t0_mnv2,5546.576,46.375,116,0
130.690,t0_mnv2,5595.591,49.928,116,0
130.742,t0_mnv2,5636.791,52.370,116,0
130.792,t0_mnv2,5681.039,49.628,115,0
130.841,t0_mnv2,5660.160,48.846,114,0
130.890,t0_mnv2,5707.100,49.292,115,0
130.942,t0_mnv2,5756.390,51.626,115,0
130.991,t0_mnv2,5782.869,49.464,114,0
131.038,t0_mnv2,5827.422,46.994,113,0
131.089,t0_mnv2,5663.412,50.553,112,0
131.141,t0_mnv2,5676.959,52.050,111,0
131.188,t0_mnv2,5589.942,47.029,111,0
131.241,t0_mnv2,5568.137,53.310,114,0
131.290,t0_mnv2,5604.888,48.522,114,0
131.343,t0_mnv2,5550.978,52.834,113,0
131.391,t0_mnv2,5542.100,48.177,112,0
131.438,t0_mnv2,5583.797,47.215,113,0
131.490,t0_mnv2,5577.734,51.819,112,0
131.541,t0_mnv2,5626.391,50.270,112,0
131.586,t0_mnv2,5670.383,45.832,111,0
131.638,t0_mnv2,5697.365,51.195,112,0
131.688,t0_mnv2,5743.976,50.231,111,0
131.741,t0_mnv2,5759.504,53.197,111,0
131.788,t0_mnv2,5786.057,46.537,112,0
131.836,t0_mnv2,5753.818,48.569,112,0
131.889,t0_mnv2,5730.036,52.413,112,0
131.938,t0_mnv2,5736.934,49.435,112,0
131.987,t0_mnv2,5667.115,48.377,113,0
132.036,t0_mnv2,5604.689,49.268,112,0
132.086,t0_mnv2,5620.292,50.470,112,0
132.138,t0_mnv2,5586.940,51.678,112,0
132.185,t0_mnv2,5622.551,47.212,113,0
132.236,t0_mnv2,5630.667,50.973,114,0
132.290,t0_mnv2,5680.935,53.216,113,0
132.337,t0_mnv2,5667.277,47.818,113,0
132.386,t0_mnv2,5714.897,48.048,113,0
132.435,t0_mnv2,5647.229,49.645,114,0
132.486,t0_mnv2,5692.142,50.675,114,0
132.536,t0_mnv2,5624.757,49.715,115,0
132.583,t0_mnv2,5658.488,47.481,116,0
132.635,t0_mnv2,5708.145,51.956,116,0
132.688,t0_mnv2,5684.488,52.793,115,0
132.734,t0_mnv2,5724.743,46.349,118,0
132.785,t0_mnv2,5746.736,50.137,118,0
132.835,t0_mnv2,5784.059,50.000,118,0
132.885,t0_mnv2,5784.006,50.516,118,0
132.935,t0_mnv2,5829.353,49.654,117,0
132.983,t0_mnv2,5770.529,48.188,116,0
133.035,t0_mnv2,5750.275,51.553,115,0
133.086,t0_mnv2,5731.694,51.425,115,0
133.133,t0_mnv2,5759.067,46.800,115,0
133.187,t0_mnv2,5797.642,53.443,115,0
133.236,t0_mnv2,5808.260,49.326,114,0
133.286,t0_mnv2,5843.350,49.683,113,0
133.335,t0_mnv2,5857.741,49.485,113,0
133.383,t0_mnv2,5903.065,48.218,113,0
133.435,t0_mnv2,5920.022,51.773,112,0
133.485,t0_mnv2,5936.115,50.140,112,0
133.532,t0_mnv2,5922.807,46.696,114,0
133.584,t0_mnv2,5882.899,52.313,115,0
133.636,t0_mnv2,5864.511,51.453,116,0
133.687,t0_mnv2,5878.906,50.835,115,0
133.736,t0_mnv2,5908.787,48.665,115,0
133.784,t0_mnv2,5953.508,48.520,114,0
133.837,t0_mnv2,5937.689,53.079,114,0
133.884,t0_mnv2,5965.587,47.259,114,0
133.932,t0_mnv2,6002.886,47.546,114,0
133.985,t0_mnv2,6036.704,52.552,115,0
134.035,t0_mnv2,5990.626,50.729,116,0
134.084,t0_mnv2,5994.293,48.112,115,0
134.134,t0_mnv2,5968.110,50.612,115,0
134.183,t0_mnv2,5963.457,48.856,115,0
134.236,t0_mnv2,5976.709,52.770,114,0
134.282,t0_mnv2,6000.578,46.258,113,0
134.330,t0_mnv2,6028.437,47.470,113,0
134.383,t0_mnv2,6008.664,53.270,113,0
134.433,t0_mnv2,6045.568,49.695,115,0
134.480,t0_mnv2,6087.379,47.374,114,0
134.530,t0_mnv2,6119.365,49.739,116,0
134.580,t0_mnv2,6159.358,50.174,117,0
134.633,t0_mnv2,6140.110,53.191,118,0
134.680,t0_mnv2,6083.854,46.016,118,0
134.729,t0_mnv2,5987.207,49.018,117,0
134.781,t0_mnv2,5946.471,52.125,117,0
134.829,t0_mnv2,5916.490,47.970,118,0
134.878,t0_mnv2,5950.554,49.215,117,0
134.928,t0_mnv2,5956.088,49.868,118,0
134.979,t0_mnv2,5966.841,50.958,119,0
135.030,t0_mnv2,5968.111,51.346,118,0
135.078,t0_mnv2,6015.265,47.763,119,0
135.129,t0_mnv2,6064.340,50.897,119,0
135.181,t0_mnv2,6041.270,51.967,119,0
135.228,t0_mnv2,6015.978,46.902,118,0
135.279,t0_mnv2,5999.851,50.596,117,0
135.328,t0_mnv2,5954.214,49.428,118,0
135.380,t0_mnv2,5934.833,51.907,121,0
135.429,t0_mnv2,5925.547,48.708,123,0
135.476,t0_mnv2,5941.705,47.684,122,0
135.528,t0_mnv2,5856.943,51.181,122,0
135.580,t0_mnv2,5811.964,52.360,123,0
135.628,t0_mnv2,5817.779,47.445,124,0
135.678,t0_mnv2,5781.409,50.442,124,0
135.728,t0_mnv2,5810.189,50.331,125,0
135.779,t0_mnv2,5858.701,50.843,128,0
135.826,t0_mnv2,5849.136,47.045,130,0
135.875,t0_mnv2,5795.701,49.034,132,0
135.927,t0_mnv2,5832.241,51.715,131,0
135.979,t0_mnv2,5876.651,52.087,132,0
136.026,t0_mnv2,5910.208,46.422,133,0
136.078,t0_mnv2,5853.018,52.421,132,0
136.130,t0_mnv2,5880.101,51.502,131,0
136.180,t0_mnv2,5854.072,49.824,132,0
136.228,t0_mnv2,5869.457,47.968,131,0
136.277,t0_mnv2,5836.750,48.842,132,0
136.329,t0_mnv2,5881.882,52.422,133,0
136.378,t0_mnv2,5893.752,48.590,136,0
136.424,t0_mnv2,5863.529,46.612,137,0
136.476,t0_mnv2,5793.600,51.489,137,0
136.526,t0_mnv2,5817.093,50.474,136,0
136.576,t0_mnv2,5710.586,49.276,135,0
136.625,t0_mnv2,5735.730,49.333,136,0
136.674,t0_mnv2,5755.104,48.826,136,0
136.728,t0_mnv2,5554.891,53.659,135,0
136.774,t0_mnv2,5579.625,46.800,136,0
136.823,t0_mnv2,5626.032,48.169,136,0
136.874,t0_mnv2,5664.507,50.903,137,0
136.924,t0_mnv2,5707.738,50.072,139,0
136.973,t0_mnv2,5726.363,49.145,138,0
137.023,t0_mnv2,5616.440,49.934,139,0
137.074,t0_mnv2,5640.815,51.237,140,0
137.127,t0_mnv2,5611.632,52.493,139,0
137.173,t0_mnv2,5565.379,46.298,140,0
137.223,t0_mnv2,5604.431,50.255,140,0
137.274,t0_mnv2,5564.273,50.773,140,0
137.323,t0_mnv2,5578.063,49.133,139,0
137.372,t0_mnv2,5610.940,49.005,138,0
137.421,t0_mnv2,5616.872,48.454,137,0
137.472,t0_mnv2,5634.687,50.592,136,0
137.525,t0_mnv2,5609.981,53.012,137,0
137.573,t0_mnv2,5623.328,48.004,138,0
137.623,t0_mnv2,5672.872,50.291,137,0
137.674,t0_mnv2,5634.984,50.907,136,0
137.722,t0_mnv2,5630.047,48.085,136,0
137.771,t0_mnv2,5597.569,49.245,135,0
137.820,t0_mnv2,5642.078,48.648,134,0
137.872,t0_mnv2,5684.825,51.846,135,0
137.921,t0_mnv2,5711.411,49.322,135,0
137.969,t0_mnv2,5654.956,47.679,134,0
138.021,t0_mnv2,5644.250,51.821,134,0
138.074,t0_mnv2,5682.800,53.341,134,0
138.121,t0_mnv2,5720.572,46.506,134,0
138.172,t0_mnv2,5694.237,50.842,134,0
138.222,t0_mnv2,5719.068,49.858,133,0
138.273,t0_mnv2,5762.886,51.827,134,0
138.321,t0_mnv2,5773.642,47.958,133,0
138.369,t0_mnv2,5792.439,47.802,134,0
138.420,t0_mnv2,5788.006,51.072,134,0
138.472,t0_mnv2,5780.183,52.053,135,0
138.519,t0_mnv2,5813.087,46.335,134,0
138.571,t0_mnv2,5859.953,51.816,134,0
138.620,t0_mnv2,5906.183,49.585,134,0
138.672,t0_mnv2,5925.363,51.345,133,0
138.719,t0_mnv2,5927.047,47.497,133,0
138.767,t0_mnv2,5907.255,47.930,132,0
138.819,t0_mnv2,5767.959,52.139,131,0
138.869,t0_mnv2,5741.723,49.460,131,0
138.915,t0_mnv2,5736.847,46.479,131,0
138.968,t0_mnv2,5677.078,52.701,132,0
139.020,t0_mnv2,5655.721,52.284,134,0
139.071,t0_mnv2,5614.270,50.426,134,0
139.119,t0_mnv2,5631.284,47.766,133,0
139.168,t0_mnv2,5655.359,49.185,133,0
139.221,t0_mnv2,5700.232,53.031,133,0
139.269,t0_mnv2,5734.251,48.228,134,0
139.316,t0_mnv2,5769.243,46.844,133,0
139.369,t0_mnv2,5783.325,52.466,132,0
139.420,t0_mnv2,5803.880,51.478,133,0
139.469,t0_mnv2,5758.543,48.894,134,0
139.519,t0_mnv2,5714.610,49.553,133,0
139.568,t0_mnv2,5695.171,49.586,135,0
139.622,t0_mnv2,5695.973,53.236,135,0
139.668,t0_mnv2,5719.617,46.633,136,0
139.717,t0_mnv2,5743.674,48.891,136,0
139.767,t0_mnv2,5775.124,50.264,136,0
139.818,t0_mnv2,5794.342,50.409,138,0
139.866,t0_mnv2,5761.652,48.117,138,0
139.914,t0_mnv2,5735.280,47.890,138,0
139.968,t0_mnv2,5650.502,54.143,138,0
140.020,t0_mnv2,5681.179,51.622,138,0
140.066,t0_mnv2,5682.722,46.480,137,0
140.117,t0_mnv2,5721.742,50.350,137,0
140.167,t0_mnv2,5758.115,50.153,136,0
140.216,t0_mnv2,5703.995,48.849,136,0
140.265,t0_mnv2,5746.927,49.204,135,0
140.314,t0_mnv2,5791.323,48.635,134,0
140.365,t0_mnv2,5832.993,50.865,134,0
140.417,t0_mnv2,5841.871,52.085,134,0
140.465,t0_mnv2,5882.357,48.228,134,0
140.515,t0_mnv2,5910.413,49.663,134,0
140.567,t0_mnv2,5930.264,52.066,134,0
140.615,t0_mnv2,5876.697,48.020,135,0
140.664,t0_mnv2,5854.701,49.047,135,0
140.713,t0_mnv2,5894.144,49.480,135,0
140.767,t0_mnv2,5878.111,53.017,136,0
140.814,t0_mnv2,5920.966,47.656,136,0
140.861,t0_mnv2,5907.092,47.187,135,0
140.915,t0_mnv2,5943.344,53.258,135,0
140.968,t0_mnv2,5906.978,53.294,134,0
141.015,t0_mnv2,5936.975,46.651,133,0
141.064,t0_mnv2,5979.339,49.362,133,0
141.115,t0_mnv2,5980.552,50.483,133,0
141.167,t0_mnv2,5875.601,51.919,132,0
141.212,t0_mnv2,5896.423,45.773,133,0
141.260,t0_mnv2,5932.040,47.961,133,0
141.313,t0_mnv2,5974.522,52.955,134,0
141.363,t0_mnv2,5994.192,49.724,135,0
141.412,t0_mnv2,6038.021,48.273,137,0
141.463,t0_mnv2,6081.372,51.431,136,0
141.512,t0_mnv2,6111.748,49.423,137,0
141.564,t0_mnv2,6142.658,51.418,136,0
141.611,t0_mnv2,6134.124,46.972,135,0
141.660,t0_mnv2,6125.076,49.023,134,0
141.712,t0_mnv2,6157.045,51.901,135,0
141.760,t0_mnv2,6163.716,48.468,136,0
141.810,t0_mnv2,6204.122,49.892,136,0
141.860,t0_mnv2,6197.675,49.304,136,0
141.911,t0_mnv2,6211.348,51.505,138,0
141.964,t0_mnv2,6246.219,52.886,137,0
142.011,t0_mnv2,6276.889,46.520,137,0
142.063,t0_mnv2,6321.584,51.783,136,0
142.114,t0_mnv2,6358.105,51.596,135,0
142.161,t0_mnv2,6388.269,46.371,134,0
142.212,t0_mnv2,6429.295,51.008,134,0
142.261,t0_mnv2,6475.837,49.095,133,0
142.314,t0_mnv2,6516.513,53.132,132,0
142.362,t0_mnv2,6529.233,47.721,131,0
142.411,t0_mnv2,6558.680,49.006,130,0
142.462,t0_mnv2,6587.702,50.955,130,0
142.513,t0_mnv2,6548.586,51.018,130,0
142.559,t0_mnv2,6587.524,46.152,129,0
142.610,t0_mnv2,6604.959,50.821,129,0
142.659,t0_mnv2,6642.859,49.509,130,0
142.710,t0_mnv2,6570.394,50.621,131,0
142.758,t0_mnv2,6581.918,47.588,130,0
142.806,t0_mnv2,6549.345,48.274,129,0
142.860,t0_mnv2,6586.456,54.067,128,0
142.910,t0_mnv2,6630.941,50.127,127,0
142.957,t0_mnv2,6667.758,46.359,126,0
143.008,t0_mnv2,6672.904,51.704,126,0
143.058,t0_mnv2,6720.124,50.121,125,0
143.109,t0_mnv2,6768.365,50.116,126,0
143.157,t0_mnv2,6807.669,48.121,126,0
143.205,t0_mnv2,6826.558,48.433,128,0
143.260,t0_mnv2,6870.561,54.546,127,0
143.307,t0_mnv2,6832.613,47.065,126,0
143.355,t0_mnv2,6741.278,48.442,126,0
143.409,t0_mnv2,6784.407,53.687,125,0
143.459,t0_mnv2,6821.437,49.848,124,0
143.508,t0_mnv2,6775.979,48.536,125,0
143.556,t0_mnv2,6818.812,48.519,124,0
143.606,t0_mnv2,6798.662,49.347,124,0
143.659,t0_mnv2,6797.905,53.117,123,0
143.705,t0_mnv2,6832.718,46.539,123,0
143.754,t0_mnv2,6842.640,48.474,123,0
143.806,t0_mnv2,6890.504,52.050,122,0
143.857,t0_mnv2,6938.256,50.878,122,0
143.904,t0_mnv2,6917.014,47.231,121,0
143.955,t0_mnv2,6960.068,50.596,120,0
144.005,t0_mnv2,6941.105,50.029,119,0
144.059,t0_mnv2,6992.848,54.226,119,0
144.105,t0_mnv2,6964.373,46.201,119,0
144.155,t0_mnv2,6985.669,49.426,119,0
144.206,t0_mnv2,7032.479,51.060,118,0
144.255,t0_mnv2,7005.386,49.478,120,0
144.305,t0_mnv2,6822.062,49.362,120,0
144.355,t0_mnv2,6838.867,50.160,119,0
144.407,t0_mnv2,6878.329,52.130,120,0
144.456,t0_mnv2,6905.052,48.557,120,0
144.502,t0_mnv2,6795.120,46.589,119,0
144.553,t0_mnv2,6729.923,50.683,122,0
144.605,t0_mnv2,6755.022,51.768,121,0
144.652,t0_mnv2,6776.266,47.149,122,0
144.703,t0_mnv2,6719.550,50.376,121,0
144.753,t0_mnv2,6713.656,49.925,120,0
144.805,t0_mnv2,6701.931,52.927,119,0
144.854,t0_mnv2,6700.308,48.595,118,0
144.902,t0_mnv2,6656.775,47.558,117,0
144.954,t0_mnv2,6695.277,52.448,120,0
145.005,t0_mnv2,6675.884,50.405,119,0
145.052,t0_mnv2,6706.739,46.853,118,0
145.101,t0_mnv2,6707.446,48.944,118,0
145.151,t0_mnv2,6703.200,50.019,117,0
145.203,t0_mnv2,6731.124,52.702,116,0
145.250,t0_mnv2,6728.493,46.652,117,0
145.300,t0_mnv2,6685.512,49.890,117,0
145.353,t0_mnv2,6640.608,52.596,116,0
145.402,t0_mnv2,6543.786,48.861,117,0
145.450,t0_mnv2,6572.884,48.516,118,0
145.499,t0_mnv2,6565.045,49.201,120,0
145.550,t0_mnv2,6604.631,50.143,119,0
145.601,t0_mnv2,6623.374,51.734,118,0
145.648,t0_mnv2,6663.083,47.083,119,0
145.698,t0_mnv2,6712.763,49.818,119,0
145.750,t0_mnv2,6698.275,51.517,119,0
145.800,t0_mnv2,6679.455,49.881,121,0
145.849,t0_mnv2,6659.895,49.594,125,0
145.899,t0_mnv2,6659.816,49.094,124,0
145.950,t0_mnv2,6709.878,51.366,123,0
146.000,t0_mnv2,6626.444,50.463,123,0
146.048,t0_mnv2,6660.661,47.469,123,0
146.099,t0_mnv2,6666.744,51.044,124,0
146.151,t0_mnv2,6687.796,51.713,126,0
146.198,t0_mnv2,6656.007,47.596,125,0
146.249,t0_mnv2,6702.997,50.069,125,0
146.300,t0_mnv2,6745.140,51.370,125,0
146.351,t0_mnv2,6771.078,51.176,125,0
146.399,t0_mnv2,6772.319,48.209,125,0
146.447,t0_mnv2,6790.481,47.862,124,0
146.498,t0_mnv2,6793.141,50.586,123,0
146.550,t0_mnv2,6823.403,51.922,122,0
146.596,t0_mnv2,6822.835,45.819,121,0
146.646,t0_mnv2,6840.998,49.891,121,0
146.696,t0_mnv2,6886.057,50.163,120,0
146.748,t0_mnv2,6929.135,52.062,120,0
146.796,t0_mnv2,6893.907,48.310,120,0
146.844,t0_mnv2,6914.554,48.071,119,0
146.896,t0_mnv2,6908.491,51.597,119,0
146.946,t0_mnv2,6860.904,49.714,118,0
146.992,t0_mnv2,6802.920,46.343,117,0
147.044,t0_mnv2,6716.624,51.665,118,0
147.094,t0_mnv2,6708.882,49.936,118,0
147.144,t0_mnv2,6687.932,50.119,119,0
147.192,t0_mnv2,6697.957,48.347,122,0
147.242,t0_mnv2,6714.870,49.772,123,0
147.296,t0_mnv2,6726.796,53.735,123,0
147.344,t0_mnv2,6731.979,48.126,122,0
147.392,t0_mnv2,6758.173,47.442,124,0
147.441,t0_mnv2,6732.556,49.847,124,0
147.491,t0_mnv2,6755.101,49.863,123,0
147.541,t0_mnv2,6779.657,49.975,124,0
147.590,t0_mnv2,6779.350,48.619,123,0
147.639,t0_mnv2,6743.468,49.271,126,0
147.694,t0_mnv2,6668.787,54.949,129,0
147.742,t0_mnv2,6651.745,47.359,128,0
147.791,t0_mnv2,6623.648,49.406,127,0
147.841,t0_mnv2,6633.849,50.146,126,0
147.892,t0_mnv2,6657.895,50.459,126,0
147.941,t0_mnv2,6661.153,49.418,125,0
147.990,t0_mnv2,6698.974,48.695,126,0
148.039,t0_mnv2,6712.867,48.819,125,0
148.093,t0_mnv2,6744.952,53.868,126,0
148.139,t0_mnv2,6764.965,45.855,127,0
148.189,t0_mnv2,6799.233,49.800,127,0
148.241,t0_mnv2,6834.743,52.867,128,0
148.291,t0_mnv2,6816.732,49.392,128,0
148.340,t0_mnv2,6834.427,49.527,128,0
148.390,t0_mnv2,6726.967,49.195,129,0
148.440,t0_mnv2,6752.928,50.749,129,0
148.491,t0_mnv2,6762.367,50.304,128,0
148.538,t0_mnv2,6778.844,46.793,129,0
148.587,t0_mnv2,6792.269,49.761,128,0
148.639,t0_mnv2,6811.255,51.818,130,0
148.689,t0_mnv2,6797.031,49.683,129,0
148.740,t0_mnv2,6845.427,50.864,130,0
148.788,t0_mnv2,6879.991,48.136,130,0
148.840,t0_mnv2,6849.160,51.780,130,0
148.890,t0_mnv2,6713.894,49.868,132,0
148.936,t0_mnv2,6504.976,46.345,133,0
148.988,t0_mnv2,6488.478,51.669,133,0
149.039,t0_mnv2,6466.090,50.779,134,0
149.087,t0_mnv2,6471.708,48.445,133,0
149.135,t0_mnv2,6502.622,48.033,132,0
149.186,t0_mnv2,6512.539,50.373,131,0
149.239,t0_mnv2,6559.539,52.896,130,0
149.287,t0_mnv2,6330.118,48.202,130,0
149.334,t0_mnv2,6274.449,47.178,130,0
149.387,t0_mnv2,6316.969,53.040,130,0
149.437,t0_mnv2,6297.294,50.201,131,0
149.485,t0_mnv2,6308.589,47.368,130,0
149.534,t0_mnv2,6338.330,49.012,129,0
149.583,t0_mnv2,6385.728,49.360,129,0
149.637,t0_mnv2,6308.939,53.396,130,0
149.683,t0_mnv2,6214.226,46.629,129,0
149.732,t0_mnv2,6237.711,49.068,129,0
149.785,t0_mnv2,6222.031,52.430,129,0
149.834,t0_mnv2,6169.621,49.542,128,0
149.882,t0_mnv2,6130.162,47.891,129,0
149.931,t0_mnv2,6123.448,48.652,128,0
149.981,t0_mnv2,5961.221,50.317,127,0
150.034,t0_mnv2,5943.530,52.782,127,0
150.080,t0_mnv2,5959.666,46.092,126,0
150.130,t0_mnv2,5893.885,49.172,126,0
150.183,t0_mnv2,5937.531,53.589,126,0
150.232,t0_mnv2,5978.996,48.445,125,0
150.280,t0_mnv2,5990.390,48.466,125,0
150.331,t0_mnv2,5958.405,50.967,124,0
150.381,t0_mnv2,5974.999,49.847,125,0
150.432,t0_mnv2,6025.036,51.265,127,0
150.479,t0_mnv2,5969.209,46.855,128,0
150.529,t0_mnv2,6005.589,49.809,128,0
150.581,t0_mnv2,6051.158,51.863,127,0
150.629,t0_mnv2,6095.099,48.058,129,0
150.680,t0_mnv2,6069.157,50.793,128,0
150.729,t0_mnv2,6098.390,48.994,127,0
150.780,t0_mnv2,5875.402,51.293,126,0
150.831,t0_mnv2,5922.468,50.339,128,0
150.877,t0_mnv2,5946.169,46.614,127,0
150.928,t0_mnv2,5985.830,50.840,127,0
150.981,t0_mnv2,5881.661,52.476,130,0
151.027,t0_mnv2,5815.541,46.451,130,0
151.078,t0_mnv2,5839.201,50.379,133,0
151.129,t0_mnv2,5838.041,51.015,134,0
151.181,t0_mnv2,5823.383,52.644,136,0
151.228,t0_mnv2,5852.931,46.843,135,0
151.276,t0_mnv2,5868.433,47.946,135,0
151.328,t0_mnv2,5881.828,52.035,135,0
151.380,t0_mnv2,5901.297,51.125,137,0
151.425,t0_mnv2,5934.234,45.846,138,0
151.476,t0_mnv2,5981.250,50.485,137,0
151.526,t0_mnv2,5912.706,49.856,136,0
151.577,t0_mnv2,5937.337,51.048,135,0
151.626,t0_mnv2,5961.123,49.228,137,0
151.674,t0_mnv2,5951.570,47.560,137,0
151.727,t0_mnv2,5969.491,53.348,136,0
151.776,t0_mnv2,5997.403,48.838,136,0
151.823,t0_mnv2,6029.357,47.026,135,0
151.875,t0_mnv2,6068.668,51.805,136,0
151.925,t0_mnv2,6114.142,50.050,137,0
151.976,t0_mnv2,6151.487,51.066,138,0
152.025,t0_mnv2,6194.667,48.792,137,0
152.074,t0_mnv2,6240.652,49.000,136,0
152.128,t0_mnv2,6140.388,54.147,135,0
152.175,t0_mnv2,6127.709,46.693,136,0
152.223,t0_mnv2,6158.860,48.353,135,0
152.274,t0_mnv2,6203.710,50.146,135,0
152.324,t0_mnv2,6215.475,50.637,134,0
152.373,t0_mnv2,6247.864,48.705,134,0
152.421,t0_mnv2,6293.083,48.347,133,0
152.471,t0_mnv2,6249.983,49.353,132,0
152.524,t0_mnv2,6227.487,52.783,132,0
152.571,t0_mnv2,6249.008,47.353,133,0
152.621,t0_mnv2,6225.676,50.453,132,0
152.672,t0_mnv2,6030.654,50.681,131,0
152.723,t0_mnv2,6016.261,50.696,131,0
152.770,t0_mnv2,6020.098,47.064,131,0
152.819,t0_mnv2,5942.126,48.962,130,0
152.869,t0_mnv2,5844.914,49.534,131,0
152.921,t0_mnv2,5884.378,52.565,131,0
152.968,t0_mnv2,5913.587,46.941,130,0
153.017,t0_mnv2,5887.618,49.167,130,0
153.069,t0_mnv2,5937.380,51.848,130,0
153.120,t0_mnv2,5975.182,50.328,129,0
153.168,t0_mnv2,6022.035,48.510,128,0
153.217,t0_mnv2,6069.610,48.630,129,0
153.267,t0_mnv2,6078.771,49.794,130,0
153.319,t0_mnv2,6114.436,52.001,131,0
153.366,t0_mnv2,6148.914,46.896,132,0
153.416,t0_mnv2,6152.913,50.522,131,0
153.467,t0_mnv2,6109.260,51.076,132,0
153.516,t0_mnv2,6129.547,49.055,132,0
153.567,t0_mnv2,6177.797,50.310,133,0
153.615,t0_mnv2,6185.773,48.276,132,0
153.667,t0_mnv2,6164.143,51.770,134,0
153.716,t0_mnv2,6193.774,49.297,134,0
153.763,t0_mnv2,6171.782,46.697,133,0
153.814,t0_mnv2,6222.390,50.981,132,0
153.866,t0_mnv2,6252.622,52.230,131,0
153.913,t0_mnv2,6274.354,46.912,130,0
153.965,t0_mnv2,6309.045,51.678,131,0
154.016,t0_mnv2,6351.059,50.991,130,0
154.067,t0_mnv2,6390.637,51.575,130,0
154.115,t0_mnv2,6433.058,47.050,129,0
154.163,t0_mnv2,6310.399,48.193,129,0
154.214,t0_mnv2,6267.286,50.755,129,0
154.265,t0_mnv2,6289.870,51.637,128,0
154.312,t0_mnv2,6235.976,46.349,129,0
154.363,t0_mnv2,6284.005,51.303,130,0
154.413,t0_mnv2,6287.761,49.904,130,0
154.465,t0_mnv2,6335.698,51.760,130,0
154.514,t0_mnv2,6337.694,49.545,129,0
154.562,t0_mnv2,6362.939,48.159,130,0
154.615,t0_mnv2,6384.525,52.377,132,0
154.665,t0_mnv2,6379.881,49.792,131,0
154.712,t0_mnv2,6377.792,46.910,132,0
154.761,t0_mnv2,6418.569,49.204,134,0
154.811,t0_mnv2,6443.137,49.824,133,0
154.862,t0_mnv2,6428.588,50.740,133,0
154.910,t0_mnv2,6406.266,48.008,132,0
154.961,t0_mnv2,6444.527,51.029,132,0
155.014,t0_mnv2,6403.580,53.670,132,0
155.062,t0_mnv2,6444.324,47.823,131,0
155.111,t0_mnv2,6492.049,48.699,131,0
155.160,t0_mnv2,6430.610,49.068,130,0
155.210,t0_mnv2,6474.233,50.352,131,0
155.261,t0_mnv2,6483.005,50.626,133,0
155.308,t0_mnv2,6507.393,47.336,133,0
155.357,t0_mnv2,6514.306,48.923,132,0
155.412,t0_mnv2,6545.455,54.567,132,0
155.460,t0_mnv2,6577.608,48.102,133,0
155.509,t0_mnv2,6608.446,48.469,134,0
155.559,t0_mnv2,6629.858,50.524,134,0
155.611,t0_mnv2,6632.285,51.216,136,0
155.659,t0_mnv2,6637.894,47.934,136,0
155.707,t0_mnv2,6682.602,48.274,140,0
155.758,t0_mnv2,6496.249,51.060,140,0
155.810,t0_mnv2,6507.059,51.653,140,0
155.855,t0_mnv2,6495.733,45.633,139,0
155.906,t0_mnv2,6516.462,50.351,140,0
155.960,t0_mnv2,6527.154,54.173,139,0
156.009,t0_mnv2,6442.940,49.460,138,0
156.059,t0_mnv2,6462.375,49.400,137,0
156.107,t0_mnv2,6499.585,48.122,138,0
156.157,t0_mnv2,6425.379,50.238,137,0
156.208,t0_mnv2,6426.050,50.336,137,0
156.255,t0_mnv2,6410.474,46.857,136,0
156.305,t0_mnv2,6458.660,50.719,137,0
156.356,t0_mnv2,6363.731,50.978,138,0
156.408,t0_mnv2,6306.316,51.959,137,0
156.456,t0_mnv2,6323.955,47.462,136,0
156.505,t0_mnv2,6231.939,48.741,136,0
156.556,t0_mnv2,6218.977,51.527,137,0
156.605,t0_mnv2,6250.970,49.074,137,0
156.652,t0_mnv2,6251.274,46.743,139,0
156.703,t0_mnv2,6299.625,51.012,138,0
156.754,t0_mnv2,6346.097,50.582,138,0
156.803,t0_mnv2,6360.333,48.766,139,0
156.851,t0_mnv2,6387.881,48.364,140,0
156.901,t0_mnv2,6418.202,50.237,140,0
156.955,t0_mnv2,6361.509,54.053,139,0
157.004,t0_mnv2,6385.230,48.321,139,0
157.050,t0_mnv2,6430.389,46.582,138,0
157.103,t0_mnv2,6322.392,52.825,137,0
157.153,t0_mnv2,6358.778,50.118,138,0
157.201,t0_mnv2,6405.489,47.542,137,0
157.251,t0_mnv2,6334.385,49.746,137,0
157.300,t0_mnv2,6363.508,49.660,136,0
157.354,t0_mnv2,6388.408,54.046,137,0
157.400,t0_mnv2,6432.202,45.821,137,0
157.449,t0_mnv2,6477.027,48.719,136,0
157.501,t0_mnv2,6506.738,51.658,136,0
157.549,t0_mnv2,6513.144,48.667,135,0
157.598,t0_mnv2,6554.312,48.422,134,0
157.648,t0_mnv2,6590.259,49.683,135,0
157.697,t0_mnv2,6624.558,49.470,136,0
157.750,t0_mnv2,6647.993,52.587,136,0
157.797,t0_mnv2,6689.906,47.305,136,0
157.848,t0_mnv2,6709.420,50.866,137,0
157.899,t0_mnv2,6758.428,50.496,137,0
157.948,t0_mnv2,6805.882,49.058,136,0
157.998,t0_mnv2,6758.994,50.494,139,0
158.047,t0_mnv2,6737.611,48.549,139,0
158.098,t0_mnv2,6760.300,51.029,138,0
158.148,t0_mnv2,6789.149,49.809,138,0
158.195,t0_mnv2,6828.316,46.757,137,0
158.245,t0_mnv2,6862.900,49.977,136,0
158.298,t0_mnv2,6908.803,53.192,136,0
158.346,t0_mnv2,6758.922,48.164,136,0
158.395,t0_mnv2,6782.683,49.116,135,0
158.445,t0_mnv2,6828.872,49.742,134,0
158.497,t0_mnv2,6833.386,51.994,134,0
158.545,t0_mnv2,6813.445,47.813,133,0
158.593,t0_mnv2,6765.526,48.057,133,0
158.645,t0_mnv2,6801.970,51.640,132,0
158.697,t0_mnv2,6794.389,52.921,131,0
158.744,t0_mnv2,6832.772,46.859,131,0
158.796,t0_mnv2,6863.159,51.971,130,0
158.847,t0_mnv2,6908.464,50.396,130,0
158.898,t0_mnv2,6757.650,51.278,129,0
158.945,t0_mnv2,6792.665,47.164,129,0
158.994,t0_mnv2,6729.352,48.187,128,0
159.045,t0_mnv2,6720.032,51.939,127,0
159.095,t0_mnv2,6582.082,49.645,126,0
159.142,t0_mnv2,6599.461,47.289,125,0
159.193,t0_mnv2,6644.746,50.217,126,0
159.244,t0_mnv2,6563.554,51.692,125,0
159.296,t0_mnv2,6552.941,51.238,126,0
159.343,t0_mnv2,6509.559,46.836,125,0
159.392,t0_mnv2,6557.415,49.385,125,0
159.444,t0_mnv2,6535.162,52.315,124,0
159.493,t0_mnv2,6520.903,48.402,125,0
159.541,t0_mnv2,6517.797,48.370,125,0
159.591,t0_mnv2,6419.082,49.335,124,0
159.641,t0_mnv2,6426.404,50.741,123,0
159.691,t0_mnv2,6437.423,50.055,124,0
159.740,t0_mnv2,6483.540,48.447,123,0
159.790,t0_mnv2,6522.578,49.846,123,0
159.842,t0_mnv2,6538.072,52.366,123,0
159.890,t0_mnv2,6551.334,47.427,123,0
159.939,t0_mnv2,6598.132,48.728,123,0
159.991,t0_mnv2,6566.353,51.953,124,0
160.041,t0_mnv2,6595.714,50.361,125,0
160.091,t0_mnv2,6588.268,49.676,125,0
160.139,t0_mnv2,6614.596,48.399,125,0
160.190,t0_mnv2,6644.427,51.323,126,0
160.242,t0_mnv2,6602.509,51.783,125,0
160.288,t0_mnv2,6628.256,45.367,125,0
160.338,t0_mnv2,6673.674,50.168,124,0
160.388,t0_mnv2,6692.391,50.360,125,0
160.438,t0_mnv2,6509.086,49.908,124,0
160.487,t0_mnv2,6542.143,48.748,123,0
160.536,t0_mnv2,6498.226,48.684,122,0
160.587,t0_mnv2,6471.167,50.849,121,0
160.638,t0_mnv2,6453.574,51.039,120,0
160.685,t0_mnv2,6413.567,47.094,120,0
160.737,t0_mnv2,6454.332,51.872,120,0
160.787,t0_mnv2,6452.873,49.708,120,0
160.837,t0_mnv2,6476.421,50.021,119,0
160.885,t0_mnv2,6521.046,48.012,119,0
160.933,t0_mnv2,6477.106,48.526,118,0
160.987,t0_mnv2,6460.650,53.469,122,0
161.036,t0_mnv2,6485.983,49.729,122,0
161.083,t0_mnv2,6519.651,46.729,123,0
161.135,t0_mnv2,6553.434,51.418,123,0
161.186,t0_mnv2,6593.578,51.757,122,0
161.236,t0_mnv2,6561.367,49.237,121,0
161.284,t0_mnv2,6595.903,47.971,122,0
161.333,t0_mnv2,6600.487,49.141,122,0
161.387,t0_mnv2,6643.185,53.662,123,0
161.434,t0_mnv2,6680.718,47.225,124,0
161.481,t0_mnv2,6632.261,47.179,124,0
161.534,t0_mnv2,6582.427,52.597,125,0
161.584,t0_mnv2,6594.789,50.507,124,0
161.633,t0_mnv2,6569.320,48.286,123,0
161.682,t0_mnv2,6480.654,49.779,124,0
161.733,t0_mnv2,6528.131,50.324,126,0
161.786,t0_mnv2,6572.757,53.150,127,0
161.832,t0_mnv2,6589.091,45.865,127,0
161.881,t0_mnv2,6632.236,48.871,126,0
161.931,t0_mnv2,6663.692,50.341,125,0
161.983,t0_mnv2,6599.547,51.533,125,0
162.031,t0_mnv2,6580.035,48.098,124,0
162.081,t0_mnv2,6627.295,50.113,123,0
162.131,t0_mnv2,6656.098,49.771,122,0
162.185,t0_mnv2,6698.906,54.341,124,0
162.231,t0_mnv2,6684.466,46.196,124,0
162.281,t0_mnv2,6719.785,49.138,124,0
162.332,t0_mnv2,6748.601,51.176,123,0
162.380,t0_mnv2,6782.706,48.444,123,0
162.429,t0_mnv2,6797.420,49.098,123,0
162.478,t0_mnv2,6811.548,48.815,122,0
162.529,t0_mnv2,6859.022,50.984,121,0
162.580,t0_mnv2,6909.492,50.785,121,0
162.628,t0_mnv2,6926.593,47.763,120,0
162.679,t0_mnv2,6974.128,50.581,120,0
162.731,t0_mnv2,7020.927,52.334,119,0
162.778,t0_mnv2,6995.682,46.888,119,0
162.827,t0_mnv2,6971.434,49.406,119,0
162.877,t0_mnv2,7011.931,49.207,120,0
162.929,t0_mnv2,6861.651,52.513,121,0
162.979,t0_mnv2,6910.182,49.448,120,0
163.026,t0_mnv2,6861.804,47.466,122,0
163.078,t0_mnv2,6810.063,51.664,122,0
163.131,t0_mnv2,6847.555,53.376,122,0
163.177,t0_mnv2,6870.276,45.974,122,0
163.228,t0_mnv2,6916.793,50.702,122,0
163.278,t0_mnv2,6796.215,50.391,121,0
163.330,t0_mnv2,6778.718,51.273,122,0
163.377,t0_mnv2,6823.348,47.292,123,0
163.425,t0_mnv2,6826.536,47.680,124,0
163.476,t0_mnv2,6852.357,51.684,124,0
163.527,t0_mnv2,6900.060,50.940,123,0
163.575,t0_mnv2,6943.824,47.438,122,0
163.628,t0_mnv2,6886.933,53.201,123,0
163.678,t0_mnv2,6922.130,49.307,122,0
163.728,t0_mnv2,6935.259,50.622,123,0
163.776,t0_mnv2,6950.995,48.239,122,0
163.824,t0_mnv2,6997.043,47.962,122,0
163.877,t0_mnv2,7019.749,52.622,123,0
163.925,t0_mnv2,6956.265,48.271,124,0
163.975,t0_mnv2,6842.373,49.143,124,0
164.024,t0_mnv2,6877.643,49.839,126,0
164.077,t0_mnv2,6829.610,52.201,127,0
164.128,t0_mnv2,6824.145,50.925,127,0
164.175,t0_mnv2,6844.965,47.154,126,0
164.224,t0_mnv2,6845.959,49.137,125,0
164.278,t0_mnv2,6819.091,53.988,125,0
164.325,t0_mnv2,6707.633,46.735,126,0
164.375,t0_mnv2,6751.171,49.670,126,0
164.425,t0_mnv2,6745.155,49.945,126,0
164.475,t0_mnv2,6795.580,50.773,125,0
164.524,t0_mnv2,6824.915,48.562,124,0
164.573,t0_mnv2,6816.427,48.906,126,0
164.625,t0_mnv2,6791.972,51.871,126,0
164.676,t0_mnv2,6835.635,50.869,125,0
164.722,t0_mnv2,6859.256,46.648,125,0
164.772,t0_mnv2,6820.455,49.944,125,0
164.823,t0_mnv2,6850.719,50.839,126,0
164.872,t0_mnv2,6888.776,49.154,125,0
164.922,t0_mnv2,6931.477,49.486,124,0
164.972,t0_mnv2,6930.441,49.581,125,0
165.024,t0_mnv2,6906.502,52.446,124,0
165.074,t0_mnv2,6816.499,50.428,124,0
165.121,t0_mnv2,6812.403,46.174,124,0
165.172,t0_mnv2,6712.647,51.508,123,0
165.222,t0_mnv2,6631.593,50.043,122,0
165.271,t0_mnv2,6537.775,48.441,122,0
165.321,t0_mnv2,6502.298,50.372,123,0
165.370,t0_mnv2,6443.906,48.880,122,0
165.423,t0_mnv2,6243.478,52.542,121,0
165.472,t0_mnv2,6291.112,48.948,122,0
165.520,t0_mnv2,6271.823,48.355,121,0
165.572,t0_mnv2,6320.513,51.564,120,0
165.623,t0_mnv2,6258.676,50.841,120,0
165.670,t0_mnv2,6192.295,47.493,119,0
165.719,t0_mnv2,6239.639,48.802,119,0
165.768,t0_mnv2,6252.826,49.024,119,0
165.821,t0_mnv2,6163.926,53.025,118,0
165.868,t0_mnv2,6183.162,47.062,118,0
165.916,t0_mnv2,6172.497,47.449,117,0
165.970,t0_mnv2,6171.226,54.500,116,0
166.021,t0_mnv2,6135.817,50.807,116,0
166.069,t0_mnv2,6172.207,47.410,115,0
166.118,t0_mnv2,6171.026,49.464,115,0
166.168,t0_mnv2,6217.916,49.730,115,0
166.219,t0_mnv2,6216.764,51.610,115,0
166.266,t0_mnv2,6243.336,46.906,115,0
166.315,t0_mnv2,6253.682,48.462,115,0
166.369,t0_mnv2,6241.500,53.673,116,0
166.418,t0_mnv2,6237.650,49.457,116,0
166.466,t0_mnv2,6284.350,48.145,116,0
166.518,t0_mnv2,6248.087,51.596,118,0
166.568,t0_mnv2,6186.657,50.060,119,0
166.620,t0_mnv2,6235.546,52.073,118,0
166.667,t0_mnv2,6014.837,46.737,117,0
166.716,t0_mnv2,6016.522,49.256,118,0
166.769,t0_mnv2,5987.857,52.849,119,0
166.816,t0_mnv2,5960.339,46.584,118,0
166.865,t0_mnv2,5931.830,49.442,118,0
166.917,t0_mnv2,5962.783,51.777,118,0
166.969,t0_mnv2,6012.921,52.245,118,0
167.018,t0_mnv2,6050.497,48.661,118,0
167.066,t0_mnv2,6095.798,48.429,118,0
167.117,t0_mnv2,6104.490,50.857,120,0
167.169,t0_mnv2,6125.334,51.327,123,0
167.215,t0_mnv2,6138.222,46.052,123,0
167.266,t0_mnv2,6161.959,50.946,122,0
167.316,t0_mnv2,6074.202,50.156,122,0
167.366,t0_mnv2,6104.916,49.835,121,0
167.417,t0_mnv2,6093.908,50.994,122,0
167.465,t0_mnv2,6115.032,48.216,122,0
167.517,t0_mnv2,6141.982,51.643,123,0
167.567,t0_mnv2,6169.754,50.458,123,0
167.614,t0_mnv2,6184.600,46.293,122,0
167.665,t0_mnv2,6201.969,51.256,121,0
167.715,t0_mnv2,6206.148,50.403,120,0
167.765,t0_mnv2,6235.069,49.581,120,0
167.814,t0_mnv2,6175.832,48.458,122,0
167.862,t0_mnv2,6186.890,48.800,122,0
167.917,t0_mnv2,6231.400,54.773,124,0
167.966,t0_mnv2,6278.997,49.083,124,0
168.014,t0_mnv2,6300.489,47.135,126,0
168.066,t0_mnv2,6302.729,52.686,125,0
168.117,t0_mnv2,6335.474,50.410,124,0
168.164,t0_mnv2,6343.954,47.736,125,0
168.213,t0_mnv2,6268.315,48.586,124,0
168.263,t0_mnv2,6108.933,49.775,123,0
168.316,t0_mnv2,6161.233,52.798,123,0
168.363,t0_mnv2,6178.231,47.013,123,0
168.412,t0_mnv2,6192.832,49.259,123,0
168.464,t0_mnv2,6213.292,51.846,122,0
168.514,t0_mnv2,6134.514,50.337,122,0
168.563,t0_mnv2,6134.404,48.365,122,0
168.611,t0_mnv2,6060.949,48.097,121,0
168.661,t0_mnv2,5998.947,50.200,123,0
168.714,t0_mnv2,5969.332,52.666,123,0
168.761,t0_mnv2,5950.105,46.644,123,0
168.810,t0_mnv2,5963.834,49.616,123,0
168.862,t0_mnv2,6001.712,51.622,122,0
168.911,t0_mnv2,6028.381,49.592,121,0
168.960,t0_mnv2,6062.009,48.425,121,0
169.010,t0_mnv2,6023.389,49.604,120,0
169.060,t0_mnv2,6065.296,50.061,122,0
169.112,t0_mnv2,6101.310,52.362,121,0
169.159,t0_mnv2,6111.580,46.931,123,0
169.209,t0_mnv2,6113.007,49.657,123,0
169.261,t0_mnv2,6117.883,51.913,123,0
169.309,t0_mnv2,6111.718,47.955,123,0
169.361,t0_mnv2,6045.078,52.364,126,0
169.410,t0_mnv2,6082.086,48.703,125,0
169.462,t0_mnv2,6100.772,52.127,126,0
169.511,t0_mnv2,6137.509,49.227,126,0
169.558,t0_mnv2,6167.650,46.829,126,0
169.609,t0_mnv2,6194.313,51.265,126,0
169.661,t0_mnv2,6229.519,51.067,127,0
169.707,t0_mnv2,6097.991,46.825,126,0
169.758,t0_mnv2,6142.152,50.531,125,0
169.808,t0_mnv2,6120.554,49.990,124,0
169.861,t0_mnv2,6168.832,52.678,124,0
169.908,t0_mnv2,6111.484,47.236,124,0
169.956,t0_mnv2,6125.503,47.544,123,0
170.009,t0_mnv2,6134.619,53.263,124,0
170.059,t0_mnv2,6142.459,50.484,124,0
170.106,t0_mnv2,6188.364,46.278,124,0
170.157,t0_mnv2,6205.159,51.535,123,0
170.207,t0_mnv2,6199.104,49.272,122,0
170.257,t0_mnv2,6235.821,50.470,121,0
170.308,t0_mnv2,6284.556,50.641,120,0
170.357,t0_mnv2,6303.934,48.725,123,0
170.409,t0_mnv2,6342.529,52.021,122,0
170.459,t0_mnv2,6345.781,50.092,121,0
170.505,t0_mnv2,6231.491,46.058,120,0
170.556,t0_mnv2,6260.974,50.676,120,0
170.606,t0_mnv2,6291.631,50.069,121,0
170.655,t0_mnv2,6323.946,49.393,122,0
170.704,t0_mnv2,6305.664,48.768,121,0
170.753,t0_mnv2,6219.901,49.469,120,0
170.809,t0_mnv2,6252.849,55.861,121,0
170.856,t0_mnv2,6284.099,46.268,120,0
170.903,t0_mnv2,6288.769,47.252,119,0
170.956,t0_mnv2,6241.685,52.961,119,0
171.007,t0_mnv2,6283.574,51.221,118,0
171.055,t0_mnv2,6257.950,47.414,118,0
171.103,t0_mnv2,6293.821,48.632,118,0
171.153,t0_mnv2,6215.764,49.192,118,0
171.205,t0_mnv2,6250.046,52.656,119,0
171.252,t0_mnv2,6216.613,47.137,119,0
171.304,t0_mnv2,6215.355,51.101,119,0
171.355,t0_mnv2,6114.501,50.972,118,0
171.404,t0_mnv2,6102.573,49.051,117,0
171.452,t0_mnv2,6144.730,47.976,116,0
171.501,t0_mnv2,6077.914,49.423,117,0
171.551,t0_mnv2,6117.782,49.746,117,0
171.602,t0_mnv2,5981.869,51.329,116,0
171.649,t0_mnv2,5947.851,47.056,116,0
171.699,t0_mnv2,5952.571,49.343,116,0
171.752,t0_mnv2,5920.048,53.130,116,0
171.801,t0_mnv2,5821.133,48.814,116,0
171.850,t0_mnv2,5735.207,48.872,115,0
171.899,t0_mnv2,5763.249,49.176,114,0
171.949,t0_mnv2,5742.001,50.094,115,0
172.001,t0_mnv2,5758.750,51.677,116,0
172.048,t0_mnv2,5750.527,47.059,116,0
172.099,t0_mnv2,5754.837,50.683,116,0
172.151,t0_mnv2,5796.152,52.367,117,0
172.198,t0_mnv2,5803.629,47.284,116,0
172.251,t0_mnv2,5815.697,52.090,117,0
172.301,t0_mnv2,5818.673,50.060,118,0
172.352,t0_mnv2,5865.193,51.488,118,0
172.401,t0_mnv2,5900.684,48.450,118,0
172.448,t0_mnv2,5922.065,47.387,118,0
172.499,t0_mnv2,5937.020,50.614,118,0
172.550,t0_mnv2,5837.157,51.656,118,0
172.596,t0_mnv2,5881.784,45.606,117,0
172.647,t0_mnv2,5916.349,50.547,116,0
172.697,t0_mnv2,5958.086,50.714,116,0
172.750,t0_mnv2,5892.412,52.207,115,0
172.797,t0_mnv2,5904.739,46.903,116,0
172.845,t0_mnv2,5881.473,47.936,115,0
172.896,t0_mnv2,5896.255,51.920,114,0
172.947,t0_mnv2,5920.318,50.886,114,0
172.995,t0_mnv2,5917.120,47.479,114,0
173.047,t0_mnv2,5958.338,51.860,113,0
173.097,t0_mnv2,5983.217,50.077,112,0
173.147,t0_mnv2,6017.771,50.285,111,0
173.196,t0_mnv2,6064.071,48.515,111,0
173.246,t0_mnv2,6112.975,50.329,112,0
173.299,t0_mnv2,6133.203,52.947,111,0
173.347,t0_mnv2,6154.679,47.659,110,0
173.395,t0_mnv2,6111.631,48.486,112,0
173.445,t0_mnv2,6061.141,49.660,111,0
173.497,t0_mnv2,6100.107,51.495,111,0
173.547,t0_mnv2,6096.195,49.951,111,0
173.594,t0_mnv2,6102.144,47.812,111,0
173.644,t0_mnv2,6136.956,49.489,111,0
173.699,t0_mnv2,6142.132,54.944,112,0
173.745,t0_mnv2,6023.258,46.193,111,0
173.795,t0_mnv2,6018.937,49.532,111,0
173.845,t0_mnv2,6055.506,49.864,110,0
173.895,t0_mnv2,6091.600,50.303,110,0
173.943,t0_mnv2,6089.791,48.255,109,0
173.992,t0_mnv2,6115.210,48.703,108,0
174.043,t0_mnv2,6149.122,50.614,110,0
174.096,t0_mnv2,6191.985,52.944,110,0
174.142,t0_mnv2,6223.099,46.705,109,0
174.194,t0_mnv2,6194.333,51.173,109,0
174.244,t0_mnv2,6243.646,50.348,108,0
174.294,t0_mnv2,6281.332,49.604,108,0
174.343,t0_mnv2,6203.374,49.562,110,0
174.391,t0_mnv2,6229.997,47.868,109,0
174.443,t0_mnv2,6130.984,51.663,109,0
174.493,t0_mnv2,6172.256,49.845,109,0
174.539,t0_mnv2,6137.670,46.628,110,0
174.591,t0_mnv2,6096.341,51.417,109,0
174.643,t0_mnv2,6102.883,51.795,111,0
174.693,t0_mnv2,6058.157,49.778,111,0
174.742,t0_mnv2,6107.386,49.783,111,0
174.791,t0_mnv2,6152.705,48.803,113,0
174.844,t0_mnv2,6152.229,53.257,113,0
174.892,t0_mnv2,6136.914,47.557,112,0
174.940,t0_mnv2,6135.842,47.385,112,0
174.992,t0_mnv2,6061.416,52.692,113,0
175.043,t0_mnv2,6009.084,50.708,115,0
175.091,t0_mnv2,6055.095,47.910,114,0
175.142,t0_mnv2,6093.590,50.522,115,0
175.192,t0_mnv2,6056.869,50.352,116,0
175.245,t0_mnv2,6107.719,53.288,115,0
175.291,t0_mnv2,6145.396,46.035,115,0
175.339,t0_mnv2,6156.687,48.077,116,0
175.393,t0_mnv2,6171.214,53.769,115,0
175.443,t0_mnv2,6146.818,49.711,115,0
175.490,t0_mnv2,6178.675,47.038,114,0
175.540,t0_mnv2,6220.141,50.112,113,0
175.590,t0_mnv2,6252.966,49.476,112,0
175.643,t0_mnv2,6304.628,52.857,111,0
175.691,t0_mnv2,6250.729,47.979,111,0
175.739,t0_mnv2,6281.444,48.151,112,0
175.793,t0_mnv2,6304.342,54.041,112,0
175.842,t0_mnv2,6308.556,48.851,112,0
175.890,t0_mnv2,6303.329,48.165,112,0
175.940,t0_mnv2,6303.014,50.476,112,0
175.992,t0_mnv2,6334.841,50.981,111,0
176.043,t0_mnv2,6183.126,50.967,110,0
176.090,t0_mnv2,6210.796,47.948,110,0
176.142,t0_mnv2,6181.265,51.581,109,0
176.194,t0_mnv2,6213.021,52.020,109,0
176.241,t0_mnv2,6184.592,47.254,109,0
176.291,t0_mnv2,6196.712,49.717,110,0
176.342,t0_mnv2,6024.569,50.881,111,0
176.393,t0_mnv2,6072.474,50.316,110,0
176.442,t0_mnv2,6103.664,49.302,109,0
176.490,t0_mnv2,6139.743,48.273,111,0
176.541,t0_mnv2,6024.720,50.868,112,0
176.594,t0_mnv2,6033.639,52.383,112,0
176.641,t0_mnv2,6077.426,47.400,112,0
176.691,t0_mnv2,6064.488,50.230,112,0
176.742,t0_mnv2,6113.904,50.401,113,0
176.792,t0_mnv2,6038.767,50.789,115,0
176.839,t0_mnv2,6067.023,46.834,115,0
176.887,t0_mnv2,5961.006,48.054,114,0
176.940,t0_mnv2,5917.847,52.192,114,0
176.991,t0_mnv2,5919.549,50.990,113,0
177.037,t0_mnv2,5926.049,46.598,113,0
177.091,t0_mnv2,5924.603,53.128,113,0
177.142,t0_mnv2,5971.099,51.008,112,0
177.191,t0_mnv2,5963.276,49.315,111,0
177.239,t0_mnv2,5939.249,48.028,110,0
177.287,t0_mnv2,5829.326,48.324,109,0
177.340,t0_mnv2,5857.396,52.557,108,0
177.388,t0_mnv2,5852.277,48.433,109,0
177.435,t0_mnv2,5812.509,46.672,109,0
177.488,t0_mnv2,5803.527,52.475,109,0
177.539,t0_mnv2,5833.677,51.440,109,0
177.589,t0_mnv2,5804.389,49.335,108,0
177.637,t0_mnv2,5724.199,48.328,107,0
177.686,t0_mnv2,5766.928,49.323,108,0
177.740,t0_mnv2,5790.110,53.517,107,0
177.786,t0_mnv2,5809.776,46.284,107,0
177.836,t0_mnv2,5820.652,49.473,107,0
177.886,t0_mnv2,5803.564,50.658,108,0
177.937,t0_mnv2,5822.430,50.331,108,0
177.986,t0_mnv2,5859.654,48.913,108,0
178.036,t0_mnv2,5834.355,49.863,108,0
178.086,t0_mnv2,5859.026,50.538,108,0
178.139,t0_mnv2,5875.875,52.999,109,0
178.185,t0_mnv2,5895.570,46.113,109,0
178.234,t0_mnv2,5905.379,48.889,108,0
178.285,t0_mnv2,5932.937,51.013,108,0
178.335,t0_mnv2,5900.663,50.071,108,0
178.384,t0_mnv2,5935.223,48.372,107,0
178.433,t0_mnv2,5897.095,49.661,107,0
178.484,t0_mnv2,5793.725,50.094,107,0
178.537,t0_mnv2,5782.899,53.191,107,0
178.585,t0_mnv2,5820.763,48.148,108,0
178.636,t0_mnv2,5697.107,50.987,110,0
178.687,t0_mnv2,5702.383,50.939,111,0
178.736,t0_mnv2,5561.819,48.453,110,0
178.784,t0_mnv2,5582.363,48.866,110,0
178.833,t0_mnv2,5618.443,48.962,110,0
178.885,t0_mnv2,5522.966,51.348,110,0
178.934,t0_mnv2,5567.441,49.515,111,0
178.983,t0_mnv2,5614.145,48.627,113,0
179.035,t0_mnv2,5546.948,51.663,112,0
179.090,t0_mnv2,5565.422,54.857,112,0
179.136,t0_mnv2,5566.063,46.633,111,0
179.187,t0_mnv2,5592.220,50.932,112,0
179.236,t0_mnv2,5567.247,49.006,112,0
179.288,t0_mnv2,5618.001,51.691,112,0
179.336,t0_mnv2,5568.705,47.863,113,0
179.384,t0_mnv2,5489.678,47.699,112,0
179.436,t0_mnv2,5433.868,51.821,113,0
179.488,t0_mnv2,5481.858,52.317,112,0
179.535,t0_mnv2,5522.427,47.219,112,0
179.586,t0_mnv2,5514.535,50.362,111,0
179.636,t0_mnv2,5486.794,50.436,111,0
179.687,t0_mnv2,5419.588,51.111,111,0
179.735,t0_mnv2,5424.852,47.274,112,0
179.783,t0_mnv2,5444.319,48.133,112,0
179.835,t0_mnv2,5495.918,52.561,112,0
179.885,t0_mnv2,5459.402,49.700,112,0
179.931,t0_mnv2,5476.669,46.107,114,0
179.986,t0_mnv2,5479.918,54.443,114,0
180.037,t0_mnv2,5503.155,51.364,114,0
180.087,t0_mnv2,5487.176,49.709,116,0
180.135,t0_mnv2,5531.362,48.117,117,0
180.184,t0_mnv2,5576.684,48.597,118,0
180.236,t0_mnv2,5586.092,52.672,117,0
180.284,t0_mnv2,5586.472,47.451,119,0
180.331,t0_mnv2,5576.154,47.007,120,0
180.383,t0_mnv2,5625.069,52.398,120,0
180.434,t0_mnv2,5651.007,51.194,120,0
180.483,t0_mnv2,5671.633,48.942,119,0
180.533,t0_mnv2,5601.012,49.633,119,0
180.583,t0_mnv2,5630.461,49.478,118,0
180.636,t0_mnv2,5673.703,52.938,118,0
180.682,t0_mnv2,5677.142,46.122,118,0
180.731,t0_mnv2,5713.225,49.316,118,0
180.782,t0_mnv2,5764.087,50.965,122,0
180.833,t0_mnv2,5713.688,50.629,124,0
180.880,t0_mnv2,5747.892,47.575,123,0
180.929,t0_mnv2,5777.973,49.023,122,0
180.982,t0_mnv2,5828.404,52.203,124,0
181.035,t0_mnv2,5780.351,52.988,124,0
181.081,t0_mnv2,5774.224,46.370,124,0
181.131,t0_mnv2,5794.476,50.106,124,0
181.182,t0_mnv2,5775.486,50.383,124,0
181.231,t0_mnv2,5584.824,49.356,125,0
181.280,t0_mnv2,5561.538,49.237,125,0
181.329,t0_mnv2,5607.772,48.520,125,0
181.380,t0_mnv2,5613.981,51.268,124,0
181.432,t0_mnv2,5629.537,51.693,124,0
181.479,t0_mnv2,5617.427,47.248,124,0
181.529,t0_mnv2,5600.199,49.735,123,0
181.581,t0_mnv2,5510.536,51.795,125,0
181.629,t0_mnv2,5458.409,47.668,125,0
181.679,t0_mnv2,5437.803,50.231,126,0
181.727,t0_mnv2,5462.982,48.619,127,0
181.780,t0_mnv2,5500.764,52.700,127,0
181.828,t0_mnv2,5533.126,47.945,126,0
181.877,t0_mnv2,5548.418,48.296,126,0
181.931,t0_mnv2,5477.623,53.946,126,0
181.991,t0_mnv2,5533.986,60.644,126,0
182.058,t0_mnv2,5568.786,66.345,127,0
182.112,t0_mnv2,5580.183,54.252,127,0
182.160,t0_mnv2,5625.292,48.440,127,0
182.214,t0_mnv2,5659.942,53.264,127,0
182.260,t0_mnv2,5629.729,46.535,126,0
182.309,t0_mnv2,5653.822,48.506,127,0
182.360,t0_mnv2,5643.171,51.437,127,0
182.411,t0_mnv2,5686.902,50.725,126,0
182.460,t0_mnv2,5712.818,49.075,128,0
182.510,t0_mnv2,5756.342,49.728,127,0
182.559,t0_mnv2,5801.614,49.221,129,0
182.612,t0_mnv2,5791.618,52.976,129,0
182.659,t0_mnv2,5736.399,46.572,129,0
182.708,t0_mnv2,5701.608,49.253,129,0
182.759,t0_mnv2,5693.449,51.032,130,0
182.808,t0_mnv2,5451.925,48.782,129,0
182.857,t0_mnv2,5470.651,49.441,129,0
182.908,t0_mnv2,5507.888,50.339,129,0
182.958,t0_mnv2,5481.408,50.090,129,0
183.009,t0_mnv2,5494.445,51.464,131,0
183.057,t0_mnv2,5404.199,47.609,132,0
183.108,t0_mnv2,5431.885,50.682,131,0
183.160,t0_mnv2,5398.047,51.603,130,0
183.207,t0_mnv2,5403.302,47.259,129,0
183.257,t0_mnv2,5380.840,50.412,129,0
183.307,t0_mnv2,5424.520,49.829,132,0
183.360,t0_mnv2,5432.695,53.197,132,0
183.411,t0_mnv2,5441.694,50.114,131,0
183.458,t0_mnv2,5428.898,46.981,132,0
183.509,t0_mnv2,5452.917,51.661,131,0
183.561,t0_mnv2,5472.497,51.498,131,0
183.607,t0_mnv2,5482.360,46.382,131,0
183.658,t0_mnv2,5511.540,50.722,131,0
183.707,t0_mnv2,5440.514,48.852,131,0
183.759,t0_mnv2,5440.153,51.696,130,0
183.806,t0_mnv2,5391.106,47.461,130,0
183.855,t0_mnv2,5389.167,49.045,130,0
183.907,t0_mnv2,5406.908,52.066,131,0
183.957,t0_mnv2,5403.432,49.520,130,0
184.003,t0_mnv2,5428.623,45.987,129,0
184.054,t0_mnv2,5432.925,51.528,128,0
184.104,t0_mnv2,5481.859,49.812,128,0
184.155,t0_mnv2,5524.639,50.865,127,0
184.203,t0_mnv2,5561.387,47.938,126,0
184.251,t0_mnv2,5587.047,48.195,126,0
184.305,t0_mnv2,5545.082,53.397,126,0
184.356,t0_mnv2,5524.664,50.805,127,0
184.404,t0_mnv2,5563.272,47.863,126,0
184.453,t0_mnv2,5563.274,49.851,126,0
184.504,t0_mnv2,5574.456,50.115,126,0
184.553,t0_mnv2,5608.714,49.556,126,0
184.602,t0_mnv2,5637.300,48.423,126,0
184.650,t0_mnv2,5670.375,48.780,127,0
184.704,t0_mnv2,5666.494,53.746,129,0
184.752,t0_mnv2,5607.783,47.596,128,0
184.800,t0_mnv2,5649.334,48.596,128,0
184.853,t0_mnv2,5649.523,52.298,127,0
184.903,t0_mnv2,5629.838,50.399,126,0
184.952,t0_mnv2,5635.056,48.698,126,0
184.999,t0_mnv2,5677.308,47.305,126,0
185.049,t0_mnv2,5633.150,49.200,125,0
