t_s,tenant,latency_ms,service_ms,qdepth,warmup
0.120,t2_squeezenet,50.822,48.541,1,1
0.161,t2_squeezenet,73.262,41.490,0,1
0.205,t2_squeezenet,42.105,38.276,0,1
0.292,t2_squeezenet,42.902,41.270,1,1
0.327,t2_squeezenet,49.558,35.459,1,1
0.367,t2_squeezenet,74.128,39.303,0,1
0.429,t2_squeezenet,32.838,31.828,0,1
0.520,t2_squeezenet,40.101,35.821,1,1
0.555,t2_squeezenet,59.968,34.674,0,1
0.666,t2_squeezenet,39.216,35.117,0,1
0.713,t2_squeezenet,38.003,36.392,0,1
0.851,t2_squeezenet,37.386,37.214,0,1
0.947,t2_squeezenet,38.926,34.642,0,1
1.025,t2_squeezenet,37.317,32.328,1,1
1.054,t2_squeezenet,32.583,29.161,1,1
1.087,t2_squeezenet,33.082,32.768,1,1
1.120,t2_squeezenet,52.218,33.513,0,1
1.171,t2_squeezenet,33.435,30.835,0,1
1.319,t2_squeezenet,33.158,31.712,0,1
1.377,t2_squeezenet,45.633,42.009,1,1
1.424,t2_squeezenet,85.423,46.988,0,1
1.497,t2_squeezenet,44.746,42.778,0,1
1.561,t2_squeezenet,58.009,53.494,0,1
1.628,t2_squeezenet,59.009,56.724,1,1
1.668,t2_squeezenet,97.214,39.782,1,1
1.716,t2_squeezenet,81.906,47.946,1,1
1.765,t2_squeezenet,53.595,49.391,0,1
1.893,t2_squeezenet,37.431,34.951,0,1
1.989,t2_squeezenet,47.171,45.820,1,1
2.037,t2_squeezenet,68.228,47.609,0,1
2.218,t2_squeezenet,39.304,34.928,0,1
2.380,t2_squeezenet,44.872,44.628,2,1
2.422,t2_squeezenet,65.251,41.500,2,1
2.461,t2_squeezenet,92.196,39.045,2,1
2.494,t2_squeezenet,73.444,33.786,1,1
2.537,t2_squeezenet,79.055,42.564,0,1
2.669,t2_squeezenet,32.142,30.632,0,1
2.752,t2_squeezenet,46.590,42.001,1,1
2.799,t2_squeezenet,79.025,47.263,4,1
2.842,t2_squeezenet,80.201,42.872,3,1
2.888,t2_squeezenet,115.649,45.766,2,1
2.934,t2_squeezenet,161.278,45.981,4,1
2.970,t2_squeezenet,196.522,36.642,4,1
3.002,t2_squeezenet,92.489,31.741,4,1
3.034,t2_squeezenet,112.547,32.088,5,1
3.075,t2_squeezenet,151.264,41.128,5,1
3.113,t2_squeezenet,152.337,37.491,5,1
3.145,t2_squeezenet,147.902,32.341,4,1
3.176,t2_squeezenet,163.656,31.112,3,1
3.208,t2_squeezenet,189.511,31.487,2,1
3.244,t2_squeezenet,174.863,36.450,2,1
3.290,t2_squeezenet,190.792,46.023,3,1
3.330,t2_squeezenet,96.349,39.410,4,1
3.365,t2_squeezenet,90.853,35.416,4,1
3.410,t2_squeezenet,130.663,44.881,3,1
3.449,t2_squeezenet,153.207,38.144,2,1
3.479,t2_squeezenet,161.732,30.778,2,1
3.520,t2_squeezenet,183.770,40.480,2,1
3.565,t2_squeezenet,111.439,45.041,2,1
3.610,t2_squeezenet,99.650,45.052,1,1
3.658,t2_squeezenet,100.686,47.885,1,1
3.700,t2_squeezenet,67.978,42.283,1,1
3.744,t2_squeezenet,55.910,43.509,0,1
3.844,t2_squeezenet,34.223,33.942,0,1
3.885,t2_squeezenet,35.440,31.250,0,1
3.939,t2_squeezenet,52.806,48.960,0,1
3.990,t2_squeezenet,48.966,45.175,0,1
4.091,t2_squeezenet,46.516,45.702,2,1
4.137,t2_squeezenet,60.344,46.058,1,1
4.181,t2_squeezenet,92.105,43.594,0,1
4.235,t2_squeezenet,46.459,43.812,0,1
4.298,t2_squeezenet,49.971,47.923,0,1
4.480,t2_squeezenet,36.562,32.346,1,1
4.511,t2_squeezenet,59.510,31.167,0,1
4.560,t2_squeezenet,37.248,33.474,0,1
4.702,t2_squeezenet,46.670,46.522,1,1
4.746,t2_squeezenet,50.255,44.100,1,1
4.791,t2_squeezenet,74.617,44.986,0,1
4.848,t2_squeezenet,50.390,46.798,0,1
4.893,t2_squeezenet,40.631,39.392,1,1
4.926,t2_squeezenet,53.046,33.066,0,1
4.985,t2_squeezenet,47.313,43.508,2,1
5.029,t2_squeezenet,67.492,43.487,3,1
5.071,t2_squeezenet,99.667,42.326,2,1
5.105,t2_squeezenet,112.522,33.439,1,1
5.136,t2_squeezenet,112.430,31.233,0,1
5.256,t2_squeezenet,48.927,48.870,0,1
5.313,t2_squeezenet,46.404,41.594,0,1
5.386,t2_squeezenet,34.582,32.827,2,1
5.426,t2_squeezenet,52.221,39.073,3,1
5.462,t2_squeezenet,77.960,36.489,4,1
5.496,t2_squeezenet,93.837,34.315,3,1
5.525,t2_squeezenet,122.791,29.089,2,1
5.558,t2_squeezenet,132.077,32.962,1,1
5.592,t2_squeezenet,155.192,33.415,1,1
5.622,t2_squeezenet,43.830,29.789,0,1
5.823,t2_squeezenet,47.333,44.701,2,1
5.859,t2_squeezenet,59.058,36.188,1,1
5.890,t2_squeezenet,68.508,30.246,0,1
5.939,t2_squeezenet,30.479,29.097,1,1
5.975,t2_squeezenet,54.353,35.557,0,1
6.065,t2_squeezenet,33.852,29.514,0,1
6.468,t2_squeezenet,38.307,35.779,1,1
6.510,t2_squeezenet,53.820,41.199,1,1
6.553,t2_squeezenet,63.898,42.991,1,1
6.598,t2_squeezenet,61.864,44.784,0,1
6.666,t2_squeezenet,33.205,33.147,0,1
6.921,t2_squeezenet,36.704,35.437,1,1
6.952,t2_squeezenet,32.914,31.677,0,1
6.995,t2_squeezenet,41.159,37.761,2,1
7.036,t2_squeezenet,72.588,40.242,2,1
7.076,t2_squeezenet,103.179,40.328,2,1
7.117,t2_squeezenet,102.602,40.741,1,1
7.148,t2_squeezenet,87.476,31.035,0,1
7.202,t2_squeezenet,40.825,39.234,2,1
7.244,t2_squeezenet,82.681,42.198,2,1
7.283,t2_squeezenet,82.285,38.561,2,1
7.324,t2_squeezenet,91.984,41.018,1,1
7.365,t2_squeezenet,102.878,41.081,1,1
7.406,t2_squeezenet,78.856,41.273,3,1
7.447,t2_squeezenet,62.292,40.335,3,1
7.486,t2_squeezenet,96.395,39.349,2,1
7.524,t2_squeezenet,127.916,37.560,2,1
7.556,t2_squeezenet,121.206,32.163,1,1
7.588,t2_squeezenet,77.783,31.844,0,1
7.671,t2_squeezenet,33.869,32.136,0,1
7.710,t2_squeezenet,36.565,34.231,0,1
7.752,t2_squeezenet,41.813,36.780,1,1
7.788,t2_squeezenet,56.146,35.651,1,1
7.820,t2_squeezenet,35.361,32.543,0,1
7.870,t2_squeezenet,30.762,29.648,1,1
7.900,t2_squeezenet,30.975,29.658,1,1
7.932,t2_squeezenet,41.848,32.017,0,1
8.048,t2_squeezenet,38.687,35.155,2,1
8.078,t2_squeezenet,57.521,30.396,1,1
8.107,t2_squeezenet,77.102,29.032,1,1
8.145,t2_squeezenet,47.877,37.910,0,1
8.207,t2_squeezenet,34.062,31.103,0,1
8.241,t2_squeezenet,32.105,29.630,1,1
8.274,t2_squeezenet,46.963,32.381,0,1
8.459,t2_squeezenet,41.858,37.694,0,1
8.524,t2_squeezenet,37.452,35.037,1,1
8.561,t2_squeezenet,60.923,37.255,0,1
8.628,t2_squeezenet,35.396,31.451,2,1
8.665,t2_squeezenet,55.845,37.074,2,1
8.705,t2_squeezenet,85.757,39.743,2,1
8.747,t2_squeezenet,100.760,41.925,2,1
8.794,t2_squeezenet,104.046,47.171,1,1
8.831,t2_squeezenet,99.803,37.148,2,1
8.868,t2_squeezenet,68.316,36.806,2,1
8.910,t2_squeezenet,102.341,41.665,1,1
8.941,t2_squeezenet,97.757,31.018,1,1
8.973,t2_squeezenet,40.693,31.935,1,1
9.017,t2_squeezenet,49.566,44.301,1,1
9.055,t2_squeezenet,69.336,37.881,0,1
9.091,t2_squeezenet,33.992,30.746,1,1
9.127,t2_squeezenet,37.953,36.236,1,1
9.172,t2_squeezenet,72.399,44.702,0,1
9.265,t2_squeezenet,36.606,32.490,0,1
9.354,t2_squeezenet,43.565,41.456,0,1
9.437,t2_squeezenet,35.021,33.016,0,1
9.524,t2_squeezenet,31.524,31.060,0,1
9.588,t2_squeezenet,34.921,33.286,0,1
9.675,t2_squeezenet,39.198,36.721,2,1
9.711,t2_squeezenet,59.318,36.057,2,1
9.753,t2_squeezenet,96.076,41.698,2,1
9.796,t2_squeezenet,108.236,43.365,3,1
9.835,t2_squeezenet,94.156,38.432,3,1
9.867,t2_squeezenet,104.419,32.404,2,1
9.899,t2_squeezenet,117.470,31.839,1,1
9.931,t2_squeezenet,112.437,31.566,0,1
9.973,t2_squeezenet,33.751,31.578,1,1
10.005,t2_squeezenet,42.777,32.171,1,1
10.037,t2_squeezenet,64.110,32.084,0,1
10.112,t2_squeezenet,31.267,29.168,0,1
10.203,t2_squeezenet,37.869,35.930,0,1
10.336,t2_squeezenet,36.236,31.770,0,1
10.399,t2_squeezenet,34.884,32.484,2,1
10.432,t2_squeezenet,55.130,32.538,1,1
10.474,t2_squeezenet,96.362,42.090,0,1
10.595,t2_squeezenet,41.237,39.250,0,1
10.684,t2_squeezenet,47.511,44.035,1,1
10.729,t2_squeezenet,78.905,45.109,2,1
10.775,t2_squeezenet,90.172,45.755,2,1
10.818,t2_squeezenet,115.618,42.769,1,1
10.859,t2_squeezenet,88.206,40.602,1,1
10.900,t2_squeezenet,58.721,41.169,1,1
10.944,t2_squeezenet,53.066,44.367,2,1
10.989,t2_squeezenet,82.817,44.850,1,1
11.036,t2_squeezenet,124.422,46.343,0,1
11.116,t2_squeezenet,45.815,44.675,1,1
11.158,t2_squeezenet,56.741,42.549,0,1
11.216,t2_squeezenet,36.360,32.653,1,1
11.259,t2_squeezenet,61.306,42.384,0,1
11.327,t2_squeezenet,48.034,43.121,2,1
11.378,t2_squeezenet,77.717,50.449,2,1
11.421,t2_squeezenet,119.050,43.078,1,1
11.461,t2_squeezenet,119.949,40.007,0,1
11.565,t2_squeezenet,36.348,32.544,0,1
11.636,t2_squeezenet,32.949,30.216,0,1
11.707,t2_squeezenet,32.442,31.276,1,1
11.741,t2_squeezenet,41.934,33.269,0,1
11.883,t2_squeezenet,48.597,46.304,0,1
11.986,t2_squeezenet,36.771,32.209,2,1
12.020,t2_squeezenet,69.014,33.378,2,1
12.049,t2_squeezenet,78.217,29.025,3,1
12.083,t2_squeezenet,65.934,34.161,2,1
12.119,t2_squeezenet,96.564,36.413,1,1
12.155,t2_squeezenet,120.090,35.345,0,1
12.258,t2_squeezenet,36.994,36.948,0,1
12.300,t2_squeezenet,34.725,32.271,1,1
12.329,t2_squeezenet,42.751,29.014,0,1
12.476,t2_squeezenet,32.499,30.618,0,1
12.519,t2_squeezenet,39.401,37.905,0,1
12.699,t2_squeezenet,36.752,32.512,3,1
12.730,t2_squeezenet,56.733,31.116,3,1
12.760,t2_squeezenet,79.866,29.869,3,1
12.789,t2_squeezenet,102.866,29.505,4,1
12.818,t2_squeezenet,100.592,29.022,3,1
12.853,t2_squeezenet,93.436,34.497,3,1
12.889,t2_squeezenet,114.521,36.225,3,1
12.925,t2_squeezenet,143.328,36.080,3,1
12.960,t2_squeezenet,121.443,34.363,2,1
12.995,t2_squeezenet,119.685,35.218,1,1
13.027,t2_squeezenet,101.954,32.102,0,1
13.137,t2_squeezenet,39.936,38.943,0,1
13.198,t2_squeezenet,41.777,41.329,0,1
13.300,t2_squeezenet,53.066,50.432,1,1
13.343,t2_squeezenet,71.500,43.326,2,1
13.386,t2_squeezenet,74.181,42.860,1,1
13.433,t2_squeezenet,103.476,47.498,1,1
13.479,t2_squeezenet,89.383,45.833,2,1
13.518,t2_squeezenet,55.573,38.373,2,1
13.559,t2_squeezenet,84.251,41.231,4,1
13.602,t2_squeezenet,101.919,42.736,3,1
13.641,t2_squeezenet,117.909,38.906,4,1
13.683,t2_squeezenet,142.256,42.074,4,1
13.724,t2_squeezenet,177.620,40.951,5,1
13.763,t2_squeezenet,141.552,38.990,4,1
13.808,t2_squeezenet,173.510,45.494,4,1
13.856,t2_squeezenet,210.218,47.825,4,1
13.898,t2_squeezenet,196.886,42.042,3,1
13.936,t2_squeezenet,213.678,37.754,4,1
13.968,t2_squeezenet,202.770,32.237,4,1
14.001,t2_squeezenet,192.214,32.737,4,1
14.033,t2_squeezenet,133.895,32.127,4,1
14.065,t2_squeezenet,140.912,31.704,3,1
14.096,t2_squeezenet,143.221,31.408,2,1
14.129,t2_squeezenet,141.439,32.279,1,1
14.162,t2_squeezenet,135.759,33.637,1,1
14.193,t2_squeezenet,64.471,30.952,1,1
14.224,t2_squeezenet,61.228,30.795,0,1
14.261,t2_squeezenet,33.673,32.102,0,1
14.326,t2_squeezenet,44.716,44.584,0,1
14.372,t2_squeezenet,43.493,40.520,1,1
14.415,t2_squeezenet,55.196,42.724,2,1
14.465,t2_squeezenet,72.148,50.236,1,1
14.511,t2_squeezenet,113.273,45.651,1,1
14.553,t2_squeezenet,60.886,42.411,1,1
14.600,t2_squeezenet,50.291,46.585,0,1
14.644,t2_squeezenet,42.667,39.128,0,1
14.727,t2_squeezenet,34.571,31.778,1,1
14.762,t2_squeezenet,65.160,35.151,0,1
14.872,t2_squeezenet,44.177,43.624,0,1
14.981,t2_squeezenet,53.473,48.961,2,1
15.022,t2_squeezenet,90.236,40.685,2,1
15.065,t2_squeezenet,127.009,42.656,2,1
15.111,t2_squeezenet,113.519,46.422,1,1
15.159,t2_squeezenet,116.956,47.270,1,1
15.196,t2_squeezenet,57.982,37.372,1,1
15.228,t2_squeezenet,33.040,31.679,0,1
15.262,t2_squeezenet,31.827,29.145,0,1
15.345,t2_squeezenet,41.786,37.638,1,1
15.382,t2_squeezenet,47.927,36.434,0,1
15.437,t2_squeezenet,36.891,34.828,0,1
15.527,t2_squeezenet,32.760,29.579,0,1
15.571,t2_squeezenet,34.603,33.603,0,1
15.666,t2_squeezenet,34.069,29.760,0,1
15.761,t2_squeezenet,34.930,33.916,1,1
15.808,t2_squeezenet,50.991,46.547,1,1
15.852,t2_squeezenet,60.079,44.726,1,1
15.896,t2_squeezenet,60.411,43.228,1,1
15.939,t2_squeezenet,73.848,43.231,0,1
16.006,t2_squeezenet,48.054,46.633,2,1
16.041,t2_squeezenet,61.799,35.461,3,1
16.074,t2_squeezenet,84.195,32.338,2,1
16.109,t2_squeezenet,80.510,34.808,1,1
16.144,t2_squeezenet,104.130,35.704,0,1
16.230,t2_squeezenet,34.296,29.424,0,1
16.306,t2_squeezenet,38.722,35.667,0,1
16.377,t2_squeezenet,35.285,31.046,1,1
16.412,t2_squeezenet,51.098,34.722,0,1
16.500,t2_squeezenet,32.781,32.338,0,1
16.650,t2_squeezenet,46.701,41.664,2,1
16.683,t2_squeezenet,38.422,32.730,2,1
16.718,t2_squeezenet,72.209,35.158,2,1
16.750,t2_squeezenet,97.725,32.031,1,1
16.779,t2_squeezenet,95.616,29.419,1,1
16.808,t2_squeezenet,54.566,28.999,2,1
16.837,t2_squeezenet,38.295,29.010,2,1
16.867,t2_squeezenet,62.107,29.451,2,1
16.897,t2_squeezenet,78.660,29.990,1,1
16.939,t2_squeezenet,75.096,41.657,0,1
17.039,t2_squeezenet,34.289,33.807,0,1
17.073,t2_squeezenet,29.544,28.991,2,1
17.107,t2_squeezenet,51.976,33.757,1,1
17.142,t2_squeezenet,84.346,35.674,0,1
17.255,t2_squeezenet,36.133,31.791,1,1
17.285,t2_squeezenet,30.429,29.461,0,1
17.401,t2_squeezenet,46.150,45.484,0,1
17.532,t2_squeezenet,31.061,29.644,1,1
17.567,t2_squeezenet,46.341,35.087,0,1
17.606,t2_squeezenet,31.632,28.999,0,1
17.958,t2_squeezenet,51.697,47.345,3,1
17.994,t2_squeezenet,82.772,36.329,3,1
18.030,t2_squeezenet,103.452,36.339,3,1
18.065,t2_squeezenet,135.392,34.620,2,1
18.100,t2_squeezenet,133.837,34.875,1,1
18.135,t2_squeezenet,133.985,34.701,1,1
18.171,t2_squeezenet,70.149,36.198,1,1
18.207,t2_squeezenet,64.872,35.962,0,1
18.269,t2_squeezenet,38.128,36.314,0,1
18.384,t2_squeezenet,29.995,29.581,0,1
18.480,t2_squeezenet,32.196,29.854,1,1
18.509,t2_squeezenet,48.138,29.503,1,1
18.545,t2_squeezenet,37.735,35.035,1,1
18.575,t2_squeezenet,49.053,30.810,2,1
18.604,t2_squeezenet,52.688,28.925,1,1
18.633,t2_squeezenet,70.568,29.019,1,1
18.667,t2_squeezenet,38.318,33.266,1,1
18.700,t2_squeezenet,35.193,33.501,2,1
18.729,t2_squeezenet,57.805,28.978,1,1
18.765,t2_squeezenet,85.737,36.079,0,1
18.816,t2_squeezenet,37.630,35.640,0,1
18.877,t2_squeezenet,36.725,35.773,2,1
18.914,t2_squeezenet,67.887,36.312,3,1
18.950,t2_squeezenet,91.376,35.925,3,1
18.981,t2_squeezenet,83.213,31.225,2,1
19.010,t2_squeezenet,105.799,29.044,3,1
19.040,t2_squeezenet,94.732,29.726,2,1
19.069,t2_squeezenet,64.053,29.719,1,1
19.098,t2_squeezenet,91.021,29.037,1,1
19.127,t2_squeezenet,42.497,29.050,1,1
19.157,t2_squeezenet,43.762,29.723,0,1
19.338,t2_squeezenet,33.604,29.230,1,1
19.367,t2_squeezenet,48.296,29.039,0,1
19.417,t2_squeezenet,34.867,30.069,1,1
19.454,t2_squeezenet,43.031,36.117,2,1
19.487,t2_squeezenet,54.902,33.278,1,1
19.523,t2_squeezenet,77.363,35.572,1,1
19.558,t2_squeezenet,70.236,35.437,0,1
19.624,t2_squeezenet,39.065,35.588,0,1
19.709,t2_squeezenet,44.112,39.145,1,1
19.744,t2_squeezenet,35.125,35.014,1,1
19.787,t2_squeezenet,70.426,43.456,1,1
19.834,t2_squeezenet,67.832,47.041,0,1
19.899,t2_squeezenet,31.695,29.048,1,1
19.933,t2_squeezenet,48.342,34.119,1,1
19.968,t2_squeezenet,59.058,34.975,2,1
20.001,t2_squeezenet,62.392,33.422,2,0
20.043,t2_squeezenet,99.964,41.567,1,0
20.078,t2_squeezenet,95.349,34.889,1,0
20.120,t2_squeezenet,43.611,42.322,2,0
20.153,t2_squeezenet,58.722,32.308,1,0
20.188,t2_squeezenet,75.478,34.863,0,0
20.288,t2_squeezenet,38.691,34.104,0,0
20.428,t2_squeezenet,30.831,29.572,1,0
20.458,t2_squeezenet,49.190,29.463,0,0
20.558,t2_squeezenet,30.347,29.632,0,0
20.676,t2_squeezenet,35.944,31.688,0,0
20.982,t2_squeezenet,46.540,41.928,1,0
21.026,t2_squeezenet,89.916,43.508,0,0
21.085,t2_squeezenet,48.281,44.034,3,0
21.116,t2_squeezenet,61.301,30.666,2,0
21.150,t2_squeezenet,77.710,34.518,4,0
21.181,t2_squeezenet,97.055,30.893,3,0
21.218,t2_squeezenet,93.141,36.379,2,0
21.253,t2_squeezenet,118.856,35.901,1,0
21.288,t2_squeezenet,150.567,34.810,0,0
21.354,t2_squeezenet,40.441,35.671,0,0
21.405,t2_squeezenet,37.648,35.699,0,0
21.526,t2_squeezenet,36.552,35.033,1,0
21.569,t2_squeezenet,44.007,42.316,2,0
21.615,t2_squeezenet,80.511,46.440,2,0
21.661,t2_squeezenet,105.710,45.926,2,0
21.705,t2_squeezenet,112.376,43.776,1,0
21.750,t2_squeezenet,122.936,44.774,1,0
21.795,t2_squeezenet,76.495,45.408,0,0
21.903,t2_squeezenet,43.561,40.974,0,0
21.971,t2_squeezenet,51.118,47.807,1,0
22.018,t2_squeezenet,57.400,46.851,1,0
22.058,t2_squeezenet,60.859,40.047,1,0
22.102,t2_squeezenet,63.473,44.644,1,0
22.147,t2_squeezenet,46.785,44.162,1,0
22.193,t2_squeezenet,66.417,46.533,2,0
22.238,t2_squeezenet,84.089,44.855,1,0
22.281,t2_squeezenet,104.435,42.469,1,0
22.325,t2_squeezenet,76.565,44.787,1,0
22.375,t2_squeezenet,69.520,49.255,1,0
22.418,t2_squeezenet,71.250,42.924,0,0
22.488,t2_squeezenet,45.426,44.697,0,0
22.547,t2_squeezenet,39.118,38.859,0,0
22.600,t2_squeezenet,42.801,38.066,1,0
22.640,t2_squeezenet,78.454,39.392,1,0
22.678,t2_squeezenet,50.276,38.597,1,0
22.711,t2_squeezenet,63.263,32.446,0,0
22.929,t2_squeezenet,38.368,36.067,0,0
23.033,t2_squeezenet,35.500,32.569,2,0
23.074,t2_squeezenet,61.702,41.328,1,0
23.109,t2_squeezenet,81.187,35.021,0,0
23.197,t2_squeezenet,33.596,31.987,0,0
23.342,t2_squeezenet,44.773,42.471,2,0
23.385,t2_squeezenet,83.683,43.474,1,0
23.429,t2_squeezenet,112.470,43.520,2,0
23.472,t2_squeezenet,67.025,43.165,1,0
23.516,t2_squeezenet,99.515,44.431,0,0
23.601,t2_squeezenet,48.575,44.552,1,0
23.637,t2_squeezenet,45.736,35.144,1,0
23.670,t2_squeezenet,64.106,33.024,0,0
23.810,t2_squeezenet,47.194,44.227,3,0
23.851,t2_squeezenet,60.297,40.472,2,0
23.894,t2_squeezenet,101.157,42.828,1,0
23.938,t2_squeezenet,141.719,44.369,0,0
23.995,t2_squeezenet,51.057,46.282,1,0
24.038,t2_squeezenet,88.670,43.427,1,0
24.071,t2_squeezenet,45.766,32.438,0,0
24.148,t2_squeezenet,50.114,47.081,0,0
24.350,t2_squeezenet,38.269,35.174,2,0
24.395,t2_squeezenet,68.399,44.163,2,0
24.429,t2_squeezenet,98.885,34.831,1,0
24.462,t2_squeezenet,80.742,32.520,1,0
24.496,t2_squeezenet,63.787,34.084,0,0
24.709,t2_squeezenet,34.662,34.212,1,0
24.741,t2_squeezenet,65.894,31.884,0,0
24.806,t2_squeezenet,30.587,29.570,0,0
24.918,t2_squeezenet,40.889,36.677,0,0
24.993,t2_squeezenet,34.080,29.450,2,0
25.024,t2_squeezenet,39.035,30.979,2,0
25.063,t2_squeezenet,75.052,38.991,1,0
25.102,t2_squeezenet,97.438,38.421,1,0
25.134,t2_squeezenet,53.266,32.248,2,0
25.167,t2_squeezenet,64.124,33.086,2,0
25.198,t2_squeezenet,94.949,31.171,1,0
25.230,t2_squeezenet,72.810,31.293,0,0
25.490,t2_squeezenet,47.293,42.615,0,0
25.564,t2_squeezenet,35.244,33.517,1,0
25.597,t2_squeezenet,67.471,32.360,0,0
25.675,t2_squeezenet,33.894,32.339,1,0
25.708,t2_squeezenet,65.982,32.999,1,0
25.740,t2_squeezenet,39.095,32.195,0,0
25.808,t2_squeezenet,47.864,42.973,0,0
25.877,t2_squeezenet,33.096,32.889,0,0
25.965,t2_squeezenet,37.341,32.651,0,0
26.315,t2_squeezenet,49.590,46.293,1,0
26.350,t2_squeezenet,62.629,34.950,1,0
26.385,t2_squeezenet,44.429,34.664,2,0
26.419,t2_squeezenet,41.919,34.302,1,0
26.456,t2_squeezenet,73.851,36.732,0,0
26.497,t2_squeezenet,39.988,35.450,3,0
26.532,t2_squeezenet,71.961,35.114,4,0
26.572,t2_squeezenet,109.966,40.043,4,0
26.613,t2_squeezenet,147.475,41.331,3,0
26.651,t2_squeezenet,124.032,37.630,2,0
26.686,t2_squeezenet,156.471,35.530,2,0
26.733,t2_squeezenet,170.510,46.931,1,0
26.762,t2_squeezenet,83.297,29.042,0,0
26.800,t2_squeezenet,36.414,32.866,0,0
26.897,t2_squeezenet,39.188,35.389,0,0
26.936,t2_squeezenet,37.951,34.147,0,0
26.990,t2_squeezenet,36.436,33.837,0,0
27.059,t2_squeezenet,34.757,33.837,1,0
27.097,t2_squeezenet,69.917,37.213,0,0
27.171,t2_squeezenet,30.224,29.147,0,0
27.311,t2_squeezenet,33.982,33.007,0,0
27.350,t2_squeezenet,36.624,33.701,0,0
27.560,t2_squeezenet,43.727,43.078,1,0
27.605,t2_squeezenet,49.396,45.197,0,0
27.725,t2_squeezenet,48.164,43.649,2,0
27.767,t2_squeezenet,89.522,42.069,2,0
27.811,t2_squeezenet,109.899,43.928,1,0
27.858,t2_squeezenet,130.632,47.332,2,0
27.902,t2_squeezenet,86.547,43.903,1,0
27.945,t2_squeezenet,118.093,42.286,1,0
27.992,t2_squeezenet,85.655,47.741,1,0
28.038,t2_squeezenet,84.002,45.615,0,0
28.138,t2_squeezenet,48.884,44.197,1,0
28.182,t2_squeezenet,58.373,43.933,0,0
28.315,t2_squeezenet,32.548,31.563,0,0
28.499,t2_squeezenet,39.014,34.175,0,0
28.581,t2_squeezenet,31.996,31.418,0,0
28.625,t2_squeezenet,38.301,33.688,0,0
28.739,t2_squeezenet,47.811,42.845,1,0
28.786,t2_squeezenet,86.574,47.059,0,0
28.852,t2_squeezenet,31.207,30.940,3,0
28.897,t2_squeezenet,63.862,44.477,3,0
28.942,t2_squeezenet,102.165,45.548,4,0
28.988,t2_squeezenet,138.842,45.470,3,0
29.031,t2_squeezenet,149.689,42.881,3,0
29.074,t2_squeezenet,159.687,43.178,3,0
29.117,t2_squeezenet,188.426,42.663,2,0
29.165,t2_squeezenet,177.109,48.819,2,0
29.209,t2_squeezenet,175.419,43.196,3,0
29.252,t2_squeezenet,127.806,42.963,3,0
29.289,t2_squeezenet,117.356,36.865,4,0
29.321,t2_squeezenet,122.554,32.842,4,0
29.363,t2_squeezenet,131.072,41.354,3,0
29.397,t2_squeezenet,116.320,34.187,2,0
29.429,t2_squeezenet,144.036,32.191,1,0
29.462,t2_squeezenet,169.862,32.184,1,0
29.494,t2_squeezenet,37.713,32.293,1,0
29.525,t2_squeezenet,53.241,31.625,0,0
29.584,t2_squeezenet,46.297,43.422,3,0
29.631,t2_squeezenet,79.242,46.395,4,0
29.679,t2_squeezenet,121.595,48.089,5,0
29.713,t2_squeezenet,136.835,33.815,4,0
29.744,t2_squeezenet,122.466,30.982,3,0
29.776,t2_squeezenet,154.315,32.903,2,0
29.809,t2_squeezenet,174.977,32.889,1,0
29.842,t2_squeezenet,186.042,33.028,1,0
29.885,t2_squeezenet,63.907,42.544,2,0
29.931,t2_squeezenet,67.103,45.737,2,0
29.979,t2_squeezenet,105.924,47.922,2,0
30.016,t2_squeezenet,125.680,37.371,1,0
30.053,t2_squeezenet,112.087,36.240,1,0
30.088,t2_squeezenet,49.456,35.615,0,0
30.133,t2_squeezenet,36.299,35.050,2,0
30.165,t2_squeezenet,43.192,31.182,1,0
30.194,t2_squeezenet,65.191,29.330,0,0
30.260,t2_squeezenet,42.231,41.103,1,0
30.299,t2_squeezenet,51.291,38.806,0,0
30.363,t2_squeezenet,43.919,43.625,0,0
30.412,t2_squeezenet,34.779,34.021,2,0
30.445,t2_squeezenet,55.465,32.620,1,0
30.474,t2_squeezenet,77.561,29.036,0,0
30.555,t2_squeezenet,35.470,35.176,1,0
30.586,t2_squeezenet,61.707,31.587,2,0
30.620,t2_squeezenet,36.071,33.200,2,0
30.651,t2_squeezenet,65.247,31.543,1,0
30.681,t2_squeezenet,86.628,29.575,0,0
30.827,t2_squeezenet,47.153,44.936,1,0
30.865,t2_squeezenet,81.645,37.821,0,0
30.946,t2_squeezenet,30.449,30.015,1,0
30.982,t2_squeezenet,38.055,35.877,2,0
31.016,t2_squeezenet,67.035,34.840,4,0
31.048,t2_squeezenet,95.543,31.364,3,0
31.091,t2_squeezenet,106.405,43.048,3,0
31.128,t2_squeezenet,134.037,37.161,3,0
31.159,t2_squeezenet,162.024,30.991,2,0
31.190,t2_squeezenet,124.282,31.081,2,0
31.222,t2_squeezenet,120.246,32.076,2,0
31.254,t2_squeezenet,81.626,32.055,1,0
31.286,t2_squeezenet,81.298,31.723,0,0
31.355,t2_squeezenet,38.089,33.155,0,0
31.440,t2_squeezenet,30.167,29.850,0,0
31.502,t2_squeezenet,35.357,30.898,0,0
31.541,t2_squeezenet,35.940,34.182,0,0
31.593,t2_squeezenet,37.537,36.897,1,0
31.628,t2_squeezenet,38.081,35.492,0,0
31.684,t2_squeezenet,32.035,29.698,1,0
31.713,t2_squeezenet,30.668,29.406,0,0
31.764,t2_squeezenet,36.188,35.456,0,0
31.884,t2_squeezenet,29.935,29.130,0,0
31.923,t2_squeezenet,30.230,29.060,0,0
31.984,t2_squeezenet,33.531,30.233,0,0
32.048,t2_squeezenet,30.212,29.037,1,0
32.084,t2_squeezenet,38.205,35.951,1,0
32.115,t2_squeezenet,42.034,30.647,0,0
32.159,t2_squeezenet,33.703,29.060,1,0
32.196,t2_squeezenet,41.043,36.610,0,0
32.230,t2_squeezenet,29.606,29.575,1,0
32.262,t2_squeezenet,41.265,31.799,0,0
32.302,t2_squeezenet,34.738,34.517,0,0
32.371,t2_squeezenet,32.959,29.193,2,0
32.400,t2_squeezenet,50.322,28.986,2,0
32.429,t2_squeezenet,71.224,28.999,3,0
32.460,t2_squeezenet,85.646,30.401,3,0
32.489,t2_squeezenet,81.769,29.057,2,0
32.525,t2_squeezenet,101.387,35.600,1,0
32.554,t2_squeezenet,96.084,29.670,0,0
32.595,t2_squeezenet,35.341,30.512,0,0
32.638,t2_squeezenet,36.445,33.366,1,0
32.674,t2_squeezenet,36.925,35.521,0,0
32.745,t2_squeezenet,31.189,30.509,0,0
32.854,t2_squeezenet,34.495,32.754,3,0
32.884,t2_squeezenet,44.606,30.308,3,0
32.923,t2_squeezenet,82.200,38.827,3,0
32.969,t2_squeezenet,128.052,46.271,4,0
33.010,t2_squeezenet,127.751,40.634,3,0
33.041,t2_squeezenet,138.834,31.380,2,0
33.073,t2_squeezenet,128.755,31.479,1,0
33.117,t2_squeezenet,150.473,43.708,0,0
33.187,t2_squeezenet,30.480,29.994,0,0
33.330,t2_squeezenet,41.482,36.731,1,0
33.363,t2_squeezenet,56.335,32.364,1,0
33.394,t2_squeezenet,36.742,30.633,1,0
33.434,t2_squeezenet,45.922,40.675,0,0
33.566,t2_squeezenet,38.178,34.858,2,0
33.604,t2_squeezenet,73.000,38.724,3,0
33.643,t2_squeezenet,106.243,38.714,2,0
33.675,t2_squeezenet,103.556,32.434,1,0
33.707,t2_squeezenet,108.881,31.741,0,0
33.846,t2_squeezenet,49.600,48.020,0,0
33.919,t2_squeezenet,46.549,41.999,0,0
33.976,t2_squeezenet,50.660,46.475,1,0
34.023,t2_squeezenet,94.778,47.015,2,0
34.059,t2_squeezenet,57.552,36.395,2,0
34.091,t2_squeezenet,68.078,31.501,1,0
34.135,t2_squeezenet,102.038,44.718,0,0
34.271,t2_squeezenet,45.961,44.472,2,0
34.310,t2_squeezenet,44.838,39.124,1,0
34.342,t2_squeezenet,76.079,32.104,0,0
34.379,t2_squeezenet,34.125,31.406,0,0
34.441,t2_squeezenet,35.703,32.265,2,0
34.487,t2_squeezenet,73.081,45.878,1,0
34.532,t2_squeezenet,96.979,44.511,1,0
34.574,t2_squeezenet,78.381,42.479,0,0
34.626,t2_squeezenet,47.281,46.689,2,0
34.673,t2_squeezenet,71.577,47.051,3,0
34.717,t2_squeezenet,92.858,43.192,2,0
34.760,t2_squeezenet,123.205,43.463,2,0
34.802,t2_squeezenet,160.071,41.558,3,0
34.848,t2_squeezenet,93.196,46.291,2,0
34.896,t2_squeezenet,134.423,48.021,2,0
34.939,t2_squeezenet,138.731,42.505,2,0
34.983,t2_squeezenet,98.704,43.848,1,0
35.030,t2_squeezenet,119.914,47.735,0,0
35.166,t2_squeezenet,49.875,44.824,1,0
35.213,t2_squeezenet,74.646,46.717,0,0
35.288,t2_squeezenet,35.806,33.543,0,0
35.369,t2_squeezenet,47.908,46.484,0,0
35.446,t2_squeezenet,33.548,30.920,1,0
35.478,t2_squeezenet,59.745,31.726,1,0
35.511,t2_squeezenet,41.167,33.427,1,0
35.544,t2_squeezenet,48.558,32.592,1,0
35.574,t2_squeezenet,41.647,30.393,0,0
35.692,t2_squeezenet,33.252,31.557,0,0
35.784,t2_squeezenet,49.965,46.296,0,0
35.944,t2_squeezenet,44.194,43.284,0,0
36.065,t2_squeezenet,36.540,34.905,1,0
36.107,t2_squeezenet,68.533,41.965,0,0
36.211,t2_squeezenet,33.508,33.321,1,0
36.242,t2_squeezenet,32.172,30.792,0,0
36.340,t2_squeezenet,36.233,32.722,1,0
36.370,t2_squeezenet,64.856,30.094,1,0
36.406,t2_squeezenet,59.530,35.503,0,0
36.529,t2_squeezenet,46.029,42.081,0,0
36.571,t2_squeezenet,36.557,31.519,1,0
36.602,t2_squeezenet,40.664,31.557,1,0
36.635,t2_squeezenet,56.430,32.458,1,0
36.667,t2_squeezenet,40.333,32.549,0,0
36.734,t2_squeezenet,34.651,31.649,1,0
36.766,t2_squeezenet,62.931,32.014,0,0
36.834,t2_squeezenet,38.405,37.192,0,0
36.943,t2_squeezenet,52.705,47.910,0,0
37.000,t2_squeezenet,49.136,46.803,2,0
37.043,t2_squeezenet,91.390,43.283,2,0
37.087,t2_squeezenet,124.919,44.350,3,0
37.132,t2_squeezenet,91.395,44.787,4,0
37.180,t2_squeezenet,135.339,47.195,4,0
37.217,t2_squeezenet,142.692,37.379,4,0
37.247,t2_squeezenet,158.008,30.228,4,0
37.278,t2_squeezenet,148.365,30.856,5,0
37.311,t2_squeezenet,173.672,33.112,4,0
37.344,t2_squeezenet,156.050,32.452,4,0
37.373,t2_squeezenet,151.573,28.968,4,0
37.402,t2_squeezenet,144.637,29.293,3,0
37.438,t2_squeezenet,178.350,35.707,2,0
37.478,t2_squeezenet,153.005,39.852,2,0
37.520,t2_squeezenet,158.348,42.171,3,0
37.568,t2_squeezenet,116.051,48.104,3,0
37.614,t2_squeezenet,118.167,45.527,3,0
37.649,t2_squeezenet,150.302,35.213,3,0
37.688,t2_squeezenet,144.840,39.355,2,0
37.733,t2_squeezenet,126.394,45.171,1,0
37.777,t2_squeezenet,138.238,43.447,0,0
38.006,t2_squeezenet,35.954,31.238,0,0
38.101,t2_squeezenet,31.818,29.691,0,0
38.182,t2_squeezenet,36.031,35.136,0,0
38.274,t2_squeezenet,43.220,41.281,0,0
38.355,t2_squeezenet,46.418,45.488,2,0
38.400,t2_squeezenet,78.016,45.297,3,0
38.441,t2_squeezenet,92.580,41.289,2,0
38.477,t2_squeezenet,102.778,35.636,1,0
38.516,t2_squeezenet,139.408,39.033,2,0
38.547,t2_squeezenet,61.700,30.521,1,0
38.580,t2_squeezenet,92.831,32.900,1,0
38.613,t2_squeezenet,59.427,33.423,2,0
38.645,t2_squeezenet,59.700,31.840,2,0
38.678,t2_squeezenet,80.173,32.615,3,0
38.721,t2_squeezenet,100.340,43.591,3,0
38.767,t2_squeezenet,120.198,45.302,2,0
38.812,t2_squeezenet,135.536,45.758,3,0
38.850,t2_squeezenet,154.201,37.214,2,0
38.891,t2_squeezenet,106.416,41.301,2,0
38.932,t2_squeezenet,124.780,41.371,2,0
38.977,t2_squeezenet,89.657,44.915,1,0
39.020,t2_squeezenet,114.510,42.819,1,0
39.063,t2_squeezenet,48.632,42.619,0,0
39.124,t2_squeezenet,37.927,36.100,0,0
39.211,t2_squeezenet,36.574,36.119,0,0
39.257,t2_squeezenet,38.968,35.805,0,0
39.338,t2_squeezenet,36.258,35.847,0,0
39.419,t2_squeezenet,38.679,34.900,0,0
39.664,t2_squeezenet,33.551,32.237,1,0
39.694,t2_squeezenet,40.718,30.597,1,0
39.732,t2_squeezenet,43.754,38.017,0,0
39.769,t2_squeezenet,32.906,31.122,2,0
39.806,t2_squeezenet,66.038,36.823,1,0
39.852,t2_squeezenet,105.825,46.456,2,0
39.899,t2_squeezenet,59.615,47.005,1,0
39.941,t2_squeezenet,100.047,42.264,0,0
40.035,t2_squeezenet,35.149,32.562,0,0
40.086,t2_squeezenet,43.889,41.157,0,0
40.316,t2_squeezenet,35.842,32.129,0,0
40.381,t2_squeezenet,33.756,29.822,2,0
40.410,t2_squeezenet,49.550,29.074,3,0
40.445,t2_squeezenet,78.876,34.759,2,0
40.477,t2_squeezenet,89.494,31.480,2,0
40.506,t2_squeezenet,115.298,29.673,1,0
40.536,t2_squeezenet,73.961,29.217,0,0
40.589,t2_squeezenet,34.392,33.388,1,0
40.625,t2_squeezenet,62.535,35.497,0,0
40.698,t2_squeezenet,33.990,33.018,0,0
40.774,t2_squeezenet,33.979,29.740,0,0
40.823,t2_squeezenet,29.206,29.074,0,0
40.883,t2_squeezenet,33.874,29.526,0,0
41.064,t2_squeezenet,33.676,29.081,1,0
41.094,t2_squeezenet,33.786,30.087,0,0
41.365,t2_squeezenet,33.613,33.510,0,0
41.506,t2_squeezenet,39.364,34.851,2,0
41.542,t2_squeezenet,71.377,36.054,2,0
41.577,t2_squeezenet,106.146,34.969,1,0
41.611,t2_squeezenet,71.712,33.850,0,0
41.672,t2_squeezenet,32.177,30.672,1,0
41.703,t2_squeezenet,62.461,30.945,0,0
41.758,t2_squeezenet,36.649,34.084,0,0
41.819,t2_squeezenet,32.098,30.318,2,0
41.848,t2_squeezenet,54.758,29.263,2,0
41.878,t2_squeezenet,66.068,29.966,2,0
41.907,t2_squeezenet,65.662,29.586,1,0
41.943,t2_squeezenet,71.136,35.441,0,0
42.039,t2_squeezenet,40.055,35.840,2,0
42.075,t2_squeezenet,47.516,35.984,1,0
42.110,t2_squeezenet,76.822,34.879,0,0
42.168,t2_squeezenet,37.964,37.260,1,0
42.203,t2_squeezenet,66.965,35.275,0,0
42.247,t2_squeezenet,37.954,33.528,0,0
42.343,t2_squeezenet,38.404,35.420,1,0
42.380,t2_squeezenet,68.515,37.232,2,0
42.425,t2_squeezenet,72.696,44.800,1,0
42.468,t2_squeezenet,95.938,42.889,0,0
42.579,t2_squeezenet,35.976,34.925,0,0
42.624,t2_squeezenet,37.332,34.951,0,0
42.705,t2_squeezenet,32.911,29.842,1,0
42.734,t2_squeezenet,55.611,29.013,0,0
42.782,t2_squeezenet,34.034,33.277,0,0
42.886,t2_squeezenet,43.456,42.632,1,0
42.931,t2_squeezenet,75.604,45.227,0,0
43.031,t2_squeezenet,34.852,34.292,0,0
43.161,t2_squeezenet,37.705,33.998,1,0
43.191,t2_squeezenet,37.352,29.627,0,0
43.448,t2_squeezenet,39.354,38.778,1,0
43.491,t2_squeezenet,63.514,42.992,2,0
43.533,t2_squeezenet,62.621,42.039,1,0
43.585,t2_squeezenet,96.031,52.031,2,0
43.627,t2_squeezenet,63.879,42.233,1,0
43.672,t2_squeezenet,100.788,44.569,2,0
43.718,t2_squeezenet,81.341,46.481,4,0
43.766,t2_squeezenet,119.968,47.349,6,0
43.811,t2_squeezenet,131.582,44.956,6,0
43.854,t2_squeezenet,161.070,43.700,6,0
43.897,t2_squeezenet,185.222,43.040,5,0
43.944,t2_squeezenet,216.927,46.331,4,0
43.985,t2_squeezenet,256.070,41.577,4,0
44.020,t2_squeezenet,258.461,35.005,4,0
44.057,t2_squeezenet,262.985,36.233,3,0
44.094,t2_squeezenet,245.483,36.829,2,0
44.129,t2_squeezenet,164.872,35.383,1,0
44.160,t2_squeezenet,156.206,30.660,0,0
44.231,t2_squeezenet,40.345,36.247,0,0
44.286,t2_squeezenet,38.848,34.582,1,0
44.323,t2_squeezenet,70.386,36.316,1,0
44.357,t2_squeezenet,47.800,34.842,3,0
44.392,t2_squeezenet,69.430,34.799,2,0
44.428,t2_squeezenet,104.958,35.596,1,0
44.466,t2_squeezenet,119.299,38.293,0,0
44.523,t2_squeezenet,42.121,41.081,1,0
44.569,t2_squeezenet,50.103,46.536,4,0
44.602,t2_squeezenet,74.162,32.966,3,0
44.631,t2_squeezenet,88.337,29.049,2,0
44.665,t2_squeezenet,100.115,33.227,2,0
44.697,t2_squeezenet,127.539,32.002,1,0
44.728,t2_squeezenet,83.372,31.816,1,0
44.768,t2_squeezenet,46.487,39.420,0,0
44.911,t2_squeezenet,44.552,41.755,1,0
44.956,t2_squeezenet,59.424,45.345,0,0
45.054,t2_squeezenet,45.107,41.829,1,0
45.099,t2_squeezenet,71.693,44.832,0,0
45.210,t2_squeezenet,45.850,43.921,1,0
45.256,t2_squeezenet,81.262,45.690,1,0
45.300,t2_squeezenet,77.228,44.066,1,0
45.348,t2_squeezenet,66.149,48.308,1,0
45.393,t2_squeezenet,78.923,44.774,0,0
45.489,t2_squeezenet,36.301,35.697,0,0
45.587,t2_squeezenet,31.689,31.307,0,0
45.636,t2_squeezenet,38.575,34.086,1,0
45.678,t2_squeezenet,70.364,42.448,0,0
45.734,t2_squeezenet,44.025,40.799,1,0
45.779,t2_squeezenet,86.048,44.548,0,0
45.832,t2_squeezenet,48.188,47.689,1,0
45.877,t2_squeezenet,86.441,44.834,0,0
45.967,t2_squeezenet,36.306,34.113,1,0
46.005,t2_squeezenet,54.172,38.801,2,0
46.045,t2_squeezenet,76.278,39.721,2,0
46.076,t2_squeezenet,103.833,30.808,1,0
46.108,t2_squeezenet,100.012,32.161,1,0
46.143,t2_squeezenet,63.926,34.864,0,0
46.200,t2_squeezenet,42.804,41.471,0,0
46.262,t2_squeezenet,40.427,37.043,1,0
46.296,t2_squeezenet,38.822,34.059,1,0
46.326,t2_squeezenet,49.754,29.176,1,0
46.355,t2_squeezenet,48.826,28.977,0,0
46.405,t2_squeezenet,34.590,29.820,1,0
46.434,t2_squeezenet,50.309,29.060,0,0
46.594,t2_squeezenet,31.457,29.068,0,0
46.651,t2_squeezenet,39.775,36.710,2,0
46.683,t2_squeezenet,48.738,31.665,1,0
46.718,t2_squeezenet,76.541,35.027,0,0
46.753,t2_squeezenet,34.144,29.657,2,0
46.782,t2_squeezenet,47.710,29.480,2,0
46.818,t2_squeezenet,73.586,35.353,1,0
46.853,t2_squeezenet,90.509,35.340,0,0
46.898,t2_squeezenet,33.827,30.159,0,0
46.960,t2_squeezenet,40.221,36.295,2,0
46.995,t2_squeezenet,58.263,35.121,2,0
47.039,t2_squeezenet,81.248,43.967,2,0
47.081,t2_squeezenet,119.661,41.470,2,0
47.120,t2_squeezenet,102.938,39.448,3,0
47.154,t2_squeezenet,76.827,33.822,3,0
47.187,t2_squeezenet,105.128,32.975,2,0
47.218,t2_squeezenet,124.712,30.265,1,0
47.249,t2_squeezenet,102.627,31.125,1,0
47.294,t2_squeezenet,52.906,45.718,1,0
47.337,t2_squeezenet,87.172,42.918,1,0
47.379,t2_squeezenet,63.550,41.536,0,0
47.446,t2_squeezenet,50.547,46.425,0,0
47.500,t2_squeezenet,37.307,33.943,1,0
47.544,t2_squeezenet,69.709,43.302,0,0
47.637,t2_squeezenet,33.886,32.931,1,0
47.670,t2_squeezenet,49.513,32.246,0,0
47.739,t2_squeezenet,44.561,43.994,1,0
47.771,t2_squeezenet,34.364,32.505,0,0
47.868,t2_squeezenet,32.802,31.045,1,0
47.901,t2_squeezenet,56.407,32.507,0,0
48.006,t2_squeezenet,34.974,34.463,0,0
48.045,t2_squeezenet,37.457,33.672,2,0
48.083,t2_squeezenet,54.348,37.951,1,0
48.123,t2_squeezenet,91.835,39.938,0,0
48.225,t2_squeezenet,46.835,45.867,3,0
48.271,t2_squeezenet,90.835,45.758,4,0
48.316,t2_squeezenet,107.931,44.689,3,0
48.360,t2_squeezenet,149.477,44.016,4,0
48.405,t2_squeezenet,172.127,45.349,3,0
48.449,t2_squeezenet,188.415,43.276,2,0
48.479,t2_squeezenet,147.605,30.376,2,0
48.510,t2_squeezenet,150.145,30.766,1,0
48.553,t2_squeezenet,93.437,43.358,0,0
48.610,t2_squeezenet,35.504,31.500,0,0
48.660,t2_squeezenet,35.738,34.939,0,0
48.744,t2_squeezenet,45.746,43.303,1,0
48.783,t2_squeezenet,64.079,38.686,0,0
48.836,t2_squeezenet,49.346,47.671,1,0
48.872,t2_squeezenet,75.249,36.553,0,0
48.931,t2_squeezenet,37.433,33.716,2,0
48.976,t2_squeezenet,69.924,44.694,1,0
49.018,t2_squeezenet,94.774,42.055,1,0
49.053,t2_squeezenet,69.504,35.385,0,0
49.140,t2_squeezenet,34.870,30.940,0,0
49.335,t2_squeezenet,45.460,42.314,1,0
49.368,t2_squeezenet,36.120,33.212,0,0
49.481,t2_squeezenet,44.890,42.251,2,0
49.527,t2_squeezenet,84.431,45.633,1,0
49.570,t2_squeezenet,106.912,42.949,1,0
49.616,t2_squeezenet,83.165,46.578,1,0
49.652,t2_squeezenet,62.797,35.530,0,0
49.797,t2_squeezenet,44.439,44.066,3,0
49.848,t2_squeezenet,77.391,50.537,3,0
49.892,t2_squeezenet,108.715,44.030,3,0
49.934,t2_squeezenet,144.205,42.303,4,0
49.981,t2_squeezenet,137.226,46.274,5,0
50.029,t2_squeezenet,145.731,48.435,4,0
50.073,t2_squeezenet,180.526,43.667,4,0
50.118,t2_squeezenet,213.403,44.792,3,0
50.160,t2_squeezenet,218.811,42.881,3,0
50.206,t2_squeezenet,246.688,45.895,3,0
50.253,t2_squeezenet,188.340,46.509,3,0
50.295,t2_squeezenet,134.409,41.714,2,0
50.338,t2_squeezenet,171.703,43.332,2,0
50.388,t2_squeezenet,144.480,49.436,1,0
50.435,t2_squeezenet,105.050,46.895,1,0
50.479,t2_squeezenet,87.550,44.502,2,0
50.524,t2_squeezenet,79.460,44.777,2,0
50.568,t2_squeezenet,101.109,44.076,3,0
50.617,t2_squeezenet,101.478,49.359,2,0
50.660,t2_squeezenet,119.040,42.900,1,0
50.703,t2_squeezenet,139.924,42.620,1,0
50.746,t2_squeezenet,65.563,43.305,0,0
50.845,t2_squeezenet,46.394,42.751,0,0
51.132,t2_squeezenet,32.721,32.049,2,0
51.164,t2_squeezenet,44.192,31.815,1,0
51.208,t2_squeezenet,87.344,43.774,0,0
51.254,t2_squeezenet,31.305,31.016,2,0
51.289,t2_squeezenet,58.848,35.254,2,0
51.325,t2_squeezenet,91.378,35.866,1,0
51.360,t2_squeezenet,86.812,35.062,0,0
51.405,t2_squeezenet,37.854,34.752,0,0
51.456,t2_squeezenet,40.185,35.445,0,0
51.491,t2_squeezenet,35.233,30.362,1,0
51.521,t2_squeezenet,49.231,30.096,0,0
51.581,t2_squeezenet,30.376,29.129,0,0
51.632,t2_squeezenet,39.281,36.398,1,0
51.673,t2_squeezenet,78.263,40.924,2,0
51.716,t2_squeezenet,59.858,42.541,2,0
51.765,t2_squeezenet,99.921,49.173,2,0
51.802,t2_squeezenet,108.945,36.478,4,0
51.833,t2_squeezenet,79.265,30.829,3,0
51.875,t2_squeezenet,85.736,42.083,3,0
51.926,t2_squeezenet,133.070,50.877,4,0
51.961,t2_squeezenet,165.318,35.811,3,0
51.992,t2_squeezenet,148.746,30.279,3,0
52.024,t2_squeezenet,137.024,32.438,3,0
52.058,t2_squeezenet,143.685,33.326,4,0
52.090,t2_squeezenet,121.387,32.369,4,0
52.125,t2_squeezenet,123.446,34.761,3,0
52.166,t2_squeezenet,131.638,41.295,5,0
52.210,t2_squeezenet,155.564,43.440,6,0
52.246,t2_squeezenet,161.899,35.934,5,0
52.290,t2_squeezenet,155.777,43.980,5,0
52.324,t2_squeezenet,179.074,34.036,5,0
52.355,t2_squeezenet,203.667,31.794,5,0
52.388,t2_squeezenet,208.691,32.343,5,0
52.421,t2_squeezenet,239.294,32.859,5,0
52.456,t2_squeezenet,170.260,35.285,4,0
52.496,t2_squeezenet,201.876,39.692,3,0
52.542,t2_squeezenet,204.718,46.148,2,0
52.590,t2_squeezenet,220.272,48.157,2,0
52.624,t2_squeezenet,236.074,34.220,1,0
52.655,t2_squeezenet,104.088,30.639,0,0
52.733,t2_squeezenet,42.676,42.405,1,0
52.764,t2_squeezenet,42.289,31.132,0,0
52.828,t2_squeezenet,37.838,32.844,3,0
52.868,t2_squeezenet,74.647,40.738,4,0
52.908,t2_squeezenet,92.511,39.229,4,0
52.940,t2_squeezenet,115.854,32.531,4,0
52.985,t2_squeezenet,148.660,44.691,3,0
53.031,t2_squeezenet,175.098,46.454,4,0
53.082,t2_squeezenet,198.812,49.970,4,0
53.114,t2_squeezenet,206.111,32.628,3,0
53.145,t2_squeezenet,129.827,30.759,3,0
53.189,t2_squeezenet,165.934,43.787,3,0
53.237,t2_squeezenet,200.729,48.569,3,0
53.274,t2_squeezenet,139.304,36.361,2,0
53.304,t2_squeezenet,116.711,30.689,2,0
53.350,t2_squeezenet,157.764,45.119,1,0
53.396,t2_squeezenet,115.265,46.773,1,0
53.441,t2_squeezenet,45.434,44.054,2,0
53.478,t2_squeezenet,72.292,37.821,1,0
53.510,t2_squeezenet,98.353,31.371,0,0
53.552,t2_squeezenet,34.362,32.457,0,0
53.634,t2_squeezenet,43.103,40.708,0,0
53.855,t2_squeezenet,36.935,34.268,0,0
53.932,t2_squeezenet,35.722,31.667,0,0
54.138,t2_squeezenet,40.685,38.319,1,0
54.169,t2_squeezenet,48.675,30.492,1,0
54.212,t2_squeezenet,55.781,43.085,2,0
54.256,t2_squeezenet,59.729,43.798,1,0
54.296,t2_squeezenet,98.491,40.042,1,0
54.336,t2_squeezenet,78.805,40.758,0,0
54.433,t2_squeezenet,47.246,45.306,0,0
54.640,t2_squeezenet,48.077,45.275,0,0
54.694,t2_squeezenet,43.593,43.330,2,0
54.739,t2_squeezenet,74.162,45.079,2,0
54.791,t2_squeezenet,97.879,51.671,2,0
54.824,t2_squeezenet,90.920,33.479,1,0
54.855,t2_squeezenet,68.068,30.720,1,0
54.898,t2_squeezenet,52.890,42.662,0,0
54.942,t2_squeezenet,40.590,39.117,0,0
55.003,t2_squeezenet,35.150,30.696,1,0
55.035,t2_squeezenet,54.727,32.475,1,0
55.069,t2_squeezenet,58.954,33.735,2,0
55.101,t2_squeezenet,63.858,31.858,2,0
55.131,t2_squeezenet,84.095,30.268,2,0
55.176,t2_squeezenet,87.546,44.989,1,0
55.223,t2_squeezenet,99.473,46.296,0,0
55.385,t2_squeezenet,46.875,45.428,0,0
55.446,t2_squeezenet,44.835,44.590,2,0
55.489,t2_squeezenet,53.565,42.674,2,0
55.535,t2_squeezenet,93.569,45.994,4,0
55.573,t2_squeezenet,87.353,38.471,3,0
55.619,t2_squeezenet,116.525,45.408,3,0
55.649,t2_squeezenet,132.143,30.420,2,0
55.682,t2_squeezenet,151.059,32.717,3,0
55.714,t2_squeezenet,135.665,32.436,3,0
55.751,t2_squeezenet,94.731,36.392,2,0
55.791,t2_squeezenet,124.292,40.254,2,0
55.823,t2_squeezenet,139.483,31.854,1,0
55.867,t2_squeezenet,113.062,43.917,0,0
55.905,t2_squeezenet,34.297,33.221,1,0
55.939,t2_squeezenet,43.673,33.316,1,0
55.980,t2_squeezenet,52.907,41.821,0,0
56.114,t2_squeezenet,45.722,41.952,0,0
56.203,t2_squeezenet,51.807,48.720,1,0
56.248,t2_squeezenet,85.556,44.420,0,0
56.405,t2_squeezenet,37.128,35.269,1,0
56.436,t2_squeezenet,51.008,31.186,2,0
56.469,t2_squeezenet,37.344,32.807,1,0
56.501,t2_squeezenet,69.377,32.256,1,0
56.534,t2_squeezenet,56.972,32.303,0,0
56.731,t2_squeezenet,41.882,40.560,0,0
56.833,t2_squeezenet,31.856,30.251,0,0
56.908,t2_squeezenet,36.480,34.764,1,0
56.940,t2_squeezenet,42.227,31.796,1,0
56.984,t2_squeezenet,57.504,43.632,1,0
57.023,t2_squeezenet,83.274,39.688,1,0
57.067,t2_squeezenet,61.511,43.439,1,0
57.111,t2_squeezenet,75.116,44.077,1,0
57.149,t2_squeezenet,63.190,38.590,0,0
57.197,t2_squeezenet,36.562,32.815,0,0
57.303,t2_squeezenet,44.279,43.587,0,0
57.355,t2_squeezenet,38.157,37.388,1,0
57.386,t2_squeezenet,56.947,30.243,0,0
57.420,t2_squeezenet,32.616,29.027,0,0
57.476,t2_squeezenet,38.143,36.077,0,0
57.607,t2_squeezenet,38.491,34.699,0,0
57.663,t2_squeezenet,35.712,35.645,1,0
57.699,t2_squeezenet,41.165,35.669,0,0
57.786,t2_squeezenet,33.997,31.631,1,0
57.823,t2_squeezenet,39.613,37.482,0,0
57.887,t2_squeezenet,35.668,32.626,0,0
57.933,t2_squeezenet,36.366,31.425,1,0
57.965,t2_squeezenet,57.844,32.256,0,0
58.293,t2_squeezenet,30.985,29.159,2,0
58.327,t2_squeezenet,59.418,33.811,1,0
58.359,t2_squeezenet,81.306,31.472,0,0
58.444,t2_squeezenet,32.600,29.183,2,0
58.472,t2_squeezenet,51.533,28.927,1,0
58.503,t2_squeezenet,81.549,30.189,0,0
58.624,t2_squeezenet,39.747,35.654,0,0
58.734,t2_squeezenet,36.421,34.124,2,0
58.769,t2_squeezenet,65.086,34.225,1,0
58.804,t2_squeezenet,93.519,35.084,0,0
58.927,t2_squeezenet,36.982,32.297,0,0
58.993,t2_squeezenet,40.359,35.703,0,0
59.037,t2_squeezenet,42.843,38.368,1,0
59.068,t2_squeezenet,58.694,30.886,0,0
59.178,t2_squeezenet,38.109,34.006,0,0
59.222,t2_squeezenet,30.141,28.993,0,0
59.422,t2_squeezenet,32.965,32.898,1,0
59.454,t2_squeezenet,44.211,32.424,1,0
59.488,t2_squeezenet,61.083,33.719,4,0
59.532,t2_squeezenet,74.702,44.189,4,0
59.575,t2_squeezenet,116.740,43.033,3,0
59.610,t2_squeezenet,144.920,34.219,2,0
59.654,t2_squeezenet,174.085,44.022,2,0
59.690,t2_squeezenet,162.254,36.607,3,0
59.725,t2_squeezenet,83.368,34.590,2,0
59.756,t2_squeezenet,81.727,31.304,2,0
59.787,t2_squeezenet,100.393,30.957,2,0
59.819,t2_squeezenet,72.336,32.109,1,0
59.853,t2_squeezenet,89.394,33.241,1,0
59.882,t2_squeezenet,35.751,28.991,1,0
59.912,t2_squeezenet,44.582,30.835,1,0
59.950,t2_squeezenet,51.126,37.964,0,0
60.079,t2_squeezenet,45.048,42.619,2,0
60.109,t2_squeezenet,47.400,29.940,1,0
60.145,t2_squeezenet,76.346,35.696,1,0
60.190,t2_squeezenet,70.890,45.429,0,0
60.248,t2_squeezenet,32.956,32.156,0,0
60.421,t2_squeezenet,40.666,36.589,0,0
60.501,t2_squeezenet,37.856,34.435,1,0
60.534,t2_squeezenet,48.307,32.571,0,0
60.640,t2_squeezenet,36.505,35.588,0,0
60.693,t2_squeezenet,36.950,31.991,1,0
60.722,t2_squeezenet,56.400,29.072,0,0
60.777,t2_squeezenet,36.308,35.352,0,0
60.827,t2_squeezenet,39.100,34.513,1,0
60.857,t2_squeezenet,50.873,29.297,1,0
60.886,t2_squeezenet,56.995,28.981,1,0
60.915,t2_squeezenet,35.584,29.822,1,0
60.948,t2_squeezenet,35.849,32.330,0,0
61.038,t2_squeezenet,33.246,29.825,2,0
61.068,t2_squeezenet,59.876,29.955,2,0
61.097,t2_squeezenet,84.046,29.069,2,0
61.126,t2_squeezenet,82.115,29.016,2,0
61.157,t2_squeezenet,63.564,31.122,2,0
61.189,t2_squeezenet,67.134,31.301,1,0
61.220,t2_squeezenet,90.720,31.039,0,0
61.349,t2_squeezenet,44.838,42.779,1,0
61.391,t2_squeezenet,82.339,41.719,0,0
61.442,t2_squeezenet,47.791,46.619,0,0
61.521,t2_squeezenet,35.114,33.473,1,0
61.553,t2_squeezenet,48.519,31.432,0,0
61.642,t2_squeezenet,47.103,43.518,2,0
61.674,t2_squeezenet,60.168,31.822,2,0
61.710,t2_squeezenet,95.934,36.035,2,0
61.752,t2_squeezenet,107.703,42.385,3,0
61.799,t2_squeezenet,99.212,46.867,2,0
61.841,t2_squeezenet,111.095,41.927,1,0
61.877,t2_squeezenet,139.707,35.719,1,0
61.912,t2_squeezenet,63.897,34.497,0,0
61.982,t2_squeezenet,35.728,34.909,0,0
62.043,t2_squeezenet,38.683,35.469,1,0
62.080,t2_squeezenet,37.809,37.067,1,0
62.115,t2_squeezenet,45.102,34.750,0,0
62.261,t2_squeezenet,37.591,35.139,1,0
62.294,t2_squeezenet,37.643,32.368,0,0
62.363,t2_squeezenet,30.626,29.284,0,0
62.438,t2_squeezenet,31.899,29.540,1,0
62.468,t2_squeezenet,30.823,29.515,0,0
62.523,t2_squeezenet,35.964,35.278,1,0
62.554,t2_squeezenet,32.668,30.220,1,0
62.583,t2_squeezenet,33.866,29.424,0,0
62.644,t2_squeezenet,39.507,35.780,1,0
62.677,t2_squeezenet,52.523,32.697,0,0
62.980,t2_squeezenet,37.432,34.863,0,0
63.077,t2_squeezenet,32.908,31.066,0,0
63.248,t2_squeezenet,29.194,29.112,2,0
63.277,t2_squeezenet,44.266,28.993,1,0
63.312,t2_squeezenet,69.704,35.188,3,0
63.348,t2_squeezenet,67.382,35.815,3,0
63.379,t2_squeezenet,91.937,30.831,3,0
63.408,t2_squeezenet,101.951,29.007,2,0
63.438,t2_squeezenet,96.933,29.522,2,0
63.467,t2_squeezenet,93.736,29.409,1,0
63.496,t2_squeezenet,70.832,29.031,1,0
63.525,t2_squeezenet,41.271,28.987,1,0
63.554,t2_squeezenet,34.242,28.957,1,0
63.590,t2_squeezenet,39.134,35.914,0,0
63.650,t2_squeezenet,38.516,34.169,0,0
63.690,t2_squeezenet,35.647,35.209,1,0
63.726,t2_squeezenet,63.201,35.753,0,0
63.776,t2_squeezenet,39.995,35.468,0,0
63.816,t2_squeezenet,36.957,34.482,0,0
63.872,t2_squeezenet,45.345,41.046,3,0
63.914,t2_squeezenet,80.085,41.918,3,0
63.960,t2_squeezenet,101.946,46.068,4,0
64.007,t2_squeezenet,143.401,46.277,4,0
64.053,t2_squeezenet,146.360,46.104,5,0
64.096,t2_squeezenet,177.355,42.746,6,0
64.139,t2_squeezenet,200.514,43.249,7,0
64.184,t2_squeezenet,183.735,45.147,7,0
64.229,t2_squeezenet,194.891,45.116,8,0
64.265,t2_squeezenet,220.978,35.522,7,0
64.300,t2_squeezenet,226.259,35.632,7,0
64.331,t2_squeezenet,249.221,30.612,6,0
64.361,t2_squeezenet,249.208,29.401,5,0
64.401,t2_squeezenet,274.991,40.861,5,0
64.434,t2_squeezenet,279.964,32.545,4,0
64.466,t2_squeezenet,278.737,32.069,4,0
64.500,t2_squeezenet,299.311,33.364,5,0
64.531,t2_squeezenet,263.932,31.356,4,0
64.560,t2_squeezenet,179.089,29.044,5,0
64.590,t2_squeezenet,131.604,29.592,6,0
64.619,t2_squeezenet,144.945,29.435,5,0
64.650,t2_squeezenet,165.861,30.602,4,0
64.692,t2_squeezenet,150.352,41.809,3,0
64.723,t2_squeezenet,181.579,31.708,4,0
64.756,t2_squeezenet,195.302,32.459,5,0
64.801,t2_squeezenet,221.328,45.707,4,0
64.841,t2_squeezenet,133.070,39.208,3,0
64.877,t2_squeezenet,163.358,36.009,4,0
64.908,t2_squeezenet,170.447,31.171,3,0
64.937,t2_squeezenet,198.340,28.955,3,0
64.966,t2_squeezenet,118.050,29.460,2,0
64.996,t2_squeezenet,142.395,29.566,2,0
65.029,t2_squeezenet,99.727,33.247,2,0
65.069,t2_squeezenet,98.089,40.166,1,0
65.113,t2_squeezenet,106.177,43.751,0,0
65.215,t2_squeezenet,48.751,45.958,2,0
65.258,t2_squeezenet,89.294,42.362,3,0
65.300,t2_squeezenet,107.409,41.884,3,0
65.344,t2_squeezenet,121.189,44.440,2,0
65.392,t2_squeezenet,135.180,47.601,2,0
65.428,t2_squeezenet,136.119,35.913,4,0
65.464,t2_squeezenet,116.274,36.295,3,0
65.508,t2_squeezenet,116.081,44.164,4,0
65.550,t2_squeezenet,152.918,42.034,3,0
65.594,t2_squeezenet,181.680,43.597,3,0
65.643,t2_squeezenet,171.958,48.550,2,0
65.679,t2_squeezenet,191.790,36.346,2,0
65.714,t2_squeezenet,140.495,34.868,1,0
65.759,t2_squeezenet,102.784,45.185,3,0
65.803,t2_squeezenet,84.466,43.565,4,0
65.847,t2_squeezenet,124.550,44.530,3,0
65.895,t2_squeezenet,163.056,47.951,3,0
65.935,t2_squeezenet,174.287,40.052,3,0
65.970,t2_squeezenet,207.035,34.500,2,0
66.006,t2_squeezenet,153.794,35.577,1,0
66.042,t2_squeezenet,133.781,36.199,1,0
66.077,t2_squeezenet,44.278,35.539,1,0
66.114,t2_squeezenet,36.498,36.123,0,0
66.228,t2_squeezenet,38.334,33.287,0,0
66.276,t2_squeezenet,33.994,32.844,0,0
66.410,t2_squeezenet,33.444,33.026,0,0
66.485,t2_squeezenet,47.817,43.911,0,0
66.538,t2_squeezenet,50.331,48.401,0,0
66.597,t2_squeezenet,43.459,43.206,0,0
66.645,t2_squeezenet,44.499,43.457,1,0
66.680,t2_squeezenet,52.444,34.456,0,0
66.718,t2_squeezenet,37.331,32.879,1,0
66.749,t2_squeezenet,44.389,30.958,1,0
66.780,t2_squeezenet,47.271,31.472,0,0
66.838,t2_squeezenet,34.039,32.675,1,0
66.871,t2_squeezenet,65.165,32.259,0,0
66.968,t2_squeezenet,44.868,42.171,0,0
67.046,t2_squeezenet,49.282,46.745,0,0
67.129,t2_squeezenet,36.025,32.564,0,0
67.204,t2_squeezenet,32.082,29.231,0,0
67.291,t2_squeezenet,37.353,36.884,1,0
67.328,t2_squeezenet,49.949,36.348,0,0
67.362,t2_squeezenet,31.399,29.788,0,0
67.423,t2_squeezenet,38.803,34.790,1,0
67.455,t2_squeezenet,57.739,31.909,3,0
67.486,t2_squeezenet,49.643,31.351,2,0
67.518,t2_squeezenet,79.401,32.433,3,0
67.550,t2_squeezenet,100.756,31.531,3,0
67.580,t2_squeezenet,86.877,29.705,4,0
67.611,t2_squeezenet,113.740,31.645,4,0
67.645,t2_squeezenet,122.054,33.156,3,0
67.681,t2_squeezenet,126.729,36.524,3,0
67.712,t2_squeezenet,145.718,30.694,2,0
67.745,t2_squeezenet,152.212,33.620,1,0
67.776,t2_squeezenet,131.323,30.642,0,0
67.903,t2_squeezenet,37.855,35.334,2,0
67.934,t2_squeezenet,44.313,31.867,3,0
67.966,t2_squeezenet,71.414,31.095,2,0
68.001,t2_squeezenet,95.918,35.182,3,0
68.044,t2_squeezenet,128.363,43.381,2,0
68.093,t2_squeezenet,115.670,48.653,3,0
68.122,t2_squeezenet,126.556,29.423,3,0
68.151,t2_squeezenet,98.090,28.990,2,0
68.181,t2_squeezenet,119.808,29.769,2,0
68.211,t2_squeezenet,94.016,29.674,1,0
68.240,t2_squeezenet,61.030,28.956,0,0
68.342,t2_squeezenet,36.732,36.631,1,0
68.378,t2_squeezenet,62.870,35.585,1,0
68.413,t2_squeezenet,51.503,34.696,0,0
68.597,t2_squeezenet,38.052,37.507,1,0
68.633,t2_squeezenet,62.203,35.802,1,0
68.668,t2_squeezenet,56.460,35.431,0,0
68.719,t2_squeezenet,49.958,45.527,0,0
68.761,t2_squeezenet,33.551,31.845,1,0
68.793,t2_squeezenet,49.357,31.953,1,0
68.841,t2_squeezenet,51.493,48.078,0,0
68.920,t2_squeezenet,48.384,43.431,0,0
69.199,t2_squeezenet,44.676,44.619,1,0
69.244,t2_squeezenet,69.803,44.431,1,0
69.289,t2_squeezenet,66.769,45.175,0,0
69.408,t2_squeezenet,45.009,42.652,1,0
69.444,t2_squeezenet,43.948,35.837,1,0
69.479,t2_squeezenet,42.317,35.570,1,0
69.510,t2_squeezenet,57.854,31.248,0,0
69.661,t2_squeezenet,35.398,34.329,1,0
69.702,t2_squeezenet,69.192,40.444,2,0
69.735,t2_squeezenet,53.018,33.536,1,0
69.768,t2_squeezenet,67.032,32.537,1,0
69.797,t2_squeezenet,44.717,29.399,2,0
69.829,t2_squeezenet,51.712,32.008,1,0
69.861,t2_squeezenet,83.228,32.139,1,0
69.893,t2_squeezenet,39.152,31.772,0,0
69.959,t2_squeezenet,46.030,45.887,0,0
70.022,t2_squeezenet,45.196,41.902,0,0
70.070,t2_squeezenet,46.281,43.416,1,0
70.122,t2_squeezenet,53.967,51.389,2,0
70.161,t2_squeezenet,82.101,38.982,1,0
70.192,t2_squeezenet,88.368,30.623,2,0
70.224,t2_squeezenet,57.922,32.571,1,0
70.258,t2_squeezenet,73.710,33.452,0,0
70.356,t2_squeezenet,36.479,32.845,2,0
70.390,t2_squeezenet,66.811,33.373,2,0
70.434,t2_squeezenet,106.691,44.440,2,0
70.479,t2_squeezenet,91.436,44.494,3,0
70.513,t2_squeezenet,92.117,34.604,2,0
70.545,t2_squeezenet,83.186,32.137,1,0
70.578,t2_squeezenet,107.613,32.173,1,0
70.615,t2_squeezenet,61.819,37.286,0,0
70.690,t2_squeezenet,31.452,29.041,0,0
70.760,t2_squeezenet,33.552,29.713,0,0
70.804,t2_squeezenet,31.401,29.084,1,0
70.833,t2_squeezenet,33.316,29.273,0,0
70.874,t2_squeezenet,31.385,30.312,1,0
70.908,t2_squeezenet,37.276,34.092,2,0
70.943,t2_squeezenet,67.134,35.068,1,0
70.974,t2_squeezenet,71.133,31.357,1,0
71.004,t2_squeezenet,57.691,29.558,1,0
71.033,t2_squeezenet,30.555,29.351,0,0
71.136,t2_squeezenet,49.268,46.692,2,0
71.180,t2_squeezenet,63.180,44.178,1,0
71.224,t2_squeezenet,97.697,43.766,0,0
71.294,t2_squeezenet,45.628,44.535,0,0
71.350,t2_squeezenet,49.932,45.471,0,0
71.433,t2_squeezenet,44.943,41.623,2,0
71.476,t2_squeezenet,77.241,42.862,3,0
71.525,t2_squeezenet,96.716,48.667,2,0
71.572,t2_squeezenet,113.340,46.904,1,0
71.613,t2_squeezenet,142.511,41.719,0,0
71.771,t2_squeezenet,47.509,45.366,0,0
71.867,t2_squeezenet,36.884,34.739,3,0
71.902,t2_squeezenet,64.377,35.449,2,0
71.944,t2_squeezenet,103.953,41.978,1,0
71.985,t2_squeezenet,128.068,40.788,0,0
72.065,t2_squeezenet,50.959,48.927,1,0
72.102,t2_squeezenet,59.295,37.429,0,0
72.161,t2_squeezenet,44.412,43.536,0,0
72.205,t2_squeezenet,33.782,33.648,1,0
72.236,t2_squeezenet,54.018,31.537,0,0
72.285,t2_squeezenet,45.779,44.059,1,0
72.331,t2_squeezenet,60.625,46.101,3,0
72.379,t2_squeezenet,82.642,47.176,2,0
72.425,t2_squeezenet,112.977,46.718,1,0
72.468,t2_squeezenet,143.139,42.799,1,0
72.511,t2_squeezenet,55.140,43.006,1,0
72.558,t2_squeezenet,74.767,46.989,3,0
72.602,t2_squeezenet,85.215,43.753,2,0
72.632,t2_squeezenet,113.114,30.323,1,0
72.664,t2_squeezenet,142.340,31.060,1,0
72.698,t2_squeezenet,39.942,34.096,2,0
72.730,t2_squeezenet,64.950,32.609,2,0
72.759,t2_squeezenet,64.689,28.996,1,0
72.794,t2_squeezenet,75.873,34.782,0,0
72.890,t2_squeezenet,38.833,34.605,0,0
72.993,t2_squeezenet,43.364,42.582,0,0
73.036,t2_squeezenet,37.319,32.902,0,0
73.099,t2_squeezenet,51.894,47.157,0,0
73.215,t2_squeezenet,37.205,34.786,1,0
73.246,t2_squeezenet,43.101,31.092,0,0
73.323,t2_squeezenet,40.679,36.913,1,0
73.360,t2_squeezenet,63.482,36.500,0,0
73.420,t2_squeezenet,36.350,34.300,0,0
73.496,t2_squeezenet,39.697,35.582,1,0
73.528,t2_squeezenet,55.239,32.087,1,0
73.558,t2_squeezenet,46.931,30.304,0,0
73.791,t2_squeezenet,31.876,29.885,0,0
73.850,t2_squeezenet,29.581,29.547,0,0
73.902,t2_squeezenet,33.704,31.416,0,0
73.975,t2_squeezenet,38.431,36.948,0,0
74.088,t2_squeezenet,32.535,32.325,0,0
74.130,t2_squeezenet,33.054,31.010,2,0
74.162,t2_squeezenet,45.935,32.093,2,0
74.198,t2_squeezenet,73.222,36.417,1,0
74.237,t2_squeezenet,94.732,38.873,0,0
74.381,t2_squeezenet,34.412,32.720,0,0
74.498,t2_squeezenet,43.002,40.649,0,0
74.550,t2_squeezenet,41.714,37.212,0,0
74.611,t2_squeezenet,47.000,45.763,1,0
74.647,t2_squeezenet,51.095,35.444,1,0
74.690,t2_squeezenet,52.338,43.476,0,0
74.777,t2_squeezenet,37.774,35.569,0,0
74.941,t2_squeezenet,32.745,32.130,0,0
74.988,t2_squeezenet,39.402,36.458,0,0
75.053,t2_squeezenet,50.070,45.408,1,0
75.102,t2_squeezenet,54.861,49.085,1,0
75.146,t2_squeezenet,75.620,43.628,1,0
75.181,t2_squeezenet,68.786,34.979,0,0
75.225,t2_squeezenet,35.829,33.327,1,0
75.262,t2_squeezenet,68.152,37.699,1,0
75.296,t2_squeezenet,34.950,33.472,0,0
75.427,t2_squeezenet,39.710,35.683,3,0
75.463,t2_squeezenet,66.670,35.653,4,0
75.495,t2_squeezenet,82.182,31.693,4,0
75.528,t2_squeezenet,100.852,33.375,4,0
75.560,t2_squeezenet,116.995,31.649,3,0
75.589,t2_squeezenet,145.036,28.976,3,0
75.626,t2_squeezenet,137.711,37.273,2,0
75.656,t2_squeezenet,131.747,29.734,1,0
75.685,t2_squeezenet,106.453,28.966,1,0
75.721,t2_squeezenet,50.448,36.078,0,0
75.882,t2_squeezenet,33.479,29.538,2,0
75.912,t2_squeezenet,60.253,29.951,1,0
75.947,t2_squeezenet,73.453,35.103,0,0
75.982,t2_squeezenet,33.273,29.707,0,0
76.102,t2_squeezenet,42.511,39.121,1,0
76.145,t2_squeezenet,79.734,42.629,3,0
76.188,t2_squeezenet,64.908,43.244,3,0
76.235,t2_squeezenet,109.532,46.938,2,0
76.284,t2_squeezenet,154.190,48.272,1,0
76.327,t2_squeezenet,175.039,43.404,2,0
76.372,t2_squeezenet,72.047,44.534,1,0
76.416,t2_squeezenet,99.258,44.424,1,0
76.464,t2_squeezenet,88.068,47.640,3,0
76.501,t2_squeezenet,76.077,37.077,2,0
76.535,t2_squeezenet,87.893,34.451,1,0
76.571,t2_squeezenet,117.975,35.549,1,0
76.606,t2_squeezenet,35.820,35.539,0,0
76.678,t2_squeezenet,40.745,36.120,1,0
76.713,t2_squeezenet,49.335,34.998,0,0
76.833,t2_squeezenet,47.192,43.769,0,0
77.037,t2_squeezenet,38.166,37.054,1,0
77.071,t2_squeezenet,58.158,33.509,4,0
77.103,t2_squeezenet,65.119,32.097,3,0
77.148,t2_squeezenet,106.775,45.124,2,0
77.193,t2_squeezenet,142.595,45.056,1,0
77.238,t2_squeezenet,186.569,44.221,2,0
77.275,t2_squeezenet,41.390,36.998,1,0
77.307,t2_squeezenet,72.865,32.582,0,0
77.355,t2_squeezenet,40.229,37.732,2,0
77.402,t2_squeezenet,80.765,46.229,2,0
77.446,t2_squeezenet,119.230,44.604,1,0
77.475,t2_squeezenet,88.637,29.035,0,0
77.526,t2_squeezenet,30.748,30.279,1,0
77.558,t2_squeezenet,45.785,32.753,1,0
77.592,t2_squeezenet,45.519,33.555,1,0
77.624,t2_squeezenet,34.888,31.616,0,0
77.725,t2_squeezenet,35.741,35.100,0,0
77.796,t2_squeezenet,45.190,40.730,0,0
77.850,t2_squeezenet,49.407,48.786,0,0
77.923,t2_squeezenet,49.104,47.489,1,0
77.968,t2_squeezenet,88.746,44.431,1,0
78.002,t2_squeezenet,68.745,34.390,1,0
78.043,t2_squeezenet,73.539,40.836,0,0
78.145,t2_squeezenet,46.679,46.118,0,0
78.202,t2_squeezenet,38.625,36.909,0,0
78.264,t2_squeezenet,37.525,36.046,2,0
78.302,t2_squeezenet,54.125,38.484,2,0
78.338,t2_squeezenet,83.182,36.053,1,0
78.375,t2_squeezenet,92.520,36.940,0,0
78.450,t2_squeezenet,45.340,43.810,1,0
78.492,t2_squeezenet,75.284,42.506,0,0
78.660,t2_squeezenet,48.377,46.334,0,0
78.719,t2_squeezenet,52.135,48.341,1,0
78.760,t2_squeezenet,73.612,40.759,1,0
78.805,t2_squeezenet,80.579,45.297,3,0
78.851,t2_squeezenet,75.950,46.152,2,0
78.899,t2_squeezenet,120.039,47.062,1,0
78.943,t2_squeezenet,156.975,44.413,1,0
78.988,t2_squeezenet,70.822,44.567,0,0
79.073,t2_squeezenet,50.187,49.821,0,0
79.156,t2_squeezenet,42.439,42.310,0,0
79.219,t2_squeezenet,50.610,48.295,0,0
79.276,t2_squeezenet,40.671,35.779,0,0
79.407,t2_squeezenet,49.089,44.765,0,0
79.510,t2_squeezenet,44.175,42.691,0,0
79.568,t2_squeezenet,32.258,32.085,1,0
79.604,t2_squeezenet,59.557,36.067,0,0
79.664,t2_squeezenet,49.157,44.484,1,0
79.713,t2_squeezenet,55.424,49.690,0,0
79.803,t2_squeezenet,45.933,43.440,0,0
80.010,t2_squeezenet,35.408,33.041,0,0
80.094,t2_squeezenet,45.961,44.412,1,0
80.137,t2_squeezenet,74.321,41.972,0,0
80.193,t2_squeezenet,37.032,36.603,1,0
80.233,t2_squeezenet,40.629,39.955,3,0
80.265,t2_squeezenet,64.754,31.505,3,0
80.298,t2_squeezenet,91.361,32.659,3,0
80.345,t2_squeezenet,117.167,47.026,3,0
80.387,t2_squeezenet,145.452,42.023,5,0
80.430,t2_squeezenet,152.396,43.006,6,0
80.476,t2_squeezenet,139.179,46.139,6,0
80.523,t2_squeezenet,170.123,47.180,5,0
80.566,t2_squeezenet,195.199,42.606,7,0
80.607,t2_squeezenet,226.846,41.346,6,0
80.652,t2_squeezenet,260.580,44.204,5,0
80.699,t2_squeezenet,294.389,47.285,4,0
80.744,t2_squeezenet,270.580,45.374,3,0
80.788,t2_squeezenet,248.773,43.849,3,0
80.831,t2_squeezenet,288.552,43.294,4,0
80.880,t2_squeezenet,323.170,48.422,3,0
80.924,t2_squeezenet,147.364,44.202,3,0
80.966,t2_squeezenet,166.092,41.302,2,0
81.010,t2_squeezenet,199.546,44.150,1,0
81.055,t2_squeezenet,147.475,45.216,1,0
81.089,t2_squeezenet,61.269,33.826,1,0
81.121,t2_squeezenet,61.223,31.737,1,0
81.162,t2_squeezenet,60.784,41.671,0,0
81.220,t2_squeezenet,40.732,37.357,1,0
81.266,t2_squeezenet,49.142,45.892,1,0
81.308,t2_squeezenet,80.160,42.027,2,0
81.349,t2_squeezenet,52.850,40.952,1,0
81.397,t2_squeezenet,95.369,48.040,1,0
81.441,t2_squeezenet,58.027,43.615,2,0
81.480,t2_squeezenet,73.809,39.266,3,0
81.523,t2_squeezenet,89.167,42.866,4,0
81.567,t2_squeezenet,109.524,43.732,3,0
81.612,t2_squeezenet,139.204,45.033,3,0
81.662,t2_squeezenet,181.685,50.366,3,0
81.704,t2_squeezenet,215.555,42.006,2,0
81.748,t2_squeezenet,172.720,43.182,1,0
81.795,t2_squeezenet,182.162,47.208,3,0
81.843,t2_squeezenet,89.399,47.982,3,0
81.885,t2_squeezenet,125.096,42.366,4,0
81.931,t2_squeezenet,158.781,45.293,4,0
81.972,t2_squeezenet,141.951,41.091,3,0
82.019,t2_squeezenet,164.916,46.787,3,0
82.067,t2_squeezenet,185.985,48.009,2,0
82.109,t2_squeezenet,180.667,42.681,1,0
82.144,t2_squeezenet,148.402,34.292,1,0
82.178,t2_squeezenet,40.705,33.939,2,0
82.220,t2_squeezenet,66.722,42.570,1,0
82.262,t2_squeezenet,88.913,41.810,0,0
82.333,t2_squeezenet,48.061,44.465,0,0
82.405,t2_squeezenet,33.507,31.387,4,0
82.447,t2_squeezenet,73.661,42.582,3,0
82.489,t2_squeezenet,111.392,41.240,4,0
82.533,t2_squeezenet,137.375,44.450,4,0
82.567,t2_squeezenet,162.370,33.494,3,0
82.597,t2_squeezenet,120.638,30.646,2,0
82.629,t2_squeezenet,141.689,31.421,2,0
82.661,t2_squeezenet,129.846,32.128,1,0
82.696,t2_squeezenet,82.992,35.079,1,0
82.738,t2_squeezenet,66.266,41.571,2,0
82.781,t2_squeezenet,76.613,43.634,2,0
82.831,t2_squeezenet,110.988,49.197,2,0
82.878,t2_squeezenet,139.817,47.730,3,0
82.920,t2_squeezenet,131.508,41.997,2,0
82.966,t2_squeezenet,127.860,45.478,1,0
83.010,t2_squeezenet,143.521,44.075,1,0
83.058,t2_squeezenet,48.741,48.056,1,0
83.101,t2_squeezenet,74.290,42.654,1,0
83.142,t2_squeezenet,41.478,41.070,0,0
83.197,t2_squeezenet,48.329,45.105,0,0
83.281,t2_squeezenet,40.303,37.996,2,0
83.314,t2_squeezenet,65.107,32.168,1,0
83.347,t2_squeezenet,91.383,33.055,0,0
83.394,t2_squeezenet,44.136,42.053,1,0
83.429,t2_squeezenet,52.554,35.582,0,0
83.480,t2_squeezenet,48.127,45.911,2,0
83.515,t2_squeezenet,49.856,34.193,1,0
83.555,t2_squeezenet,78.250,40.360,0,0
83.633,t2_squeezenet,41.518,36.607,1,0
83.665,t2_squeezenet,72.285,31.867,0,0
83.724,t2_squeezenet,52.518,48.926,0,0
83.791,t2_squeezenet,46.758,41.900,3,0
83.839,t2_squeezenet,77.640,46.972,2,0
83.885,t2_squeezenet,122.280,46.581,1,0
83.927,t2_squeezenet,155.466,42.270,0,0
84.010,t2_squeezenet,46.132,41.916,1,0
84.054,t2_squeezenet,54.637,43.899,0,0
84.135,t2_squeezenet,48.423,45.153,1,0
84.178,t2_squeezenet,77.980,42.909,1,0
84.226,t2_squeezenet,87.541,48.492,1,0
84.271,t2_squeezenet,60.118,44.723,1,0
84.305,t2_squeezenet,59.105,34.022,1,0
84.337,t2_squeezenet,52.072,32.336,0,0
84.409,t2_squeezenet,41.849,41.175,1,0
84.440,t2_squeezenet,37.241,31.305,0,0
84.563,t2_squeezenet,50.744,46.900,0,0
84.635,t2_squeezenet,37.613,36.357,2,0
84.676,t2_squeezenet,56.911,40.499,4,0
84.722,t2_squeezenet,97.850,45.717,3,0
84.767,t2_squeezenet,130.139,45.298,3,0
84.802,t2_squeezenet,151.500,34.905,2,0
84.841,t2_squeezenet,165.644,38.569,2,0
84.884,t2_squeezenet,135.197,43.403,4,0
84.916,t2_squeezenet,79.253,32.048,3,0
84.946,t2_squeezenet,78.636,30.256,3,0
84.991,t2_squeezenet,120.827,45.099,2,0
85.037,t2_squeezenet,160.623,45.028,2,0
85.080,t2_squeezenet,144.717,42.995,2,0
85.124,t2_squeezenet,103.279,44.448,2,0
85.164,t2_squeezenet,97.419,40.396,2,0
85.196,t2_squeezenet,97.357,31.753,1,0
85.231,t2_squeezenet,102.906,34.228,1,0
85.270,t2_squeezenet,70.037,39.801,0,0
85.394,t2_squeezenet,49.103,47.321,1,0
85.430,t2_squeezenet,45.339,35.617,0,0
85.497,t2_squeezenet,34.462,32.278,0,0
85.575,t2_squeezenet,38.299,36.668,1,0
85.609,t2_squeezenet,36.638,34.343,0,0
85.686,t2_squeezenet,49.297,46.769,2,0
85.721,t2_squeezenet,64.528,34.998,1,0
85.750,t2_squeezenet,65.842,29.038,0,0
85.822,t2_squeezenet,40.462,36.012,0,0
85.907,t2_squeezenet,49.007,44.536,1,0
85.952,t2_squeezenet,92.782,44.869,0,0
86.053,t2_squeezenet,30.499,29.870,0,0
86.144,t2_squeezenet,36.133,35.865,1,0
86.181,t2_squeezenet,55.782,36.361,1,0
86.216,t2_squeezenet,65.883,35.611,0,0
86.255,t2_squeezenet,29.122,29.097,1,0
86.286,t2_squeezenet,34.895,31.011,1,0
86.322,t2_squeezenet,45.885,35.439,1,0
86.353,t2_squeezenet,57.075,31.429,0,0
86.397,t2_squeezenet,40.554,38.414,0,0
86.507,t2_squeezenet,44.783,44.127,0,0
86.563,t2_squeezenet,43.637,41.055,4,0
86.607,t2_squeezenet,75.415,43.671,5,0
86.654,t2_squeezenet,113.205,47.376,4,0
86.696,t2_squeezenet,151.631,41.981,4,0
86.739,t2_squeezenet,189.167,42.125,3,0
86.783,t2_squeezenet,181.197,44.659,3,0
86.830,t2_squeezenet,223.636,47.201,3,0
86.876,t2_squeezenet,212.322,45.275,2,0
86.921,t2_squeezenet,170.282,44.742,2,0
86.965,t2_squeezenet,142.865,44.202,2,0
87.009,t2_squeezenet,132.710,44.549,1,0
87.055,t2_squeezenet,124.565,45.383,1,0
87.089,t2_squeezenet,39.424,34.400,0,0
87.146,t2_squeezenet,37.353,36.392,3,0
87.182,t2_squeezenet,63.175,35.737,2,0
87.218,t2_squeezenet,86.884,35.726,2,0
87.252,t2_squeezenet,111.852,34.306,1,0
87.286,t2_squeezenet,98.632,34.046,0,0
87.351,t2_squeezenet,34.837,34.144,0,0
87.411,t2_squeezenet,39.037,35.302,2,0
87.443,t2_squeezenet,53.975,31.716,1,0
87.472,t2_squeezenet,79.592,29.498,0,0
87.661,t2_squeezenet,38.378,36.976,0,0
87.733,t2_squeezenet,37.118,36.622,0,0
87.817,t2_squeezenet,42.856,38.407,0,0
87.852,t2_squeezenet,33.640,29.275,0,0
87.922,t2_squeezenet,30.178,29.719,0,0
87.996,t2_squeezenet,33.742,33.715,1,0
88.031,t2_squeezenet,45.980,34.964,1,0
88.068,t2_squeezenet,65.624,37.174,0,0
88.181,t2_squeezenet,46.387,41.885,0,0
88.357,t2_squeezenet,41.758,38.892,1,0
88.400,t2_squeezenet,66.125,43.105,0,0
88.488,t2_squeezenet,40.340,37.162,0,0
88.569,t2_squeezenet,46.646,44.751,0,0
88.650,t2_squeezenet,37.265,34.901,0,0
88.755,t2_squeezenet,47.176,44.960,1,0
88.803,t2_squeezenet,67.824,47.813,0,0
88.867,t2_squeezenet,44.008,43.710,1,0
88.908,t2_squeezenet,73.366,40.733,1,0
88.954,t2_squeezenet,77.365,45.360,1,0
89.002,t2_squeezenet,58.037,48.640,0,0
89.057,t2_squeezenet,40.173,39.865,0,0
89.310,t2_squeezenet,33.601,29.815,0,0
89.351,t2_squeezenet,31.985,30.695,0,0
89.441,t2_squeezenet,33.957,29.637,0,0
89.668,t2_squeezenet,30.453,29.075,0,0
89.791,t2_squeezenet,35.103,31.948,0,0
89.858,t2_squeezenet,40.507,36.372,1,0
89.893,t2_squeezenet,67.398,35.147,0,0
90.039,t2_squeezenet,40.124,40.023,0,0
90.115,t2_squeezenet,49.562,45.443,1,0
90.161,t2_squeezenet,65.431,45.447,0,0
90.293,t2_squeezenet,51.221,46.485,1,0
90.336,t2_squeezenet,77.254,42.273,0,0
90.417,t2_squeezenet,35.743,31.079,1,0
90.455,t2_squeezenet,59.162,38.090,1,0
90.492,t2_squeezenet,42.016,36.181,2,0
90.527,t2_squeezenet,68.357,35.395,2,0
90.564,t2_squeezenet,93.699,36.734,2,0
90.595,t2_squeezenet,80.713,31.481,1,0
90.629,t2_squeezenet,92.690,34.031,0,0
90.716,t2_squeezenet,46.014,41.245,1,0
90.754,t2_squeezenet,63.435,38.039,0,0
90.853,t2_squeezenet,34.475,32.328,1,0
90.884,t2_squeezenet,46.325,30.997,1,0
90.916,t2_squeezenet,51.679,32.500,0,0
91.078,t2_squeezenet,48.480,45.202,1,0
91.126,t2_squeezenet,79.934,48.400,0,0
91.173,t2_squeezenet,41.716,41.334,2,0
91.208,t2_squeezenet,49.157,35.829,2,0
91.241,t2_squeezenet,81.593,32.990,1,0
91.274,t2_squeezenet,73.215,32.395,0,0
91.337,t2_squeezenet,35.076,32.746,1,0
91.372,t2_squeezenet,59.117,34.652,0,0
91.495,t2_squeezenet,43.542,42.536,1,0
91.537,t2_squeezenet,54.354,41.678,0,0
91.724,t2_squeezenet,35.271,34.359,1,0
91.754,t2_squeezenet,37.166,30.076,0,0
91.811,t2_squeezenet,33.599,31.496,1,0
91.842,t2_squeezenet,51.872,31.689,2,0
91.874,t2_squeezenet,46.717,31.794,2,0
91.911,t2_squeezenet,74.882,37.012,1,0
91.958,t2_squeezenet,104.498,46.200,1,0
91.994,t2_squeezenet,62.916,36.564,2,0
92.029,t2_squeezenet,43.140,34.816,1,0
92.064,t2_squeezenet,71.877,35.111,0,0
92.110,t2_squeezenet,34.719,30.245,1,0
92.143,t2_squeezenet,61.998,33.099,1,0
92.178,t2_squeezenet,42.517,34.907,0,0
92.224,t2_squeezenet,39.972,36.350,1,0
92.261,t2_squeezenet,64.351,36.853,0,0
92.363,t2_squeezenet,33.257,30.988,0,0
92.438,t2_squeezenet,30.870,29.126,0,0
92.483,t2_squeezenet,34.772,30.351,0,0
92.691,t2_squeezenet,39.471,36.038,1,0
92.735,t2_squeezenet,54.103,43.849,1,0
92.773,t2_squeezenet,43.286,37.982,1,0
92.810,t2_squeezenet,49.407,36.528,3,0
92.858,t2_squeezenet,84.431,47.983,2,0
92.897,t2_squeezenet,111.614,39.025,1,0
92.932,t2_squeezenet,136.805,35.169,1,0
92.969,t2_squeezenet,39.773,36.773,5,0
93.010,t2_squeezenet,77.412,41.451,4,0
93.053,t2_squeezenet,103.947,42.532,3,0
93.098,t2_squeezenet,142.577,45.044,3,0
93.145,t2_squeezenet,181.795,47.081,2,0
93.192,t2_squeezenet,224.607,46.569,4,0
93.234,t2_squeezenet,145.501,42.183,3,0
93.278,t2_squeezenet,114.230,43.936,4,0
93.320,t2_squeezenet,137.294,41.620,4,0
93.353,t2_squeezenet,167.094,32.942,4,0
93.386,t2_squeezenet,126.407,32.885,3,0
93.416,t2_squeezenet,143.393,30.773,2,0
93.450,t2_squeezenet,163.823,33.136,1,0
93.497,t2_squeezenet,171.855,47.676,1,0
93.540,t2_squeezenet,42.649,42.531,0,0
93.591,t2_squeezenet,36.614,35.436,0,0
93.632,t2_squeezenet,39.265,36.058,0,0
93.674,t2_squeezenet,40.471,37.103,0,0
93.823,t2_squeezenet,50.874,47.565,0,0
94.076,t2_squeezenet,38.818,35.341,0,0
94.132,t2_squeezenet,36.772,36.134,1,0
94.171,t2_squeezenet,56.814,38.914,0,0
94.416,t2_squeezenet,50.050,47.298,1,0
94.465,t2_squeezenet,88.507,48.084,1,0
94.501,t2_squeezenet,53.664,36.777,0,0
94.606,t2_squeezenet,33.118,29.107,0,0
94.833,t2_squeezenet,31.799,29.190,0,0
94.894,t2_squeezenet,30.603,29.956,0,0
94.956,t2_squeezenet,32.961,31.675,2,0
94.989,t2_squeezenet,61.314,33.579,1,0
95.019,t2_squeezenet,72.307,29.814,0,0
95.085,t2_squeezenet,38.096,35.681,0,0
95.136,t2_squeezenet,39.169,35.792,0,0
95.193,t2_squeezenet,41.279,36.473,0,0
95.288,t2_squeezenet,49.104,44.620,0,0
95.340,t2_squeezenet,47.250,47.010,1,0
95.377,t2_squeezenet,68.949,36.482,3,0
95.407,t2_squeezenet,60.957,29.822,4,0
95.436,t2_squeezenet,86.742,29.538,5,0
95.466,t2_squeezenet,112.582,29.374,5,0
95.495,t2_squeezenet,115.296,29.067,4,0
95.525,t2_squeezenet,129.835,29.703,3,0
95.554,t2_squeezenet,136.267,29.550,2,0
95.583,t2_squeezenet,152.009,29.171,1,0
95.612,t2_squeezenet,176.012,29.081,1,0
95.648,t2_squeezenet,36.093,35.321,0,0
95.712,t2_squeezenet,36.234,34.015,1,0
95.745,t2_squeezenet,51.997,32.798,0,0
95.847,t2_squeezenet,38.141,36.487,0,0
96.018,t2_squeezenet,39.981,39.459,0,0
96.166,t2_squeezenet,41.283,36.666,1,0
96.201,t2_squeezenet,46.346,34.690,0,0
96.283,t2_squeezenet,36.426,35.847,1,0
96.317,t2_squeezenet,62.433,34.564,0,0
96.618,t2_squeezenet,33.673,32.159,1,0
96.649,t2_squeezenet,38.072,31.530,0,0
96.699,t2_squeezenet,43.504,39.768,0,0
96.752,t2_squeezenet,36.394,32.113,0,0
96.839,t2_squeezenet,37.264,36.465,2,0
96.869,t2_squeezenet,53.840,30.280,2,0
96.899,t2_squeezenet,66.304,29.910,3,0
96.931,t2_squeezenet,77.311,32.257,2,0
96.962,t2_squeezenet,66.611,30.634,1,0
96.993,t2_squeezenet,96.286,31.396,1,0
97.036,t2_squeezenet,70.210,42.118,0,0
97.075,t2_squeezenet,38.856,34.151,1,0
97.105,t2_squeezenet,51.449,29.869,0,0
97.289,t2_squeezenet,37.512,32.524,0,0
97.437,t2_squeezenet,49.732,46.179,0,0
97.588,t2_squeezenet,30.086,29.181,1,0
97.617,t2_squeezenet,39.364,29.116,0,0
97.711,t2_squeezenet,45.343,43.138,1,0
97.753,t2_squeezenet,48.625,42.444,0,0
97.910,t2_squeezenet,34.121,29.742,0,0
97.964,t2_squeezenet,29.449,29.174,0,0
98.026,t2_squeezenet,40.963,36.523,1,0
98.063,t2_squeezenet,67.044,36.986,0,0
98.103,t2_squeezenet,38.869,35.012,0,0
98.143,t2_squeezenet,36.990,35.023,1,0
98.175,t2_squeezenet,67.461,31.150,0,0
98.215,t2_squeezenet,37.976,35.474,2,0
98.246,t2_squeezenet,42.519,30.324,2,0
98.275,t2_squeezenet,60.239,29.038,1,0
98.307,t2_squeezenet,81.689,32.221,0,0
98.365,t2_squeezenet,36.618,33.272,0,0
98.472,t2_squeezenet,34.074,30.564,0,0
98.608,t2_squeezenet,32.771,29.213,2,0
98.638,t2_squeezenet,62.393,30.165,1,0
98.675,t2_squeezenet,92.363,36.738,0,0
98.719,t2_squeezenet,37.173,33.997,1,0
98.748,t2_squeezenet,43.004,29.049,1,0
98.777,t2_squeezenet,34.435,29.005,1,0
98.807,t2_squeezenet,43.960,29.612,0,0
98.881,t2_squeezenet,33.267,29.151,1,0
98.915,t2_squeezenet,37.491,33.946,1,0
98.947,t2_squeezenet,58.032,31.981,0,0
99.029,t2_squeezenet,34.400,30.995,0,0
99.087,t2_squeezenet,46.031,43.015,0,0
99.243,t2_squeezenet,33.851,32.775,1,0
99.287,t2_squeezenet,68.390,44.627,0,0
99.331,t2_squeezenet,34.153,33.836,0,0
99.410,t2_squeezenet,42.768,38.110,1,0
99.443,t2_squeezenet,68.763,33.437,0,0
99.600,t2_squeezenet,42.327,40.169,0,0
99.672,t2_squeezenet,45.732,42.078,1,0
99.708,t2_squeezenet,44.539,35.835,0,0
99.747,t2_squeezenet,38.568,33.530,0,0
99.932,t2_squeezenet,36.061,33.458,1,0
99.965,t2_squeezenet,61.630,32.102,1,0
99.999,t2_squeezenet,63.370,33.948,0,0
100.233,t2_squeezenet,36.118,31.626,0,0
100.291,t2_squeezenet,35.839,32.468,0,0
100.473,t2_squeezenet,51.899,49.829,0,0
100.576,t2_squeezenet,34.086,32.250,1,0
100.615,t2_squeezenet,58.705,39.467,0,0
100.699,t2_squeezenet,37.187,33.277,0,0
100.819,t2_squeezenet,41.276,37.992,1,0
100.857,t2_squeezenet,60.736,38.899,1,0
100.891,t2_squeezenet,57.363,33.186,0,0
100.980,t2_squeezenet,37.395,33.923,0,0
101.164,t2_squeezenet,45.616,41.454,0,0
101.241,t2_squeezenet,36.173,32.044,0,0
101.305,t2_squeezenet,46.639,43.444,0,0
101.410,t2_squeezenet,42.289,39.347,1,0
101.454,t2_squeezenet,62.096,44.120,0,0
101.687,t2_squeezenet,30.068,29.251,0,0
101.744,t2_squeezenet,45.192,41.890,1,0
101.775,t2_squeezenet,35.854,31.356,1,0
101.807,t2_squeezenet,38.044,31.511,0,0
101.879,t2_squeezenet,36.907,31.900,0,0
101.931,t2_squeezenet,32.705,31.601,1,0
101.963,t2_squeezenet,33.748,32.331,0,0
102.004,t2_squeezenet,39.604,35.070,1,0
102.037,t2_squeezenet,42.516,33.661,2,0
102.066,t2_squeezenet,50.569,29.137,2,0
102.096,t2_squeezenet,66.051,29.114,1,0
102.135,t2_squeezenet,77.016,39.345,0,0
102.209,t2_squeezenet,45.655,43.276,0,0
102.269,t2_squeezenet,39.921,34.878,1,0
102.298,t2_squeezenet,54.611,29.355,0,0
102.332,t2_squeezenet,30.907,29.060,1,0
102.364,t2_squeezenet,43.530,31.580,0,0
102.415,t2_squeezenet,39.180,35.690,0,0
102.501,t2_squeezenet,50.833,45.851,2,0
102.550,t2_squeezenet,73.426,48.597,1,0
102.581,t2_squeezenet,96.384,30.739,2,0
102.610,t2_squeezenet,39.105,29.019,1,0
102.648,t2_squeezenet,67.884,38.482,1,0
102.691,t2_squeezenet,57.574,42.107,0,0
102.803,t2_squeezenet,51.277,51.172,0,0
103.080,t2_squeezenet,31.687,29.227,0,0
103.193,t2_squeezenet,35.828,32.214,1,0
103.240,t2_squeezenet,49.279,46.362,1,0
103.283,t2_squeezenet,60.027,43.013,0,0
103.327,t2_squeezenet,29.698,29.295,1,0
103.363,t2_squeezenet,44.120,35.520,0,0
103.414,t2_squeezenet,37.923,35.688,0,0
103.478,t2_squeezenet,30.643,29.130,1,0
103.510,t2_squeezenet,50.543,31.501,0,0
103.676,t2_squeezenet,31.875,29.816,2,0
103.706,t2_squeezenet,51.810,30.117,1,0
103.742,t2_squeezenet,66.028,35.401,1,0
103.771,t2_squeezenet,59.612,29.157,0,0
103.903,t2_squeezenet,40.122,35.780,0,0
103.950,t2_squeezenet,32.338,31.645,0,0
103.999,t2_squeezenet,30.854,29.083,0,0
104.048,t2_squeezenet,35.789,33.613,0,0
104.094,t2_squeezenet,32.716,30.514,1,0
104.127,t2_squeezenet,45.657,33.343,0,0
104.174,t2_squeezenet,38.454,36.628,2,0
104.210,t2_squeezenet,72.365,36.134,2,0
104.245,t2_squeezenet,84.428,34.732,2,0
104.279,t2_squeezenet,73.733,33.955,1,0
104.316,t2_squeezenet,87.029,37.246,0,0
104.457,t2_squeezenet,46.135,44.679,0,0
104.550,t2_squeezenet,48.254,47.818,1,0
104.595,t2_squeezenet,69.940,44.437,0,0
104.733,t2_squeezenet,48.014,47.038,1,0
104.775,t2_squeezenet,89.247,41.996,1,0
104.818,t2_squeezenet,55.501,43.202,0,0
104.914,t2_squeezenet,35.271,35.127,0,0
105.040,t2_squeezenet,41.963,39.106,3,0
105.070,t2_squeezenet,49.613,29.811,2,0
105.106,t2_squeezenet,73.056,36.364,1,0
105.139,t2_squeezenet,101.641,32.296,0,0
105.250,t2_squeezenet,29.442,29.297,0,0
105.357,t2_squeezenet,45.824,41.612,0,0
105.423,t2_squeezenet,48.293,45.844,1,0
105.470,t2_squeezenet,77.620,47.250,1,0
105.506,t2_squeezenet,44.281,35.814,2,0
105.536,t2_squeezenet,61.715,30.020,1,0
105.565,t2_squeezenet,90.265,28.967,2,0
105.595,t2_squeezenet,36.002,30.144,1,0
105.626,t2_squeezenet,60.724,30.341,1,0
105.662,t2_squeezenet,56.369,35.567,0,0
105.761,t2_squeezenet,44.353,43.684,3,0
105.798,t2_squeezenet,79.756,36.446,3,0
105.842,t2_squeezenet,100.179,43.968,4,0
105.880,t2_squeezenet,129.744,38.339,4,0
105.911,t2_squeezenet,115.705,30.871,3,0
105.941,t2_squeezenet,125.596,30.224,3,0
105.973,t2_squeezenet,148.883,32.004,3,0
106.006,t2_squeezenet,153.073,33.078,2,0
106.050,t2_squeezenet,124.494,43.923,2,0
106.081,t2_squeezenet,126.694,30.436,1,0
106.111,t2_squeezenet,88.833,30.031,0,0
106.190,t2_squeezenet,30.410,29.090,0,0
106.252,t2_squeezenet,36.268,31.399,0,0
106.288,t2_squeezenet,33.617,30.696,1,0
106.319,t2_squeezenet,39.420,31.342,0,0
106.393,t2_squeezenet,37.650,32.968,0,0
106.503,t2_squeezenet,37.433,34.193,2,0
106.533,t2_squeezenet,65.883,30.168,3,0
106.562,t2_squeezenet,70.280,29.031,2,0
106.591,t2_squeezenet,88.051,29.061,1,0
106.622,t2_squeezenet,98.603,30.202,0,0
106.712,t2_squeezenet,40.380,39.836,0,0
106.792,t2_squeezenet,49.100,44.317,1,0
106.829,t2_squeezenet,50.807,36.912,2,0
106.868,t2_squeezenet,74.394,39.237,1,0
106.905,t2_squeezenet,75.833,36.247,1,0
106.937,t2_squeezenet,40.658,32.203,0,0
107.048,t2_squeezenet,43.733,39.447,0,0
107.113,t2_squeezenet,53.725,49.272,0,0
107.310,t2_squeezenet,41.968,40.092,0,0
107.434,t2_squeezenet,34.587,32.315,0,0
107.480,t2_squeezenet,39.076,35.284,0,0
107.551,t2_squeezenet,39.280,35.729,0,0
107.601,t2_squeezenet,37.915,34.381,0,0
107.813,t2_squeezenet,35.020,34.904,0,0
107.863,t2_squeezenet,31.336,29.397,1,0
107.894,t2_squeezenet,37.018,30.750,0,0
107.943,t2_squeezenet,31.316,29.246,1,0
107.972,t2_squeezenet,50.972,29.046,0,0
108.082,t2_squeezenet,44.314,43.226,0,0
108.327,t2_squeezenet,39.342,37.884,2,0
108.366,t2_squeezenet,76.043,38.980,1,0
108.400,t2_squeezenet,90.803,34.220,2,0
108.444,t2_squeezenet,58.333,43.608,2,0
108.477,t2_squeezenet,87.043,33.200,2,0
108.510,t2_squeezenet,79.713,32.361,2,0
108.544,t2_squeezenet,83.631,34.132,1,0
108.586,t2_squeezenet,79.496,42.628,2,0
108.617,t2_squeezenet,53.930,30.085,1,0
108.651,t2_squeezenet,75.105,34.203,0,0
108.697,t2_squeezenet,40.456,36.216,0,0
108.764,t2_squeezenet,35.566,31.629,2,0
108.799,t2_squeezenet,53.689,34.318,2,0
108.844,t2_squeezenet,87.730,45.499,2,0
108.889,t2_squeezenet,115.741,44.535,3,0
108.927,t2_squeezenet,92.457,38.414,2,0
108.968,t2_squeezenet,95.339,41.002,1,0
109.013,t2_squeezenet,138.422,44.359,1,0
109.061,t2_squeezenet,84.008,48.084,0,0
109.126,t2_squeezenet,39.438,34.776,1,0
109.163,t2_squeezenet,49.083,36.490,0,0
109.218,t2_squeezenet,38.847,35.254,0,0
109.274,t2_squeezenet,35.135,31.088,0,0
109.436,t2_squeezenet,39.063,35.478,0,0
109.509,t2_squeezenet,38.276,37.061,1,0
109.540,t2_squeezenet,68.410,31.007,0,0
109.614,t2_squeezenet,45.128,43.918,1,0
109.660,t2_squeezenet,79.864,45.890,2,0
109.696,t2_squeezenet,76.489,35.499,1,0
109.725,t2_squeezenet,96.004,29.682,1,0
109.755,t2_squeezenet,36.705,29.497,0,0
109.795,t2_squeezenet,31.010,29.862,1,0
109.829,t2_squeezenet,53.794,34.445,0,0
110.017,t2_squeezenet,36.264,36.208,1,0
110.053,t2_squeezenet,60.603,35.662,0,0
110.101,t2_squeezenet,34.239,33.066,1,0
110.138,t2_squeezenet,62.169,36.108,1,0
110.172,t2_squeezenet,56.194,34.308,1,0
110.207,t2_squeezenet,61.560,35.146,0,0
110.502,t2_squeezenet,43.710,41.545,0,0
110.635,t2_squeezenet,40.417,36.311,0,0
110.814,t2_squeezenet,37.963,36.668,0,0
110.849,t2_squeezenet,33.008,30.043,1,0
110.884,t2_squeezenet,57.878,35.134,1,0
110.914,t2_squeezenet,32.209,29.941,1,0
110.945,t2_squeezenet,50.019,31.049,0,0
111.099,t2_squeezenet,35.011,33.054,0,0
111.179,t2_squeezenet,34.294,33.896,0,0
111.293,t2_squeezenet,33.626,33.227,1,0
111.323,t2_squeezenet,33.273,29.710,1,0
111.352,t2_squeezenet,58.377,29.092,0,0
111.448,t2_squeezenet,31.071,30.150,0,0
111.515,t2_squeezenet,36.088,31.638,1,0
111.550,t2_squeezenet,55.259,35.149,0,0
111.716,t2_squeezenet,31.639,29.264,0,0
111.781,t2_squeezenet,31.973,29.631,3,0
111.810,t2_squeezenet,57.163,29.490,3,0
111.839,t2_squeezenet,81.648,29.093,2,0
111.869,t2_squeezenet,106.652,29.358,2,0
111.898,t2_squeezenet,108.186,29.074,2,0
111.934,t2_squeezenet,83.949,35.720,1,0
111.970,t2_squeezenet,84.511,36.074,0,0
112.092,t2_squeezenet,39.457,36.376,0,0
112.133,t2_squeezenet,39.498,35.544,1,0
112.170,t2_squeezenet,61.809,37.356,0,0
112.213,t2_squeezenet,41.090,37.442,1,0
112.243,t2_squeezenet,55.346,29.787,1,0
112.276,t2_squeezenet,61.301,32.898,1,0
112.319,t2_squeezenet,65.691,43.574,1,0
112.361,t2_squeezenet,79.748,41.387,0,0
112.452,t2_squeezenet,41.317,40.124,1,0
112.481,t2_squeezenet,45.099,29.742,0,0
112.580,t2_squeezenet,41.727,37.361,2,0
112.615,t2_squeezenet,74.991,35.245,4,0
112.651,t2_squeezenet,82.208,36.213,3,0
112.688,t2_squeezenet,100.659,36.968,2,0
112.718,t2_squeezenet,128.469,30.007,3,0
112.748,t2_squeezenet,134.791,29.105,3,0
112.782,t2_squeezenet,90.517,34.948,4,0
112.813,t2_squeezenet,113.708,30.925,3,0
112.843,t2_squeezenet,112.941,29.540,2,0
112.872,t2_squeezenet,123.863,29.349,1,0
112.901,t2_squeezenet,140.604,28.969,0,0
113.070,t2_squeezenet,34.795,32.292,0,0
113.146,t2_squeezenet,31.396,29.875,1,0
113.182,t2_squeezenet,46.618,36.029,0,0
113.216,t2_squeezenet,32.843,29.669,2,0
113.246,t2_squeezenet,48.623,29.068,2,0
113.275,t2_squeezenet,62.557,28.994,1,0
113.304,t2_squeezenet,77.060,29.452,0,0
113.349,t2_squeezenet,39.465,34.640,2,0
113.379,t2_squeezenet,65.267,30.522,1,0
113.408,t2_squeezenet,67.565,28.965,0,0
113.471,t2_squeezenet,35.511,32.100,0,0
113.543,t2_squeezenet,32.387,32.235,1,0
113.578,t2_squeezenet,49.309,34.082,0,0
113.674,t2_squeezenet,41.569,41.247,1,0
113.713,t2_squeezenet,44.324,38.598,0,0
113.867,t2_squeezenet,46.120,42.773,1,0
113.913,t2_squeezenet,52.894,45.841,0,0
113.985,t2_squeezenet,40.649,35.979,0,0
114.254,t2_squeezenet,47.429,45.752,0,0
114.469,t2_squeezenet,41.656,37.672,2,0
114.499,t2_squeezenet,41.060,30.178,1,0
114.529,t2_squeezenet,67.319,29.687,0,0
114.572,t2_squeezenet,34.958,32.345,0,0
114.631,t2_squeezenet,36.391,33.848,0,0
114.853,t2_squeezenet,32.932,30.550,0,0
114.893,t2_squeezenet,34.855,34.218,2,0
114.928,t2_squeezenet,67.704,35.086,1,0
114.970,t2_squeezenet,99.603,42.264,1,0
115.010,t2_squeezenet,47.271,39.608,1,0
115.042,t2_squeezenet,61.602,32.223,1,0
115.085,t2_squeezenet,53.747,42.706,0,0
115.167,t2_squeezenet,46.125,41.272,2,0
115.210,t2_squeezenet,57.194,43.340,2,0
115.256,t2_squeezenet,100.606,46.136,2,0
115.298,t2_squeezenet,126.827,41.116,1,0
115.332,t2_squeezenet,109.540,34.801,2,0
115.364,t2_squeezenet,63.781,31.853,2,0
115.394,t2_squeezenet,90.988,29.422,1,0
115.423,t2_squeezenet,86.143,29.044,0,0
115.473,t2_squeezenet,29.585,29.438,0,0
115.522,t2_squeezenet,29.573,29.516,2,0
115.551,t2_squeezenet,48.827,29.061,1,0
115.580,t2_squeezenet,60.188,28.943,0,0
115.765,t2_squeezenet,44.269,43.091,1,0
115.808,t2_squeezenet,44.564,42.944,1,0
115.841,t2_squeezenet,65.758,32.624,1,0
115.870,t2_squeezenet,54.902,29.717,1,0
115.900,t2_squeezenet,30.763,29.717,0,0
115.985,t2_squeezenet,31.100,29.675,1,0
116.015,t2_squeezenet,42.388,29.510,0,0
116.130,t2_squeezenet,37.230,34.127,1,0
116.159,t2_squeezenet,54.542,29.145,0,0
116.422,t2_squeezenet,49.249,44.782,0,0
116.489,t2_squeezenet,47.891,46.747,0,0
116.568,t2_squeezenet,45.605,43.824,2,0
116.614,t2_squeezenet,83.829,45.217,1,0
116.663,t2_squeezenet,95.528,49.646,3,0
116.706,t2_squeezenet,72.681,42.853,2,0
116.749,t2_squeezenet,112.604,43.121,2,0
116.794,t2_squeezenet,156.461,44.289,2,0
116.841,t2_squeezenet,118.869,47.499,1,0
116.883,t2_squeezenet,111.969,41.510,1,0
116.926,t2_squeezenet,81.187,42.723,1,0
116.970,t2_squeezenet,87.193,44.660,0,0
117.074,t2_squeezenet,45.515,43.018,0,0
117.117,t2_squeezenet,41.271,38.010,1,0
117.151,t2_squeezenet,62.114,33.387,0,0
117.257,t2_squeezenet,40.326,40.267,0,0
117.364,t2_squeezenet,42.886,41.143,2,0
117.399,t2_squeezenet,72.205,34.810,1,0
117.444,t2_squeezenet,91.190,44.722,2,0
117.478,t2_squeezenet,37.235,34.223,3,0
117.510,t2_squeezenet,67.482,32.237,3,0
117.542,t2_squeezenet,82.477,31.537,2,0
117.573,t2_squeezenet,111.174,30.974,1,0
117.616,t2_squeezenet,130.935,43.216,1,0
117.653,t2_squeezenet,50.090,36.773,0,0
117.714,t2_squeezenet,31.034,30.893,1,0
117.746,t2_squeezenet,43.178,31.402,0,0
117.914,t2_squeezenet,48.487,46.538,1,0
117.962,t2_squeezenet,90.239,47.781,1,0
118.005,t2_squeezenet,82.663,42.639,1,0
118.049,t2_squeezenet,71.296,44.015,0,0
118.140,t2_squeezenet,50.246,45.726,2,0
118.185,t2_squeezenet,74.306,44.532,4,0
118.227,t2_squeezenet,106.519,42.295,5,0
118.272,t2_squeezenet,117.489,44.590,6,0
118.320,t2_squeezenet,155.336,48.377,6,0
118.364,t2_squeezenet,187.607,43.645,7,0
118.406,t2_squeezenet,207.352,41.900,7,0
118.454,t2_squeezenet,240.204,48.342,8,0
118.501,t2_squeezenet,246.137,47.220,8,0
118.548,t2_squeezenet,286.707,46.909,9,0
118.591,t2_squeezenet,307.303,43.134,10,0
118.634,t2_squeezenet,282.439,43.029,11,0
118.682,t2_squeezenet,323.548,47.093,11,0
118.729,t2_squeezenet,325.289,47.242,11,0
118.770,t2_squeezenet,329.948,41.531,11,0
118.813,t2_squeezenet,368.572,42.245,11,0
118.858,t2_squeezenet,389.811,44.972,11,0
118.905,t2_squeezenet,396.399,47.460,10,0
118.950,t2_squeezenet,417.583,45.090,10,0
118.994,t2_squeezenet,421.799,43.715,10,0
119.039,t2_squeezenet,460.917,44.688,12,0
119.087,t2_squeezenet,474.833,48.015,11,0
119.132,t2_squeezenet,498.411,45.380,10,0
119.173,t2_squeezenet,536.124,40.747,9,0
119.218,t2_squeezenet,520.329,44.540,8,0
119.264,t2_squeezenet,513.401,45.945,8,0
119.307,t2_squeezenet,500.780,42.930,7,0
119.347,t2_squeezenet,489.855,40.441,7,0
119.390,t2_squeezenet,466.928,43.027,7,0
119.434,t2_squeezenet,449.405,43.889,7,0
119.482,t2_squeezenet,484.626,47.357,6,0
119.529,t2_squeezenet,499.775,47.173,5,0
119.564,t2_squeezenet,533.891,34.957,5,0
119.600,t2_squeezenet,360.483,36.026,5,0
119.634,t2_squeezenet,298.995,34.060,4,0
119.674,t2_squeezenet,286.598,40.142,3,0
119.716,t2_squeezenet,318.840,42.038,3,0
119.763,t2_squeezenet,220.120,46.797,2,0
119.809,t2_squeezenet,236.676,45.967,2,0
119.855,t2_squeezenet,146.076,45.511,3,0
119.898,t2_squeezenet,97.896,43.035,2,0
119.940,t2_squeezenet,115.501,41.708,1,0
119.984,t2_squeezenet,150.476,44.368,2,0
120.032,t2_squeezenet,74.882,47.735,1,0
120.075,t2_squeezenet,100.877,42.904,0,0
120.188,t2_squeezenet,42.830,42.307,0,0
120.271,t2_squeezenet,32.153,31.986,1,0
120.313,t2_squeezenet,48.057,42.349,1,0
120.360,t2_squeezenet,85.176,46.716,0,0
120.577,t2_squeezenet,43.176,39.261,0,0
120.684,t2_squeezenet,44.788,40.897,2,0
120.719,t2_squeezenet,52.924,35.568,2,0
120.755,t2_squeezenet,74.306,35.968,1,0
120.789,t2_squeezenet,76.243,34.203,0,0
120.833,t2_squeezenet,33.940,33.902,1,0
120.875,t2_squeezenet,65.036,41.070,0,0
120.972,t2_squeezenet,48.170,46.848,1,0
121.003,t2_squeezenet,67.960,30.928,0,0
121.121,t2_squeezenet,48.653,46.595,1,0
121.161,t2_squeezenet,70.185,40.613,1,0
121.192,t2_squeezenet,56.035,30.796,1,0
121.224,t2_squeezenet,32.247,31.348,0,0
121.348,t2_squeezenet,43.307,42.790,4,0
121.384,t2_squeezenet,75.611,35.726,4,0
121.418,t2_squeezenet,97.045,34.156,3,0
121.449,t2_squeezenet,123.678,31.450,3,0
121.481,t2_squeezenet,147.191,31.523,2,0
121.514,t2_squeezenet,136.250,33.445,1,0
121.551,t2_squeezenet,120.267,36.534,0,0
121.752,t2_squeezenet,43.705,39.367,1,0
121.784,t2_squeezenet,35.559,31.557,0,0
121.833,t2_squeezenet,37.832,34.011,1,0
121.874,t2_squeezenet,49.351,40.807,1,0
121.908,t2_squeezenet,47.217,33.806,1,0
121.942,t2_squeezenet,53.958,34.100,0,0
121.980,t2_squeezenet,36.969,32.907,0,0
122.055,t2_squeezenet,30.456,29.537,0,0
122.119,t2_squeezenet,38.635,33.845,0,0
122.190,t2_squeezenet,35.098,30.126,0,0
122.285,t2_squeezenet,37.768,34.527,0,0
122.468,t2_squeezenet,50.925,45.864,0,0
122.518,t2_squeezenet,45.793,44.981,1,0
122.555,t2_squeezenet,70.170,36.825,0,0
122.604,t2_squeezenet,38.051,34.371,1,0
122.640,t2_squeezenet,69.574,35.463,1,0
122.676,t2_squeezenet,66.352,36.175,3,0
122.712,t2_squeezenet,64.034,35.744,3,0
122.742,t2_squeezenet,93.764,30.446,3,0
122.771,t2_squeezenet,114.346,29.011,3,0
122.801,t2_squeezenet,89.338,29.641,2,0
122.831,t2_squeezenet,108.540,29.677,1,0
122.865,t2_squeezenet,94.807,34.218,1,0
122.904,t2_squeezenet,43.392,39.438,0,0
123.037,t2_squeezenet,32.065,31.312,0,0
123.112,t2_squeezenet,43.438,39.902,2,0
123.155,t2_squeezenet,79.118,42.647,1,0
123.200,t2_squeezenet,119.992,45.528,0,0
123.513,t2_squeezenet,34.678,33.990,0,0
123.653,t2_squeezenet,31.870,29.058,1,0
123.682,t2_squeezenet,60.479,29.043,1,0
123.724,t2_squeezenet,62.203,41.808,1,0
123.766,t2_squeezenet,69.356,42.054,0,0
123.875,t2_squeezenet,49.307,47.996,1,0
123.909,t2_squeezenet,58.139,33.494,0,0
124.001,t2_squeezenet,40.575,36.727,0,0
124.136,t2_squeezenet,31.114,29.233,1,0
124.168,t2_squeezenet,39.362,31.706,3,0
124.202,t2_squeezenet,64.495,33.560,4,0
124.231,t2_squeezenet,82.178,29.393,3,0
124.260,t2_squeezenet,105.730,29.044,3,0
124.289,t2_squeezenet,114.320,28.989,2,0
124.324,t2_squeezenet,139.437,34.856,1,0
124.364,t2_squeezenet,127.427,39.369,1,0
124.404,t2_squeezenet,72.226,40.714,0,0
124.566,t2_squeezenet,39.795,34.966,0,0
124.618,t2_squeezenet,40.316,36.456,2,0
124.654,t2_squeezenet,69.049,35.750,3,0
124.689,t2_squeezenet,76.506,35.458,3,0
124.726,t2_squeezenet,93.127,36.875,5,0
124.763,t2_squeezenet,116.047,36.687,4,0
124.798,t2_squeezenet,144.148,35.239,4,0
124.834,t2_squeezenet,138.065,35.692,5,0
124.869,t2_squeezenet,167.369,35.386,5,0
124.904,t2_squeezenet,184.260,34.388,4,0
124.939,t2_squeezenet,157.504,35.058,3,0
124.975,t2_squeezenet,173.636,36.676,3,0
125.012,t2_squeezenet,203.891,36.566,2,0
125.047,t2_squeezenet,177.851,34.590,1,0
125.082,t2_squeezenet,125.129,35.112,1,0
125.114,t2_squeezenet,48.657,32.550,1,0
125.150,t2_squeezenet,65.868,35.529,1,0
125.180,t2_squeezenet,43.649,29.747,0,0
125.225,t2_squeezenet,32.514,29.793,0,0
125.366,t2_squeezenet,31.620,29.861,0,0
125.505,t2_squeezenet,46.226,42.365,0,0
125.578,t2_squeezenet,46.987,42.839,1,0
125.623,t2_squeezenet,58.736,45.553,0,0
125.673,t2_squeezenet,48.268,44.417,0,0
125.759,t2_squeezenet,39.747,34.708,2,0
125.793,t2_squeezenet,51.242,34.666,1,0
125.828,t2_squeezenet,74.419,34.690,1,0
125.865,t2_squeezenet,45.539,36.731,1,0
125.905,t2_squeezenet,59.091,40.426,0,0
125.971,t2_squeezenet,38.048,35.298,1,0
126.005,t2_squeezenet,64.513,33.465,0,0
126.157,t2_squeezenet,31.762,30.205,1,0
126.192,t2_squeezenet,38.805,34.730,2,0
126.222,t2_squeezenet,52.138,30.369,1,0
126.252,t2_squeezenet,79.648,29.902,0,0
126.353,t2_squeezenet,33.435,30.250,1,0
126.390,t2_squeezenet,37.224,37.078,0,0
126.549,t2_squeezenet,44.043,42.338,0,0
126.648,t2_squeezenet,32.895,32.853,0,0
126.737,t2_squeezenet,30.307,29.100,0,0
126.787,t2_squeezenet,32.008,29.840,2,0
126.822,t2_squeezenet,42.431,34.340,1,0
126.852,t2_squeezenet,69.189,30.592,0,0
127.047,t2_squeezenet,34.376,32.621,1,0
127.079,t2_squeezenet,40.287,32.208,0,0
127.146,t2_squeezenet,35.613,31.631,0,0
127.230,t2_squeezenet,44.213,43.169,0,0
127.302,t2_squeezenet,43.428,41.516,0,0
127.397,t2_squeezenet,45.168,44.084,0,0
127.439,t2_squeezenet,38.171,37.517,1,0
127.477,t2_squeezenet,62.486,37.667,0,0
127.527,t2_squeezenet,35.272,34.908,2,0
127.561,t2_squeezenet,52.487,33.178,1,0
127.592,t2_squeezenet,68.097,31.759,1,0
127.623,t2_squeezenet,42.829,30.289,1,0
127.655,t2_squeezenet,60.776,32.073,0,0
127.739,t2_squeezenet,32.192,29.108,0,0
127.892,t2_squeezenet,37.943,36.113,2,0
127.928,t2_squeezenet,44.059,35.812,2,0
127.962,t2_squeezenet,78.245,34.722,2,0
127.997,t2_squeezenet,101.630,34.043,2,0
128.033,t2_squeezenet,97.926,36.298,2,0
128.070,t2_squeezenet,80.942,37.024,2,0
128.100,t2_squeezenet,84.193,30.026,1,0
128.139,t2_squeezenet,71.109,38.903,2,0
128.177,t2_squeezenet,42.473,37.731,2,0
128.215,t2_squeezenet,77.388,38.593,1,0
128.255,t2_squeezenet,111.726,39.793,0,0
128.376,t2_squeezenet,31.472,30.043,0,0
128.538,t2_squeezenet,33.991,30.017,0,0
128.592,t2_squeezenet,33.328,29.218,0,0
128.754,t2_squeezenet,38.320,34.854,0,0
128.809,t2_squeezenet,31.603,29.800,0,0
128.919,t2_squeezenet,42.619,38.852,1,0
128.962,t2_squeezenet,76.711,42.825,1,0
128.994,t2_squeezenet,64.711,32.435,1,0
129.027,t2_squeezenet,43.841,32.659,1,0
129.075,t2_squeezenet,67.789,47.868,1,0
129.119,t2_squeezenet,71.647,43.955,1,0
129.160,t2_squeezenet,77.107,41.377,0,0
129.252,t2_squeezenet,48.043,45.932,1,0
129.288,t2_squeezenet,61.332,36.662,0,0
129.385,t2_squeezenet,38.004,35.723,0,0
129.464,t2_squeezenet,37.223,36.501,0,0
129.595,t2_squeezenet,36.664,35.022,0,0
129.689,t2_squeezenet,46.164,43.562,0,0
129.751,t2_squeezenet,34.832,31.490,1,0
129.784,t2_squeezenet,65.731,33.182,0,0
129.894,t2_squeezenet,29.784,29.121,0,0
129.955,t2_squeezenet,36.488,35.214,1,0
129.984,t2_squeezenet,38.506,29.058,1,0
130.013,t2_squeezenet,42.342,29.027,1,0
130.044,t2_squeezenet,38.731,31.450,0,0
130.148,t2_squeezenet,37.836,32.936,0,0
130.287,t2_squeezenet,33.632,32.478,0,0
130.345,t2_squeezenet,43.967,42.487,1,0
130.389,t2_squeezenet,64.371,44.284,1,0
130.437,t2_squeezenet,51.427,48.283,2,0
130.485,t2_squeezenet,71.876,47.735,2,0
130.526,t2_squeezenet,95.881,41.019,1,0
130.568,t2_squeezenet,84.394,41.567,1,0
130.601,t2_squeezenet,69.649,32.836,0,0
130.785,t2_squeezenet,51.834,46.954,2,0
130.830,t2_squeezenet,90.266,45.435,1,0
130.867,t2_squeezenet,110.289,36.933,0,0
131.106,t2_squeezenet,37.175,36.142,0,0
131.275,t2_squeezenet,39.716,36.978,0,0
131.387,t2_squeezenet,35.928,31.447,0,0
131.490,t2_squeezenet,39.815,36.667,1,0
131.522,t2_squeezenet,37.229,32.034,0,0
131.724,t2_squeezenet,46.661,44.716,1,0
131.768,t2_squeezenet,71.376,44.314,1,0
131.809,t2_squeezenet,49.543,40.988,1,0
131.853,t2_squeezenet,48.746,44.324,1,0
131.898,t2_squeezenet,79.970,44.411,1,0
131.943,t2_squeezenet,69.016,44.688,2,0
131.980,t2_squeezenet,66.338,37.727,1,0
132.013,t2_squeezenet,79.741,32.956,1,0
132.044,t2_squeezenet,35.845,30.386,1,0
132.075,t2_squeezenet,51.301,30.932,0,0
132.250,t2_squeezenet,47.909,43.611,0,0
132.333,t2_squeezenet,43.223,42.173,2,0
132.379,t2_squeezenet,84.338,46.561,2,0
132.424,t2_squeezenet,101.120,44.528,1,0
132.471,t2_squeezenet,98.745,47.443,0,0
132.550,t2_squeezenet,45.415,42.817,1,0
132.593,t2_squeezenet,60.108,42.846,0,0
132.728,t2_squeezenet,33.896,33.502,1,0
132.774,t2_squeezenet,53.797,46.133,0,0
132.945,t2_squeezenet,51.070,47.102,2,0
132.989,t2_squeezenet,69.055,44.561,1,0
133.034,t2_squeezenet,106.067,44.361,1,0
133.078,t2_squeezenet,61.441,44.346,1,0
133.126,t2_squeezenet,76.519,47.600,2,0
133.172,t2_squeezenet,78.898,46.032,3,0
133.213,t2_squeezenet,110.964,41.308,2,0
133.257,t2_squeezenet,105.755,44.241,3,0
133.300,t2_squeezenet,131.378,42.819,4,0
133.333,t2_squeezenet,114.084,32.506,3,0
133.364,t2_squeezenet,141.578,31.005,5,0
133.396,t2_squeezenet,125.669,32.093,5,0
133.429,t2_squeezenet,135.428,32.882,5,0
133.462,t2_squeezenet,114.206,32.682,4,0
133.493,t2_squeezenet,144.002,31.492,4,0
133.525,t2_squeezenet,175.013,31.592,3,0
133.566,t2_squeezenet,173.969,41.207,2,0
133.603,t2_squeezenet,182.621,37.121,1,0
133.636,t2_squeezenet,168.891,33.007,0,0
133.714,t2_squeezenet,44.025,42.127,1,0
133.760,t2_squeezenet,53.102,46.371,0,0
133.814,t2_squeezenet,40.618,38.111,0,0
133.958,t2_squeezenet,51.046,47.618,2,0
133.999,t2_squeezenet,65.058,41.136,1,0
134.045,t2_squeezenet,107.346,46.147,3,0
134.089,t2_squeezenet,87.725,43.807,2,0
134.136,t2_squeezenet,114.724,46.926,2,0
134.173,t2_squeezenet,139.330,37.330,2,0
134.206,t2_squeezenet,105.251,32.575,1,0
134.242,t2_squeezenet,70.906,36.467,0,0
134.352,t2_squeezenet,35.064,33.994,1,0
134.399,t2_squeezenet,81.853,47.013,0,0
134.555,t2_squeezenet,53.855,49.147,2,0
134.598,t2_squeezenet,83.622,42.707,1,0
134.640,t2_squeezenet,122.151,42.198,0,0
134.701,t2_squeezenet,54.630,50.402,1,0
134.748,t2_squeezenet,82.294,46.913,1,0
134.790,t2_squeezenet,52.036,42.143,0,0
134.839,t2_squeezenet,48.335,44.030,1,0
134.883,t2_squeezenet,82.985,43.759,0,0
134.972,t2_squeezenet,34.355,33.028,0,0
135.037,t2_squeezenet,49.169,44.545,0,0
135.115,t2_squeezenet,40.268,37.288,1,0
135.150,t2_squeezenet,69.239,35.001,2,0
135.193,t2_squeezenet,58.221,43.579,1,0
135.226,t2_squeezenet,81.593,33.159,0,0
135.267,t2_squeezenet,31.364,30.950,0,0
135.409,t2_squeezenet,31.672,30.509,0,0
135.448,t2_squeezenet,38.554,34.041,1,0
135.494,t2_squeezenet,49.600,45.471,0,0
135.581,t2_squeezenet,32.859,31.917,0,0
135.626,t2_squeezenet,37.758,34.010,1,0
135.672,t2_squeezenet,63.210,46.112,1,0
135.710,t2_squeezenet,81.128,37.650,0,0
135.872,t2_squeezenet,49.104,45.150,0,0
135.929,t2_squeezenet,35.726,31.245,2,0
135.961,t2_squeezenet,66.373,31.523,1,0
135.994,t2_squeezenet,78.047,33.466,1,0
136.041,t2_squeezenet,56.855,47.173,0,0
136.095,t2_squeezenet,40.229,38.062,1,0
136.137,t2_squeezenet,43.868,42.010,0,0
136.281,t2_squeezenet,46.157,42.813,0,0
136.375,t2_squeezenet,51.606,48.038,2,0
136.408,t2_squeezenet,62.576,32.531,2,0
136.449,t2_squeezenet,87.521,41.571,1,0
136.494,t2_squeezenet,94.638,44.867,1,0
136.540,t2_squeezenet,59.795,45.547,1,0
136.585,t2_squeezenet,74.954,45.220,2,0
136.627,t2_squeezenet,85.760,41.277,1,0
136.670,t2_squeezenet,95.490,43.142,1,0
136.719,t2_squeezenet,84.530,48.882,2,0
136.754,t2_squeezenet,60.439,35.280,2,0
136.784,t2_squeezenet,67.257,30.163,1,0
136.815,t2_squeezenet,66.099,30.721,0,0
137.147,t2_squeezenet,43.315,42.998,1,0
137.178,t2_squeezenet,56.563,31.062,0,0
137.282,t2_squeezenet,34.403,32.892,0,0
137.364,t2_squeezenet,40.725,36.406,0,0
137.457,t2_squeezenet,40.508,37.417,1,0
137.487,t2_squeezenet,60.907,29.553,2,0
137.516,t2_squeezenet,46.056,29.668,2,0
137.546,t2_squeezenet,64.796,29.082,1,0
137.581,t2_squeezenet,64.671,35.406,0,0
137.699,t2_squeezenet,42.691,42.433,1,0
137.748,t2_squeezenet,75.415,48.743,0,0
137.837,t2_squeezenet,44.183,43.540,3,0
137.886,t2_squeezenet,83.079,48.700,3,0
137.933,t2_squeezenet,128.789,46.859,4,0
137.975,t2_squeezenet,161.896,42.160,3,0
138.019,t2_squeezenet,138.463,44.204,3,0
138.063,t2_squeezenet,151.329,43.061,2,0
138.109,t2_squeezenet,179.947,46.505,3,0
138.155,t2_squeezenet,167.893,45.541,2,0
138.197,t2_squeezenet,133.131,42.553,1,0
138.241,t2_squeezenet,149.669,43.992,0,0
138.340,t2_squeezenet,35.148,32.172,1,0
138.375,t2_squeezenet,51.922,35.167,0,0
138.425,t2_squeezenet,32.875,29.825,0,0
138.602,t2_squeezenet,34.241,30.645,0,0
138.697,t2_squeezenet,49.190,48.433,0,0
138.889,t2_squeezenet,35.558,34.440,0,0
138.964,t2_squeezenet,47.010,44.484,1,0
138.994,t2_squeezenet,71.157,30.343,1,0
139.024,t2_squeezenet,42.539,29.929,1,0
139.053,t2_squeezenet,32.271,29.589,0,0
139.099,t2_squeezenet,38.008,35.129,0,0
139.230,t2_squeezenet,47.040,44.843,2,0
139.275,t2_squeezenet,89.412,45.692,1,0
139.316,t2_squeezenet,111.247,40.066,0,0
139.368,t2_squeezenet,39.681,37.408,1,0
139.410,t2_squeezenet,58.029,41.697,1,0
139.455,t2_squeezenet,59.464,44.331,0,0
139.516,t2_squeezenet,47.209,46.139,1,0
139.558,t2_squeezenet,68.782,41.489,1,0
139.593,t2_squeezenet,40.972,35.774,0,0
139.637,t2_squeezenet,37.889,33.453,0,0
139.728,t2_squeezenet,37.034,35.542,1,0
139.763,t2_squeezenet,41.603,34.357,0,0
139.825,t2_squeezenet,38.285,36.958,0,0
139.990,t2_squeezenet,44.204,43.726,0,0
140.128,t2_squeezenet,44.225,42.217,2,0
140.176,t2_squeezenet,60.064,47.142,4,0
140.225,t2_squeezenet,96.939,49.161,4,0
140.260,t2_squeezenet,106.474,35.205,4,0
140.301,t2_squeezenet,143.706,41.336,3,0
140.348,t2_squeezenet,178.024,46.961,2,0
140.395,t2_squeezenet,218.489,46.943,2,0
140.440,t2_squeezenet,206.007,44.392,2,0
140.477,t2_squeezenet,87.280,36.993,2,0
140.519,t2_squeezenet,95.054,41.799,2,0
140.565,t2_squeezenet,120.968,46.630,1,0
140.605,t2_squeezenet,97.714,39.525,1,0
140.635,t2_squeezenet,62.377,30.235,0,0
140.749,t2_squeezenet,47.173,42.234,0,0
140.985,t2_squeezenet,34.843,33.390,1,0
141.017,t2_squeezenet,48.871,32.758,1,0
141.052,t2_squeezenet,64.859,34.148,2,0
141.095,t2_squeezenet,62.477,43.541,1,0
141.140,t2_squeezenet,89.343,45.062,3,0
141.174,t2_squeezenet,74.590,33.692,2,0
141.205,t2_squeezenet,100.494,30.969,1,0
141.249,t2_squeezenet,112.320,44.055,0,0
141.412,t2_squeezenet,37.760,35.574,1,0
141.448,t2_squeezenet,65.896,35.757,1,0
141.479,t2_squeezenet,55.128,31.037,1,0
141.510,t2_squeezenet,58.927,30.919,3,0
141.540,t2_squeezenet,56.704,30.233,2,0
141.579,t2_squeezenet,90.796,38.759,1,0
141.621,t2_squeezenet,131.286,42.077,0,0
141.720,t2_squeezenet,34.607,33.395,0,0
142.079,t2_squeezenet,37.170,35.397,1,0
142.116,t2_squeezenet,46.659,36.774,0,0
142.330,t2_squeezenet,32.671,32.162,0,0
142.457,t2_squeezenet,29.611,29.474,0,0
142.521,t2_squeezenet,35.647,33.004,0,0
142.558,t2_squeezenet,36.605,32.434,2,0
142.591,t2_squeezenet,61.562,32.487,1,0
142.622,t2_squeezenet,91.447,31.130,1,0
142.666,t2_squeezenet,58.521,43.365,0,0
142.717,t2_squeezenet,34.719,31.536,0,0
142.849,t2_squeezenet,35.036,30.317,0,0
142.901,t2_squeezenet,35.822,32.114,0,0
142.949,t2_squeezenet,34.865,32.445,0,0
143.094,t2_squeezenet,38.185,33.596,0,0
143.164,t2_squeezenet,45.769,44.623,0,0
143.211,t2_squeezenet,37.242,32.548,0,0
143.282,t2_squeezenet,43.292,38.646,1,0
143.325,t2_squeezenet,52.084,43.097,1,0
143.372,t2_squeezenet,73.506,47.205,0,0
143.453,t2_squeezenet,35.748,35.711,0,0
143.622,t2_squeezenet,36.948,36.735,0,0
143.780,t2_squeezenet,40.186,37.218,2,0
143.820,t2_squeezenet,72.233,39.446,1,0
143.862,t2_squeezenet,86.934,42.005,1,0
143.898,t2_squeezenet,74.002,35.935,0,0
143.987,t2_squeezenet,42.722,38.405,0,0
144.079,t2_squeezenet,40.878,36.054,1,0
144.110,t2_squeezenet,55.069,31.252,0,0
144.196,t2_squeezenet,47.928,45.223,1,0
144.242,t2_squeezenet,72.531,45.869,2,0
144.290,t2_squeezenet,79.739,48.385,1,0
144.335,t2_squeezenet,104.551,44.256,0,0
144.481,t2_squeezenet,40.661,40.256,0,0
144.546,t2_squeezenet,36.858,33.791,1,0
144.579,t2_squeezenet,58.139,33.717,1,0
144.610,t2_squeezenet,63.876,30.819,0,0
144.684,t2_squeezenet,37.505,33.838,0,0
144.810,t2_squeezenet,45.557,44.660,0,0
144.984,t2_squeezenet,35.705,32.243,1,0
145.019,t2_squeezenet,50.922,34.255,0,0
145.207,t2_squeezenet,38.265,36.554,0,0
145.262,t2_squeezenet,43.341,39.512,1,0
145.305,t2_squeezenet,53.596,43.082,0,0
145.385,t2_squeezenet,46.779,44.191,1,0
145.430,t2_squeezenet,73.423,45.264,1,0
145.466,t2_squeezenet,47.158,35.580,0,0
145.527,t2_squeezenet,39.713,35.504,1,0
145.563,t2_squeezenet,62.272,36.514,0,0
145.640,t2_squeezenet,39.892,36.178,0,0
145.819,t2_squeezenet,48.636,47.328,2,0
145.865,t2_squeezenet,88.054,45.699,2,0
145.905,t2_squeezenet,117.609,40.583,2,0
145.952,t2_squeezenet,119.079,46.762,2,0
145.997,t2_squeezenet,124.132,45.035,1,0
146.044,t2_squeezenet,123.532,46.885,2,0
146.089,t2_squeezenet,66.930,44.596,1,0
146.132,t2_squeezenet,104.526,42.543,0,0
146.227,t2_squeezenet,31.794,29.997,0,0
146.299,t2_squeezenet,34.003,30.852,0,0
146.375,t2_squeezenet,47.747,46.227,1,0
146.420,t2_squeezenet,86.259,44.436,1,0
146.462,t2_squeezenet,52.866,42.367,1,0
146.506,t2_squeezenet,71.312,43.322,0,0
146.565,t2_squeezenet,44.236,44.055,1,0
146.596,t2_squeezenet,66.257,30.971,1,0
146.626,t2_squeezenet,30.812,29.310,0,0
146.699,t2_squeezenet,40.733,37.826,1,0
146.744,t2_squeezenet,47.916,45.306,1,0
146.788,t2_squeezenet,48.600,43.924,0,0
147.142,t2_squeezenet,53.705,49.202,1,0
147.184,t2_squeezenet,94.389,41.934,1,0
147.231,t2_squeezenet,58.345,46.128,1,0
147.279,t2_squeezenet,67.008,48.021,2,0
147.324,t2_squeezenet,88.735,45.012,2,0
147.368,t2_squeezenet,100.828,44.006,2,0
147.412,t2_squeezenet,97.919,44.615,1,0
147.457,t2_squeezenet,128.968,44.562,0,0
147.550,t2_squeezenet,40.497,37.230,1,0
147.581,t2_squeezenet,36.993,31.000,1,0
147.618,t2_squeezenet,55.553,36.538,0,0
147.670,t2_squeezenet,33.893,31.935,1,0
147.701,t2_squeezenet,51.408,31.423,1,0
147.734,t2_squeezenet,37.761,32.410,3,0
147.775,t2_squeezenet,71.706,40.885,3,0
147.811,t2_squeezenet,100.371,36.291,2,0
147.842,t2_squeezenet,115.059,30.664,1,0
147.882,t2_squeezenet,146.241,40.428,1,0
147.927,t2_squeezenet,64.993,44.792,1,0
147.970,t2_squeezenet,85.459,43.362,0,0
148.037,t2_squeezenet,50.956,46.794,1,0
148.082,t2_squeezenet,82.808,44.038,0,0
148.132,t2_squeezenet,40.632,40.144,0,0
148.221,t2_squeezenet,47.715,47.195,3,0
148.263,t2_squeezenet,78.523,42.368,3,0
148.309,t2_squeezenet,119.402,45.887,2,0
148.354,t2_squeezenet,134.841,45.309,1,0
148.402,t2_squeezenet,155.960,47.753,0,0
148.457,t2_squeezenet,48.191,44.914,0,0
148.535,t2_squeezenet,48.779,47.020,0,0
148.619,t2_squeezenet,44.191,43.182,0,0
148.684,t2_squeezenet,49.147,45.272,2,0
148.731,t2_squeezenet,91.397,46.681,1,0
148.776,t2_squeezenet,118.789,45.324,0,0
148.961,t2_squeezenet,39.460,37.400,0,0
149.033,t2_squeezenet,37.069,32.036,1,0
149.067,t2_squeezenet,38.338,33.882,2,0
149.097,t2_squeezenet,62.613,29.628,1,0
149.126,t2_squeezenet,91.403,29.034,0,0
149.188,t2_squeezenet,36.889,36.065,0,0
149.284,t2_squeezenet,37.536,35.352,2,0
149.314,t2_squeezenet,45.361,30.296,2,0
149.344,t2_squeezenet,74.733,30.360,2,0
149.379,t2_squeezenet,82.398,35.110,3,0
149.415,t2_squeezenet,70.433,35.054,2,0
149.451,t2_squeezenet,88.767,36.352,2,0
149.486,t2_squeezenet,106.970,35.391,2,0
149.521,t2_squeezenet,77.041,34.673,2,0
149.555,t2_squeezenet,77.651,34.175,1,0
149.591,t2_squeezenet,96.182,35.928,0,0
149.666,t2_squeezenet,32.279,29.044,0,0
149.783,t2_squeezenet,37.100,36.301,3,0
149.820,t2_squeezenet,60.579,36.828,2,0
149.859,t2_squeezenet,93.896,38.754,1,0
149.890,t2_squeezenet,119.320,30.920,0,0
149.976,t2_squeezenet,41.771,38.535,0,0
150.016,t2_squeezenet,31.010,29.091,1,0
150.046,t2_squeezenet,43.677,30.067,1,0
150.082,t2_squeezenet,48.347,36.186,2,0
150.112,t2_squeezenet,54.550,30.120,2,0
150.141,t2_squeezenet,67.054,29.064,1,0
150.175,t2_squeezenet,81.773,33.563,0,0
150.217,t2_squeezenet,33.899,32.435,1,0
150.256,t2_squeezenet,44.169,38.475,1,0
150.292,t2_squeezenet,51.802,36.405,1,0
150.324,t2_squeezenet,38.656,32.027,0,0
150.489,t2_squeezenet,47.898,46.955,1,0
150.526,t2_squeezenet,38.661,37.110,0,0
150.690,t2_squeezenet,37.669,37.556,0,0
150.728,t2_squeezenet,33.458,32.815,2,0
150.764,t2_squeezenet,51.593,35.873,2,0
150.795,t2_squeezenet,75.558,30.814,1,0
150.824,t2_squeezenet,80.420,29.035,0,0
150.864,t2_squeezenet,30.902,29.733,1,0
150.893,t2_squeezenet,46.910,29.403,0,0
151.011,t2_squeezenet,46.462,41.843,1,0
151.054,t2_squeezenet,86.406,42.423,1,0
151.086,t2_squeezenet,42.845,32.393,0,0
151.190,t2_squeezenet,46.593,42.578,1,0
151.224,t2_squeezenet,48.192,33.740,1,0
151.257,t2_squeezenet,66.631,33.451,1,0
151.294,t2_squeezenet,49.660,37.339,0,0
151.488,t2_squeezenet,34.465,31.716,1,0
151.533,t2_squeezenet,46.683,44.684,0,0
151.584,t2_squeezenet,51.059,46.389,1,0
151.618,t2_squeezenet,66.512,33.417,1,0
151.660,t2_squeezenet,70.236,41.794,1,0
151.696,t2_squeezenet,44.864,36.594,0,0
151.735,t2_squeezenet,35.026,33.789,2,0
151.776,t2_squeezenet,67.145,40.941,2,0
151.817,t2_squeezenet,99.538,41.300,2,0
151.860,t2_squeezenet,84.684,42.729,2,0
151.905,t2_squeezenet,110.219,44.991,1,0
151.950,t2_squeezenet,111.147,44.936,0,0
152.038,t2_squeezenet,38.521,37.137,2,0
152.073,t2_squeezenet,60.362,34.859,2,0
152.107,t2_squeezenet,87.394,34.423,2,0
152.144,t2_squeezenet,95.331,36.252,2,0
152.178,t2_squeezenet,81.473,34.802,2,0
152.214,t2_squeezenet,94.960,35.578,2,0
152.250,t2_squeezenet,84.803,35.900,3,0
152.288,t2_squeezenet,105.642,38.107,3,0
152.325,t2_squeezenet,95.563,37.104,2,0
152.368,t2_squeezenet,128.998,42.376,3,0
152.411,t2_squeezenet,135.333,43.091,5,0
152.456,t2_squeezenet,123.293,44.759,4,0
152.503,t2_squeezenet,146.271,47.103,5,0
152.540,t2_squeezenet,154.011,37.000,5,0
152.576,t2_squeezenet,181.450,36.162,4,0
152.611,t2_squeezenet,207.259,35.155,3,0
152.647,t2_squeezenet,176.234,35.610,2,0
152.685,t2_squeezenet,196.673,37.791,1,0
152.720,t2_squeezenet,198.059,34.823,1,0
152.754,t2_squeezenet,65.534,34.827,1,0
152.790,t2_squeezenet,49.234,35.231,0,0
153.108,t2_squeezenet,37.296,34.581,3,0
153.137,t2_squeezenet,65.108,28.985,2,0
153.167,t2_squeezenet,74.011,30.538,1,0
153.209,t2_squeezenet,105.698,42.063,1,0
153.242,t2_squeezenet,50.749,32.585,0,0
153.295,t2_squeezenet,37.308,33.278,0,0
153.347,t2_squeezenet,32.702,32.656,3,0
153.376,t2_squeezenet,53.118,29.024,3,0
153.408,t2_squeezenet,84.520,32.866,3,0
153.444,t2_squeezenet,106.584,35.200,2,0
153.480,t2_squeezenet,132.921,36.119,3,0
153.515,t2_squeezenet,122.933,35.562,4,0
153.546,t2_squeezenet,94.175,30.190,4,0
153.575,t2_squeezenet,109.544,29.581,4,0
153.604,t2_squeezenet,119.110,29.129,4,0
153.633,t2_squeezenet,140.867,28.967,5,0
153.662,t2_squeezenet,117.777,29.001,4,0
153.693,t2_squeezenet,122.072,30.288,3,0
153.722,t2_squeezenet,129.467,29.153,3,0
153.756,t2_squeezenet,127.888,34.102,2,0
153.787,t2_squeezenet,157.773,30.754,1,0
153.817,t2_squeezenet,100.661,30.285,1,0
153.850,t2_squeezenet,62.192,33.334,1,0
153.885,t2_squeezenet,65.529,34.722,0,0
154.000,t2_squeezenet,29.158,29.128,1,0
154.030,t2_squeezenet,51.806,28.988,0,0
154.217,t2_squeezenet,37.356,36.058,1,0
154.248,t2_squeezenet,48.928,30.824,0,0
154.303,t2_squeezenet,32.334,29.491,0,0
154.393,t2_squeezenet,32.609,29.105,1,0
154.429,t2_squeezenet,61.389,35.920,2,0
154.466,t2_squeezenet,48.998,37.158,2,0
154.501,t2_squeezenet,75.117,35.385,1,0
154.536,t2_squeezenet,98.010,34.465,0,0
154.704,t2_squeezenet,36.898,36.238,1,0
154.745,t2_squeezenet,46.064,41.749,2,0
154.788,t2_squeezenet,75.414,42.819,2,0
154.835,t2_squeezenet,92.022,46.732,1,0
154.871,t2_squeezenet,85.445,36.259,2,0
154.902,t2_squeezenet,62.500,30.766,1,0
154.935,t2_squeezenet,87.924,32.911,0,0
154.986,t2_squeezenet,32.576,30.787,0,0
155.032,t2_squeezenet,31.129,30.474,0,0
155.117,t2_squeezenet,35.143,34.213,1,0
155.150,t2_squeezenet,34.600,33.580,1,0
155.182,t2_squeezenet,33.180,31.629,0,0
155.318,t2_squeezenet,36.179,34.619,1,0
155.355,t2_squeezenet,53.153,36.907,0,0
155.581,t2_squeezenet,34.109,33.918,1,0
155.613,t2_squeezenet,37.156,31.746,2,0
155.644,t2_squeezenet,58.589,31.000,2,0
155.676,t2_squeezenet,64.262,31.810,1,0
155.709,t2_squeezenet,94.794,33.475,0,0
155.885,t2_squeezenet,40.406,39.194,1,0
155.920,t2_squeezenet,58.330,35.204,0,0
156.040,t2_squeezenet,35.383,33.943,1,0
156.076,t2_squeezenet,58.250,35.198,0,0
156.118,t2_squeezenet,38.536,37.567,0,0
156.286,t2_squeezenet,36.768,36.106,0,0
156.347,t2_squeezenet,38.731,35.239,0,0
156.492,t2_squeezenet,41.666,38.723,0,0
156.539,t2_squeezenet,33.835,32.239,0,0
156.662,t2_squeezenet,36.611,31.932,0,0
156.715,t2_squeezenet,35.918,32.243,1,0
156.760,t2_squeezenet,57.692,44.791,0,0
156.825,t2_squeezenet,36.676,35.344,1,0
156.858,t2_squeezenet,62.695,32.625,1,0
156.892,t2_squeezenet,40.566,33.584,0,0
156.933,t2_squeezenet,34.850,31.125,1,0
156.965,t2_squeezenet,50.580,32.171,1,0
157.004,t2_squeezenet,47.286,38.561,0,0
157.052,t2_squeezenet,47.465,43.375,0,0
157.126,t2_squeezenet,36.090,33.093,1,0
157.159,t2_squeezenet,64.857,33.561,1,0
157.200,t2_squeezenet,41.808,40.494,0,0
157.324,t2_squeezenet,47.533,47.295,0,0
157.795,t2_squeezenet,30.966,29.995,1,0
157.824,t2_squeezenet,56.419,29.008,1,0
157.853,t2_squeezenet,30.964,29.449,0,0
157.953,t2_squeezenet,29.025,28.995,0,0
158.023,t2_squeezenet,32.668,29.581,0,0
158.219,t2_squeezenet,29.488,29.124,1,0
158.249,t2_squeezenet,43.007,29.822,0,0
158.323,t2_squeezenet,32.990,29.150,0,0
158.364,t2_squeezenet,31.008,30.556,0,0
158.522,t2_squeezenet,36.331,36.288,1,0
158.557,t2_squeezenet,59.873,34.647,1,0
158.591,t2_squeezenet,45.718,34.187,0,0
158.697,t2_squeezenet,40.461,35.463,2,0
158.727,t2_squeezenet,50.991,30.285,2,0
158.757,t2_squeezenet,60.603,30.036,2,0
158.793,t2_squeezenet,72.639,35.562,1,0
158.828,t2_squeezenet,91.695,35.240,0,0
158.891,t2_squeezenet,42.470,37.580,1,0
158.924,t2_squeezenet,36.518,32.626,0,0
158.963,t2_squeezenet,32.803,29.041,0,0
159.018,t2_squeezenet,35.569,34.828,0,0
159.108,t2_squeezenet,29.976,28.992,1,0
159.138,t2_squeezenet,33.623,30.053,0,0
159.200,t2_squeezenet,33.694,32.095,0,0
159.241,t2_squeezenet,31.683,30.491,0,0
159.279,t2_squeezenet,33.748,32.646,3,0
159.311,t2_squeezenet,62.905,32.381,2,0
159.355,t2_squeezenet,91.432,43.326,2,0
159.391,t2_squeezenet,116.829,36.142,2,0
159.422,t2_squeezenet,78.140,31.079,2,0
159.451,t2_squeezenet,86.083,29.084,1,0
159.480,t2_squeezenet,75.697,28.991,1,0
159.510,t2_squeezenet,46.897,29.571,0,0
159.611,t2_squeezenet,44.025,40.952,1,0
159.656,t2_squeezenet,76.407,44.649,3,0
159.691,t2_squeezenet,75.608,34.564,2,0
159.728,t2_squeezenet,94.832,37.120,1,0
159.770,t2_squeezenet,130.878,41.870,0,0
159.891,t2_squeezenet,37.711,35.477,0,0
159.978,t2_squeezenet,38.196,36.005,0,0
160.113,t2_squeezenet,40.887,38.831,0,0
160.213,t2_squeezenet,49.540,44.485,0,0
160.276,t2_squeezenet,42.635,42.488,1,0
160.324,t2_squeezenet,56.488,48.228,2,0
160.370,t2_squeezenet,61.194,45.474,2,0
160.413,t2_squeezenet,99.381,43.401,1,0
160.457,t2_squeezenet,114.875,43.777,2,0
160.501,t2_squeezenet,52.082,43.633,1,0
160.539,t2_squeezenet,86.814,38.699,0,0
160.711,t2_squeezenet,39.443,34.811,0,0
160.754,t2_squeezenet,35.965,32.636,0,0
160.832,t2_squeezenet,34.865,32.536,0,0
160.956,t2_squeezenet,33.733,32.986,0,0
161.111,t2_squeezenet,32.995,29.372,0,0
161.198,t2_squeezenet,38.670,35.476,1,0
161.238,t2_squeezenet,70.005,40.219,0,0
161.371,t2_squeezenet,32.622,31.552,0,0
161.499,t2_squeezenet,49.574,47.436,1,0
161.529,t2_squeezenet,32.895,30.052,0,0
161.644,t2_squeezenet,31.032,29.161,1,0
161.678,t2_squeezenet,42.940,33.284,0,0
161.728,t2_squeezenet,34.408,29.689,1,0
161.758,t2_squeezenet,50.408,30.101,0,0
161.804,t2_squeezenet,33.748,30.839,0,0
161.909,t2_squeezenet,35.346,34.614,1,0
161.950,t2_squeezenet,50.849,40.350,1,0
161.988,t2_squeezenet,59.982,38.414,1,0
162.034,t2_squeezenet,45.626,45.275,0,0
162.252,t2_squeezenet,37.465,35.347,0,0
162.342,t2_squeezenet,41.130,39.500,0,0
162.516,t2_squeezenet,43.145,42.121,1,0
162.558,t2_squeezenet,46.355,42.418,2,0
162.603,t2_squeezenet,68.990,44.824,1,0
162.650,t2_squeezenet,104.607,47.159,2,0
162.692,t2_squeezenet,65.225,41.927,1,0
162.737,t2_squeezenet,108.835,45.090,1,0
162.782,t2_squeezenet,50.534,44.335,1,0
162.819,t2_squeezenet,38.895,37.211,1,0
162.851,t2_squeezenet,47.891,31.970,0,0
162.914,t2_squeezenet,47.553,42.804,1,0
162.947,t2_squeezenet,75.247,33.303,2,0
162.981,t2_squeezenet,56.242,33.324,1,0
163.021,t2_squeezenet,82.819,39.808,2,0
163.063,t2_squeezenet,81.608,41.943,1,0
163.108,t2_squeezenet,110.549,45.491,1,0
163.156,t2_squeezenet,83.432,47.386,0,0
163.348,t2_squeezenet,44.373,40.354,0,0
163.433,t2_squeezenet,45.601,44.021,1,0
163.480,t2_squeezenet,71.635,47.400,1,0
163.518,t2_squeezenet,65.552,37.905,0,0
163.629,t2_squeezenet,36.764,34.826,1,0
163.660,t2_squeezenet,64.775,31.241,0,0
163.773,t2_squeezenet,38.548,36.643,1,0
163.809,t2_squeezenet,47.867,35.935,0,0
163.890,t2_squeezenet,50.847,45.794,1,0
163.938,t2_squeezenet,74.539,48.142,0,0
164.105,t2_squeezenet,47.060,44.950,0,0
164.320,t2_squeezenet,45.007,41.965,0,0
164.373,t2_squeezenet,44.628,43.053,1,0
164.419,t2_squeezenet,74.449,46.201,1,0
164.466,t2_squeezenet,50.951,46.577,0,0
164.644,t2_squeezenet,42.939,39.403,0,0
164.792,t2_squeezenet,46.370,45.900,1,0
164.835,t2_squeezenet,70.206,43.424,1,0
164.880,t2_squeezenet,63.994,44.592,2,0
164.916,t2_squeezenet,79.567,35.662,1,0
164.955,t2_squeezenet,95.420,39.790,2,0
164.992,t2_squeezenet,73.250,36.536,2,0
165.023,t2_squeezenet,68.229,30.941,1,0
165.067,t2_squeezenet,91.521,44.104,4,0
165.113,t2_squeezenet,84.691,46.021,3,0
165.150,t2_squeezenet,121.284,36.853,2,0
165.189,t2_squeezenet,157.153,38.793,4,0
165.232,t2_squeezenet,180.375,43.466,3,0
165.278,t2_squeezenet,117.155,45.898,3,0
165.324,t2_squeezenet,157.480,45.471,2,0
165.366,t2_squeezenet,190.292,41.918,1,0
165.410,t2_squeezenet,155.993,44.052,0,0
165.527,t2_squeezenet,36.937,35.028,1,0
165.560,t2_squeezenet,33.480,32.581,0,0
165.685,t2_squeezenet,47.996,43.912,0,0
165.751,t2_squeezenet,49.905,45.466,1,0
165.792,t2_squeezenet,82.990,41.269,0,0
165.856,t2_squeezenet,34.353,33.908,0,0
165.906,t2_squeezenet,37.722,34.799,0,0
165.972,t2_squeezenet,36.863,34.807,0,0
166.064,t2_squeezenet,41.154,37.164,2,0
166.100,t2_squeezenet,67.976,35.421,1,0
166.135,t2_squeezenet,78.027,35.163,0,0
166.454,t2_squeezenet,32.673,30.445,0,0
166.529,t2_squeezenet,38.368,34.425,1,0
166.559,t2_squeezenet,51.054,29.836,0,0
166.669,t2_squeezenet,32.384,29.025,0,0
166.704,t2_squeezenet,32.311,29.966,2,0
166.740,t2_squeezenet,51.731,36.370,1,0
166.776,t2_squeezenet,82.283,35.623,1,0
166.811,t2_squeezenet,46.652,35.421,0,0
167.013,t2_squeezenet,30.439,29.051,0,0
167.175,t2_squeezenet,46.843,46.189,4,0
167.211,t2_squeezenet,62.647,36.165,4,0
167.240,t2_squeezenet,91.587,29.061,4,0
167.270,t2_squeezenet,102.660,29.036,3,0
167.299,t2_squeezenet,127.354,29.500,4,0
167.331,t2_squeezenet,146.798,31.640,3,0
167.361,t2_squeezenet,139.141,30.474,2,0
167.393,t2_squeezenet,122.473,31.584,3,0
167.426,t2_squeezenet,148.438,32.834,3,0
167.459,t2_squeezenet,96.398,33.101,2,0
167.489,t2_squeezenet,96.714,30.379,1,0
167.520,t2_squeezenet,103.150,30.875,0,0
167.647,t2_squeezenet,42.711,41.168,0,0
167.844,t2_squeezenet,45.877,43.836,0,0
167.897,t2_squeezenet,36.957,32.986,1,0
167.928,t2_squeezenet,56.581,30.962,0,0
167.965,t2_squeezenet,37.140,32.100,1,0
167.997,t2_squeezenet,61.634,32.047,0,0
168.113,t2_squeezenet,35.813,34.623,0,0
168.218,t2_squeezenet,31.569,29.565,0,0
168.290,t2_squeezenet,37.566,36.568,2,0
168.328,t2_squeezenet,71.559,37.628,1,0
168.359,t2_squeezenet,76.302,30.822,0,0
168.429,t2_squeezenet,46.753,45.057,0,0
168.663,t2_squeezenet,35.224,31.256,0,0
169.017,t2_squeezenet,31.361,29.181,1,0
169.050,t2_squeezenet,54.964,33.764,0,0
169.109,t2_squeezenet,36.667,33.111,0,0
169.249,t2_squeezenet,30.665,29.194,1,0
169.285,t2_squeezenet,56.059,35.261,1,0
169.323,t2_squeezenet,70.974,38.193,0,0
169.374,t2_squeezenet,37.374,35.463,0,0
169.651,t2_squeezenet,32.268,29.454,0,0
169.709,t2_squeezenet,36.678,32.446,0,0
169.838,t2_squeezenet,43.138,37.017,0,0
169.895,t2_squeezenet,34.063,31.645,1,0
169.927,t2_squeezenet,62.157,32.129,2,0
169.958,t2_squeezenet,62.289,31.433,2,0
169.990,t2_squeezenet,74.076,31.519,1,0
170.032,t2_squeezenet,102.864,41.686,2,0
170.071,t2_squeezenet,73.267,39.066,2,0
170.106,t2_squeezenet,77.417,35.715,1,0
170.147,t2_squeezenet,89.866,40.980,0,0
170.197,t2_squeezenet,47.907,44.025,1,0
170.240,t2_squeezenet,84.336,43.567,1,0
170.276,t2_squeezenet,36.516,35.881,0,0
170.361,t2_squeezenet,30.238,29.258,1,0
170.391,t2_squeezenet,54.227,29.925,1,0
170.421,t2_squeezenet,45.638,30.147,0,0
170.460,t2_squeezenet,37.800,33.973,0,0
170.653,t2_squeezenet,31.615,31.098,1,0
170.686,t2_squeezenet,49.745,32.888,0,0
170.810,t2_squeezenet,42.335,42.232,0,0
170.912,t2_squeezenet,42.092,41.454,1,0
170.949,t2_squeezenet,53.028,36.838,1,0
170.986,t2_squeezenet,56.796,36.852,0,0
171.067,t2_squeezenet,40.221,35.523,0,0
171.114,t2_squeezenet,38.450,36.900,0,0
171.185,t2_squeezenet,39.896,35.651,2,0
171.222,t2_squeezenet,67.562,36.293,2,0
171.252,t2_squeezenet,82.457,30.740,2,0
171.281,t2_squeezenet,93.246,28.992,1,0
171.310,t2_squeezenet,84.587,28.968,0,0
171.467,t2_squeezenet,33.994,29.862,0,0
171.521,t2_squeezenet,34.028,29.101,0,0
171.555,t2_squeezenet,31.538,29.003,1,0
171.588,t2_squeezenet,34.292,32.913,1,0
171.622,t2_squeezenet,47.416,33.806,0,0
171.737,t2_squeezenet,45.585,43.965,0,0
171.806,t2_squeezenet,36.798,32.957,0,0
171.851,t2_squeezenet,33.017,29.935,0,0
171.993,t2_squeezenet,40.035,36.518,0,0
172.042,t2_squeezenet,39.735,38.186,0,0
172.104,t2_squeezenet,35.682,32.305,1,0
172.149,t2_squeezenet,64.706,44.994,2,0
172.184,t2_squeezenet,76.079,34.854,1,0
172.215,t2_squeezenet,94.581,30.881,1,0
172.247,t2_squeezenet,34.942,31.619,0,0
172.318,t2_squeezenet,48.632,45.611,0,0
172.376,t2_squeezenet,43.781,42.425,0,0
172.490,t2_squeezenet,36.991,33.792,0,0
172.831,t2_squeezenet,42.420,41.801,0,0
172.945,t2_squeezenet,34.588,32.267,2,0
172.984,t2_squeezenet,61.118,39.541,2,0
173.022,t2_squeezenet,84.872,37.154,1,0
173.054,t2_squeezenet,99.483,32.594,0,0
173.096,t2_squeezenet,33.571,31.826,0,0
173.196,t2_squeezenet,46.368,43.876,3,0
173.241,t2_squeezenet,72.582,45.236,2,0
173.277,t2_squeezenet,101.582,35.248,1,0
173.310,t2_squeezenet,123.853,33.157,0,0
173.368,t2_squeezenet,46.293,43.197,0,0
173.462,t2_squeezenet,36.582,32.950,0,0
173.603,t2_squeezenet,31.054,29.101,0,0
173.638,t2_squeezenet,33.065,29.999,1,0
173.674,t2_squeezenet,40.810,35.840,0,0
173.791,t2_squeezenet,45.745,41.739,0,0
173.920,t2_squeezenet,36.325,32.517,1,0
173.951,t2_squeezenet,34.868,30.616,0,0
174.008,t2_squeezenet,43.526,41.669,0,0
174.084,t2_squeezenet,39.532,35.615,1,0
174.125,t2_squeezenet,73.017,41.518,0,0
174.175,t2_squeezenet,48.346,44.402,1,0
174.220,t2_squeezenet,74.609,44.725,1,0
174.264,t2_squeezenet,55.349,44.569,0,0
174.461,t2_squeezenet,43.133,38.941,1,0
174.501,t2_squeezenet,67.777,40.672,0,0
174.562,t2_squeezenet,49.303,45.668,1,0
174.608,t2_squeezenet,74.425,45.687,2,0
174.648,t2_squeezenet,57.034,40.094,1,0
174.679,t2_squeezenet,86.156,31.122,0,0
174.869,t2_squeezenet,32.604,32.372,2,0
174.902,t2_squeezenet,66.031,33.785,1,0
174.945,t2_squeezenet,100.391,42.461,0,0
175.011,t2_squeezenet,40.423,35.996,1,0
175.045,t2_squeezenet,60.396,33.946,0,0
175.133,t2_squeezenet,43.757,42.029,1,0
175.178,t2_squeezenet,79.647,45.186,2,0
175.224,t2_squeezenet,74.394,46.165,2,0
175.267,t2_squeezenet,105.726,42.953,1,0
175.308,t2_squeezenet,87.396,40.258,0,0
175.367,t2_squeezenet,43.900,39.062,1,0
175.412,t2_squeezenet,81.140,45.318,0,0
175.529,t2_squeezenet,35.258,30.564,0,0
175.670,t2_squeezenet,31.737,29.709,1,0
175.700,t2_squeezenet,55.270,29.536,0,0
175.762,t2_squeezenet,33.325,31.676,0,0
175.862,t2_squeezenet,29.764,29.141,0,0
175.906,t2_squeezenet,31.185,29.048,0,0
176.054,t2_squeezenet,35.019,31.492,3,0
176.085,t2_squeezenet,60.045,31.250,2,0
176.116,t2_squeezenet,83.780,31.149,1,0
176.150,t2_squeezenet,116.421,33.884,1,0
176.196,t2_squeezenet,55.073,45.569,0,0
176.327,t2_squeezenet,50.038,45.698,0,0
176.400,t2_squeezenet,48.262,47.445,1,0
176.445,t2_squeezenet,84.562,44.344,1,0
176.489,t2_squeezenet,55.341,43.761,1,0
176.532,t2_squeezenet,85.378,43.155,2,0
176.578,t2_squeezenet,82.762,46.506,1,0
176.618,t2_squeezenet,117.522,39.153,0,0
176.656,t2_squeezenet,36.891,33.253,2,0
176.685,t2_squeezenet,62.137,29.441,1,0
176.720,t2_squeezenet,75.468,34.583,0,0
176.801,t2_squeezenet,33.382,30.227,0,0
176.864,t2_squeezenet,39.054,37.080,0,0
176.911,t2_squeezenet,34.873,32.362,1,0
176.945,t2_squeezenet,55.486,33.466,1,0
176.985,t2_squeezenet,73.584,40.234,0,0
177.037,t2_squeezenet,42.077,41.632,0,0
177.096,t2_squeezenet,33.741,33.409,0,0
177.193,t2_squeezenet,32.838,32.137,0,0
177.249,t2_squeezenet,31.957,30.615,0,0
177.299,t2_squeezenet,32.757,29.076,0,0
177.677,t2_squeezenet,32.813,29.097,0,0
177.748,t2_squeezenet,32.720,30.379,1,0
177.779,t2_squeezenet,31.513,30.719,0,0
177.838,t2_squeezenet,46.618,43.617,2,0
177.884,t2_squeezenet,74.217,46.474,4,0
177.923,t2_squeezenet,101.880,39.133,3,0
177.965,t2_squeezenet,124.995,41.415,2,0
178.009,t2_squeezenet,154.487,43.695,2,0
178.053,t2_squeezenet,182.256,44.404,1,0
178.102,t2_squeezenet,93.748,49.104,0,0
178.271,t2_squeezenet,35.203,31.511,0,0
178.707,t2_squeezenet,34.941,30.831,0,0
178.763,t2_squeezenet,47.421,45.482,0,0
178.815,t2_squeezenet,46.715,41.777,2,0
178.846,t2_squeezenet,58.577,31.209,1,0
178.879,t2_squeezenet,81.294,32.790,0,0
178.932,t2_squeezenet,46.769,43.356,1,0
178.981,t2_squeezenet,50.737,48.220,1,0
179.025,t2_squeezenet,47.626,44.690,2,0
179.069,t2_squeezenet,81.087,43.401,2,0
179.115,t2_squeezenet,101.152,45.962,2,0
179.163,t2_squeezenet,125.993,48.434,2,0
179.208,t2_squeezenet,113.977,44.346,2,0
179.250,t2_squeezenet,92.296,42.375,5,0
179.294,t2_squeezenet,118.760,43.968,4,0
179.340,t2_squeezenet,128.230,46.020,3,0
179.381,t2_squeezenet,165.857,40.466,2,0
179.417,t2_squeezenet,185.146,36.167,1,0
179.453,t2_squeezenet,216.833,36.174,1,0
179.488,t2_squeezenet,61.743,35.091,1,0
179.520,t2_squeezenet,41.431,31.809,1,0
179.556,t2_squeezenet,66.730,35.863,1,0
179.592,t2_squeezenet,64.540,36.123,1,0
179.628,t2_squeezenet,43.433,35.806,0,0
179.824,t2_squeezenet,32.230,29.157,0,0
179.870,t2_squeezenet,32.799,31.125,0,0
180.237,t2_squeezenet,35.229,32.000,0,0
180.337,t2_squeezenet,35.121,34.295,1,0
180.368,t2_squeezenet,33.345,30.620,1,0
180.397,t2_squeezenet,34.457,29.498,0,0
180.513,t2_squeezenet,31.972,29.743,1,0
180.543,t2_squeezenet,49.937,30.138,1,0
180.578,t2_squeezenet,37.143,35.237,0,0
180.638,t2_squeezenet,30.823,29.601,0,0
180.814,t2_squeezenet,29.847,29.247,1,0
180.844,t2_squeezenet,45.407,30.203,1,0
180.885,t2_squeezenet,46.959,40.344,1,0
180.929,t2_squeezenet,82.452,44.510,1,0
180.974,t2_squeezenet,69.119,44.683,3,0
181.021,t2_squeezenet,67.842,47.352,2,0
181.063,t2_squeezenet,93.725,41.298,1,0
181.105,t2_squeezenet,132.274,42.256,0,0
181.210,t2_squeezenet,29.645,29.053,0,0
181.275,t2_squeezenet,32.511,29.630,1,0
181.304,t2_squeezenet,37.614,29.001,0,0
181.364,t2_squeezenet,30.369,29.509,0,0
181.482,t2_squeezenet,36.588,31.775,1,0
181.512,t2_squeezenet,61.298,30.405,1,0
181.541,t2_squeezenet,50.344,29.049,0,0
181.579,t2_squeezenet,36.312,32.807,0,0
181.640,t2_squeezenet,36.489,35.433,1,0
181.675,t2_squeezenet,52.822,34.891,1,0
181.710,t2_squeezenet,55.768,35.047,1,0
181.743,t2_squeezenet,32.939,32.708,1,0
181.777,t2_squeezenet,41.201,34.407,0,0
181.816,t2_squeezenet,35.779,33.422,1,0
181.848,t2_squeezenet,52.614,32.545,0,0
182.064,t2_squeezenet,47.402,42.781,1,0
182.105,t2_squeezenet,52.207,41.733,3,0
182.151,t2_squeezenet,87.387,45.805,2,0
182.198,t2_squeezenet,132.961,46.812,3,0
182.236,t2_squeezenet,132.125,38.311,3,0
182.274,t2_squeezenet,93.417,37.284,3,0
182.310,t2_squeezenet,118.061,35.953,3,0
182.345,t2_squeezenet,138.002,35.432,5,0
182.380,t2_squeezenet,106.137,34.562,4,0
182.417,t2_squeezenet,114.347,37.582,3,0
182.452,t2_squeezenet,137.512,34.885,2,0
182.486,t2_squeezenet,145.216,33.212,1,0
182.522,t2_squeezenet,178.596,36.138,0,0
182.685,t2_squeezenet,35.651,31.526,1,0
182.719,t2_squeezenet,58.909,34.399,0,0
182.754,t2_squeezenet,33.916,29.948,1,0
182.784,t2_squeezenet,34.641,29.677,1,0
182.814,t2_squeezenet,52.464,29.725,0,0
183.008,t2_squeezenet,42.301,42.198,0,0
183.091,t2_squeezenet,34.077,31.055,2,0
183.121,t2_squeezenet,41.032,30.669,1,0
183.163,t2_squeezenet,74.863,41.762,0,0
183.280,t2_squeezenet,37.405,35.376,0,0
183.584,t2_squeezenet,49.239,46.407,1,0
183.631,t2_squeezenet,77.092,46.326,0,0
183.814,t2_squeezenet,49.579,45.825,0,0
183.918,t2_squeezenet,42.827,42.092,2,0
183.969,t2_squeezenet,79.637,50.237,1,0
184.020,t2_squeezenet,111.569,51.743,2,0
184.086,t2_squeezenet,95.624,65.601,1,0
184.120,t2_squeezenet,110.916,34.443,2,0
184.162,t2_squeezenet,60.055,41.942,5,0
184.208,t2_squeezenet,99.904,45.174,6,0
184.246,t2_squeezenet,122.124,38.398,5,0
184.277,t2_squeezenet,137.949,30.748,4,0
184.315,t2_squeezenet,156.342,38.332,3,0
184.356,t2_squeezenet,194.381,40.208,2,0
184.388,t2_squeezenet,200.053,32.247,1,0
184.427,t2_squeezenet,227.538,38.919,1,0
184.470,t2_squeezenet,71.784,43.050,0,0
184.525,t2_squeezenet,45.610,44.644,2,0
184.563,t2_squeezenet,78.855,38.501,1,0
184.596,t2_squeezenet,85.948,32.491,0,0
184.688,t2_squeezenet,43.954,41.865,2,0
184.736,t2_squeezenet,71.517,48.004,2,0
184.783,t2_squeezenet,104.788,47.168,3,0
184.821,t2_squeezenet,110.745,37.216,2,0
184.857,t2_squeezenet,108.361,36.040,1,0
184.891,t2_squeezenet,108.774,33.717,0,0
184.952,t2_squeezenet,31.818,30.674,0,0
