t_s,tenant,latency_ms,service_ms,qdepth,warmup
0.122,t2_squeezenet,52.608,50.301,1,1
0.169,t2_squeezenet,80.431,46.872,1,1
0.206,t2_squeezenet,43.443,37.649,0,1
0.296,t2_squeezenet,46.373,43.412,2,1
0.332,t2_squeezenet,53.631,36.121,1,1
0.374,t2_squeezenet,80.917,42.074,0,1
0.431,t2_squeezenet,34.437,31.723,0,1
0.520,t2_squeezenet,38.836,36.921,1,1
0.555,t2_squeezenet,59.085,35.107,0,1
0.666,t2_squeezenet,38.528,35.474,0,1
0.712,t2_squeezenet,36.859,35.939,0,1
0.855,t2_squeezenet,40.380,36.290,0,1
0.945,t2_squeezenet,37.000,34.758,0,1
1.024,t2_squeezenet,36.456,33.410,1,1
1.053,t2_squeezenet,31.568,29.066,0,1
1.092,t2_squeezenet,37.871,33.510,1,1
1.128,t2_squeezenet,58.974,35.422,0,1
1.174,t2_squeezenet,35.327,30.972,0,1
1.319,t2_squeezenet,32.498,29.060,0,1
1.376,t2_squeezenet,44.597,41.855,1,1
1.421,t2_squeezenet,81.785,44.357,0,1
1.505,t2_squeezenet,52.356,49.106,1,1
1.562,t2_squeezenet,58.069,56.304,0,1
1.645,t2_squeezenet,77.651,73.204,2,1
1.708,t2_squeezenet,139.042,62.944,1,1
1.761,t2_squeezenet,124.875,52.350,1,1
1.811,t2_squeezenet,97.773,50.659,0,1
1.896,t2_squeezenet,38.996,34.270,0,1
1.983,t2_squeezenet,39.437,36.463,1,1
2.029,t2_squeezenet,58.219,45.337,0,1
2.230,t2_squeezenet,48.723,44.235,0,1
2.371,t2_squeezenet,33.435,29.188,2,1
2.416,t2_squeezenet,57.575,45.178,1,1
2.492,t2_squeezenet,122.028,76.394,2,1
2.577,t2_squeezenet,154.511,85.168,1,1
2.621,t2_squeezenet,161.279,43.765,0,1
2.698,t2_squeezenet,58.666,55.943,0,1
2.782,t2_squeezenet,74.726,73.953,5,1
2.829,t2_squeezenet,106.827,46.993,4,1
2.874,t2_squeezenet,110.896,45.711,3,1
2.916,t2_squeezenet,141.990,41.097,3,1
3.005,t2_squeezenet,231.508,89.785,6,1
3.091,t2_squeezenet,316.150,86.019,8,1
3.176,t2_squeezenet,264.471,84.028,8,1
3.210,t2_squeezenet,286.431,34.606,7,1
3.288,t2_squeezenet,361.482,77.429,9,1
3.372,t2_squeezenet,409.842,84.766,11,1
3.414,t2_squeezenet,414.683,41.701,10,1
3.494,t2_squeezenet,478.884,79.580,10,1
3.579,t2_squeezenet,558.653,85.462,11,1
3.627,t2_squeezenet,555.052,47.447,10,1
3.709,t2_squeezenet,607.492,82.592,11,1
3.798,t2_squeezenet,562.106,88.571,10,1
3.846,t2_squeezenet,569.444,48.287,10,1
3.895,t2_squeezenet,612.512,48.088,11,1
3.981,t2_squeezenet,683.339,86.420,11,1
4.023,t2_squeezenet,703.126,42.046,10,1
4.114,t2_squeezenet,775.586,90.909,12,1
4.202,t2_squeezenet,746.453,88.191,12,1
4.288,t2_squeezenet,775.855,86.152,12,1
4.374,t2_squeezenet,814.841,85.774,11,1
4.417,t2_squeezenet,782.184,42.310,10,1
4.500,t2_squeezenet,809.683,83.038,11,1
4.592,t2_squeezenet,779.760,91.849,11,1
4.677,t2_squeezenet,825.194,85.643,11,1
4.721,t2_squeezenet,831.934,43.526,12,1
4.809,t2_squeezenet,865.968,88.174,12,1
4.857,t2_squeezenet,810.246,48.262,12,1
4.908,t2_squeezenet,828.220,50.102,12,1
4.990,t2_squeezenet,898.662,82.381,14,1
5.078,t2_squeezenet,886.595,87.858,15,1
5.122,t2_squeezenet,871.232,44.342,14,1
5.207,t2_squeezenet,761.508,84.888,13,1
5.292,t2_squeezenet,838.342,85.020,14,1
5.376,t2_squeezenet,851.522,84.081,15,1
5.423,t2_squeezenet,764.679,46.285,17,1
5.515,t2_squeezenet,816.036,91.793,18,1
5.602,t2_squeezenet,882.800,87.750,18,1
5.685,t2_squeezenet,884.310,82.832,17,1
5.772,t2_squeezenet,916.956,86.898,16,1
5.816,t2_squeezenet,939.858,43.585,17,1
5.861,t2_squeezenet,919.817,44.938,17,1
5.908,t2_squeezenet,943.640,47.101,16,1
5.994,t2_squeezenet,1019.799,86.249,17,1
6.082,t2_squeezenet,1086.638,87.407,17,1
6.169,t2_squeezenet,1142.884,87.565,16,1
6.207,t2_squeezenet,997.590,38.091,15,1
6.296,t2_squeezenet,1026.556,88.389,14,1
6.378,t2_squeezenet,1023.293,82.253,13,1
6.427,t2_squeezenet,1051.049,49.172,12,1
6.511,t2_squeezenet,1123.823,83.574,13,1
6.597,t2_squeezenet,1191.561,86.262,14,1
6.682,t2_squeezenet,1276.045,84.644,14,1
6.770,t2_squeezenet,1340.320,87.923,13,1
6.813,t2_squeezenet,1373.451,43.403,12,1
6.855,t2_squeezenet,1273.727,41.437,11,1
6.901,t2_squeezenet,1122.002,46.423,10,1
6.983,t2_squeezenet,1179.424,81.936,10,1
7.077,t2_squeezenet,1252.670,94.079,13,1
7.122,t2_squeezenet,1209.387,44.140,13,1
7.204,t2_squeezenet,1280.332,82.668,13,1
7.291,t2_squeezenet,1256.508,86.928,15,1
7.377,t2_squeezenet,907.624,85.287,16,1
7.424,t2_squeezenet,929.139,47.201,16,1
7.504,t2_squeezenet,979.271,80.526,18,1
7.596,t2_squeezenet,1023.944,91.292,19,1
7.679,t2_squeezenet,1009.796,83.041,18,1
7.725,t2_squeezenet,756.172,46.216,18,1
7.807,t2_squeezenet,801.513,81.499,19,1
7.851,t2_squeezenet,810.774,43.850,19,1
7.895,t2_squeezenet,846.439,44.495,19,1
7.981,t2_squeezenet,926.329,85.808,21,1
8.025,t2_squeezenet,928.879,43.792,20,1
8.104,t2_squeezenet,961.433,78.697,21,1
8.188,t2_squeezenet,944.531,84.107,22,1
8.278,t2_squeezenet,1034.499,90.302,22,1
8.327,t2_squeezenet,1048.123,49.111,23,1
8.410,t2_squeezenet,1099.475,82.529,22,1
8.493,t2_squeezenet,1152.476,83.143,22,1
8.577,t2_squeezenet,1171.308,84.106,23,1
8.623,t2_squeezenet,1160.398,45.920,22,1
8.706,t2_squeezenet,1238.626,83.284,24,1
8.788,t2_squeezenet,1314.199,81.514,25,1
8.836,t2_squeezenet,1323.256,47.889,25,1
8.882,t2_squeezenet,1294.254,46.304,26,1
8.969,t2_squeezenet,1254.722,87.146,26,1
9.011,t2_squeezenet,1259.526,41.449,26,1
9.093,t2_squeezenet,1306.128,82.513,27,1
9.178,t2_squeezenet,1369.522,84.766,29,1
9.270,t2_squeezenet,1407.795,91.562,28,1
9.308,t2_squeezenet,1391.480,38.195,28,1
9.395,t2_squeezenet,1451.488,87.056,28,1
9.474,t2_squeezenet,1508.867,78.488,28,1
9.520,t2_squeezenet,1435.802,46.225,27,1
9.601,t2_squeezenet,1505.935,80.763,27,1
9.684,t2_squeezenet,1579.811,83.347,27,1
9.772,t2_squeezenet,1600.200,87.554,30,1
9.818,t2_squeezenet,1574.773,46.233,30,1
9.865,t2_squeezenet,1584.585,46.496,31,1
9.906,t2_squeezenet,1607.888,41.038,31,1
9.989,t2_squeezenet,1502.012,83.488,30,1
10.073,t2_squeezenet,1515.975,83.722,32,1
10.121,t2_squeezenet,1549.882,47.668,31,1
10.202,t2_squeezenet,1541.355,81.721,31,1
10.283,t2_squeezenet,1605.552,80.803,31,1
10.370,t2_squeezenet,1682.099,86.409,31,1
10.415,t2_squeezenet,1702.805,45.397,30,1
10.500,t2_squeezenet,1744.274,85.273,32,1
10.582,t2_squeezenet,1784.106,81.213,31,1
10.669,t2_squeezenet,1803.076,87.208,31,1
10.711,t2_squeezenet,1837.367,41.933,30,1
10.795,t2_squeezenet,1885.180,83.477,33,1
10.838,t2_squeezenet,1839.232,43.096,32,1
10.884,t2_squeezenet,1849.635,45.943,32,1
10.972,t2_squeezenet,1919.591,88.149,32,1
11.018,t2_squeezenet,1894.493,46.229,34,1
11.100,t2_squeezenet,1944.257,82.105,33,1
11.182,t2_squeezenet,2013.536,82.166,33,1
11.228,t2_squeezenet,1932.803,45.982,33,1
11.308,t2_squeezenet,1931.167,79.930,34,1
11.392,t2_squeezenet,1922.749,83.770,35,1
11.477,t2_squeezenet,1919.172,84.569,36,1
11.523,t2_squeezenet,1905.279,46.426,35,1
11.610,t2_squeezenet,1908.553,86.428,34,1
11.691,t2_squeezenet,1973.492,81.023,34,1
11.773,t2_squeezenet,2050.466,82.042,35,1
11.818,t2_squeezenet,2063.942,44.676,35,1
11.863,t2_squeezenet,2057.885,45.155,34,1
11.907,t2_squeezenet,2079.859,44.180,33,1
11.990,t2_squeezenet,2144.190,83.102,33,1
12.074,t2_squeezenet,2191.526,83.910,35,1
12.120,t2_squeezenet,2116.525,45.507,36,1
12.207,t2_squeezenet,2180.220,86.906,36,1
12.284,t2_squeezenet,2248.879,77.762,35,1
12.371,t2_squeezenet,2228.284,86.876,36,1
12.413,t2_squeezenet,2184.767,41.896,36,1
12.500,t2_squeezenet,2136.784,86.848,35,1
12.584,t2_squeezenet,2156.215,83.573,36,1
12.626,t2_squeezenet,2157.039,42.064,35,1
12.710,t2_squeezenet,2239.862,83.643,34,1
12.797,t2_squeezenet,2151.021,87.024,37,1
12.846,t2_squeezenet,2116.913,49.209,37,1
12.888,t2_squeezenet,2145.593,42.293,39,1
12.972,t2_squeezenet,2194.507,83.312,40,1
13.016,t2_squeezenet,2222.035,44.603,39,1
13.103,t2_squeezenet,2240.485,86.439,39,1
13.185,t2_squeezenet,2252.307,82.396,38,1
13.271,t2_squeezenet,2288.326,85.940,39,1
13.314,t2_squeezenet,2315.731,42.485,38,1
13.401,t2_squeezenet,2397.881,87.005,39,1
13.484,t2_squeezenet,2322.777,83.121,40,1
13.570,t2_squeezenet,2376.791,85.635,42,1
13.615,t2_squeezenet,2343.601,45.195,42,1
13.705,t2_squeezenet,2416.531,90.521,44,1
13.788,t2_squeezenet,2417.423,82.661,45,1
13.830,t2_squeezenet,2438.405,41.759,45,1
13.873,t2_squeezenet,2479.798,43.280,46,1
13.919,t2_squeezenet,2486.728,45.995,46,1
14.007,t2_squeezenet,2386.729,87.315,46,1
14.089,t2_squeezenet,2395.145,82.579,47,1
14.173,t2_squeezenet,2406.901,84.086,49,1
14.217,t2_squeezenet,2426.214,43.201,48,1
14.307,t2_squeezenet,2380.206,90.389,48,1
14.391,t2_squeezenet,2348.706,83.393,49,1
14.473,t2_squeezenet,2429.691,82.116,49,1
14.516,t2_squeezenet,2452.892,43.018,50,1
14.601,t2_squeezenet,2491.756,85.295,51,1
14.687,t2_squeezenet,2571.922,86.051,51,1
14.771,t2_squeezenet,2643.674,83.707,52,1
14.815,t2_squeezenet,2501.647,43.857,51,1
14.861,t2_squeezenet,2502.936,45.960,52,1
14.908,t2_squeezenet,2529.075,47.120,51,1
14.990,t2_squeezenet,2453.451,81.599,51,1
15.074,t2_squeezenet,2501.386,83.949,50,1
15.118,t2_squeezenet,2363.155,44.120,52,1
15.206,t2_squeezenet,2439.890,87.841,53,1
15.291,t2_squeezenet,2518.553,85.348,53,1
15.378,t2_squeezenet,2598.903,86.915,54,1
15.424,t2_squeezenet,2611.265,45.604,53,1
15.509,t2_squeezenet,2654.545,85.063,54,1
15.595,t2_squeezenet,2725.282,85.985,54,1
15.680,t2_squeezenet,2802.702,84.823,54,1
15.723,t2_squeezenet,2789.730,43.299,54,1
15.810,t2_squeezenet,2840.039,87.280,54,1
15.858,t2_squeezenet,2837.382,47.168,53,1
15.899,t2_squeezenet,2706.315,41.027,53,1
15.985,t2_squeezenet,2733.045,86.485,55,1
16.072,t2_squeezenet,2729.751,86.439,55,1
16.118,t2_squeezenet,2750.823,45.902,55,1
16.207,t2_squeezenet,2800.160,89.405,58,1
16.287,t2_squeezenet,2861.676,79.718,57,1
16.375,t2_squeezenet,2889.597,87.620,57,1
16.421,t2_squeezenet,2864.031,46.482,57,1
16.507,t2_squeezenet,2937.452,85.783,57,1
16.589,t2_squeezenet,2992.594,81.933,57,1
16.677,t2_squeezenet,3057.928,88.401,57,1
16.726,t2_squeezenet,3038.924,48.352,56,1
16.812,t2_squeezenet,3120.343,86.714,59,1
16.859,t2_squeezenet,3091.503,46.186,59,1
16.901,t2_squeezenet,3120.724,42.761,59,1
16.983,t2_squeezenet,3191.112,81.625,61,1
17.074,t2_squeezenet,3226.310,90.651,61,1
17.118,t2_squeezenet,3249.731,44.361,60,1
17.200,t2_squeezenet,3288.531,81.945,61,1
17.289,t2_squeezenet,3333.977,88.695,62,1
17.375,t2_squeezenet,3329.747,86.076,62,1
17.422,t2_squeezenet,3352.242,47.114,62,1
17.509,t2_squeezenet,3410.089,86.961,62,1
17.597,t2_squeezenet,3464.091,88.075,61,1
17.681,t2_squeezenet,3508.238,83.461,62,1
17.772,t2_squeezenet,3497.154,91.083,62,1
17.812,t2_squeezenet,3502.660,39.669,61,1
17.856,t2_squeezenet,3481.899,44.004,60,1
17.901,t2_squeezenet,3473.157,45.072,59,1
17.989,t2_squeezenet,3514.108,87.885,58,1
18.079,t2_squeezenet,3573.530,90.460,59,1
18.123,t2_squeezenet,3584.198,43.878,60,1
18.210,t2_squeezenet,3666.159,86.374,61,1
18.295,t2_squeezenet,3656.886,85.232,60,1
18.384,t2_squeezenet,3688.450,88.669,61,1
18.425,t2_squeezenet,3678.104,41.505,60,1
18.510,t2_squeezenet,3671.536,84.143,60,1
18.597,t2_squeezenet,3753.779,87.016,60,1
18.684,t2_squeezenet,3710.817,87.697,61,1
18.772,t2_squeezenet,3697.476,87.183,64,1
18.814,t2_squeezenet,3736.229,42.688,63,1
18.858,t2_squeezenet,3773.960,43.546,63,1
18.904,t2_squeezenet,3759.969,45.782,65,1
18.989,t2_squeezenet,3800.985,84.662,65,1
19.074,t2_squeezenet,3789.777,85.096,67,1
19.118,t2_squeezenet,3777.394,44.238,68,1
19.207,t2_squeezenet,3830.619,88.659,68,1
19.291,t2_squeezenet,3841.601,84.246,70,1
19.378,t2_squeezenet,3898.137,86.836,70,1
19.423,t2_squeezenet,3876.631,44.685,69,1
19.506,t2_squeezenet,3865.916,83.693,68,1
19.592,t2_squeezenet,3909.491,85.513,70,1
19.681,t2_squeezenet,3902.188,88.852,72,1
19.725,t2_squeezenet,3852.379,43.920,72,1
19.808,t2_squeezenet,3904.821,82.870,72,1
19.857,t2_squeezenet,3917.894,48.676,71,1
19.900,t2_squeezenet,3918.743,43.679,71,1
19.986,t2_squeezenet,3974.280,85.252,73,1
20.070,t2_squeezenet,3966.113,84.700,72,0
20.113,t2_squeezenet,3986.919,42.419,74,0
20.202,t2_squeezenet,4066.444,89.326,76,0
20.285,t2_squeezenet,4111.087,83.093,76,0
20.375,t2_squeezenet,4188.353,89.416,77,0
20.420,t2_squeezenet,4078.421,44.943,76,0
20.509,t2_squeezenet,4095.878,89.304,76,0
20.592,t2_squeezenet,4103.783,82.985,75,0
20.678,t2_squeezenet,4170.308,85.541,76,0
20.724,t2_squeezenet,4109.763,45.896,75,0
20.807,t2_squeezenet,4056.852,83.107,75,0
20.854,t2_squeezenet,4063.393,47.647,75,0
20.896,t2_squeezenet,4102.960,41.023,74,0
20.980,t2_squeezenet,4180.728,84.286,73,0
21.071,t2_squeezenet,4239.803,90.617,72,0
21.118,t2_squeezenet,4217.377,47.685,71,0
21.201,t2_squeezenet,4254.336,82.384,72,0
21.286,t2_squeezenet,4333.759,85.091,75,0
21.370,t2_squeezenet,4404.744,84.396,77,0
21.413,t2_squeezenet,4402.643,43.153,76,0
21.501,t2_squeezenet,4349.363,87.655,75,0
21.589,t2_squeezenet,4398.841,88.286,76,0
21.677,t2_squeezenet,4474.714,87.449,75,0
21.769,t2_squeezenet,4562.445,91.981,78,0
21.813,t2_squeezenet,4445.158,43.712,78,0
21.857,t2_squeezenet,4454.257,44.299,78,0
21.900,t2_squeezenet,4397.067,43.391,77,0
21.985,t2_squeezenet,4335.790,84.660,77,0
22.075,t2_squeezenet,4405.873,89.870,77,0
22.119,t2_squeezenet,4394.110,43.714,77,0
22.201,t2_squeezenet,4132.104,82.147,78,0
22.288,t2_squeezenet,4213.904,87.085,78,0
22.380,t2_squeezenet,4289.670,91.417,81,0
22.424,t2_squeezenet,4331.715,44.708,80,0
22.509,t2_squeezenet,4340.295,84.836,81,0
22.597,t2_squeezenet,4393.800,88.120,81,0
22.683,t2_squeezenet,4379.537,85.889,81,0
22.772,t2_squeezenet,4427.253,88.877,83,0
22.814,t2_squeezenet,4380.974,42.055,82,0
22.858,t2_squeezenet,4300.505,43.118,83,0
22.905,t2_squeezenet,4254.626,47.524,82,0
22.993,t2_squeezenet,4329.082,87.958,81,0
23.081,t2_squeezenet,4371.090,87.461,80,0
23.124,t2_squeezenet,4394.734,43.180,80,0
23.207,t2_squeezenet,4452.810,83.318,81,0
23.299,t2_squeezenet,4533.012,91.307,81,0
23.381,t2_squeezenet,4550.008,82.506,81,0
23.469,t2_squeezenet,4601.350,88.056,80,0
23.510,t2_squeezenet,4635.914,40.942,82,0
23.600,t2_squeezenet,4717.706,89.937,82,0
23.687,t2_squeezenet,4705.411,86.788,82,0
23.773,t2_squeezenet,4729.621,86.261,82,0
23.818,t2_squeezenet,4768.985,44.490,83,0
23.864,t2_squeezenet,4802.716,46.118,82,0
23.911,t2_squeezenet,4810.454,47.127,81,0
23.994,t2_squeezenet,4886.796,82.803,81,0
24.081,t2_squeezenet,4933.029,87.005,83,0
24.170,t2_squeezenet,4961.571,89.013,84,0
24.215,t2_squeezenet,5003.813,44.458,83,0
24.300,t2_squeezenet,5011.510,85.387,83,0
24.386,t2_squeezenet,5068.741,85.779,83,0
24.474,t2_squeezenet,4965.891,88.360,82,0
24.523,t2_squeezenet,5000.288,48.894,82,0
24.607,t2_squeezenet,5020.489,84.067,84,0
24.694,t2_squeezenet,5079.449,87.095,84,0
24.781,t2_squeezenet,5144.195,86.128,83,0
24.825,t2_squeezenet,5175.039,43.904,82,0
24.871,t2_squeezenet,5178.896,46.557,81,0
24.915,t2_squeezenet,5122.837,43.427,82,0
24.999,t2_squeezenet,5127.283,84.028,82,0
25.087,t2_squeezenet,5173.874,87.931,82,0
25.172,t2_squeezenet,5250.505,85.678,82,0
25.215,t2_squeezenet,5243.545,42.614,84,0
25.298,t2_squeezenet,5225.812,82.771,84,0
25.387,t2_squeezenet,5300.787,89.307,86,0
25.472,t2_squeezenet,5361.672,85.182,85,0
25.518,t2_squeezenet,5376.837,45.273,84,0
25.598,t2_squeezenet,5453.444,80.512,83,0
25.686,t2_squeezenet,5501.141,87.211,83,0
25.773,t2_squeezenet,5495.750,87.050,84,0
25.822,t2_squeezenet,5527.408,48.818,83,0
25.864,t2_squeezenet,5552.139,42.850,84,0
25.906,t2_squeezenet,5456.676,41.259,83,0
25.990,t2_squeezenet,5391.800,83.872,84,0
26.076,t2_squeezenet,5466.920,86.245,84,0
26.122,t2_squeezenet,5394.086,46.477,83,0
26.211,t2_squeezenet,5372.931,88.899,83,0
26.294,t2_squeezenet,5160.057,82.561,82,0
26.381,t2_squeezenet,5246.495,86.569,81,0
26.471,t2_squeezenet,5238.727,90.302,80,0
26.511,t2_squeezenet,5261.213,40.011,81,0
26.595,t2_squeezenet,5327.002,83.769,83,0
26.685,t2_squeezenet,5405.516,90.142,86,0
26.772,t2_squeezenet,5452.033,87.005,88,0
26.814,t2_squeezenet,5483.375,41.621,87,0
26.859,t2_squeezenet,5525.757,45.369,86,0
26.906,t2_squeezenet,5395.994,46.463,86,0
26.991,t2_squeezenet,5427.727,85.420,86,0
27.079,t2_squeezenet,5393.488,88.096,86,0
27.124,t2_squeezenet,5403.961,44.726,86,0
27.207,t2_squeezenet,5476.525,82.460,86,0
27.291,t2_squeezenet,5539.804,83.956,87,0
27.377,t2_squeezenet,5590.382,86.482,87,0
27.421,t2_squeezenet,5600.034,43.829,86,0
27.508,t2_squeezenet,5595.293,87.039,86,0
27.595,t2_squeezenet,5542.296,86.994,86,0
27.684,t2_squeezenet,5569.371,88.458,85,0
27.771,t2_squeezenet,5616.266,87.466,86,0
27.812,t2_squeezenet,5624.429,41.175,85,0
27.856,t2_squeezenet,5626.325,43.926,84,0
27.901,t2_squeezenet,5610.504,44.997,85,0
27.985,t2_squeezenet,5667.404,83.856,86,0
28.074,t2_squeezenet,5728.508,88.262,87,0
28.118,t2_squeezenet,5750.429,43.936,87,0
28.203,t2_squeezenet,5763.053,85.193,87,0
28.288,t2_squeezenet,5791.686,84.900,86,0
28.371,t2_squeezenet,5833.619,83.114,87,0
28.412,t2_squeezenet,5779.212,41.410,86,0
28.502,t2_squeezenet,5803.314,89.816,86,0
28.589,t2_squeezenet,5840.708,87.015,85,0
28.673,t2_squeezenet,5920.401,83.373,85,0
28.714,t2_squeezenet,5895.346,41.344,84,0
28.801,t2_squeezenet,5963.007,87.080,85,0
28.849,t2_squeezenet,5767.677,47.907,84,0
28.892,t2_squeezenet,5704.379,43.023,83,0
28.980,t2_squeezenet,5776.463,87.321,84,0
29.022,t2_squeezenet,5803.590,42.733,83,0
29.107,t2_squeezenet,5752.262,84.173,87,0
29.196,t2_squeezenet,5708.342,89.087,89,0
29.278,t2_squeezenet,5785.672,81.895,89,0
29.369,t2_squeezenet,5862.615,91.672,89,0
29.412,t2_squeezenet,5818.257,42.511,90,0
29.503,t2_squeezenet,5896.928,90.664,93,0
29.585,t2_squeezenet,5843.053,82.187,92,0
29.672,t2_squeezenet,5892.663,87.587,92,0
29.718,t2_squeezenet,5923.504,45.526,92,0
29.802,t2_squeezenet,5832.654,83.525,95,0
29.851,t2_squeezenet,5854.207,48.899,97,0
29.892,t2_squeezenet,5893.178,40.921,97,0
29.975,t2_squeezenet,5973.010,83.655,96,0
30.021,t2_squeezenet,5872.078,46.225,95,0
30.112,t2_squeezenet,5956.397,90.093,98,0
30.195,t2_squeezenet,5964.874,83.716,98,0
30.282,t2_squeezenet,5978.721,86.920,98,0
30.371,t2_squeezenet,5853.540,88.900,100,0
30.414,t2_squeezenet,5882.656,43.175,99,0
30.496,t2_squeezenet,5960.184,81.843,100,0
30.586,t2_squeezenet,5999.173,89.644,101,0
30.672,t2_squeezenet,6034.121,85.895,102,0
30.720,t2_squeezenet,5840.032,47.647,101,0
30.807,t2_squeezenet,5926.495,87.312,105,0
30.852,t2_squeezenet,5871.125,45.007,104,0
30.895,t2_squeezenet,5811.271,42.542,103,0
30.979,t2_squeezenet,5813.217,83.913,102,0
31.070,t2_squeezenet,5878.496,91.441,103,0
31.109,t2_squeezenet,5914.379,39.011,102,0
31.196,t2_squeezenet,5984.902,86.622,106,0
31.281,t2_squeezenet,5993.649,85.151,108,0
31.373,t2_squeezenet,6063.781,92.350,108,0
31.418,t2_squeezenet,6107.991,44.597,109,0
31.507,t2_squeezenet,6143.188,88.568,108,0
31.591,t2_squeezenet,5941.305,84.383,108,0
31.681,t2_squeezenet,5945.044,89.753,109,0
31.725,t2_squeezenet,5988.981,44.054,109,0
31.805,t2_squeezenet,5957.699,80.267,110,0
31.849,t2_squeezenet,6000.611,43.890,109,0
31.895,t2_squeezenet,5987.512,46.034,110,0
31.985,t2_squeezenet,6018.020,90.023,110,0
32.074,t2_squeezenet,6023.924,89.025,110,0
32.118,t2_squeezenet,5983.283,43.410,110,0
32.202,t2_squeezenet,5729.543,84.258,110,0
32.293,t2_squeezenet,5798.860,91.254,112,0
32.380,t2_squeezenet,5831.937,85.980,113,0
32.469,t2_squeezenet,5884.818,89.779,114,0
32.509,t2_squeezenet,5919.290,39.393,114,0
32.599,t2_squeezenet,5934.614,89.764,117,0
32.684,t2_squeezenet,6016.632,85.126,119,0
32.772,t2_squeezenet,6102.470,87.822,119,0
32.818,t2_squeezenet,6145.328,46.641,119,0
32.865,t2_squeezenet,6130.634,46.368,119,0
32.910,t2_squeezenet,6173.148,45.586,118,0
32.992,t2_squeezenet,6221.861,81.538,118,0
33.077,t2_squeezenet,6190.808,85.129,121,0
33.121,t2_squeezenet,6150.104,44.041,122,0
33.208,t2_squeezenet,6143.183,86.739,123,0
33.294,t2_squeezenet,6188.438,85.771,122,0
33.377,t2_squeezenet,6216.400,83.631,122,0
33.469,t2_squeezenet,6237.492,91.999,121,0
33.514,t2_squeezenet,6279.593,44.137,121,0
33.603,t2_squeezenet,6254.400,89.160,123,0
33.684,t2_squeezenet,6199.449,81.465,122,0
33.772,t2_squeezenet,6250.562,87.305,124,0
33.817,t2_squeezenet,6092.843,45.502,125,0
33.864,t2_squeezenet,6100.348,46.990,124,0
33.905,t2_squeezenet,6020.528,41.101,123,0
33.990,t2_squeezenet,6104.038,84.327,122,0
34.078,t2_squeezenet,6168.474,87.910,122,0
34.171,t2_squeezenet,6235.680,92.922,124,0
34.213,t2_squeezenet,6190.113,42.406,124,0
34.297,t2_squeezenet,6263.373,83.748,125,0
34.386,t2_squeezenet,6271.887,88.636,124,0
34.471,t2_squeezenet,6310.468,85.799,124,0
34.514,t2_squeezenet,6217.710,42.620,125,0
34.600,t2_squeezenet,6268.929,85.640,125,0
34.687,t2_squeezenet,6197.760,87.528,127,0
34.776,t2_squeezenet,6108.786,88.224,127,0
34.822,t2_squeezenet,6066.476,46.794,128,0
34.867,t2_squeezenet,6073.349,44.349,130,0
34.909,t2_squeezenet,6011.683,42.557,129,0
34.992,t2_squeezenet,6086.468,82.926,130,0
35.084,t2_squeezenet,6055.938,91.149,130,0
35.173,t2_squeezenet,6133.401,89.221,131,0
35.216,t2_squeezenet,6169.212,43.032,130,0
35.300,t2_squeezenet,6244.428,84.214,129,0
35.389,t2_squeezenet,6300.614,88.198,130,0
35.472,t2_squeezenet,6351.237,83.837,130,0
35.516,t2_squeezenet,6380.665,43.365,129,0
35.604,t2_squeezenet,6408.190,87.721,129,0
35.688,t2_squeezenet,6447.773,84.518,131,0
35.778,t2_squeezenet,6448.056,89.404,132,0
35.820,t2_squeezenet,6443.106,42.333,131,0
35.865,t2_squeezenet,6460.239,44.855,130,0
35.912,t2_squeezenet,6474.772,47.310,130,0
35.998,t2_squeezenet,6512.048,86.240,130,0
36.083,t2_squeezenet,6592.454,84.916,129,0
36.127,t2_squeezenet,6629.693,43.650,129,0
36.209,t2_squeezenet,6546.918,81.679,128,0
36.294,t2_squeezenet,6615.971,85.103,129,0
36.378,t2_squeezenet,6634.413,84.008,128,0
36.423,t2_squeezenet,6665.775,44.686,129,0
36.512,t2_squeezenet,6749.563,89.402,128,0
36.598,t2_squeezenet,6816.519,85.523,130,0
36.684,t2_squeezenet,6856.997,85.814,129,0
36.726,t2_squeezenet,6898.112,42.100,129,0
36.810,t2_squeezenet,6969.981,84.003,131,0
36.854,t2_squeezenet,6992.562,44.431,131,0
36.900,t2_squeezenet,6873.753,45.807,130,0
36.983,t2_squeezenet,6914.534,83.250,131,0
37.073,t2_squeezenet,6995.348,89.929,131,0
37.119,t2_squeezenet,7023.057,45.449,131,0
37.204,t2_squeezenet,7058.605,85.320,133,0
37.291,t2_squeezenet,7046.982,86.448,135,0
37.378,t2_squeezenet,7076.011,87.294,137,0
37.424,t2_squeezenet,7097.518,45.818,137,0
37.508,t2_squeezenet,7174.250,83.978,139,0
37.593,t2_squeezenet,7170.054,85.226,140,0
37.675,t2_squeezenet,7222.581,82.123,140,0
37.722,t2_squeezenet,7197.655,46.265,141,0
37.813,t2_squeezenet,7230.214,90.966,141,0
37.860,t2_squeezenet,7265.083,46.848,142,0
37.902,t2_squeezenet,7300.107,42.046,141,0
37.989,t2_squeezenet,7264.221,86.943,140,0
38.074,t2_squeezenet,7343.872,85.010,139,0
38.119,t2_squeezenet,7330.312,45.421,138,0
38.205,t2_squeezenet,7413.387,85.601,138,0
38.293,t2_squeezenet,7492.914,87.809,138,0
38.383,t2_squeezenet,7397.626,90.400,138,0
38.475,t2_squeezenet,7485.787,91.540,138,0
38.517,t2_squeezenet,7396.394,42.636,137,0
38.600,t2_squeezenet,7450.922,82.838,141,0
38.688,t2_squeezenet,7532.699,87.649,140,0
38.780,t2_squeezenet,7621.484,91.541,142,0
38.825,t2_squeezenet,7634.977,45.555,143,0
38.870,t2_squeezenet,7669.820,44.344,144,0
38.909,t2_squeezenet,7705.880,39.074,145,0
39.001,t2_squeezenet,7729.926,92.741,145,0
39.093,t2_squeezenet,7785.257,91.434,145,0
39.180,t2_squeezenet,7801.499,87.035,146,0
39.270,t2_squeezenet,7859.113,89.718,146,0
39.311,t2_squeezenet,7788.042,40.843,146,0
39.405,t2_squeezenet,7788.442,93.760,146,0
39.491,t2_squeezenet,7818.540,86.230,146,0
39.578,t2_squeezenet,7866.923,87.065,146,0
39.670,t2_squeezenet,7908.121,91.726,146,0
39.715,t2_squeezenet,7918.051,44.923,145,0
39.804,t2_squeezenet,7946.553,89.726,144,0
39.847,t2_squeezenet,7957.851,42.212,144,0
39.894,t2_squeezenet,7960.356,47.631,144,0
39.985,t2_squeezenet,7924.711,90.723,147,0
40.075,t2_squeezenet,7975.625,89.872,148,0
40.117,t2_squeezenet,7960.331,42.068,147,0
40.203,t2_squeezenet,7978.678,86.131,146,0
40.292,t2_squeezenet,8039.711,88.994,147,0
40.382,t2_squeezenet,8102.410,89.576,146,0
40.474,t2_squeezenet,8141.573,91.772,145,0
40.519,t2_squeezenet,8157.174,44.866,145,0
40.606,t2_squeezenet,8198.131,87.067,149,0
40.696,t2_squeezenet,8267.884,89.915,149,0
40.788,t2_squeezenet,8313.966,92.226,150,0
40.828,t2_squeezenet,8282.703,40.292,149,0
40.876,t2_squeezenet,8318.473,47.345,148,0
40.972,t2_squeezenet,8407.068,96.572,149,0
41.019,t2_squeezenet,8437.813,46.761,149,0
41.110,t2_squeezenet,8495.526,90.753,149,0
41.203,t2_squeezenet,8572.324,92.847,148,0
41.295,t2_squeezenet,8629.125,91.769,149,0
41.386,t2_squeezenet,8619.369,91.578,148,0
41.476,t2_squeezenet,8666.721,89.843,147,0
41.520,t2_squeezenet,8675.045,43.463,146,0
41.607,t2_squeezenet,8685.448,87.237,146,0
41.700,t2_squeezenet,8673.418,93.290,148,0
41.792,t2_squeezenet,8744.992,91.722,148,0
41.835,t2_squeezenet,8786.351,42.541,147,0
41.877,t2_squeezenet,8828.565,42.633,148,0
41.972,t2_squeezenet,8882.609,95.091,148,0
42.015,t2_squeezenet,8904.351,42.084,149,0
42.101,t2_squeezenet,8949.278,86.396,151,0
42.189,t2_squeezenet,9015.198,87.749,150,0
42.279,t2_squeezenet,8915.262,90.477,152,0
42.372,t2_squeezenet,8875.354,92.636,153,0
42.415,t2_squeezenet,8900.271,42.652,152,0
42.506,t2_squeezenet,8941.421,91.432,152,0
42.593,t2_squeezenet,8996.924,87.070,153,0
42.684,t2_squeezenet,8948.500,90.632,154,0
42.774,t2_squeezenet,9034.830,90.146,153,0
42.820,t2_squeezenet,9075.659,46.169,153,0
42.865,t2_squeezenet,9084.833,44.304,153,0
42.912,t2_squeezenet,9105.426,46.783,152,0
42.999,t2_squeezenet,8994.395,87.462,153,0
43.086,t2_squeezenet,9005.899,87.172,153,0
43.174,t2_squeezenet,9040.612,87.315,154,0
43.270,t2_squeezenet,9134.148,96.410,154,0
43.314,t2_squeezenet,9103.777,43.337,153,0
43.396,t2_squeezenet,9165.663,82.889,153,0
43.484,t2_squeezenet,9242.330,87.329,153,0
43.573,t2_squeezenet,9140.188,89.636,152,0
43.670,t2_squeezenet,9196.901,96.905,152,0
43.714,t2_squeezenet,9239.439,43.365,152,0
43.801,t2_squeezenet,9248.419,87.408,153,0
43.848,t2_squeezenet,9233.812,46.478,154,0
43.894,t2_squeezenet,9271.768,46.588,153,0
43.982,t2_squeezenet,9338.464,87.312,157,0
44.070,t2_squeezenet,9365.458,88.086,160,0
44.111,t2_squeezenet,9323.947,41.456,160,0
44.201,t2_squeezenet,9390.357,89.208,159,0
44.291,t2_squeezenet,9459.563,90.763,160,0
44.378,t2_squeezenet,9533.212,86.778,159,0
44.423,t2_squeezenet,9572.929,44.374,158,0
44.514,t2_squeezenet,9551.056,91.252,160,0
44.602,t2_squeezenet,9632.629,88.306,162,0
44.691,t2_squeezenet,9679.057,88.290,162,0
44.775,t2_squeezenet,9679.302,84.198,162,0
44.817,t2_squeezenet,9695.200,42.482,164,0
44.866,t2_squeezenet,9537.848,48.664,165,0
44.910,t2_squeezenet,9559.646,43.599,165,0
44.996,t2_squeezenet,9532.654,86.020,165,0
45.085,t2_squeezenet,9552.175,89.273,164,0
45.174,t2_squeezenet,9550.189,88.964,165,0
45.269,t2_squeezenet,9639.517,94.847,164,0
45.308,t2_squeezenet,9626.881,39.436,165,0
45.395,t2_squeezenet,9687.663,86.116,164,0
45.485,t2_squeezenet,9740.858,90.517,166,0
45.577,t2_squeezenet,9706.930,92.114,167,0
45.670,t2_squeezenet,9724.142,92.307,166,0
45.713,t2_squeezenet,9602.004,43.496,166,0
45.801,t2_squeezenet,9561.500,88.103,165,0
45.848,t2_squeezenet,9598.393,46.855,165,0
45.889,t2_squeezenet,9499.923,40.898,166,0
45.977,t2_squeezenet,9555.940,88.139,167,0
46.019,t2_squeezenet,9502.780,41.344,166,0
46.106,t2_squeezenet,9588.115,86.931,167,0
46.197,t2_squeezenet,9638.532,91.259,167,0
46.288,t2_squeezenet,9592.725,90.727,170,0
46.379,t2_squeezenet,9632.161,90.585,170,0
46.469,t2_squeezenet,9695.447,90.772,170,0
46.512,t2_squeezenet,9720.965,42.298,170,0
46.601,t2_squeezenet,9761.959,89.724,172,0
46.687,t2_squeezenet,9774.752,85.649,173,0
46.777,t2_squeezenet,9860.343,89.837,172,0
46.826,t2_squeezenet,9817.517,49.340,172,0
46.873,t2_squeezenet,9769.537,46.419,172,0
46.915,t2_squeezenet,9751.403,42.397,173,0
47.003,t2_squeezenet,9837.621,87.260,174,0
47.098,t2_squeezenet,9921.928,95.102,175,0
47.187,t2_squeezenet,9933.178,89.464,176,0
47.278,t2_squeezenet,10021.178,91.150,178,0
47.323,t2_squeezenet,10035.981,44.718,178,0
47.410,t2_squeezenet,10107.270,86.249,180,0
47.501,t2_squeezenet,10158.288,91.401,180,0
47.589,t2_squeezenet,10238.050,87.483,181,0
47.680,t2_squeezenet,10279.128,91.136,181,0
47.771,t2_squeezenet,10336.746,91.059,183,0
47.815,t2_squeezenet,10344.143,43.622,182,0
47.861,t2_squeezenet,10388.207,46.032,181,0
47.898,t2_squeezenet,10360.569,37.551,181,0
47.990,t2_squeezenet,10415.876,92.073,182,0
48.084,t2_squeezenet,10419.055,93.531,182,0
48.178,t2_squeezenet,10469.912,94.101,183,0
48.270,t2_squeezenet,10559.188,92.208,183,0
48.312,t2_squeezenet,10556.459,41.948,183,0
48.405,t2_squeezenet,10585.857,93.069,184,0
48.494,t2_squeezenet,10642.917,88.640,185,0
48.588,t2_squeezenet,10405.448,93.552,188,0
48.678,t2_squeezenet,10396.326,90.504,189,0
48.771,t2_squeezenet,10412.307,92.416,189,0
48.813,t2_squeezenet,10370.071,42.467,188,0
48.858,t2_squeezenet,10337.424,45.192,187,0
48.902,t2_squeezenet,10367.590,43.888,187,0
48.992,t2_squeezenet,10430.617,89.700,187,0
49.084,t2_squeezenet,10496.644,91.423,188,0
49.175,t2_squeezenet,10585.701,91.472,189,0
49.216,t2_squeezenet,10517.911,40.599,190,0
49.304,t2_squeezenet,10604.668,88.562,191,0
49.393,t2_squeezenet,10626.650,88.794,190,0
49.488,t2_squeezenet,10690.042,94.991,190,0
49.578,t2_squeezenet,10767.504,89.653,189,0
49.670,t2_squeezenet,10836.360,92.397,190,0
49.714,t2_squeezenet,10854.298,43.514,189,0
49.805,t2_squeezenet,10914.884,91.069,191,0
49.849,t2_squeezenet,10940.836,44.387,191,0
49.892,t2_squeezenet,10893.948,42.022,190,0
49.979,t2_squeezenet,10958.650,87.555,190,0
50.073,t2_squeezenet,10972.617,93.896,190,0
50.119,t2_squeezenet,11000.341,45.643,192,0
50.204,t2_squeezenet,10977.592,85.654,194,0
50.294,t2_squeezenet,10995.298,89.942,196,0
50.383,t2_squeezenet,10996.026,88.828,196,0
50.480,t2_squeezenet,11048.720,96.209,197,0
50.521,t2_squeezenet,11006.516,41.898,196,0
50.607,t2_squeezenet,11013.402,85.286,196,0
50.699,t2_squeezenet,10855.579,92.664,196,0
50.788,t2_squeezenet,10920.960,88.928,198,0
50.836,t2_squeezenet,10932.914,47.010,198,0
50.879,t2_squeezenet,10929.128,43.267,199,0
50.972,t2_squeezenet,11018.753,93.292,198,0
51.018,t2_squeezenet,11058.044,45.941,198,0
51.108,t2_squeezenet,11054.480,89.675,198,0
51.201,t2_squeezenet,11145.387,92.653,197,0
51.291,t2_squeezenet,11077.591,90.530,196,0
51.381,t2_squeezenet,11125.053,90.105,195,0
51.473,t2_squeezenet,10978.969,91.732,197,0
51.515,t2_squeezenet,10952.991,41.712,196,0
51.604,t2_squeezenet,11028.882,89.189,198,0
51.696,t2_squeezenet,11115.685,92.279,198,0
51.788,t2_squeezenet,11186.487,91.678,199,0
51.835,t2_squeezenet,11229.284,46.695,200,0
51.876,t2_squeezenet,11200.013,41.332,199,0
51.970,t2_squeezenet,11200.187,93.384,201,0
52.013,t2_squeezenet,11236.424,43.624,201,0
52.100,t2_squeezenet,11221.307,87.053,202,0
52.191,t2_squeezenet,11236.345,90.332,205,0
52.284,t2_squeezenet,11275.851,93.607,207,0
52.377,t2_squeezenet,11313.603,92.970,208,0
52.470,t2_squeezenet,11225.208,92.595,210,0
52.513,t2_squeezenet,11237.844,42.630,212,0
52.607,t2_squeezenet,11060.058,93.917,213,0
52.700,t2_squeezenet,11017.590,92.843,214,0
52.794,t2_squeezenet,11107.573,94.130,216,0
52.838,t2_squeezenet,11151.809,44.472,215,0
52.880,t2_squeezenet,11125.483,41.954,214,0
52.973,t2_squeezenet,11117.309,92.535,214,0
53.070,t2_squeezenet,11213.321,96.727,213,0
53.115,t2_squeezenet,11178.683,45.513,213,0
53.205,t2_squeezenet,11203.220,89.867,213,0
53.296,t2_squeezenet,11287.835,91.264,218,0
53.389,t2_squeezenet,11361.004,91.994,219,0
53.477,t2_squeezenet,11418.985,87.966,220,0
53.573,t2_squeezenet,11485.819,96.798,220,0
53.614,t2_squeezenet,11398.234,40.141,220,0
53.705,t2_squeezenet,11461.415,91.758,221,0
53.796,t2_squeezenet,11546.964,91.071,221,0
53.841,t2_squeezenet,11495.509,44.864,221,0
53.883,t2_squeezenet,11531.393,42.095,222,0
53.974,t2_squeezenet,11549.007,90.257,222,0
54.071,t2_squeezenet,11549.927,96.746,222,0
54.112,t2_squeezenet,11543.430,41.826,221,0
54.201,t2_squeezenet,11591.312,88.387,220,0
54.292,t2_squeezenet,11662.993,91.321,220,0
54.386,t2_squeezenet,11586.101,94.152,220,0
54.482,t2_squeezenet,11637.864,95.549,219,0
54.576,t2_squeezenet,11646.534,93.545,220,0
54.617,t2_squeezenet,11681.787,41.498,220,0
54.707,t2_squeezenet,11701.703,89.938,222,0
54.803,t2_squeezenet,11703.266,95.535,221,0
54.849,t2_squeezenet,11736.410,46.190,221,0
54.894,t2_squeezenet,11640.639,45.085,220,0
54.987,t2_squeezenet,11606.503,92.999,219,0
55.080,t2_squeezenet,11668.708,92.329,219,0
55.177,t2_squeezenet,11511.302,97.324,221,0
55.270,t2_squeezenet,11585.171,92.955,222,0
55.312,t2_squeezenet,11584.057,41.843,222,0
55.400,t2_squeezenet,11654.090,88.496,222,0
55.499,t2_squeezenet,11677.509,98.272,224,0
55.591,t2_squeezenet,11761.482,91.743,226,0
55.685,t2_squeezenet,11789.522,94.105,226,0
55.778,t2_squeezenet,11874.305,93.571,225,0
55.827,t2_squeezenet,11889.740,48.656,225,0
55.879,t2_squeezenet,11927.912,51.999,224,0
55.969,t2_squeezenet,11999.232,90.122,226,0
56.009,t2_squeezenet,12023.865,40.085,228,0
56.103,t2_squeezenet,12115.085,93.743,229,0
56.202,t2_squeezenet,12181.552,99.169,231,0
56.293,t2_squeezenet,12240.843,90.964,231,0
56.387,t2_squeezenet,12280.512,93.960,232,0
56.482,t2_squeezenet,12258.355,94.509,232,0
56.575,t2_squeezenet,12312.203,93.165,232,0
56.672,t2_squeezenet,12222.008,97.292,233,0
56.714,t2_squeezenet,12207.356,41.760,232,0
56.804,t2_squeezenet,12291.856,89.401,231,0
56.852,t2_squeezenet,12282.261,47.850,230,0
56.902,t2_squeezenet,12319.283,50.225,231,0
56.995,t2_squeezenet,12412.245,93.072,233,0
57.087,t2_squeezenet,12478.755,91.732,232,0
57.183,t2_squeezenet,12441.703,96.421,232,0
57.279,t2_squeezenet,12499.221,96.005,231,0
57.374,t2_squeezenet,12584.756,94.369,232,0
57.414,t2_squeezenet,12609.940,40.005,232,0
57.508,t2_squeezenet,12683.956,94.693,233,0
57.604,t2_squeezenet,12774.671,95.234,234,0
57.702,t2_squeezenet,12796.790,98.065,235,0
57.790,t2_squeezenet,12808.398,87.981,235,0
57.836,t2_squeezenet,12709.602,46.146,234,0
57.882,t2_squeezenet,12724.868,45.567,235,0
57.981,t2_squeezenet,12711.843,99.137,236,0
58.077,t2_squeezenet,12789.788,96.091,235,0
58.118,t2_squeezenet,12693.748,40.623,235,0
58.209,t2_squeezenet,12774.459,90.959,236,0
58.305,t2_squeezenet,12822.319,95.970,236,0
58.402,t2_squeezenet,12860.324,97.312,237,0
58.497,t2_squeezenet,12923.012,94.590,238,0
58.593,t2_squeezenet,12880.473,96.526,237,0
58.688,t2_squeezenet,12873.333,94.906,236,0
58.785,t2_squeezenet,12928.073,97.219,235,0
58.827,t2_squeezenet,12958.772,41.406,237,0
58.871,t2_squeezenet,12920.263,43.870,236,0
58.969,t2_squeezenet,13016.299,98.582,236,0
59.014,t2_squeezenet,12970.256,44.576,237,0
59.109,t2_squeezenet,13058.934,95.191,236,0
59.204,t2_squeezenet,13013.798,94.907,236,0
59.301,t2_squeezenet,13089.919,97.191,238,0
59.400,t2_squeezenet,13170.487,98.160,237,0
59.498,t2_squeezenet,13265.600,98.336,237,0
59.591,t2_squeezenet,13322.665,92.738,239,0
59.687,t2_squeezenet,13347.466,95.580,238,0
59.787,t2_squeezenet,13370.314,100.611,239,0
59.840,t2_squeezenet,13357.753,52.349,238,0
59.881,t2_squeezenet,13363.183,41.187,237,0
59.975,t2_squeezenet,13438.531,93.584,237,0
60.071,t2_squeezenet,13505.255,96.611,242,0
60.115,t2_squeezenet,13484.421,43.459,242,0
60.209,t2_squeezenet,13565.876,94.723,241,0
60.297,t2_squeezenet,13473.721,87.265,243,0
60.394,t2_squeezenet,13521.866,96.736,244,0
60.491,t2_squeezenet,13596.732,97.577,246,0
60.586,t2_squeezenet,13683.992,94.478,245,0
60.681,t2_squeezenet,13701.893,95.039,247,0
60.779,t2_squeezenet,13784.000,98.138,247,0
60.831,t2_squeezenet,13826.020,51.630,247,0
60.878,t2_squeezenet,13854.727,47.246,246,0
60.919,t2_squeezenet,13793.669,40.961,245,0
61.010,t2_squeezenet,13828.879,90.508,245,0
61.104,t2_squeezenet,13905.772,94.103,246,0
61.204,t2_squeezenet,13984.778,99.985,246,0
61.296,t2_squeezenet,14074.168,92.552,247,0
61.391,t2_squeezenet,14112.316,94.768,248,0
61.487,t2_squeezenet,14118.431,96.079,250,0
61.587,t2_squeezenet,14212.988,98.999,250,0
61.682,t2_squeezenet,14298.010,95.644,253,0
61.773,t2_squeezenet,14335.216,90.422,255,0
61.815,t2_squeezenet,14282.210,42.416,254,0
61.871,t2_squeezenet,14329.334,55.730,253,0
61.914,t2_squeezenet,14307.207,43.073,254,0
62.008,t2_squeezenet,14321.170,94.004,254,0
62.104,t2_squeezenet,14349.767,96.061,255,0
62.202,t2_squeezenet,14436.183,97.292,255,0
62.299,t2_squeezenet,14403.772,97.053,258,0
62.393,t2_squeezenet,14481.596,94.467,259,0
62.487,t2_squeezenet,14501.080,93.649,259,0
62.584,t2_squeezenet,14555.062,96.670,259,0
62.680,t2_squeezenet,14552.713,96.226,261,0
62.777,t2_squeezenet,14641.012,97.167,260,0
62.829,t2_squeezenet,14566.303,52.074,260,0
62.874,t2_squeezenet,14574.579,44.547,260,0
62.970,t2_squeezenet,14649.600,96.097,260,0
63.072,t2_squeezenet,14748.744,101.604,261,0
63.114,t2_squeezenet,14644.197,42.033,262,0
63.208,t2_squeezenet,14737.129,94.682,263,0
63.308,t2_squeezenet,14808.275,99.637,263,0
63.407,t2_squeezenet,14904.853,99.106,262,0
63.499,t2_squeezenet,14973.833,91.583,261,0
63.592,t2_squeezenet,15023.507,93.625,261,0
63.689,t2_squeezenet,15048.653,96.148,261,0
63.786,t2_squeezenet,15117.609,97.010,260,0
63.839,t2_squeezenet,15070.746,53.056,262,0
63.882,t2_squeezenet,14997.988,42.731,263,0
63.974,t2_squeezenet,15040.698,92.670,265,0
64.072,t2_squeezenet,15064.006,97.227,265,0
64.113,t2_squeezenet,15084.767,41.001,266,0
64.205,t2_squeezenet,15109.842,92.531,267,0
64.302,t2_squeezenet,15196.003,96.789,268,0
64.398,t2_squeezenet,15195.639,96.424,269,0
64.494,t2_squeezenet,15279.251,95.870,272,0
64.587,t2_squeezenet,15354.156,92.132,274,0
64.680,t2_squeezenet,15386.641,93.058,278,0
64.775,t2_squeezenet,15360.225,95.073,280,0
64.833,t2_squeezenet,15234.130,57.868,281,0
64.873,t2_squeezenet,15231.750,40.264,281,0
64.915,t2_squeezenet,15169.560,42.117,280,0
65.008,t2_squeezenet,15256.300,92.753,280,0
65.108,t2_squeezenet,15336.425,100.488,282,0
65.205,t2_squeezenet,15363.078,96.975,285,0
65.300,t2_squeezenet,15401.298,94.108,285,0
65.394,t2_squeezenet,15331.956,94.305,287,0
65.489,t2_squeezenet,15409.462,95.129,288,0
65.587,t2_squeezenet,15494.377,97.682,288,0
65.681,t2_squeezenet,15581.441,93.842,289,0
65.779,t2_squeezenet,15626.494,98.300,288,0
65.834,t2_squeezenet,15641.834,55.243,290,0
65.883,t2_squeezenet,15681.803,48.803,290,0
65.978,t2_squeezenet,15764.475,94.585,291,0
66.075,t2_squeezenet,15824.311,97.250,294,0
66.174,t2_squeezenet,15905.404,98.921,295,0
66.275,t2_squeezenet,15901.601,100.964,295,0
66.370,t2_squeezenet,15901.385,95.298,297,0
66.411,t2_squeezenet,15935.882,40.571,299,0
66.511,t2_squeezenet,15958.770,99.446,299,0
66.608,t2_squeezenet,15970.193,97.630,299,0
66.705,t2_squeezenet,16004.503,96.183,299,0
66.800,t2_squeezenet,16046.755,95.042,299,0
66.851,t2_squeezenet,16075.257,50.903,299,0
66.899,t2_squeezenet,16074.308,48.075,299,0
66.996,t2_squeezenet,16145.922,96.890,298,0
67.091,t2_squeezenet,16219.697,95.430,299,0
67.186,t2_squeezenet,16197.253,95.135,299,0
67.286,t2_squeezenet,16179.031,99.774,301,0
67.385,t2_squeezenet,15977.477,99.074,303,0
67.482,t2_squeezenet,16053.671,96.576,304,0
67.580,t2_squeezenet,16151.414,98.361,304,0
67.676,t2_squeezenet,16106.956,95.421,304,0
67.773,t2_squeezenet,16196.477,97.235,304,0
67.830,t2_squeezenet,16249.926,56.891,304,0
67.872,t2_squeezenet,16252.366,42.168,303,0
67.969,t2_squeezenet,16254.950,96.986,304,0
68.012,t2_squeezenet,16249.337,42.725,304,0
68.105,t2_squeezenet,16301.659,92.774,308,0
68.198,t2_squeezenet,16377.645,93.142,311,0
68.298,t2_squeezenet,16398.958,99.680,313,0
68.394,t2_squeezenet,16452.328,96.051,312,0
68.497,t2_squeezenet,16553.060,102.654,311,0
68.589,t2_squeezenet,16584.799,92.474,315,0
68.683,t2_squeezenet,16669.004,93.337,316,0
68.779,t2_squeezenet,16737.685,95.984,318,0
68.841,t2_squeezenet,16739.759,62.758,318,0
68.882,t2_squeezenet,16744.725,40.577,317,0
68.977,t2_squeezenet,16836.553,95.353,317,0
69.075,t2_squeezenet,16930.137,97.115,318,0
69.174,t2_squeezenet,16982.816,99.424,317,0
69.276,t2_squeezenet,17040.741,101.570,319,0
69.373,t2_squeezenet,17111.138,96.920,319,0
69.470,t2_squeezenet,17153.461,96.978,321,0
69.569,t2_squeezenet,17220.206,99.509,321,0
69.610,t2_squeezenet,17228.036,41.084,320,0
69.703,t2_squeezenet,17301.017,92.592,319,0
69.798,t2_squeezenet,17366.603,95.244,318,0
69.854,t2_squeezenet,17372.220,55.592,319,0
69.900,t2_squeezenet,17407.712,46.108,319,0
69.993,t2_squeezenet,17493.674,93.204,318,0
70.086,t2_squeezenet,17559.347,92.961,319,0
70.179,t2_squeezenet,17610.420,93.081,320,0
70.281,t2_squeezenet,17607.594,101.362,319,0
70.377,t2_squeezenet,17695.837,96.332,322,0
70.472,t2_squeezenet,17746.926,94.384,324,0
70.572,t2_squeezenet,17814.770,100.459,324,0
70.672,t2_squeezenet,17895.747,99.500,325,0
70.772,t2_squeezenet,17802.690,99.909,328,0
70.827,t2_squeezenet,17718.954,55.603,327,0
70.873,t2_squeezenet,17733.147,45.599,328,0
70.971,t2_squeezenet,17763.292,97.895,327,0
71.071,t2_squeezenet,17859.060,99.732,330,0
71.111,t2_squeezenet,17878.381,40.715,330,0
71.207,t2_squeezenet,17964.685,95.439,331,0
71.305,t2_squeezenet,18050.698,97.911,331,0
71.402,t2_squeezenet,18127.809,97.015,332,0
71.498,t2_squeezenet,18198.104,96.516,333,0
71.596,t2_squeezenet,18270.600,97.907,336,0
71.694,t2_squeezenet,18261.310,97.697,337,0
71.797,t2_squeezenet,18328.239,103.081,339,0
71.851,t2_squeezenet,18368.439,53.916,338,0
71.894,t2_squeezenet,18313.196,42.594,337,0
71.987,t2_squeezenet,18353.536,93.102,337,0
72.091,t2_squeezenet,18453.525,103.886,337,0
72.190,t2_squeezenet,18463.155,98.845,340,0
72.288,t2_squeezenet,18447.505,98.220,340,0
72.384,t2_squeezenet,18532.686,96.155,339,0
72.486,t2_squeezenet,18628.778,101.367,339,0
72.585,t2_squeezenet,18621.747,99.511,342,0
72.682,t2_squeezenet,18645.719,96.460,341,0
72.779,t2_squeezenet,18515.702,97.647,342,0
72.833,t2_squeezenet,18491.190,53.874,341,0
72.879,t2_squeezenet,18335.762,45.314,341,0
72.976,t2_squeezenet,18410.450,97.083,343,0
73.078,t2_squeezenet,18476.707,102.295,346,0
73.175,t2_squeezenet,18534.148,97.306,345,0
73.278,t2_squeezenet,18635.304,102.413,349,0
73.379,t2_squeezenet,18675.789,100.820,348,0
73.475,t2_squeezenet,18644.233,96.027,351,0
73.575,t2_squeezenet,18537.037,99.627,351,0
73.672,t2_squeezenet,18576.406,97.404,350,0
73.771,t2_squeezenet,18660.531,98.656,351,0
73.811,t2_squeezenet,18672.952,40.202,351,0
73.864,t2_squeezenet,18685.727,53.175,350,0
73.911,t2_squeezenet,18678.840,46.641,350,0
74.008,t2_squeezenet,18718.163,97.153,351,0
74.102,t2_squeezenet,18755.892,94.187,351,0
74.197,t2_squeezenet,18782.321,94.290,353,0
74.297,t2_squeezenet,18828.496,100.885,353,0
74.396,t2_squeezenet,18897.651,98.670,352,0
74.492,t2_squeezenet,18966.461,95.735,352,0
74.587,t2_squeezenet,19051.130,94.564,352,0
74.688,t2_squeezenet,19110.441,100.837,353,0
74.786,t2_squeezenet,19174.289,98.212,353,0
74.844,t2_squeezenet,19018.095,58.575,354,0
74.887,t2_squeezenet,18997.495,42.529,355,0
74.982,t2_squeezenet,19058.746,95.160,354,0
75.079,t2_squeezenet,19149.676,96.859,354,0
75.177,t2_squeezenet,19202.896,97.825,353,0
75.274,t2_squeezenet,19283.487,96.762,354,0
75.371,t2_squeezenet,19365.664,96.998,356,0
75.413,t2_squeezenet,19393.876,42.065,355,0
75.507,t2_squeezenet,19440.557,94.330,355,0
75.603,t2_squeezenet,19459.317,95.802,354,0
75.702,t2_squeezenet,19547.568,98.950,355,0
75.799,t2_squeezenet,19627.855,96.853,357,0
75.862,t2_squeezenet,19620.969,63.348,357,0
75.905,t2_squeezenet,19546.687,42.743,356,0
75.995,t2_squeezenet,19612.058,89.334,358,0
76.091,t2_squeezenet,19675.988,96.549,357,0
76.184,t2_squeezenet,19627.533,92.522,362,0
76.282,t2_squeezenet,19643.037,98.568,363,0
76.377,t2_squeezenet,19727.183,94.777,363,0
76.474,t2_squeezenet,19617.856,96.503,363,0
76.573,t2_squeezenet,19699.472,98.963,362,0
76.673,t2_squeezenet,19752.918,99.854,364,0
76.770,t2_squeezenet,19849.759,97.069,364,0
76.812,t2_squeezenet,19847.349,42.249,365,0
76.870,t2_squeezenet,19692.890,58.297,365,0
76.914,t2_squeezenet,19625.103,43.620,367,0
77.003,t2_squeezenet,19643.523,89.138,366,0
77.097,t2_squeezenet,19711.091,93.635,367,0
77.192,t2_squeezenet,19777.322,94.680,368,0
77.289,t2_squeezenet,19820.113,97.419,369,0
77.384,t2_squeezenet,19849.889,94.955,370,0
77.479,t2_squeezenet,19914.227,94.640,370,0
77.576,t2_squeezenet,19960.947,97.170,370,0
77.673,t2_squeezenet,19983.471,97.203,369,0
77.769,t2_squeezenet,19981.581,95.895,370,0
77.809,t2_squeezenet,19962.861,40.057,373,0
77.861,t2_squeezenet,20003.387,52.051,372,0
77.906,t2_squeezenet,19989.196,44.259,371,0
77.999,t2_squeezenet,20031.432,93.020,372,0
78.092,t2_squeezenet,19994.721,93.751,374,0
78.188,t2_squeezenet,20031.722,95.686,374,0
78.286,t2_squeezenet,20099.261,97.836,376,0
78.382,t2_squeezenet,20100.185,95.562,376,0
78.476,t2_squeezenet,20162.199,93.978,376,0
78.574,t2_squeezenet,20193.521,98.608,377,0
78.671,t2_squeezenet,20243.829,96.191,379,0
78.715,t2_squeezenet,20277.532,44.469,379,0
78.810,t2_squeezenet,20017.407,94.925,378,0
78.861,t2_squeezenet,20062.889,51.082,378,0
78.910,t2_squeezenet,20101.526,48.329,378,0
79.004,t2_squeezenet,20035.026,94.295,380,0
79.103,t2_squeezenet,20123.674,98.684,380,0
79.196,t2_squeezenet,20217.063,93.600,381,0
79.291,t2_squeezenet,20148.435,94.909,380,0
79.390,t2_squeezenet,20133.499,98.384,380,0
79.488,t2_squeezenet,20226.205,98.156,382,0
79.583,t2_squeezenet,20314.441,94.798,384,0
79.684,t2_squeezenet,20235.381,100.781,383,0
79.783,t2_squeezenet,20271.494,98.954,383,0
79.840,t2_squeezenet,20288.039,57.607,383,0
79.881,t2_squeezenet,20314.071,40.995,382,0
79.978,t2_squeezenet,20280.623,97.090,383,0
80.074,t2_squeezenet,20324.389,95.957,383,0
80.173,t2_squeezenet,20203.761,98.288,383,0
80.270,t2_squeezenet,20279.697,97.118,383,0
80.310,t2_squeezenet,20302.980,40.200,382,0
80.408,t2_squeezenet,20370.206,97.803,384,0
80.506,t2_squeezenet,20466.863,97.605,384,0
80.601,t2_squeezenet,20556.452,95.599,384,0
80.699,t2_squeezenet,20639.844,98.228,383,0
80.795,t2_squeezenet,20686.536,95.150,383,0
80.852,t2_squeezenet,20630.602,57.549,384,0
80.897,t2_squeezenet,20642.145,44.439,383,0
80.991,t2_squeezenet,20724.195,94.253,386,0
81.085,t2_squeezenet,20758.254,94.184,388,0
81.183,t2_squeezenet,20839.964,97.752,393,0
81.286,t2_squeezenet,20860.677,103.282,393,0
81.384,t2_squeezenet,20936.415,97.681,395,0
81.479,t2_squeezenet,20999.533,94.582,394,0
81.577,t2_squeezenet,20962.833,98.298,395,0
81.674,t2_squeezenet,21032.347,97.091,395,0
81.773,t2_squeezenet,21124.293,98.599,395,0
81.815,t2_squeezenet,21114.773,41.601,395,0
81.870,t2_squeezenet,21074.800,55.542,396,0
81.912,t2_squeezenet,20942.872,41.639,395,0
82.008,t2_squeezenet,20955.875,95.901,397,0
82.103,t2_squeezenet,21028.810,95.009,398,0
82.198,t2_squeezenet,21006.091,95.436,399,0
82.295,t2_squeezenet,21051.200,96.967,403,0
82.398,t2_squeezenet,21144.172,102.510,403,0
82.494,t2_squeezenet,21164.188,95.621,403,0
82.592,t2_squeezenet,21215.362,98.060,405,0
82.690,t2_squeezenet,21296.282,98.410,407,0
82.786,t2_squeezenet,21369.715,95.860,407,0
82.844,t2_squeezenet,21376.525,57.982,407,0
82.889,t2_squeezenet,21389.012,44.943,406,0
82.981,t2_squeezenet,21387.789,91.980,406,0
83.084,t2_squeezenet,21487.159,102.762,407,0
83.182,t2_squeezenet,21579.916,97.743,407,0
83.275,t2_squeezenet,21642.445,93.464,411,0
83.373,t2_squeezenet,21690.675,97.900,413,0
83.470,t2_squeezenet,21759.491,96.700,413,0
83.513,t2_squeezenet,21794.882,42.958,413,0
83.607,t2_squeezenet,21713.849,93.870,415,0
83.706,t2_squeezenet,21808.934,99.309,417,0
83.803,t2_squeezenet,21818.954,96.317,416,0
83.859,t2_squeezenet,21783.851,56.869,417,0
83.905,t2_squeezenet,21810.889,45.217,416,0
83.999,t2_squeezenet,21814.566,94.143,417,0
84.099,t2_squeezenet,21895.747,99.974,419,0
84.194,t2_squeezenet,21990.894,95.428,419,0
84.296,t2_squeezenet,22061.674,101.371,421,0
84.391,t2_squeezenet,22101.124,94.716,421,0
84.491,t2_squeezenet,22170.830,99.806,422,0
84.588,t2_squeezenet,22261.285,97.514,425,0
84.687,t2_squeezenet,22250.082,98.968,425,0
84.781,t2_squeezenet,22245.154,93.347,424,0
84.839,t2_squeezenet,22245.908,58.608,425,0
84.882,t2_squeezenet,22251.071,43.122,424,0
84.979,t2_squeezenet,22320.482,96.852,426,0
85.076,t2_squeezenet,22263.047,96.610,427,0
85.175,t2_squeezenet,22329.794,99.045,427,0
85.277,t2_squeezenet,22354.642,101.629,428,0
85.377,t2_squeezenet,22380.780,100.046,428,0
85.477,t2_squeezenet,22450.099,99.998,432,0
85.571,t2_squeezenet,22494.265,94.500,433,0
85.671,t2_squeezenet,22559.833,99.243,433,0
85.769,t2_squeezenet,22630.486,98.695,436,0
85.828,t2_squeezenet,22633.186,58.200,435,0
85.870,t2_squeezenet,22656.153,42.799,435,0
85.911,t2_squeezenet,22378.250,40.611,436,0
86.005,t2_squeezenet,22370.491,93.576,436,0
86.107,t2_squeezenet,22298.488,102.705,436,0
86.202,t2_squeezenet,22378.766,94.231,437,0
86.301,t2_squeezenet,22468.524,99.576,437,0
86.397,t2_squeezenet,22525.935,95.677,438,0
86.498,t2_squeezenet,22620.954,101.313,440,0
86.595,t2_squeezenet,22698.862,96.816,440,0
86.693,t2_squeezenet,22762.049,97.739,441,0
86.790,t2_squeezenet,22826.092,96.627,440,0
86.853,t2_squeezenet,22837.693,63.592,440,0
86.897,t2_squeezenet,22822.693,43.648,439,0
86.992,t2_squeezenet,22881.474,94.905,441,0
87.091,t2_squeezenet,22949.271,98.880,443,0
87.191,t2_squeezenet,22989.333,100.188,444,0
87.294,t2_squeezenet,23049.291,103.106,444,0
87.387,t2_squeezenet,23133.948,92.874,448,0
87.485,t2_squeezenet,23157.753,97.653,450,0
87.587,t2_squeezenet,23217.505,102.303,450,0
87.690,t2_squeezenet,23270.688,102.175,451,0
87.789,t2_squeezenet,23363.238,99.783,451,0
87.845,t2_squeezenet,23394.154,55.057,451,0
87.892,t2_squeezenet,23436.682,47.292,450,0
87.987,t2_squeezenet,23488.507,95.014,454,0
88.080,t2_squeezenet,23570.110,93.361,453,0
88.175,t2_squeezenet,23644.740,94.726,454,0
88.271,t2_squeezenet,23678.490,95.617,455,0
88.312,t2_squeezenet,23685.926,41.365,454,0
88.407,t2_squeezenet,23771.113,94.453,453,0
88.500,t2_squeezenet,23835.505,93.279,454,0
88.595,t2_squeezenet,23922.720,94.687,454,0
88.694,t2_squeezenet,23992.176,98.877,455,0
88.790,t2_squeezenet,24073.106,95.981,456,0
88.846,t2_squeezenet,24102.197,56.660,456,0
88.889,t2_squeezenet,24111.527,42.615,455,0
88.984,t2_squeezenet,24193.231,94.463,455,0
89.081,t2_squeezenet,24223.562,97.053,454,0
89.182,t2_squeezenet,24211.430,101.677,455,0
89.277,t2_squeezenet,24229.238,94.847,454,0
89.378,t2_squeezenet,24314.092,100.926,455,0
89.478,t2_squeezenet,24403.696,99.393,455,0
89.579,t2_squeezenet,24447.537,101.195,456,0
89.675,t2_squeezenet,24542.725,95.603,457,0
89.775,t2_squeezenet,24624.433,100.437,457,0
89.835,t2_squeezenet,24665.026,59.672,457,0
89.884,t2_squeezenet,24586.316,48.810,457,0
89.977,t2_squeezenet,24673.739,93.294,456,0
90.075,t2_squeezenet,24747.890,98.191,455,0
90.178,t2_squeezenet,24849.930,103.075,456,0
90.281,t2_squeezenet,24842.668,102.427,456,0
90.376,t2_squeezenet,24932.369,94.896,455,0
90.476,t2_squeezenet,24956.395,99.931,455,0
90.578,t2_squeezenet,24967.237,102.213,454,0
90.680,t2_squeezenet,25033.262,101.732,456,0
90.775,t2_squeezenet,24968.952,94.958,455,0
90.831,t2_squeezenet,25022.822,55.699,454,0
90.874,t2_squeezenet,25041.740,43.658,454,0
90.975,t2_squeezenet,25111.653,100.558,455,0
91.077,t2_squeezenet,25180.582,102.419,455,0
91.177,t2_squeezenet,25245.559,99.460,455,0
91.278,t2_squeezenet,25290.722,101.172,456,0
91.379,t2_squeezenet,25346.803,100.442,460,0
91.481,t2_squeezenet,25443.549,101.897,459,0
91.579,t2_squeezenet,25526.804,98.027,460,0
91.677,t2_squeezenet,25566.878,97.875,461,0
91.775,t2_squeezenet,25648.524,98.151,461,0
91.839,t2_squeezenet,25626.179,63.685,460,0
91.880,t2_squeezenet,25584.317,40.978,460,0
91.980,t2_squeezenet,25622.668,100.152,461,0
92.082,t2_squeezenet,25720.685,102.276,463,0
92.185,t2_squeezenet,25813.833,102.387,464,0
92.282,t2_squeezenet,25882.252,97.198,463,0
92.380,t2_squeezenet,25978.802,98.239,464,0
92.480,t2_squeezenet,25989.927,100.072,463,0
92.582,t2_squeezenet,26035.857,102.033,464,0
92.682,t2_squeezenet,26010.995,100.100,467,0
92.779,t2_squeezenet,26063.225,96.127,468,0
92.841,t2_squeezenet,26012.487,61.970,469,0
92.886,t2_squeezenet,26005.497,45.310,468,0
92.986,t2_squeezenet,25970.115,99.620,470,0
93.084,t2_squeezenet,26008.366,98.201,471,0
93.183,t2_squeezenet,26056.772,99.373,471,0
93.283,t2_squeezenet,26091.386,99.948,471,0
93.381,t2_squeezenet,26141.501,97.635,471,0
93.478,t2_squeezenet,26211.931,96.786,470,0
93.576,t2_squeezenet,26257.336,98.436,472,0
93.677,t2_squeezenet,26334.008,100.467,475,0
93.777,t2_squeezenet,26405.111,99.644,476,0
93.837,t2_squeezenet,26394.582,60.658,479,0
93.880,t2_squeezenet,26436.036,42.585,478,0
93.979,t2_squeezenet,26416.978,98.976,478,0
94.080,t2_squeezenet,26445.289,100.981,480,0
94.179,t2_squeezenet,26448.292,99.417,482,0
94.273,t2_squeezenet,26462.817,93.279,482,0
94.371,t2_squeezenet,26479.077,98.582,481,0
94.473,t2_squeezenet,26556.690,101.533,483,0
94.574,t2_squeezenet,26604.304,101.099,483,0
94.670,t2_squeezenet,26647.079,95.528,483,0
94.770,t2_squeezenet,26734.530,100.446,482,0
94.832,t2_squeezenet,26756.616,61.559,481,0
94.877,t2_squeezenet,26798.936,45.094,480,0
94.973,t2_squeezenet,26884.570,95.886,480,0
95.072,t2_squeezenet,26939.708,98.747,481,0
95.171,t2_squeezenet,27034.080,99.134,480,0
95.215,t2_squeezenet,27053.582,44.338,479,0
95.308,t2_squeezenet,27115.020,93.277,480,0
95.405,t2_squeezenet,27200.084,96.790,480,0
95.503,t2_squeezenet,27270.646,97.718,479,0
95.604,t2_squeezenet,27320.286,101.060,479,0
95.700,t2_squeezenet,27196.290,95.886,478,0
95.800,t2_squeezenet,27270.539,99.675,479,0
95.861,t2_squeezenet,27328.113,61.526,480,0
95.906,t2_squeezenet,27361.840,44.389,480,0
96.003,t2_squeezenet,27448.346,97.322,480,0
96.094,t2_squeezenet,27478.089,91.070,481,0
96.193,t2_squeezenet,27558.611,98.906,481,0
96.291,t2_squeezenet,27598.568,97.289,485,0
96.392,t2_squeezenet,27691.980,101.384,489,0
96.490,t2_squeezenet,27734.227,97.615,488,0
96.582,t2_squeezenet,27764.663,92.382,488,0
96.680,t2_squeezenet,27710.885,97.582,489,0
96.778,t2_squeezenet,27799.097,97.725,489,0
96.844,t2_squeezenet,27818.908,65.859,488,0
96.885,t2_squeezenet,27662.131,41.011,487,0
96.977,t2_squeezenet,27742.705,92.105,487,0
97.079,t2_squeezenet,27804.086,102.372,487,0
97.178,t2_squeezenet,27846.232,99.175,488,0
97.275,t2_squeezenet,27884.352,96.561,488,0
97.371,t2_squeezenet,27964.053,95.964,487,0
97.471,t2_squeezenet,28017.675,99.618,486,0
97.513,t2_squeezenet,27978.157,42.520,485,0
97.608,t2_squeezenet,27789.620,94.362,487,0
97.700,t2_squeezenet,27862.925,92.608,487,0
97.804,t2_squeezenet,27918.423,103.633,490,0
97.864,t2_squeezenet,27837.708,59.876,491,0
97.907,t2_squeezenet,27843.714,42.784,491,0
97.999,t2_squeezenet,27899.337,92.759,492,0
98.095,t2_squeezenet,27978.986,95.419,491,0
98.194,t2_squeezenet,27905.280,99.421,491,0
98.290,t2_squeezenet,27993.729,95.203,490,0
98.382,t2_squeezenet,28036.022,91.949,490,0
98.477,t2_squeezenet,28112.772,95.161,489,0
98.575,t2_squeezenet,28158.787,97.586,490,0
98.673,t2_squeezenet,28231.748,97.976,491,0
98.771,t2_squeezenet,28329.712,98.569,490,0
98.815,t2_squeezenet,28297.675,43.808,490,0
98.874,t2_squeezenet,28297.446,59.053,490,0
98.977,t2_squeezenet,28337.333,103.329,491,0
99.078,t2_squeezenet,28390.116,100.252,493,0
99.175,t2_squeezenet,28443.985,97.543,496,0
99.275,t2_squeezenet,28532.876,99.550,496,0
99.374,t2_squeezenet,28607.593,98.952,495,0
99.477,t2_squeezenet,28647.899,103.316,495,0
99.575,t2_squeezenet,28727.990,97.780,497,0
99.676,t2_squeezenet,28693.022,100.892,498,0
99.780,t2_squeezenet,28793.590,103.679,499,0
99.839,t2_squeezenet,28847.707,58.746,500,0
99.882,t2_squeezenet,28831.493,43.550,499,0
99.981,t2_squeezenet,28895.925,98.286,499,0
100.085,t2_squeezenet,28959.229,104.259,499,0
100.182,t2_squeezenet,29048.781,97.213,499,0
100.275,t2_squeezenet,29058.292,92.562,500,0
100.374,t2_squeezenet,29052.952,99.525,500,0
100.477,t2_squeezenet,29087.049,102.234,499,0
100.580,t2_squeezenet,29144.385,103.760,499,0
100.679,t2_squeezenet,29215.750,98.716,500,0
100.779,t2_squeezenet,29273.191,99.851,499,0
100.840,t2_squeezenet,29305.583,60.628,498,0
100.885,t2_squeezenet,29345.603,45.180,499,0
100.982,t2_squeezenet,29415.568,97.214,499,0
101.083,t2_squeezenet,29473.283,100.698,498,0
101.182,t2_squeezenet,29515.562,98.747,498,0
101.284,t2_squeezenet,29533.502,101.663,498,0
101.381,t2_squeezenet,29600.713,97.524,497,0
101.481,t2_squeezenet,29691.081,99.394,497,0
101.581,t2_squeezenet,29612.498,100.765,498,0
101.682,t2_squeezenet,29662.087,100.874,498,0
101.782,t2_squeezenet,29672.752,99.071,499,0
101.840,t2_squeezenet,29720.674,58.582,499,0
101.883,t2_squeezenet,29734.240,42.694,498,0
101.978,t2_squeezenet,29799.121,95.182,498,0
102.081,t2_squeezenet,29889.817,103.290,498,0
102.181,t2_squeezenet,29736.483,99.487,498,0
102.277,t2_squeezenet,29726.688,96.386,498,0
102.379,t2_squeezenet,29819.956,101.127,499,0
102.482,t2_squeezenet,29920.887,103.266,498,0
102.581,t2_squeezenet,30003.360,99.170,497,0
102.674,t2_squeezenet,29940.193,93.210,498,0
102.773,t2_squeezenet,30009.799,98.643,499,0
102.837,t2_squeezenet,30000.370,64.289,499,0
102.879,t2_squeezenet,29987.696,41.945,499,0
102.974,t2_squeezenet,30070.657,94.321,500,0
103.074,t2_squeezenet,30113.654,100.409,500,0
103.178,t2_squeezenet,30183.779,103.705,500,0
103.277,t2_squeezenet,30257.793,99.174,500,0
103.376,t2_squeezenet,30339.916,98.682,500,0
103.474,t2_squeezenet,30425.550,98.172,500,0
103.574,t2_squeezenet,30394.200,99.651,500,0
103.674,t2_squeezenet,30467.383,100.554,500,0
103.771,t2_squeezenet,30530.345,96.196,500,0
103.810,t2_squeezenet,30567.823,39.737,499,0
103.872,t2_squeezenet,30627.577,61.523,498,0
103.972,t2_squeezenet,30590.745,99.727,497,0
104.072,t2_squeezenet,30683.811,100.725,497,0
104.171,t2_squeezenet,30752.888,98.345,498,0
104.270,t2_squeezenet,30828.793,99.566,499,0
104.370,t2_squeezenet,30795.448,99.157,500,0
104.411,t2_squeezenet,30737.671,41.609,500,0
104.508,t2_squeezenet,30784.993,96.441,500,0
104.603,t2_squeezenet,30832.023,95.095,499,0
104.702,t2_squeezenet,30800.770,99.154,500,0
104.802,t2_squeezenet,30875.909,100.310,499,0
104.862,t2_squeezenet,30855.499,59.373,499,0
104.906,t2_squeezenet,30885.511,43.603,499,0
105.004,t2_squeezenet,30897.330,98.557,500,0
105.108,t2_squeezenet,30928.111,103.709,500,0
105.206,t2_squeezenet,31010.062,98.474,500,0
105.301,t2_squeezenet,31065.508,94.045,499,0
105.398,t2_squeezenet,30915.328,97.182,499,0
105.499,t2_squeezenet,30954.577,101.408,500,0
105.596,t2_squeezenet,31003.774,96.761,499,0
105.693,t2_squeezenet,31032.012,96.626,500,0
105.791,t2_squeezenet,31010.993,98.127,500,0
105.852,t2_squeezenet,31031.164,60.806,500,0
105.899,t2_squeezenet,31058.707,46.760,499,0
105.993,t2_squeezenet,31144.357,94.785,500,0
106.089,t2_squeezenet,31222.909,96.030,500,0
106.187,t2_squeezenet,31115.473,96.955,500,0
106.288,t2_squeezenet,31109.357,101.845,500,0
106.383,t2_squeezenet,31150.327,94.556,500,0
106.482,t2_squeezenet,31193.256,98.631,500,0
106.581,t2_squeezenet,31261.022,99.108,500,0
106.679,t2_squeezenet,31317.116,98.286,500,0
106.775,t2_squeezenet,31311.871,95.571,500,0
106.834,t2_squeezenet,31201.288,58.787,500,0
106.878,t2_squeezenet,31205.775,44.389,500,0
106.977,t2_squeezenet,31249.763,98.981,500,0
107.072,t2_squeezenet,31300.529,95.014,500,0
107.112,t2_squeezenet,31317.801,40.038,499,0
107.206,t2_squeezenet,31368.833,94.013,499,0
107.303,t2_squeezenet,31388.618,96.240,500,0
107.400,t2_squeezenet,31480.668,97.422,500,0
107.493,t2_squeezenet,31506.591,92.668,500,0
107.587,t2_squeezenet,31473.444,93.946,500,0
107.680,t2_squeezenet,31558.149,93.442,500,0
107.777,t2_squeezenet,31638.803,96.736,500,0
107.833,t2_squeezenet,31680.221,56.077,500,0
107.876,t2_squeezenet,31707.973,43.237,499,0
107.972,t2_squeezenet,31802.248,95.147,499,0
108.070,t2_squeezenet,31855.864,98.331,500,0
108.110,t2_squeezenet,31840.878,39.786,499,0
108.206,t2_squeezenet,31882.468,95.815,498,0
108.301,t2_squeezenet,31885.781,95.420,498,0
108.400,t2_squeezenet,31806.281,98.524,497,0
108.496,t2_squeezenet,31899.573,96.500,498,0
108.589,t2_squeezenet,31969.970,92.362,499,0
108.684,t2_squeezenet,31990.361,95.487,498,0
108.781,t2_squeezenet,31976.138,96.640,497,0
108.841,t2_squeezenet,32030.323,59.613,498,0
108.883,t2_squeezenet,32014.254,42.607,498,0
108.980,t2_squeezenet,32108.178,96.415,499,0
109.078,t2_squeezenet,32203.187,98.653,499,0
109.179,t2_squeezenet,32281.144,100.426,498,0
109.274,t2_squeezenet,32228.972,95.113,497,0
109.369,t2_squeezenet,32307.283,95.371,499,0
109.410,t2_squeezenet,32289.626,40.991,500,0
109.507,t2_squeezenet,32336.953,96.241,500,0
109.603,t2_squeezenet,32410.466,96.012,500,0
109.696,t2_squeezenet,32497.703,92.625,500,0
109.791,t2_squeezenet,32475.732,95.677,500,0
109.849,t2_squeezenet,32466.815,58.051,500,0
109.898,t2_squeezenet,32488.519,48.162,500,0
109.991,t2_squeezenet,32459.577,93.065,500,0
110.087,t2_squeezenet,32342.423,96.239,499,0
110.182,t2_squeezenet,32427.902,95.051,500,0
110.278,t2_squeezenet,32498.770,96.026,500,0
110.372,t2_squeezenet,32589.141,93.925,499,0
110.413,t2_squeezenet,32621.076,41.190,499,0
110.510,t2_squeezenet,32717.498,96.732,500,0
110.608,t2_squeezenet,32633.659,98.333,500,0
110.703,t2_squeezenet,32726.784,94.247,500,0
110.797,t2_squeezenet,32740.713,94.427,500,0
110.853,t2_squeezenet,32793.805,55.618,499,0
110.902,t2_squeezenet,32836.965,49.251,498,0
110.997,t2_squeezenet,32872.333,94.935,498,0
111.092,t2_squeezenet,32858.417,94.390,500,0
111.186,t2_squeezenet,32938.051,94.486,500,0
111.282,t2_squeezenet,33000.315,96.138,499,0
111.380,t2_squeezenet,33055.986,97.894,498,0
111.477,t2_squeezenet,33051.929,96.398,498,0
111.573,t2_squeezenet,33086.571,96.653,497,0
111.672,t2_squeezenet,33135.774,98.937,497,0
111.772,t2_squeezenet,33161.737,99.110,496,0
111.815,t2_squeezenet,33200.177,43.240,496,0
111.872,t2_squeezenet,33203.542,57.651,497,0
111.970,t2_squeezenet,33265.220,97.695,498,0
112.013,t2_squeezenet,33179.054,42.621,497,0
112.107,t2_squeezenet,33207.856,94.213,497,0
112.199,t2_squeezenet,33237.418,92.084,497,0
112.298,t2_squeezenet,33314.230,98.726,498,0
112.397,t2_squeezenet,33406.533,99.335,498,0
112.494,t2_squeezenet,33475.077,96.210,499,0
112.591,t2_squeezenet,33450.647,97.241,499,0
112.687,t2_squeezenet,33533.823,95.647,498,0
112.784,t2_squeezenet,33436.344,97.457,500,0
112.849,t2_squeezenet,33446.574,65.064,500,0
112.891,t2_squeezenet,33469.417,41.628,500,0
112.986,t2_squeezenet,33526.432,95.149,500,0
113.087,t2_squeezenet,33576.791,101.019,500,0
113.186,t2_squeezenet,33672.658,98.797,500,0
113.285,t2_squeezenet,33715.990,98.585,500,0
113.380,t2_squeezenet,33680.800,95.357,500,0
113.481,t2_squeezenet,33675.177,100.362,500,0
113.583,t2_squeezenet,33686.750,102.307,500,0
113.680,t2_squeezenet,33728.134,96.718,500,0
113.776,t2_squeezenet,33758.603,96.482,500,0
113.831,t2_squeezenet,33690.616,55.004,499,0
113.879,t2_squeezenet,33629.605,47.211,498,0
113.976,t2_squeezenet,33657.239,96.809,497,0
114.078,t2_squeezenet,33750.789,102.319,497,0
114.176,t2_squeezenet,33778.594,97.949,498,0
114.279,t2_squeezenet,33838.094,102.902,500,0
114.378,t2_squeezenet,33838.588,99.100,500,0
114.477,t2_squeezenet,33720.221,99.112,500,0
114.574,t2_squeezenet,33745.181,97.018,500,0
114.674,t2_squeezenet,33831.437,99.948,500,0
114.773,t2_squeezenet,33836.143,98.837,500,0
114.830,t2_squeezenet,33859.828,57.232,499,0
114.873,t2_squeezenet,33894.753,42.297,499,0
114.971,t2_squeezenet,33988.143,98.222,499,0
115.073,t2_squeezenet,34069.101,102.165,499,0
115.115,t2_squeezenet,34096.952,41.665,498,0
115.210,t2_squeezenet,34155.698,94.800,497,0
115.311,t2_squeezenet,34201.843,100.944,497,0
115.410,t2_squeezenet,34285.307,99.593,496,0
115.512,t2_squeezenet,34369.522,101.626,498,0
115.604,t2_squeezenet,34452.142,92.200,498,0
115.704,t2_squeezenet,34541.542,99.715,498,0
115.798,t2_squeezenet,34622.149,94.383,497,0
115.861,t2_squeezenet,34615.080,62.084,497,0
115.906,t2_squeezenet,34594.514,45.231,499,0
116.001,t2_squeezenet,34686.448,95.361,499,0
116.101,t2_squeezenet,34775.629,99.333,500,0
116.201,t2_squeezenet,34655.948,100.284,500,0
116.300,t2_squeezenet,34732.626,99.210,500,0
116.395,t2_squeezenet,34816.870,94.961,500,0
116.497,t2_squeezenet,34820.851,101.323,500,0
116.596,t2_squeezenet,34800.060,99.152,500,0
116.693,t2_squeezenet,34865.935,97.650,499,0
116.788,t2_squeezenet,34918.173,94.512,500,0
116.851,t2_squeezenet,34903.155,62.723,500,0
116.898,t2_squeezenet,34915.652,47.465,500,0
116.994,t2_squeezenet,35000.681,95.845,500,0
117.094,t2_squeezenet,35031.874,99.443,499,0
117.191,t2_squeezenet,35123.416,97.000,500,0
117.289,t2_squeezenet,35140.942,98.362,499,0
117.388,t2_squeezenet,35215.872,98.165,498,0
117.487,t2_squeezenet,35287.628,99.243,499,0
117.581,t2_squeezenet,35357.992,93.820,500,0
117.683,t2_squeezenet,35414.164,102.428,500,0
117.785,t2_squeezenet,35508.158,101.339,500,0
117.843,t2_squeezenet,35558.262,58.272,500,0
117.887,t2_squeezenet,35516.723,44.352,500,0
117.984,t2_squeezenet,35576.882,96.286,500,0
118.083,t2_squeezenet,35535.104,98.983,500,0
118.178,t2_squeezenet,35623.922,95.369,500,0
118.278,t2_squeezenet,35712.432,99.978,500,0
118.374,t2_squeezenet,35750.974,96.369,500,0
118.471,t2_squeezenet,35824.255,96.973,500,0
118.569,t2_squeezenet,35894.975,97.551,500,0
118.609,t2_squeezenet,35887.749,39.531,499,0
118.704,t2_squeezenet,35916.774,95.656,499,0
118.801,t2_squeezenet,35832.515,97.091,500,0
118.865,t2_squeezenet,35877.820,63.640,499,0
118.908,t2_squeezenet,35900.766,42.686,498,0
119.005,t2_squeezenet,35887.573,97.166,499,0
119.103,t2_squeezenet,35898.653,97.695,500,0
119.205,t2_squeezenet,35998.768,102.561,500,0
119.302,t2_squeezenet,36091.618,96.383,500,0
119.402,t2_squeezenet,36172.711,99.555,500,0
119.498,t2_squeezenet,36260.271,96.032,500,0
119.594,t2_squeezenet,36287.015,96.631,500,0
119.689,t2_squeezenet,36371.206,94.542,500,0
119.789,t2_squeezenet,36427.009,99.709,500,0
119.846,t2_squeezenet,36402.943,57.806,500,0
119.896,t2_squeezenet,36393.891,49.388,500,0
119.990,t2_squeezenet,36457.878,93.699,500,0
120.084,t2_squeezenet,36537.517,94.376,500,0
120.181,t2_squeezenet,36615.672,96.957,500,0
120.277,t2_squeezenet,36661.532,95.904,499,0
120.374,t2_squeezenet,36709.387,96.863,499,0
120.469,t2_squeezenet,36776.117,95.143,499,0
120.511,t2_squeezenet,36675.301,42.121,500,0
120.612,t2_squeezenet,36758.398,100.245,499,0
120.709,t2_squeezenet,36782.088,97.577,500,0
120.803,t2_squeezenet,36827.820,94.234,499,0
120.862,t2_squeezenet,36794.533,58.496,499,0
120.908,t2_squeezenet,36833.295,46.064,499,0
121.008,t2_squeezenet,36926.596,99.940,500,0
121.103,t2_squeezenet,36927.326,95.057,500,0
121.196,t2_squeezenet,36994.539,93.171,499,0
121.291,t2_squeezenet,37033.853,94.749,499,0
121.389,t2_squeezenet,37102.053,97.976,500,0
121.486,t2_squeezenet,37186.294,96.194,499,0
121.582,t2_squeezenet,37167.967,96.594,498,0
121.678,t2_squeezenet,37262.939,96.039,498,0
121.773,t2_squeezenet,37278.623,94.593,499,0
121.830,t2_squeezenet,37264.828,56.902,500,0
121.872,t2_squeezenet,37291.127,42.401,499,0
121.971,t2_squeezenet,37387.551,98.385,500,0
122.014,t2_squeezenet,37421.416,42.985,499,0
122.108,t2_squeezenet,37323.757,94.262,500,0
122.201,t2_squeezenet,37380.998,92.520,500,0
122.295,t2_squeezenet,37388.894,94.779,500,0
122.394,t2_squeezenet,37474.532,98.962,499,0
122.493,t2_squeezenet,37534.419,98.700,500,0
122.589,t2_squeezenet,37558.149,95.777,500,0
122.684,t2_squeezenet,37618.337,95.124,499,0
122.779,t2_squeezenet,37673.376,94.347,498,0
122.841,t2_squeezenet,37653.653,62.169,497,0
122.883,t2_squeezenet,37660.111,42.356,497,0
122.976,t2_squeezenet,37644.562,92.201,499,0
123.073,t2_squeezenet,37656.766,97.190,500,0
123.173,t2_squeezenet,37735.285,99.741,500,0
123.273,t2_squeezenet,37830.994,100.470,500,0
123.371,t2_squeezenet,37919.627,97.625,500,0
123.471,t2_squeezenet,38006.414,100.243,500,0
123.570,t2_squeezenet,38081.073,98.983,500,0
123.612,t2_squeezenet,38049.661,42.173,500,0
123.707,t2_squeezenet,38057.060,94.347,500,0
123.802,t2_squeezenet,38121.666,95.392,500,0
123.870,t2_squeezenet,38186.555,67.787,500,0
123.913,t2_squeezenet,38224.263,42.901,500,0
124.005,t2_squeezenet,38257.623,92.263,500,0
124.099,t2_squeezenet,38267.933,93.591,499,0
124.196,t2_squeezenet,38319.187,97.609,499,0
124.298,t2_squeezenet,38389.075,101.828,500,0
124.392,t2_squeezenet,38454.055,93.712,499,0
124.485,t2_squeezenet,38473.895,92.540,498,0
124.584,t2_squeezenet,38432.431,99.729,497,0
124.683,t2_squeezenet,38492.058,98.912,497,0
124.781,t2_squeezenet,38511.056,97.345,498,0
124.845,t2_squeezenet,38501.765,64.224,499,0
124.890,t2_squeezenet,38510.074,44.335,498,0
124.988,t2_squeezenet,38544.178,98.768,498,0
125.089,t2_squeezenet,38627.105,100.657,498,0
125.184,t2_squeezenet,38694.330,94.973,498,0
125.284,t2_squeezenet,38696.725,99.355,499,0
125.378,t2_squeezenet,38714.754,94.626,500,0
125.480,t2_squeezenet,38815.411,101.646,500,0
125.576,t2_squeezenet,38748.738,96.441,500,0
125.671,t2_squeezenet,38757.674,94.817,499,0
125.774,t2_squeezenet,38846.666,102.945,500,0
125.835,t2_squeezenet,38881.923,60.696,500,0
125.878,t2_squeezenet,38849.217,43.295,500,0
125.974,t2_squeezenet,38920.022,96.012,500,0
126.073,t2_squeezenet,38994.170,98.644,500,0
126.174,t2_squeezenet,39075.036,101.206,500,0
126.270,t2_squeezenet,39110.731,95.735,500,0
126.311,t2_squeezenet,39045.524,40.638,500,0
126.406,t2_squeezenet,39082.911,94.756,500,0
126.503,t2_squeezenet,39171.105,97.779,500,0
126.596,t2_squeezenet,39256.026,92.213,499,0
126.691,t2_squeezenet,39348.337,95.680,500,0
126.787,t2_squeezenet,39439.610,95.777,500,0
126.845,t2_squeezenet,39445.172,58.200,499,0
126.895,t2_squeezenet,39489.634,49.240,500,0
126.989,t2_squeezenet,39526.968,93.887,500,0
127.086,t2_squeezenet,39537.737,97.489,500,0
127.182,t2_squeezenet,39561.858,95.690,499,0
127.279,t2_squeezenet,39607.911,96.807,499,0
127.372,t2_squeezenet,39647.852,93.492,500,0
127.415,t2_squeezenet,39570.566,42.236,499,0
127.512,t2_squeezenet,39608.777,96.926,500,0
127.607,t2_squeezenet,39693.812,95.038,499,0
127.701,t2_squeezenet,39776.056,94.222,499,0
127.796,t2_squeezenet,39861.665,94.849,499,0
127.853,t2_squeezenet,39871.675,57.437,499,0
127.903,t2_squeezenet,39792.766,49.471,499,0
127.995,t2_squeezenet,39828.326,91.957,500,0
128.091,t2_squeezenet,39907.766,96.287,499,0
128.186,t2_squeezenet,39998.831,95.034,500,0
128.283,t2_squeezenet,39865.460,96.698,500,0
128.381,t2_squeezenet,39890.487,98.461,500,0
128.473,t2_squeezenet,39903.947,91.683,500,0
128.573,t2_squeezenet,39960.210,99.941,500,0
128.672,t2_squeezenet,39984.897,98.476,500,0
128.771,t2_squeezenet,40012.991,98.804,500,0
128.813,t2_squeezenet,40033.158,42.939,499,0
128.872,t2_squeezenet,40073.725,58.247,499,0
128.972,t2_squeezenet,40003.114,100.296,498,0
129.070,t2_squeezenet,39920.897,98.162,500,0
129.109,t2_squeezenet,39940.830,38.663,500,0
129.205,t2_squeezenet,39923.198,96.070,500,0
129.300,t2_squeezenet,39943.478,94.889,500,0
129.398,t2_squeezenet,39951.626,98.227,499,0
129.495,t2_squeezenet,39952.064,96.282,499,0
129.593,t2_squeezenet,40023.004,97.998,498,0
129.690,t2_squeezenet,40032.530,97.364,498,0
129.791,t2_squeezenet,40123.795,101.183,498,0
129.851,t2_squeezenet,40141.886,60.073,498,0
129.894,t2_squeezenet,40116.058,42.216,497,0
129.987,t2_squeezenet,40136.274,93.238,497,0
130.088,t2_squeezenet,39978.128,101.066,499,0
130.184,t2_squeezenet,40031.227,95.600,500,0
130.284,t2_squeezenet,40042.980,100.073,500,0
130.382,t2_squeezenet,39911.067,98.041,500,0
130.483,t2_squeezenet,39893.420,100.743,500,0
130.581,t2_squeezenet,39930.384,98.359,500,0
130.680,t2_squeezenet,40021.018,98.822,499,0
130.780,t2_squeezenet,39947.780,100.344,500,0
130.841,t2_squeezenet,39941.812,60.650,499,0
130.888,t2_squeezenet,39959.069,46.813,500,0
130.982,t2_squeezenet,39906.417,94.193,499,0
131.075,t2_squeezenet,39983.017,92.839,500,0
131.172,t2_squeezenet,39956.637,96.833,500,0
131.274,t2_squeezenet,40043.980,102.045,500,0
131.370,t2_squeezenet,40086.788,96.188,499,0
131.470,t2_squeezenet,40177.341,99.678,500,0
131.515,t2_squeezenet,40211.047,45.101,499,0
131.615,t2_squeezenet,40266.555,99.934,500,0
131.711,t2_squeezenet,40340.430,95.876,500,0
131.805,t2_squeezenet,40300.693,93.820,499,0
131.871,t2_squeezenet,40346.366,66.327,499,0
131.971,t2_squeezenet,40319.218,99.970,500,0
132.070,t2_squeezenet,40399.128,99.043,499,0
132.110,t2_squeezenet,40411.599,39.644,498,0
132.203,t2_squeezenet,40339.810,93.023,498,0
132.302,t2_squeezenet,40421.257,98.379,497,0
132.401,t2_squeezenet,40435.812,99.096,497,0
132.494,t2_squeezenet,40500.474,93.009,497,0
132.592,t2_squeezenet,40598.529,98.469,497,0
132.688,t2_squeezenet,40653.102,95.274,497,0
132.785,t2_squeezenet,40648.912,96.983,496,0
132.848,t2_squeezenet,40701.595,63.289,497,0
132.891,t2_squeezenet,40604.630,42.449,497,0
132.988,t2_squeezenet,40671.570,97.746,498,0
133.085,t2_squeezenet,40562.912,96.946,500,0
133.175,t2_squeezenet,40624.087,89.304,500,0
133.271,t2_squeezenet,40659.546,95.828,499,0
133.370,t2_squeezenet,40745.522,99.410,499,0
133.470,t2_squeezenet,40800.862,99.723,500,0
133.512,t2_squeezenet,40834.062,42.199,500,0
133.607,t2_squeezenet,40912.440,95.151,499,0
133.701,t2_squeezenet,40928.440,94.146,500,0
133.800,t2_squeezenet,40971.928,98.092,499,0
133.861,t2_squeezenet,41026.425,60.982,500,0
133.902,t2_squeezenet,40985.430,41.639,499,0
133.999,t2_squeezenet,41075.877,96.198,498,0
134.095,t2_squeezenet,41118.267,96.765,500,0
134.192,t2_squeezenet,41165.668,96.404,500,0
134.287,t2_squeezenet,41248.677,95.418,500,0
134.385,t2_squeezenet,41213.493,97.653,500,0
134.483,t2_squeezenet,41234.500,98.003,500,0
134.582,t2_squeezenet,41291.642,98.968,500,0
134.678,t2_squeezenet,41183.819,95.539,500,0
134.775,t2_squeezenet,41251.395,96.888,499,0
134.834,t2_squeezenet,41262.046,59.453,500,0
134.883,t2_squeezenet,41279.997,48.438,499,0
134.974,t2_squeezenet,41357.891,90.849,499,0
135.069,t2_squeezenet,41441.405,95.470,500,0
135.112,t2_squeezenet,41474.235,42.886,499,0
135.208,t2_squeezenet,41436.710,96.267,500,0
135.298,t2_squeezenet,41522.819,89.847,500,0
135.392,t2_squeezenet,41600.083,93.451,499,0
135.484,t2_squeezenet,41685.706,92.128,500,0
135.581,t2_squeezenet,41775.275,97.554,499,0
135.680,t2_squeezenet,41870.232,98.721,500,0
135.771,t2_squeezenet,41801.796,90.483,500,0
135.811,t2_squeezenet,41766.891,40.227,500,0
135.874,t2_squeezenet,41811.167,62.770,500,0
135.970,t2_squeezenet,41903.980,95.848,500,0
136.011,t2_squeezenet,41871.932,41.447,499,0
136.104,t2_squeezenet,41951.181,92.947,499,0
136.197,t2_squeezenet,42031.291,92.672,500,0
136.294,t2_squeezenet,42088.601,96.910,500,0
136.390,t2_squeezenet,42012.861,95.962,500,0
136.482,t2_squeezenet,42047.882,91.680,499,0
136.580,t2_squeezenet,42107.341,97.940,500,0
136.677,t2_squeezenet,42164.072,97.681,500,0
136.770,t2_squeezenet,42117.990,92.525,500,0
136.812,t2_squeezenet,41842.714,41.664,499,0
136.870,t2_squeezenet,41842.402,58.035,498,0
136.919,t2_squeezenet,41872.396,48.687,497,0
137.007,t2_squeezenet,41708.693,88.169,497,0
137.104,t2_squeezenet,41796.725,96.766,499,0
137.199,t2_squeezenet,41820.069,94.886,499,0
137.292,t2_squeezenet,41787.699,93.076,500,0
137.390,t2_squeezenet,41657.610,98.161,500,0
137.483,t2_squeezenet,41688.926,92.857,500,0
137.576,t2_squeezenet,41722.750,93.632,500,0
137.673,t2_squeezenet,41814.099,96.710,500,0
137.770,t2_squeezenet,41891.890,96.719,500,0
137.812,t2_squeezenet,41833.612,42.124,500,0
137.869,t2_squeezenet,41840.681,57.036,500,0
137.915,t2_squeezenet,41831.412,45.443,500,0
138.007,t2_squeezenet,41836.155,92.190,499,0
138.100,t2_squeezenet,41875.154,92.911,498,0
138.191,t2_squeezenet,41951.456,90.955,497,0
138.288,t2_squeezenet,42011.169,97.413,498,0
138.387,t2_squeezenet,42106.276,98.823,497,0
138.480,t2_squeezenet,42195.813,92.999,497,0
138.575,t2_squeezenet,42263.751,94.307,497,0
138.669,t2_squeezenet,42343.103,94.595,500,0
138.715,t2_squeezenet,42366.186,46.199,500,0
138.811,t2_squeezenet,42448.112,41.766,499,0
138.868,t2_squeezenet,42500.245,57.124,500,0
138.912,t2_squeezenet,42369.409,44.381,499,0
139.005,t2_squeezenet,42397.863,92.842,500,0
139.101,t2_squeezenet,42476.736,96.063,500,0
139.191,t2_squeezenet,42450.285,89.579,500,0
139.288,t2_squeezenet,42377.528,96.463,500,0
139.384,t2_squeezenet,42327.374,96.567,499,0
139.479,t2_squeezenet,42392.126,94.481,499,0
139.576,t2_squeezenet,42397.990,97.232,500,0
139.669,t2_squeezenet,42482.791,93.406,499,0
139.710,t2_squeezenet,42193.866,40.377,498,0
139.807,t2_squeezenet,42263.771,96.964,499,0
139.862,t2_squeezenet,42274.528,55.239,498,0
139.905,t2_squeezenet,42258.302,43.283,497,0
139.999,t2_squeezenet,42265.403,93.359,496,0
140.097,t2_squeezenet,42350.070,98.331,496,0
140.197,t2_squeezenet,42432.141,99.398,497,0
140.290,t2_squeezenet,42504.281,93.380,499,0
140.384,t2_squeezenet,42556.677,94.065,498,0
140.481,t2_squeezenet,42651.238,96.333,500,0
140.579,t2_squeezenet,42681.642,98.636,500,0
140.673,t2_squeezenet,42704.334,93.320,500,0
140.714,t2_squeezenet,42728.061,41.085,500,0
140.806,t2_squeezenet,42621.969,92.087,500,0
140.866,t2_squeezenet,42546.312,60.278,500,0
140.912,t2_squeezenet,42421.491,46.274,500,0
141.006,t2_squeezenet,42495.046,93.509,500,0
141.101,t2_squeezenet,42502.067,94.828,499,0
141.195,t2_squeezenet,42557.731,94.499,499,0
141.292,t2_squeezenet,42483.904,96.986,498,0
141.386,t2_squeezenet,42516.981,93.900,500,0
141.484,t2_squeezenet,42564.007,97.316,500,0
141.580,t2_squeezenet,42649.361,96.264,499,0
141.676,t2_squeezenet,42675.512,95.857,500,0
141.771,t2_squeezenet,42728.231,94.796,500,0
141.815,t2_squeezenet,42772.057,44.515,500,0
141.873,t2_squeezenet,42759.722,57.750,499,0
141.973,t2_squeezenet,42833.726,99.793,499,0
142.014,t2_squeezenet,42863.762,41.326,498,0
142.110,t2_squeezenet,42948.953,95.942,497,0
142.208,t2_squeezenet,42942.959,97.640,496,0
142.307,t2_squeezenet,42932.313,98.738,499,0
142.402,t2_squeezenet,42891.140,95.546,500,0
142.499,t2_squeezenet,42986.850,96.199,499,0
142.594,t2_squeezenet,43075.310,95.242,498,0
142.691,t2_squeezenet,43073.128,97.189,500,0
142.787,t2_squeezenet,43145.844,95.920,500,0
142.846,t2_squeezenet,43167.219,59.079,499,0
142.892,t2_squeezenet,43192.145,45.174,498,0
142.990,t2_squeezenet,43205.253,98.523,498,0
143.086,t2_squeezenet,43270.751,95.267,497,0
143.179,t2_squeezenet,43210.372,93.769,496,0
143.276,t2_squeezenet,43260.401,96.575,495,0
143.373,t2_squeezenet,43192.716,97.272,496,0
143.472,t2_squeezenet,43280.983,98.422,495,0
143.512,t2_squeezenet,43242.607,39.889,494,0
143.607,t2_squeezenet,43267.654,95.081,494,0
143.704,t2_squeezenet,43174.579,97.125,493,0
143.802,t2_squeezenet,43203.226,97.841,494,0
143.860,t2_squeezenet,43224.000,57.675,496,0
143.904,t2_squeezenet,43038.353,44.056,496,0
143.999,t2_squeezenet,43127.597,95.788,496,0
144.098,t2_squeezenet,43193.389,97.979,495,0
144.191,t2_squeezenet,43024.399,93.126,496,0
144.287,t2_squeezenet,43062.819,96.443,496,0
144.385,t2_squeezenet,42995.276,97.929,496,0
144.482,t2_squeezenet,42971.513,97.317,497,0
144.578,t2_squeezenet,43054.975,95.457,498,0
144.679,t2_squeezenet,43050.556,101.012,498,0
144.780,t2_squeezenet,43036.258,100.729,498,0
144.844,t2_squeezenet,43083.874,63.689,497,0
144.888,t2_squeezenet,43091.643,44.327,497,0
144.980,t2_squeezenet,43074.177,92.094,496,0
145.078,t2_squeezenet,42996.492,97.497,498,0
145.178,t2_squeezenet,43009.505,99.922,498,0
145.271,t2_squeezenet,43049.660,93.405,498,0
145.312,t2_squeezenet,42980.858,40.676,497,0
145.407,t2_squeezenet,43051.495,94.949,498,0
145.499,t2_squeezenet,42879.465,92.306,500,0
145.598,t2_squeezenet,42936.168,98.655,500,0
145.693,t2_squeezenet,42990.493,95.053,499,0
145.784,t2_squeezenet,43056.372,91.263,499,0
145.845,t2_squeezenet,43043.796,60.977,500,0
145.895,t2_squeezenet,43037.015,49.323,499,0
145.986,t2_squeezenet,43096.586,90.904,499,0
146.083,t2_squeezenet,43159.221,96.961,499,0
146.180,t2_squeezenet,43205.031,97.754,498,0
146.278,t2_squeezenet,43155.710,97.929,499,0
146.372,t2_squeezenet,43183.530,93.807,498,0
146.416,t2_squeezenet,43134.809,43.591,497,0
146.506,t2_squeezenet,43094.918,90.264,498,0
146.603,t2_squeezenet,43072.069,97.196,498,0
146.696,t2_squeezenet,43103.037,93.119,499,0
146.793,t2_squeezenet,43080.840,96.177,500,0
146.851,t2_squeezenet,42841.836,57.938,499,0
146.900,t2_squeezenet,42782.358,49.709,499,0
146.993,t2_squeezenet,42842.242,92.779,498,0
147.086,t2_squeezenet,42902.530,92.570,500,0
147.181,t2_squeezenet,42922.452,94.705,500,0
147.274,t2_squeezenet,42994.519,93.249,500,0
147.372,t2_squeezenet,43035.739,98.317,500,0
147.415,t2_squeezenet,43006.079,42.210,499,0
147.504,t2_squeezenet,43083.547,89.077,499,0
147.599,t2_squeezenet,42993.715,95.316,499,0
147.696,t2_squeezenet,43080.601,97.164,500,0
147.788,t2_squeezenet,42964.457,91.840,500,0
147.848,t2_squeezenet,42970.166,60.400,500,0
147.894,t2_squeezenet,42964.848,45.527,500,0
147.990,t2_squeezenet,43016.799,95.784,500,0
148.084,t2_squeezenet,43062.079,94.064,500,0
148.176,t2_squeezenet,43054.213,91.566,499,0
148.272,t2_squeezenet,42901.297,96.767,498,0
148.372,t2_squeezenet,42909.282,99.199,497,0
148.413,t2_squeezenet,42927.923,41.296,498,0
148.504,t2_squeezenet,42858.424,90.686,499,0
148.600,t2_squeezenet,42954.056,96.342,500,0
148.695,t2_squeezenet,42972.042,94.850,500,0
148.795,t2_squeezenet,42956.044,100.131,499,0
148.851,t2_squeezenet,42892.915,55.832,499,0
148.895,t2_squeezenet,42914.716,43.965,499,0
148.990,t2_squeezenet,42992.612,94.682,500,0
149.088,t2_squeezenet,42907.172,97.858,500,0
149.181,t2_squeezenet,42909.704,93.541,499,0
149.276,t2_squeezenet,42940.370,94.361,500,0
149.371,t2_squeezenet,42951.188,95.156,500,0
149.415,t2_squeezenet,42897.863,44.017,499,0
149.510,t2_squeezenet,42901.217,95.273,499,0
149.606,t2_squeezenet,42885.839,96.158,500,0
149.703,t2_squeezenet,42904.393,96.690,499,0
149.802,t2_squeezenet,42944.764,98.676,499,0
149.864,t2_squeezenet,42934.359,62.136,499,0
149.908,t2_squeezenet,42882.353,43.970,498,0
150.006,t2_squeezenet,42842.444,98.028,498,0
150.105,t2_squeezenet,42885.483,98.877,500,0
150.200,t2_squeezenet,42942.468,95.358,499,0
150.293,t2_squeezenet,42934.007,92.687,498,0
150.390,t2_squeezenet,42920.564,96.819,498,0
150.489,t2_squeezenet,42992.994,98.826,500,0
150.587,t2_squeezenet,42911.463,98.194,500,0
150.682,t2_squeezenet,42935.169,94.993,500,0
150.778,t2_squeezenet,42995.630,95.689,500,0
150.838,t2_squeezenet,42937.952,60.137,500,0
150.886,t2_squeezenet,42877.950,48.240,500,0
150.980,t2_squeezenet,42916.769,93.302,499,0
151.076,t2_squeezenet,42803.862,96.073,499,0
151.172,t2_squeezenet,42768.265,96.268,500,0
151.273,t2_squeezenet,42828.062,100.803,499,0
151.315,t2_squeezenet,42799.160,42.067,498,0
151.411,t2_squeezenet,42843.639,95.423,500,0
151.507,t2_squeezenet,42724.031,96.201,500,0
151.609,t2_squeezenet,42772.945,102.371,500,0
151.706,t2_squeezenet,42844.502,96.680,500,0
151.802,t2_squeezenet,42885.396,96.142,499,0
151.866,t2_squeezenet,42940.283,64.282,499,0
151.915,t2_squeezenet,42872.443,48.081,499,0
152.010,t2_squeezenet,42717.777,95.695,498,0
152.105,t2_squeezenet,42809.741,94.330,500,0
152.201,t2_squeezenet,42886.767,96.549,500,0
152.305,t2_squeezenet,42914.403,103.732,500,0
152.399,t2_squeezenet,43004.170,94.340,500,0
152.495,t2_squeezenet,43059.961,95.446,500,0
152.593,t2_squeezenet,43077.064,97.947,500,0
152.691,t2_squeezenet,43025.401,97.937,500,0
152.788,t2_squeezenet,43053.423,97.577,499,0
152.851,t2_squeezenet,43009.812,62.541,499,0
152.896,t2_squeezenet,43016.381,44.832,499,0
152.991,t2_squeezenet,43007.582,95.162,500,0
153.090,t2_squeezenet,42997.036,99.231,500,0
153.185,t2_squeezenet,43064.282,94.143,500,0
153.283,t2_squeezenet,43096.512,98.054,500,0
153.379,t2_squeezenet,42974.558,96.188,499,0
153.482,t2_squeezenet,43004.636,103.372,500,0
153.583,t2_squeezenet,43104.122,100.369,500,0
153.679,t2_squeezenet,43102.391,96.009,500,0
153.781,t2_squeezenet,43154.656,102.368,500,0
153.846,t2_squeezenet,43120.730,64.919,500,0
153.891,t2_squeezenet,42902.416,44.478,500,0
153.986,t2_squeezenet,42986.194,95.099,500,0
154.086,t2_squeezenet,43011.662,100.153,500,0
154.183,t2_squeezenet,43100.453,97.054,500,0
154.285,t2_squeezenet,43161.579,101.434,499,0
154.379,t2_squeezenet,42913.094,94.449,498,0
154.477,t2_squeezenet,42875.378,98.322,499,0
154.572,t2_squeezenet,42789.035,94.577,500,0
154.675,t2_squeezenet,42851.388,102.460,500,0
154.771,t2_squeezenet,42937.882,96.883,500,0
154.837,t2_squeezenet,42947.924,65.743,500,0
154.884,t2_squeezenet,42980.919,46.290,500,0
154.982,t2_squeezenet,42909.931,98.521,500,0
155.082,t2_squeezenet,42929.595,99.783,500,0
155.181,t2_squeezenet,42913.940,99.140,500,0
155.283,t2_squeezenet,42985.429,101.605,500,0
155.383,t2_squeezenet,43080.086,100.348,500,0
155.478,t2_squeezenet,43051.951,95.121,499,0
155.575,t2_squeezenet,43086.014,96.087,499,0
155.676,t2_squeezenet,43171.702,101.750,500,0
155.776,t2_squeezenet,43082.301,100.044,500,0
155.844,t2_squeezenet,43085.268,67.650,500,0
155.888,t2_squeezenet,43124.788,43.811,499,0
155.985,t2_squeezenet,43185.191,96.984,498,0
156.088,t2_squeezenet,43228.030,102.781,498,0
156.186,t2_squeezenet,43290.228,97.775,500,0
156.284,t2_squeezenet,43220.484,97.909,500,0
156.379,t2_squeezenet,43275.076,95.198,500,0
156.480,t2_squeezenet,43282.557,101.548,500,0
156.579,t2_squeezenet,43287.190,98.328,500,0
156.676,t2_squeezenet,43255.328,97.389,499,0
156.773,t2_squeezenet,43223.948,96.384,500,0
156.815,t2_squeezenet,43216.317,42.437,499,0
156.880,t2_squeezenet,43176.361,64.303,498,0
156.973,t2_squeezenet,42903.846,93.206,498,0
157.071,t2_squeezenet,42923.204,98.126,500,0
157.171,t2_squeezenet,43002.729,100.334,499,0
157.271,t2_squeezenet,43054.928,99.336,499,0
157.313,t2_squeezenet,43083.821,42.172,499,0
157.409,t2_squeezenet,43164.397,95.590,498,0
157.508,t2_squeezenet,43166.546,99.409,500,0
157.603,t2_squeezenet,43137.710,95.003,499,0
157.699,t2_squeezenet,43157.487,95.543,499,0
157.792,t2_squeezenet,43129.545,93.792,499,0
157.861,t2_squeezenet,43164.522,68.439,498,0
157.914,t2_squeezenet,43065.445,53.163,498,0
158.007,t2_squeezenet,43119.004,92.721,498,0
158.105,t2_squeezenet,43133.680,98.414,499,0
158.206,t2_squeezenet,42971.693,100.672,499,0
158.315,t2_squeezenet,42859.741,108.878,500,0
158.404,t2_squeezenet,42917.710,88.625,500,0
158.496,t2_squeezenet,43006.295,92.056,500,0
158.590,t2_squeezenet,43027.296,94.332,500,0
158.691,t2_squeezenet,43070.022,100.822,500,0
158.792,t2_squeezenet,42944.765,101.002,500,0
158.854,t2_squeezenet,42968.862,61.630,500,0
158.897,t2_squeezenet,43009.794,43.258,499,0
158.991,t2_squeezenet,43093.303,93.905,499,0
159.086,t2_squeezenet,43101.869,95.408,498,0
159.183,t2_squeezenet,43180.256,96.517,497,0
159.276,t2_squeezenet,43222.596,92.905,496,0
159.376,t2_squeezenet,43236.665,100.236,495,0
159.475,t2_squeezenet,43233.415,98.897,496,0
159.574,t2_squeezenet,43254.982,99.143,496,0
159.670,t2_squeezenet,43208.915,95.628,495,0
159.714,t2_squeezenet,43202.940,43.817,495,0
159.813,t2_squeezenet,43074.738,98.573,495,0
159.876,t2_squeezenet,43095.535,63.422,494,0
159.919,t2_squeezenet,43127.365,43.194,493,0
160.005,t2_squeezenet,43118.280,85.517,494,0
160.098,t2_squeezenet,43126.954,93.623,494,0
160.200,t2_squeezenet,43089.509,101.106,494,0
160.294,t2_squeezenet,43172.312,94.575,493,0
160.389,t2_squeezenet,43001.160,95.049,494,0
160.484,t2_squeezenet,43026.991,94.223,494,0
160.581,t2_squeezenet,43043.004,97.617,494,0
160.681,t2_squeezenet,43136.000,99.950,495,0
160.777,t2_squeezenet,43194.022,96.039,496,0
160.836,t2_squeezenet,43098.533,59.063,496,0
160.884,t2_squeezenet,43097.878,47.889,496,0
160.977,t2_squeezenet,43116.381,92.085,497,0
161.077,t2_squeezenet,43178.509,100.735,497,0
161.175,t2_squeezenet,43130.426,97.475,498,0
161.277,t2_squeezenet,43185.566,102.442,498,0
161.377,t2_squeezenet,43147.496,99.245,500,0
161.477,t2_squeezenet,43143.391,100.361,500,0
161.573,t2_squeezenet,43123.075,95.540,500,0
161.673,t2_squeezenet,43179.336,100.406,500,0
161.772,t2_squeezenet,43160.984,99.339,499,0
161.814,t2_squeezenet,43065.055,41.883,500,0
161.875,t2_squeezenet,43106.369,60.532,500,0
161.972,t2_squeezenet,43002.549,96.617,499,0
162.074,t2_squeezenet,43098.563,101.986,499,0
162.174,t2_squeezenet,43148.595,100.156,499,0
162.273,t2_squeezenet,43192.176,98.918,498,0
162.370,t2_squeezenet,43176.746,97.138,498,0
162.471,t2_squeezenet,43256.531,100.618,499,0
162.571,t2_squeezenet,43268.926,100.440,500,0
162.610,t2_squeezenet,43154.695,39.258,500,0
162.703,t2_squeezenet,43196.161,92.816,500,0
162.801,t2_squeezenet,43189.690,98.192,499,0
162.865,t2_squeezenet,43150.062,63.233,498,0
162.912,t2_squeezenet,43112.537,47.505,498,0
163.010,t2_squeezenet,43156.646,97.181,498,0
163.106,t2_squeezenet,43196.856,95.892,498,0
163.203,t2_squeezenet,43177.096,97.307,498,0
163.303,t2_squeezenet,43214.754,99.595,497,0
163.399,t2_squeezenet,43056.912,96.613,499,0
163.491,t2_squeezenet,43052.907,91.525,498,0
163.591,t2_squeezenet,43100.982,100.560,498,0
163.692,t2_squeezenet,43191.955,100.808,498,0
163.788,t2_squeezenet,43141.979,95.537,498,0
163.849,t2_squeezenet,43173.945,61.430,498,0
163.897,t2_squeezenet,43085.898,48.166,498,0
163.994,t2_squeezenet,43091.589,96.924,499,0
164.093,t2_squeezenet,43166.250,98.660,499,0
164.185,t2_squeezenet,43249.275,92.226,500,0
164.284,t2_squeezenet,43224.459,98.349,500,0
164.381,t2_squeezenet,43133.456,97.389,499,0
164.481,t2_squeezenet,43139.815,99.430,499,0
164.579,t2_squeezenet,43211.549,98.104,499,0
164.676,t2_squeezenet,43040.088,96.807,498,0
164.779,t2_squeezenet,43037.987,103.021,500,0
164.847,t2_squeezenet,43078.594,68.003,499,0
164.889,t2_squeezenet,43106.516,42.536,500,0
164.983,t2_squeezenet,43167.900,93.720,500,0
165.085,t2_squeezenet,43182.854,101.395,500,0
165.181,t2_squeezenet,43269.671,96.876,500,0
165.281,t2_squeezenet,43254.484,99.343,500,0
165.376,t2_squeezenet,43338.301,94.870,500,0
165.475,t2_squeezenet,43300.847,98.821,499,0
165.573,t2_squeezenet,43337.727,98.418,499,0
165.674,t2_squeezenet,43270.795,100.818,500,0
165.772,t2_squeezenet,43364.850,97.475,500,0
165.838,t2_squeezenet,43316.290,66.209,500,0
165.885,t2_squeezenet,43035.706,47.682,499,0
165.978,t2_squeezenet,43088.496,92.603,499,0
166.074,t2_squeezenet,43137.745,96.271,500,0
166.172,t2_squeezenet,43205.546,97.032,500,0
166.271,t2_squeezenet,43271.357,99.748,499,0
166.369,t2_squeezenet,43342.174,98.153,499,0
166.406,t2_squeezenet,43323.700,36.560,498,0
166.504,t2_squeezenet,43288.279,98.274,497,0
166.601,t2_squeezenet,43310.306,96.242,499,0
166.703,t2_squeezenet,43320.123,102.546,499,0
166.798,t2_squeezenet,43248.591,94.423,498,0
166.865,t2_squeezenet,43260.525,67.072,498,0
166.911,t2_squeezenet,43293.831,45.668,497,0
167.010,t2_squeezenet,43268.284,99.767,498,0
167.113,t2_squeezenet,43267.692,102.273,500,0
167.205,t2_squeezenet,43301.343,92.317,500,0
167.305,t2_squeezenet,43310.130,99.693,500,0
167.399,t2_squeezenet,43262.506,93.900,499,0
167.500,t2_squeezenet,43302.293,100.949,500,0
167.594,t2_squeezenet,43389.438,94.116,499,0
167.694,t2_squeezenet,43087.493,100.398,498,0
167.789,t2_squeezenet,43038.775,94.458,499,0
167.856,t2_squeezenet,43087.315,67.461,498,0
167.900,t2_squeezenet,43090.234,43.369,498,0
167.996,t2_squeezenet,43151.856,96.555,499,0
168.097,t2_squeezenet,43123.402,100.517,499,0
168.200,t2_squeezenet,43201.859,103.115,500,0
168.293,t2_squeezenet,43185.333,93.404,500,0
168.393,t2_squeezenet,43139.609,99.229,499,0
168.489,t2_squeezenet,43212.263,96.150,498,0
168.593,t2_squeezenet,43307.553,104.081,497,0
168.690,t2_squeezenet,43392.879,97.166,497,0
168.787,t2_squeezenet,43402.516,96.883,498,0
168.849,t2_squeezenet,43368.272,61.641,497,0
168.896,t2_squeezenet,43221.272,47.160,497,0
168.991,t2_squeezenet,43264.587,94.587,499,0
169.091,t2_squeezenet,43310.155,100.728,499,0
169.189,t2_squeezenet,43345.161,97.965,498,0
169.286,t2_squeezenet,43356.489,96.726,498,0
169.386,t2_squeezenet,43368.949,99.871,500,0
169.487,t2_squeezenet,43382.054,100.892,500,0
169.585,t2_squeezenet,43371.005,97.965,500,0
169.682,t2_squeezenet,43397.847,97.057,500,0
169.783,t2_squeezenet,43442.116,100.312,499,0
169.845,t2_squeezenet,43362.328,62.403,499,0
169.888,t2_squeezenet,43280.994,42.776,498,0
169.979,t2_squeezenet,43299.256,90.729,497,0
170.077,t2_squeezenet,43366.784,97.816,497,0
170.176,t2_squeezenet,43311.931,99.239,500,0
170.277,t2_squeezenet,43390.672,101.173,499,0
170.376,t2_squeezenet,43477.562,98.631,499,0
170.474,t2_squeezenet,43482.908,97.976,499,0
170.575,t2_squeezenet,43305.029,101.146,500,0
170.670,t2_squeezenet,43374.772,95.494,500,0
170.712,t2_squeezenet,43398.978,41.286,499,0
170.808,t2_squeezenet,43345.654,96.353,498,0
170.876,t2_squeezenet,43383.797,68.121,498,0
170.969,t2_squeezenet,43327.121,92.572,497,0
171.006,t2_squeezenet,43254.657,37.360,496,0
171.101,t2_squeezenet,43256.990,94.725,495,0
171.200,t2_squeezenet,43306.874,98.323,494,0
171.300,t2_squeezenet,43383.599,100.702,495,0
171.394,t2_squeezenet,43473.450,93.762,495,0
171.489,t2_squeezenet,43341.302,95.063,497,0
171.591,t2_squeezenet,43417.133,102.168,497,0
171.689,t2_squeezenet,43442.798,97.067,496,0
171.785,t2_squeezenet,43463.470,95.734,495,0
171.847,t2_squeezenet,43452.935,62.299,495,0
171.895,t2_squeezenet,43407.685,47.620,494,0
171.990,t2_squeezenet,43362.919,95.492,494,0
172.087,t2_squeezenet,43372.266,97.124,494,0
172.182,t2_squeezenet,43338.752,94.148,498,0
172.280,t2_squeezenet,43290.441,98.468,499,0
172.375,t2_squeezenet,43355.829,95.088,500,0
172.474,t2_squeezenet,43453.947,98.495,500,0
172.572,t2_squeezenet,43501.833,98.475,500,0
172.670,t2_squeezenet,43545.222,97.412,500,0
172.712,t2_squeezenet,43442.611,42.713,499,0
172.810,t2_squeezenet,43329.610,97.276,498,0
172.877,t2_squeezenet,43237.699,67.113,499,0
172.972,t2_squeezenet,43277.296,94.841,498,0
173.071,t2_squeezenet,43219.635,98.943,498,0
173.114,t2_squeezenet,43201.109,43.487,498,0
173.206,t2_squeezenet,43193.900,91.503,499,0
173.305,t2_squeezenet,43284.126,98.932,500,0
173.400,t2_squeezenet,43335.035,95.167,500,0
173.502,t2_squeezenet,43383.479,101.848,500,0
173.597,t2_squeezenet,43454.431,94.850,499,0
173.690,t2_squeezenet,43471.942,93.502,499,0
173.783,t2_squeezenet,43444.561,93.209,500,0
173.852,t2_squeezenet,43369.580,68.145,500,0
173.897,t2_squeezenet,43334.932,44.859,499,0
173.988,t2_squeezenet,43294.062,91.537,499,0
174.082,t2_squeezenet,43303.048,93.742,499,0
174.184,t2_squeezenet,43331.343,101.530,499,0
174.282,t2_squeezenet,43427.170,98.232,500,0
174.378,t2_squeezenet,43377.447,96.478,500,0
174.475,t2_squeezenet,43420.439,96.830,500,0
174.578,t2_squeezenet,43495.769,102.494,500,0
174.677,t2_squeezenet,43430.090,99.443,500,0
174.776,t2_squeezenet,43386.293,99.113,500,0
174.838,t2_squeezenet,43399.867,61.268,499,0
174.883,t2_squeezenet,43363.768,44.993,498,0
174.980,t2_squeezenet,43433.630,97.033,497,0
175.073,t2_squeezenet,43457.104,93.488,497,0
175.172,t2_squeezenet,43306.551,98.620,496,0
175.269,t2_squeezenet,43396.634,97.112,499,0
175.315,t2_squeezenet,43428.176,45.381,498,0
175.413,t2_squeezenet,43213.906,97.943,498,0
175.507,t2_squeezenet,43141.387,93.960,500,0
175.607,t2_squeezenet,43125.696,100.598,500,0
175.705,t2_squeezenet,43121.646,97.869,500,0
175.804,t2_squeezenet,43189.104,98.444,499,0
175.871,t2_squeezenet,43064.215,67.434,499,0
175.917,t2_squeezenet,43089.989,45.357,500,0
176.003,t2_squeezenet,43113.795,86.651,499,0
176.100,t2_squeezenet,43169.040,96.999,499,0
176.195,t2_squeezenet,43250.362,94.412,500,0
176.290,t2_squeezenet,43290.334,95.554,500,0
176.388,t2_squeezenet,43347.342,97.381,500,0
176.486,t2_squeezenet,43425.596,97.754,500,0
176.583,t2_squeezenet,43448.817,97.443,499,0
176.673,t2_squeezenet,43344.453,89.782,498,0
176.772,t2_squeezenet,43355.942,98.950,499,0
176.836,t2_squeezenet,43414.493,63.981,500,0
176.881,t2_squeezenet,43384.292,45.002,500,0
176.922,t2_squeezenet,43293.734,41.231,499,0
177.008,t2_squeezenet,43354.633,85.405,498,0
177.106,t2_squeezenet,43291.286,97.820,497,0
177.204,t2_squeezenet,43362.931,97.942,499,0
177.298,t2_squeezenet,43283.201,93.771,500,0
177.392,t2_squeezenet,43350.873,94.295,500,0
177.487,t2_squeezenet,43439.032,95.404,500,0
177.581,t2_squeezenet,43443.628,93.433,500,0
177.679,t2_squeezenet,43465.400,97.664,500,0
177.774,t2_squeezenet,43485.298,95.525,500,0
177.836,t2_squeezenet,43446.369,62.314,499,0
177.887,t2_squeezenet,43375.328,50.616,498,0
177.980,t2_squeezenet,43393.148,93.144,499,0
178.077,t2_squeezenet,43286.791,96.266,499,0
178.172,t2_squeezenet,43344.602,95.140,500,0
178.270,t2_squeezenet,43377.006,98.360,499,0
178.314,t2_squeezenet,43286.951,43.395,500,0
178.408,t2_squeezenet,43354.390,94.527,499,0
178.506,t2_squeezenet,43384.515,96.985,499,0
178.605,t2_squeezenet,43463.765,99.120,499,0
178.701,t2_squeezenet,43480.425,95.885,500,0
178.790,t2_squeezenet,43353.628,89.640,500,0
178.853,t2_squeezenet,43416.234,62.827,500,0
178.901,t2_squeezenet,43280.795,48.187,499,0
178.997,t2_squeezenet,43363.522,95.628,500,0
179.093,t2_squeezenet,43327.635,95.733,499,0
179.190,t2_squeezenet,43405.213,96.859,500,0
179.284,t2_squeezenet,43426.695,93.955,500,0
179.382,t2_squeezenet,43471.685,97.808,500,0
179.477,t2_squeezenet,43420.708,95.756,500,0
179.578,t2_squeezenet,43470.762,100.098,500,0
179.676,t2_squeezenet,43481.902,98.059,500,0
179.774,t2_squeezenet,43574.378,98.496,499,0
179.838,t2_squeezenet,43483.101,64.298,498,0
179.882,t2_squeezenet,43384.875,43.848,497,0
179.977,t2_squeezenet,43446.918,94.345,496,0
180.079,t2_squeezenet,43410.762,102.465,497,0
180.177,t2_squeezenet,43468.799,97.326,500,0
180.274,t2_squeezenet,43304.983,97.309,500,0
180.370,t2_squeezenet,43330.896,95.801,500,0
180.410,t2_squeezenet,43370.107,40.232,499,0
180.510,t2_squeezenet,43448.237,99.962,498,0
180.609,t2_squeezenet,43478.379,98.476,498,0
180.703,t2_squeezenet,43502.992,94.586,497,0
180.803,t2_squeezenet,43564.051,99.427,496,0
180.869,t2_squeezenet,43488.590,66.695,495,0
180.915,t2_squeezenet,43445.344,45.310,494,0
181.007,t2_squeezenet,43515.773,92.006,493,0
181.104,t2_squeezenet,43478.283,97.318,493,0
181.200,t2_squeezenet,43500.628,95.886,496,0
181.297,t2_squeezenet,43504.181,96.710,496,0
181.396,t2_squeezenet,43543.796,98.932,498,0
181.491,t2_squeezenet,43615.432,95.107,500,0
181.590,t2_squeezenet,43327.512,99.045,500,0
181.687,t2_squeezenet,43406.775,96.903,500,0
181.785,t2_squeezenet,43379.226,98.423,499,0
181.851,t2_squeezenet,43368.857,65.375,499,0
181.915,t2_squeezenet,43339.426,64.066,500,0
181.972,t2_squeezenet,43387.256,56.956,500,0
182.018,t2_squeezenet,43389.198,46.371,500,0
182.064,t2_squeezenet,43424.000,45.127,499,0
182.106,t2_squeezenet,43430.407,42.015,498,0
182.154,t2_squeezenet,43338.405,48.471,497,0
182.201,t2_squeezenet,43369.098,46.704,497,0
182.244,t2_squeezenet,43291.835,43.157,497,0
182.291,t2_squeezenet,43328.588,46.521,496,0
182.339,t2_squeezenet,43299.223,48.385,495,0
182.386,t2_squeezenet,43240.252,46.483,494,0
182.432,t2_squeezenet,43209.378,46.284,493,0
182.476,t2_squeezenet,43013.866,44.490,492,0
182.522,t2_squeezenet,43040.902,45.627,491,0
182.573,t2_squeezenet,43022.195,50.421,490,0
182.615,t2_squeezenet,42888.677,42.436,490,0
182.657,t2_squeezenet,42850.768,42.128,489,0
182.707,t2_squeezenet,42637.687,49.306,489,0
182.753,t2_squeezenet,42620.310,46.130,489,0
182.798,t2_squeezenet,42658.873,44.643,489,0
182.843,t2_squeezenet,42645.572,45.189,488,0
182.890,t2_squeezenet,42653.120,47.379,488,0
182.943,t2_squeezenet,42666.589,53.067,489,0
182.990,t2_squeezenet,42591.114,46.614,488,0
183.036,t2_squeezenet,42634.153,46.377,488,0
183.088,t2_squeezenet,42667.030,51.129,487,0
183.138,t2_squeezenet,42593.472,50.656,486,0
183.186,t2_squeezenet,42574.556,47.307,485,0
183.232,t2_squeezenet,42546.804,46.003,486,0
183.278,t2_squeezenet,42509.035,45.875,487,0
183.327,t2_squeezenet,42511.602,49.294,487,0
183.375,t2_squeezenet,42467.523,48.024,488,0
183.416,t2_squeezenet,42479.178,41.417,488,0
183.463,t2_squeezenet,42300.296,46.769,487,0
183.508,t2_squeezenet,42207.079,45.022,486,0
183.554,t2_squeezenet,42221.719,45.886,485,0
183.599,t2_squeezenet,42254.024,44.470,485,0
183.645,t2_squeezenet,42257.516,46.275,484,0
183.692,t2_squeezenet,42085.606,46.453,485,0
183.742,t2_squeezenet,42101.623,49.917,485,0
183.784,t2_squeezenet,42061.084,42.704,484,0
183.827,t2_squeezenet,42038.571,43.025,483,0
183.876,t2_squeezenet,41906.629,48.201,484,0
183.923,t2_squeezenet,41705.337,47.090,484,0
183.965,t2_squeezenet,41728.916,42.282,484,0
184.012,t2_squeezenet,41757.713,46.836,484,0
184.055,t2_squeezenet,41755.120,43.384,484,0
184.104,t2_squeezenet,41785.367,48.347,484,0
184.150,t2_squeezenet,41783.021,45.880,485,0
184.193,t2_squeezenet,41553.662,43.151,485,0
184.240,t2_squeezenet,41593.283,47.189,485,0
184.288,t2_squeezenet,41599.646,48.125,484,0
184.333,t2_squeezenet,41617.444,44.861,483,0
184.378,t2_squeezenet,41408.815,44.502,482,0
184.423,t2_squeezenet,41096.991,44.845,482,0
184.469,t2_squeezenet,41115.719,45.937,483,0
184.517,t2_squeezenet,40935.895,48.380,484,0
184.561,t2_squeezenet,40849.222,43.621,483,0
184.602,t2_squeezenet,40833.192,41.380,484,0
184.651,t2_squeezenet,40844.907,48.338,484,0
184.698,t2_squeezenet,40885.087,47.763,484,0
184.742,t2_squeezenet,40926.513,43.103,485,0
184.790,t2_squeezenet,40897.923,47.916,486,0
184.836,t2_squeezenet,40868.384,46.088,485,0
184.884,t2_squeezenet,40785.431,48.331,484,0
184.927,t2_squeezenet,40776.294,42.476,483,0
184.966,t2_squeezenet,40767.333,39.688,482,0
185.000,t2_squeezenet,40659.050,33.253,481,0
185.033,t2_squeezenet,40629.814,33.252,480,0
