t_s,tenant,latency_ms,service_ms,qdepth,warmup
0.045,t2_squeezenet,41.315,39.212,0,1
0.101,t2_squeezenet,45.185,40.208,4,1
0.133,t2_squeezenet,59.869,31.878,3,1
0.165,t2_squeezenet,73.412,31.698,2,1
0.195,t2_squeezenet,100.826,30.205,2,1
0.226,t2_squeezenet,128.416,30.732,2,1
0.258,t2_squeezenet,86.244,32.423,1,1
0.290,t2_squeezenet,85.262,32.118,0,1
0.371,t2_squeezenet,39.546,35.113,3,1
0.403,t2_squeezenet,63.061,32.001,3,1
0.435,t2_squeezenet,85.803,31.833,2,1
0.464,t2_squeezenet,101.950,29.038,1,1
0.497,t2_squeezenet,106.126,33.103,0,1
0.608,t2_squeezenet,32.533,30.281,1,1
0.637,t2_squeezenet,50.392,29.124,0,1
0.686,t2_squeezenet,33.717,28.975,1,1
0.716,t2_squeezenet,49.227,29.110,0,1
0.750,t2_squeezenet,34.093,29.047,0,1
0.927,t2_squeezenet,35.563,30.616,1,1
0.961,t2_squeezenet,43.392,34.189,1,1
0.996,t2_squeezenet,57.127,34.851,0,1
1.036,t2_squeezenet,30.518,29.806,0,1
1.192,t2_squeezenet,41.983,39.924,0,1
1.263,t2_squeezenet,38.172,34.896,1,1
1.297,t2_squeezenet,56.236,34.637,2,1
1.331,t2_squeezenet,62.429,33.169,3,1
1.366,t2_squeezenet,75.969,35.107,3,1
1.400,t2_squeezenet,85.556,34.436,2,1
1.435,t2_squeezenet,117.547,34.679,3,1
1.469,t2_squeezenet,111.446,34.522,2,1
1.501,t2_squeezenet,99.718,32.001,1,1
1.532,t2_squeezenet,97.620,30.514,0,1
1.654,t2_squeezenet,35.895,33.352,1,1
1.686,t2_squeezenet,57.643,32.022,2,1
1.720,t2_squeezenet,43.543,34.204,1,1
1.759,t2_squeezenet,72.772,38.232,0,1
1.800,t2_squeezenet,34.485,30.919,0,1
1.846,t2_squeezenet,45.845,41.317,0,1
1.903,t2_squeezenet,44.470,41.898,1,1
1.943,t2_squeezenet,70.634,39.404,1,1
1.974,t2_squeezenet,44.870,30.869,1,1
2.010,t2_squeezenet,42.788,35.759,0,1
2.083,t2_squeezenet,35.521,35.176,0,1
2.134,t2_squeezenet,37.923,35.871,0,1
2.223,t2_squeezenet,45.195,43.385,0,1
2.349,t2_squeezenet,65.002,59.966,1,1
2.404,t2_squeezenet,109.350,55.354,0,1
2.565,t2_squeezenet,56.716,54.026,3,1
2.620,t2_squeezenet,94.167,55.434,2,1
2.674,t2_squeezenet,140.931,53.574,1,1
2.728,t2_squeezenet,189.365,53.572,1,1
2.784,t2_squeezenet,60.372,55.885,1,1
2.841,t2_squeezenet,102.245,57.366,0,1
2.926,t2_squeezenet,40.720,39.716,1,1
2.966,t2_squeezenet,55.063,39.845,0,1
3.016,t2_squeezenet,43.590,39.870,0,1
3.142,t2_squeezenet,43.353,39.228,2,1
3.174,t2_squeezenet,66.296,32.016,1,1
3.205,t2_squeezenet,87.733,31.120,0,1
3.306,t2_squeezenet,34.419,30.407,0,1
3.396,t2_squeezenet,33.499,29.094,1,1
3.425,t2_squeezenet,61.952,29.065,0,1
3.721,t2_squeezenet,34.976,33.451,1,1
3.795,t2_squeezenet,87.437,74.073,1,1
3.825,t2_squeezenet,62.886,29.792,2,1
3.900,t2_squeezenet,99.073,74.701,2,1
3.929,t2_squeezenet,123.568,29.603,1,1
4.008,t2_squeezenet,173.585,78.316,1,1
4.039,t2_squeezenet,34.182,31.018,0,1
4.114,t2_squeezenet,61.503,60.327,1,1
4.150,t2_squeezenet,66.469,35.329,0,1
4.299,t2_squeezenet,45.969,42.189,0,1
4.350,t2_squeezenet,46.420,46.128,1,1
4.416,t2_squeezenet,110.165,65.975,1,1
4.494,t2_squeezenet,83.334,77.781,3,1
4.523,t2_squeezenet,74.095,29.697,3,1
4.598,t2_squeezenet,133.663,74.232,2,1
4.627,t2_squeezenet,154.191,29.538,2,1
4.706,t2_squeezenet,193.999,78.976,2,1
4.736,t2_squeezenet,126.478,30.084,1,1
4.813,t2_squeezenet,149.537,76.361,1,1
4.849,t2_squeezenet,55.838,36.507,0,1
4.921,t2_squeezenet,43.175,40.906,2,1
4.997,t2_squeezenet,115.502,76.621,1,1
5.027,t2_squeezenet,122.902,29.875,1,1
5.107,t2_squeezenet,87.911,79.431,3,1
5.138,t2_squeezenet,109.626,31.081,2,1
5.210,t2_squeezenet,167.075,72.685,3,1
5.248,t2_squeezenet,144.435,37.765,2,1
5.331,t2_squeezenet,168.051,82.654,2,1
5.408,t2_squeezenet,221.192,76.911,2,1
5.438,t2_squeezenet,171.751,30.430,1,1
5.514,t2_squeezenet,120.508,75.208,3,1
5.593,t2_squeezenet,113.016,79.603,4,1
5.623,t2_squeezenet,126.846,29.601,3,1
5.700,t2_squeezenet,194.871,76.989,4,1
5.730,t2_squeezenet,167.457,29.749,3,1
5.807,t2_squeezenet,238.313,77.277,3,1
5.838,t2_squeezenet,184.421,30.937,2,1
5.916,t2_squeezenet,224.358,77.909,1,1
5.946,t2_squeezenet,158.252,30.067,2,1
6.020,t2_squeezenet,96.157,74.121,3,1
6.093,t2_squeezenet,156.411,73.306,4,1
6.123,t2_squeezenet,158.294,29.235,4,1
6.198,t2_squeezenet,204.028,75.142,4,1
6.227,t2_squeezenet,196.250,29.093,4,1
6.303,t2_squeezenet,211.942,75.776,4,1
6.337,t2_squeezenet,221.961,34.333,4,1
6.410,t2_squeezenet,263.461,73.290,5,1
6.443,t2_squeezenet,219.713,32.247,4,1
6.517,t2_squeezenet,282.544,74.337,5,1
6.596,t2_squeezenet,282.248,79.051,5,1
6.626,t2_squeezenet,281.027,29.842,4,1
6.705,t2_squeezenet,297.684,78.957,7,1
6.736,t2_squeezenet,241.386,30.565,6,1
6.814,t2_squeezenet,310.321,78.524,6,1
6.848,t2_squeezenet,312.239,33.876,5,1
6.921,t2_squeezenet,290.310,72.969,4,1
6.997,t2_squeezenet,342.517,75.624,3,1
7.027,t2_squeezenet,340.743,30.196,2,1
7.103,t2_squeezenet,412.539,75.997,3,1
7.134,t2_squeezenet,371.621,30.504,4,1
7.212,t2_squeezenet,163.311,78.876,4,1
7.242,t2_squeezenet,188.233,29.619,3,1
7.325,t2_squeezenet,218.974,82.880,2,1
7.395,t2_squeezenet,264.940,70.157,1,1
7.427,t2_squeezenet,281.695,31.725,1,1
7.506,t2_squeezenet,84.574,78.998,1,1
7.536,t2_squeezenet,63.267,30.196,1,1
7.616,t2_squeezenet,79.864,79.288,1,1
7.648,t2_squeezenet,101.653,32.509,0,1
7.728,t2_squeezenet,30.025,29.725,0,1
7.841,t2_squeezenet,36.299,32.322,0,1
7.904,t2_squeezenet,61.838,57.758,1,1
7.934,t2_squeezenet,61.155,29.593,0,1
8.079,t2_squeezenet,48.684,43.949,0,1
8.124,t2_squeezenet,33.382,29.740,0,1
8.207,t2_squeezenet,36.723,32.178,0,1
8.264,t2_squeezenet,41.543,36.892,1,1
8.325,t2_squeezenet,90.761,60.812,4,1
8.405,t2_squeezenet,133.967,80.329,3,1
8.436,t2_squeezenet,161.930,30.521,2,1
8.512,t2_squeezenet,219.355,76.832,2,1
8.545,t2_squeezenet,238.902,32.757,2,1
8.622,t2_squeezenet,152.665,76.426,3,1
8.699,t2_squeezenet,181.700,77.269,3,1
8.729,t2_squeezenet,143.498,29.819,4,1
8.810,t2_squeezenet,201.069,81.181,3,1
8.842,t2_squeezenet,183.439,31.709,2,1
8.916,t2_squeezenet,210.083,74.689,2,1
8.995,t2_squeezenet,277.602,78.497,3,1
9.024,t2_squeezenet,116.177,29.355,2,1
9.104,t2_squeezenet,185.540,79.931,3,1
9.135,t2_squeezenet,156.497,30.419,2,1
9.211,t2_squeezenet,156.925,76.397,2,1
9.245,t2_squeezenet,173.733,33.983,2,1
9.332,t2_squeezenet,173.751,86.612,3,1
9.407,t2_squeezenet,180.842,75.188,3,1
9.438,t2_squeezenet,157.331,31.156,2,1
9.517,t2_squeezenet,219.409,79.031,2,1
9.595,t2_squeezenet,248.388,77.291,1,1
9.624,t2_squeezenet,148.946,29.350,0,1
9.706,t2_squeezenet,79.945,77.031,0,1
9.762,t2_squeezenet,44.167,40.625,0,1
9.894,t2_squeezenet,43.436,39.990,1,1
9.923,t2_squeezenet,72.198,29.552,0,1
9.999,t2_squeezenet,37.058,34.969,1,1
10.029,t2_squeezenet,60.856,29.963,1,1
10.110,t2_squeezenet,101.192,80.689,2,1
10.141,t2_squeezenet,98.336,31.152,1,1
10.219,t2_squeezenet,126.233,78.533,2,1
10.298,t2_squeezenet,104.281,78.619,2,1
10.342,t2_squeezenet,124.011,43.799,1,1
10.416,t2_squeezenet,137.445,74.195,1,1
10.496,t2_squeezenet,103.068,80.234,4,1
10.526,t2_squeezenet,46.717,29.723,3,1
10.604,t2_squeezenet,121.039,77.645,3,1
10.633,t2_squeezenet,144.894,29.603,2,1
10.714,t2_squeezenet,221.848,80.679,1,1
10.794,t2_squeezenet,219.823,80.093,0,1
10.835,t2_squeezenet,32.542,30.687,0,1
11.000,t2_squeezenet,34.123,33.890,1,1
11.031,t2_squeezenet,52.212,30.060,1,1
11.111,t2_squeezenet,98.074,80.781,1,1
11.144,t2_squeezenet,85.830,32.736,1,1
11.219,t2_squeezenet,105.475,74.643,3,1
11.299,t2_squeezenet,128.416,79.899,3,1
11.345,t2_squeezenet,131.213,45.753,3,1
11.417,t2_squeezenet,199.459,72.412,2,1
11.497,t2_squeezenet,235.305,80.120,3,1
11.527,t2_squeezenet,192.808,29.552,4,1
11.604,t2_squeezenet,178.995,77.637,5,1
11.635,t2_squeezenet,137.914,30.306,4,1
11.715,t2_squeezenet,215.718,80.426,4,1
11.795,t2_squeezenet,282.125,79.717,3,1
11.824,t2_squeezenet,247.379,29.436,2,1
11.904,t2_squeezenet,305.900,79.652,2,1
11.934,t2_squeezenet,266.373,30.385,2,1
12.014,t2_squeezenet,174.309,79.427,2,1
12.047,t2_squeezenet,133.027,32.997,1,1
12.120,t2_squeezenet,172.718,73.041,0,1
12.206,t2_squeezenet,65.651,60.630,1,1
12.236,t2_squeezenet,87.331,29.610,1,1
12.319,t2_squeezenet,88.594,83.604,1,1
12.400,t2_squeezenet,112.594,80.611,0,1
12.488,t2_squeezenet,39.865,37.518,0,1
12.548,t2_squeezenet,35.652,34.553,0,1
12.706,t2_squeezenet,33.226,30.792,1,1
12.736,t2_squeezenet,61.453,29.894,2,1
12.815,t2_squeezenet,101.439,79.767,4,1
12.896,t2_squeezenet,175.807,80.628,7,1
12.926,t2_squeezenet,142.913,29.879,7,1
13.006,t2_squeezenet,204.743,80.223,9,1
13.036,t2_squeezenet,227.576,29.846,8,1
13.113,t2_squeezenet,294.507,77.284,10,1
13.146,t2_squeezenet,322.320,32.668,10,1
13.222,t2_squeezenet,388.066,76.400,9,1
13.306,t2_squeezenet,437.790,83.493,9,1
13.342,t2_squeezenet,444.363,35.679,9,1
13.402,t2_squeezenet,466.944,60.306,9,1
13.436,t2_squeezenet,483.838,33.888,10,1
13.512,t2_squeezenet,560.188,76.437,10,1
13.545,t2_squeezenet,454.737,32.624,9,1
13.622,t2_squeezenet,530.955,76.877,10,1
13.702,t2_squeezenet,590.494,80.307,10,1
13.733,t2_squeezenet,599.694,30.376,9,1
13.812,t2_squeezenet,560.284,79.408,9,1
13.845,t2_squeezenet,508.104,32.329,9,1
13.921,t2_squeezenet,562.949,76.596,11,1
14.004,t2_squeezenet,601.291,82.861,11,1
14.035,t2_squeezenet,599.924,30.414,12,1
14.115,t2_squeezenet,660.884,80.592,11,1
14.195,t2_squeezenet,649.965,80.232,13,1
14.225,t2_squeezenet,633.880,29.606,12,1
14.310,t2_squeezenet,672.060,85.299,11,1
14.394,t2_squeezenet,638.685,83.636,14,1
14.424,t2_squeezenet,600.759,29.739,14,1
14.505,t2_squeezenet,627.454,80.788,13,1
14.535,t2_squeezenet,646.559,30.705,14,1
14.615,t2_squeezenet,715.359,79.940,14,1
14.696,t2_squeezenet,715.222,80.271,15,1
14.725,t2_squeezenet,717.589,29.615,15,1
14.809,t2_squeezenet,795.934,83.385,15,1
14.841,t2_squeezenet,718.288,31.857,15,1
14.919,t2_squeezenet,794.768,78.561,15,1
15.000,t2_squeezenet,873.908,81.072,14,1
15.030,t2_squeezenet,709.648,29.972,14,1
15.114,t2_squeezenet,771.673,83.436,16,1
15.194,t2_squeezenet,837.684,79.944,17,1
15.223,t2_squeezenet,847.459,29.454,16,1
15.305,t2_squeezenet,889.802,82.049,15,1
15.394,t2_squeezenet,883.438,88.958,14,1
15.424,t2_squeezenet,889.647,29.349,13,1
15.503,t2_squeezenet,910.506,79.219,12,1
15.533,t2_squeezenet,914.652,30.063,11,1
15.616,t2_squeezenet,962.740,83.151,10,1
15.697,t2_squeezenet,985.805,80.934,10,1
15.727,t2_squeezenet,935.262,29.347,10,1
15.809,t2_squeezenet,973.798,82.292,11,1
15.841,t2_squeezenet,925.018,32.431,12,1
15.922,t2_squeezenet,907.706,80.686,11,1
16.004,t2_squeezenet,972.455,81.808,11,1
16.033,t2_squeezenet,961.261,29.630,10,1
16.115,t2_squeezenet,1040.897,81.766,9,1
16.197,t2_squeezenet,1045.023,82.144,10,1
16.227,t2_squeezenet,1034.444,29.990,9,1
16.317,t2_squeezenet,624.322,89.864,9,1
16.405,t2_squeezenet,685.376,87.520,9,1
16.436,t2_squeezenet,702.155,30.605,8,1
16.518,t2_squeezenet,709.035,82.235,9,1
16.601,t2_squeezenet,780.864,83.191,8,1
16.631,t2_squeezenet,797.624,29.585,7,1
16.714,t2_squeezenet,724.926,83.704,6,1
16.795,t2_squeezenet,625.424,80.935,5,1
16.825,t2_squeezenet,642.582,29.295,4,1
16.908,t2_squeezenet,634.419,82.911,4,1
16.939,t2_squeezenet,546.287,31.693,3,1
17.020,t2_squeezenet,575.798,80.785,3,1
17.104,t2_squeezenet,609.980,83.596,4,1
17.133,t2_squeezenet,226.844,29.574,3,1
17.216,t2_squeezenet,264.785,82.878,4,1
17.297,t2_squeezenet,269.216,80.518,5,1
17.343,t2_squeezenet,249.668,45.943,6,1
17.417,t2_squeezenet,230.240,74.352,8,1
17.500,t2_squeezenet,310.889,82.670,8,1
17.530,t2_squeezenet,312.558,30.000,8,1
17.615,t2_squeezenet,342.073,85.147,9,1
17.698,t2_squeezenet,389.689,83.365,10,1
17.728,t2_squeezenet,402.603,29.441,9,1
17.810,t2_squeezenet,461.675,82.162,10,1
17.895,t2_squeezenet,514.816,84.574,9,1
17.924,t2_squeezenet,534.745,29.583,8,1
18.008,t2_squeezenet,574.902,83.204,11,1
18.038,t2_squeezenet,513.642,30.361,11,1
18.119,t2_squeezenet,568.598,81.460,12,1
18.204,t2_squeezenet,613.405,84.245,14,1
18.234,t2_squeezenet,600.184,30.616,13,1
18.323,t2_squeezenet,685.378,88.328,16,1
18.406,t2_squeezenet,673.025,83.123,16,1
18.436,t2_squeezenet,629.021,30.564,15,1
18.521,t2_squeezenet,588.373,84.641,15,1
18.604,t2_squeezenet,671.015,83.103,18,1
18.634,t2_squeezenet,681.618,29.934,17,1
18.717,t2_squeezenet,737.812,82.955,16,1
18.801,t2_squeezenet,789.373,83.799,15,1
18.830,t2_squeezenet,758.648,29.160,15,1
18.912,t2_squeezenet,825.749,81.690,14,1
18.995,t2_squeezenet,839.899,82.676,14,1
19.024,t2_squeezenet,831.200,29.504,13,1
19.107,t2_squeezenet,904.457,82.930,13,1
19.137,t2_squeezenet,895.255,30.151,12,1
19.219,t2_squeezenet,957.061,81.896,11,1
19.304,t2_squeezenet,1039.759,84.893,11,1
19.395,t2_squeezenet,1101.651,90.462,12,1
19.424,t2_squeezenet,1030.984,29.289,11,1
19.506,t2_squeezenet,1015.563,81.903,11,1
19.536,t2_squeezenet,1012.074,30.491,10,1
19.621,t2_squeezenet,1090.955,84.908,12,1
19.706,t2_squeezenet,1114.197,84.194,11,1
19.735,t2_squeezenet,1131.408,29.071,11,1
19.816,t2_squeezenet,997.884,80.800,10,1
19.897,t2_squeezenet,965.374,81.085,9,1
19.927,t2_squeezenet,840.234,30.339,8,1
20.010,t2_squeezenet,716.931,83.326,10,0
20.094,t2_squeezenet,788.133,83.489,11,0
20.123,t2_squeezenet,747.303,29.126,11,0
20.204,t2_squeezenet,758.332,81.135,11,0
20.233,t2_squeezenet,667.658,29.084,10,0
20.318,t2_squeezenet,738.096,84.483,12,0
20.396,t2_squeezenet,800.551,77.989,13,0
20.425,t2_squeezenet,697.348,29.060,12,0
20.510,t2_squeezenet,582.537,85.199,12,0
20.541,t2_squeezenet,584.944,31.161,11,0
20.622,t2_squeezenet,612.991,80.331,10,0
20.705,t2_squeezenet,673.795,83.688,10,0
20.736,t2_squeezenet,674.688,30.383,9,0
20.818,t2_squeezenet,698.815,82.509,8,0
20.902,t2_squeezenet,701.888,83.129,8,0
20.931,t2_squeezenet,697.180,29.886,7,0
21.014,t2_squeezenet,719.718,82.510,8,0
21.098,t2_squeezenet,802.953,83.957,8,0
21.127,t2_squeezenet,802.830,29.496,7,0
21.210,t2_squeezenet,863.120,82.384,8,0
21.242,t2_squeezenet,735.615,31.819,8,0
21.334,t2_squeezenet,704.354,92.733,10,0
21.410,t2_squeezenet,576.611,75.330,10,0
21.496,t2_squeezenet,534.403,86.055,11,0
21.526,t2_squeezenet,539.854,29.641,10,0
21.610,t2_squeezenet,590.371,84.401,12,0
21.640,t2_squeezenet,444.992,30.381,12,0
21.718,t2_squeezenet,516.280,77.322,12,0
21.804,t2_squeezenet,579.136,86.218,13,0
21.835,t2_squeezenet,582.419,30.587,12,0
21.917,t2_squeezenet,658.634,82.299,13,0
21.999,t2_squeezenet,738.792,81.557,13,0
22.028,t2_squeezenet,635.286,29.741,12,0
22.111,t2_squeezenet,687.544,83.050,16,0
22.196,t2_squeezenet,739.782,84.500,15,0
22.225,t2_squeezenet,682.207,29.250,14,0
22.312,t2_squeezenet,719.733,86.974,13,0
22.401,t2_squeezenet,807.904,88.959,13,0
22.431,t2_squeezenet,801.419,30.061,12,0
22.514,t2_squeezenet,844.413,82.638,11,0
22.597,t2_squeezenet,868.128,83.482,10,0
22.627,t2_squeezenet,870.687,29.857,10,0
22.710,t2_squeezenet,836.840,82.412,10,0
22.796,t2_squeezenet,909.207,85.930,10,0
22.825,t2_squeezenet,856.275,29.380,9,0
22.909,t2_squeezenet,872.480,83.747,10,0
22.941,t2_squeezenet,846.851,32.477,10,0
23.022,t2_squeezenet,914.966,80.573,9,0
23.110,t2_squeezenet,1000.362,87.482,10,0
23.142,t2_squeezenet,1031.967,32.532,9,0
23.223,t2_squeezenet,892.819,29.607,9,0
23.311,t2_squeezenet,687.948,88.359,9,0
23.401,t2_squeezenet,739.736,89.484,9,0
23.431,t2_squeezenet,648.699,30.035,8,0
23.516,t2_squeezenet,635.666,84.947,7,0
23.599,t2_squeezenet,698.283,83.718,8,0
23.630,t2_squeezenet,717.986,30.310,9,0
23.715,t2_squeezenet,672.972,85.605,10,0
23.798,t2_squeezenet,701.012,82.598,10,0
23.828,t2_squeezenet,615.546,29.762,9,0
23.913,t2_squeezenet,605.396,85.768,9,0
23.996,t2_squeezenet,603.103,82.829,11,0
24.026,t2_squeezenet,506.869,29.442,11,0
24.112,t2_squeezenet,541.244,85.687,11,0
24.195,t2_squeezenet,585.728,83.586,10,0
24.225,t2_squeezenet,608.119,29.436,9,0
24.318,t2_squeezenet,629.764,92.943,10,0
24.402,t2_squeezenet,705.582,84.736,10,0
24.433,t2_squeezenet,685.616,30.406,10,0
24.518,t2_squeezenet,648.307,85.179,9,0
24.604,t2_squeezenet,678.055,85.881,9,0
24.634,t2_squeezenet,703.452,29.953,8,0
24.716,t2_squeezenet,739.895,82.198,8,0
24.802,t2_squeezenet,781.340,86.172,11,0
24.832,t2_squeezenet,776.031,29.848,10,0
24.917,t2_squeezenet,622.658,84.683,9,0
25.003,t2_squeezenet,689.500,85.802,9,0
25.033,t2_squeezenet,715.235,30.200,10,0
25.116,t2_squeezenet,703.008,82.524,9,0
25.202,t2_squeezenet,633.485,86.119,10,0
25.231,t2_squeezenet,584.608,29.631,9,0
25.327,t2_squeezenet,588.046,95.712,10,0
25.410,t2_squeezenet,668.869,82.557,13,0
25.495,t2_squeezenet,719.939,85.053,13,0
25.524,t2_squeezenet,732.971,29.325,13,0
25.609,t2_squeezenet,647.153,85.143,13,0
25.641,t2_squeezenet,631.276,32.005,12,0
25.722,t2_squeezenet,699.749,80.692,13,0
25.807,t2_squeezenet,660.818,85.283,12,0
25.893,t2_squeezenet,711.704,85.948,13,0
25.923,t2_squeezenet,629.757,29.452,12,0
26.010,t2_squeezenet,699.888,86.765,12,0
26.041,t2_squeezenet,697.001,30.898,11,0
26.121,t2_squeezenet,770.515,80.270,11,0
26.206,t2_squeezenet,852.625,85.592,12,0
26.237,t2_squeezenet,850.173,30.560,12,0
26.331,t2_squeezenet,894.725,93.903,13,0
26.414,t2_squeezenet,910.152,82.519,12,0
26.500,t2_squeezenet,916.629,86.825,13,0
26.531,t2_squeezenet,864.364,30.200,13,0
26.616,t2_squeezenet,903.460,85.394,12,0
26.701,t2_squeezenet,850.894,85.110,11,0
26.731,t2_squeezenet,870.039,29.608,11,0
26.816,t2_squeezenet,877.149,85.490,12,0
26.903,t2_squeezenet,853.133,87.008,11,0
26.934,t2_squeezenet,779.667,30.284,11,0
27.019,t2_squeezenet,825.675,84.996,11,0
27.104,t2_squeezenet,890.941,85.625,10,0
27.135,t2_squeezenet,892.674,30.553,9,0
27.220,t2_squeezenet,976.661,84.976,8,0
27.311,t2_squeezenet,890.388,91.123,10,0
27.399,t2_squeezenet,933.108,88.215,10,0
27.429,t2_squeezenet,918.196,30.119,10,0
27.515,t2_squeezenet,797.255,85.547,11,0
27.600,t2_squeezenet,858.196,85.369,10,0
27.630,t2_squeezenet,851.786,29.545,9,0
27.716,t2_squeezenet,798.636,85.571,8,0
27.802,t2_squeezenet,819.902,86.480,9,0
27.832,t2_squeezenet,573.844,29.922,9,0
27.917,t2_squeezenet,649.190,84.657,8,0
28.002,t2_squeezenet,732.586,85.505,8,0
28.032,t2_squeezenet,639.426,30.163,7,0
28.118,t2_squeezenet,701.648,85.138,8,0
28.204,t2_squeezenet,730.078,86.674,8,0
28.234,t2_squeezenet,740.154,29.691,8,0
28.330,t2_squeezenet,551.731,95.865,8,0
28.412,t2_squeezenet,623.579,82.387,7,0
28.498,t2_squeezenet,693.780,85.217,7,0
28.527,t2_squeezenet,540.795,29.594,6,0
28.613,t2_squeezenet,519.498,85.184,6,0
28.697,t2_squeezenet,588.249,84.570,7,0
28.727,t2_squeezenet,604.779,29.876,7,0
28.812,t2_squeezenet,599.981,85.393,7,0
28.895,t2_squeezenet,610.113,82.064,10,0
28.924,t2_squeezenet,431.103,29.565,9,0
29.010,t2_squeezenet,463.686,85.827,9,0
29.096,t2_squeezenet,443.554,85.880,9,0
29.125,t2_squeezenet,453.600,29.420,8,0
29.211,t2_squeezenet,508.359,85.345,10,0
29.297,t2_squeezenet,554.043,86.120,14,0
29.340,t2_squeezenet,503.911,43.188,14,0
29.418,t2_squeezenet,580.098,77.501,13,0
29.501,t2_squeezenet,653.629,83.339,14,0
29.531,t2_squeezenet,678.215,30.155,13,0
29.616,t2_squeezenet,663.505,85.223,14,0
29.699,t2_squeezenet,652.633,82.521,15,0
29.729,t2_squeezenet,591.270,29.562,14,0
29.814,t2_squeezenet,660.270,85.214,13,0
29.898,t2_squeezenet,704.625,83.856,12,0
29.927,t2_squeezenet,715.448,29.754,12,0
30.013,t2_squeezenet,789.000,85.085,11,0
30.098,t2_squeezenet,873.152,85.338,10,0
30.128,t2_squeezenet,895.420,29.628,10,0
30.210,t2_squeezenet,940.821,82.895,14,0
30.297,t2_squeezenet,963.740,86.154,13,0
30.338,t2_squeezenet,897.228,41.047,12,0
30.419,t2_squeezenet,959.178,80.880,16,0
30.503,t2_squeezenet,962.427,84.570,18,0
30.532,t2_squeezenet,931.472,29.099,17,0
30.613,t2_squeezenet,960.350,80.696,18,0
30.697,t2_squeezenet,1027.961,84.293,17,0
30.726,t2_squeezenet,828.564,29.026,16,0
30.808,t2_squeezenet,683.281,81.989,15,0
30.838,t2_squeezenet,695.915,29.119,15,0
30.918,t2_squeezenet,767.200,80.706,15,0
31.000,t2_squeezenet,823.168,81.775,15,0
31.030,t2_squeezenet,836.917,29.765,14,0
31.112,t2_squeezenet,915.753,82.028,14,0
31.198,t2_squeezenet,857.109,85.902,14,0
31.228,t2_squeezenet,861.130,30.282,13,0
31.315,t2_squeezenet,936.655,86.796,13,0
31.403,t2_squeezenet,1009.292,87.445,13,0
31.433,t2_squeezenet,1029.601,30.283,12,0
31.515,t2_squeezenet,1088.230,82.497,13,0
31.597,t2_squeezenet,1165.872,81.758,13,0
31.627,t2_squeezenet,1139.766,29.500,13,0
31.712,t2_squeezenet,1127.190,85.582,14,0
31.796,t2_squeezenet,1191.964,83.845,16,0
31.825,t2_squeezenet,990.167,29.122,15,0
31.908,t2_squeezenet,1057.284,82.502,16,0
31.939,t2_squeezenet,992.313,30.717,16,0
32.020,t2_squeezenet,942.799,81.702,17,0
32.104,t2_squeezenet,989.275,83.740,18,0
32.134,t2_squeezenet,859.270,29.896,17,0
32.219,t2_squeezenet,880.835,85.155,16,0
32.303,t2_squeezenet,836.520,83.697,17,0
32.346,t2_squeezenet,873.748,43.480,16,0
32.422,t2_squeezenet,876.699,75.386,16,0
32.505,t2_squeezenet,884.290,82.803,16,0
32.534,t2_squeezenet,872.492,29.824,15,0
32.616,t2_squeezenet,926.195,81.969,17,0
32.700,t2_squeezenet,984.173,83.933,16,0
32.730,t2_squeezenet,987.850,29.363,15,0
32.812,t2_squeezenet,1056.594,82.574,14,0
32.845,t2_squeezenet,1008.620,32.631,13,0
32.922,t2_squeezenet,1036.625,76.482,12,0
33.005,t2_squeezenet,1095.376,83.273,12,0
33.034,t2_squeezenet,1061.617,29.245,12,0
33.116,t2_squeezenet,1107.854,81.776,11,0
33.196,t2_squeezenet,1136.282,80.442,12,0
33.226,t2_squeezenet,1142.619,29.012,11,0
33.309,t2_squeezenet,1079.125,83.597,12,0
33.352,t2_squeezenet,1070.081,42.449,13,0
33.419,t2_squeezenet,1009.529,67.183,15,0
33.501,t2_squeezenet,1012.168,82.070,15,0
33.530,t2_squeezenet,976.765,29.039,15,0
33.607,t2_squeezenet,1017.573,77.259,15,0
33.637,t2_squeezenet,1022.382,29.220,15,0
33.720,t2_squeezenet,767.078,83.302,15,0
33.800,t2_squeezenet,794.279,79.639,15,0
33.830,t2_squeezenet,694.979,30.127,15,0
33.910,t2_squeezenet,733.761,80.665,16,0
33.942,t2_squeezenet,665.678,31.373,15,0
34.022,t2_squeezenet,721.000,80.374,16,0
34.102,t2_squeezenet,762.612,79.739,15,0
34.132,t2_squeezenet,783.418,30.288,15,0
34.212,t2_squeezenet,838.547,80.122,15,0
34.296,t2_squeezenet,888.125,83.356,15,0
34.332,t2_squeezenet,917.324,36.608,15,0
34.404,t2_squeezenet,975.022,71.792,15,0
34.435,t2_squeezenet,920.758,30.581,14,0
34.514,t2_squeezenet,954.455,79.157,13,0
34.595,t2_squeezenet,968.230,80.993,15,0
34.625,t2_squeezenet,924.686,29.367,14,0
34.705,t2_squeezenet,964.681,80.528,14,0
34.735,t2_squeezenet,914.586,30.188,15,0
34.814,t2_squeezenet,960.487,78.765,15,0
34.895,t2_squeezenet,1020.588,80.750,15,0
34.925,t2_squeezenet,954.899,29.707,15,0
35.005,t2_squeezenet,1021.702,80.371,16,0
35.034,t2_squeezenet,927.227,29.097,17,0
35.114,t2_squeezenet,927.711,79.714,16,0
35.144,t2_squeezenet,849.452,29.915,16,0
35.218,t2_squeezenet,911.713,74.145,18,0
35.302,t2_squeezenet,944.474,83.928,21,0
35.349,t2_squeezenet,813.864,46.743,23,0
35.416,t2_squeezenet,874.979,67.681,26,0
35.497,t2_squeezenet,950.296,80.652,28,0
35.527,t2_squeezenet,874.788,29.650,27,0
35.606,t2_squeezenet,898.893,79.724,28,0
35.638,t2_squeezenet,916.655,31.033,27,0
35.718,t2_squeezenet,922.900,80.270,29,0
35.798,t2_squeezenet,945.972,80.091,28,0
35.828,t2_squeezenet,912.054,29.516,27,0
35.908,t2_squeezenet,961.664,80.665,27,0
35.940,t2_squeezenet,977.247,31.278,26,0
36.018,t2_squeezenet,1000.828,78.784,27,0
36.098,t2_squeezenet,1071.134,79.244,27,0
36.127,t2_squeezenet,996.635,29.682,27,0
36.209,t2_squeezenet,1034.100,82.030,30,0
36.241,t2_squeezenet,1046.045,31.291,29,0
36.323,t2_squeezenet,1126.366,82.625,29,0
36.402,t2_squeezenet,1170.105,78.325,29,0
36.432,t2_squeezenet,1179.456,30.291,28,0
36.511,t2_squeezenet,1247.807,78.997,27,0
36.543,t2_squeezenet,1248.536,31.526,27,0
36.617,t2_squeezenet,1313.060,74.011,28,0
36.696,t2_squeezenet,1370.197,79.453,27,0
36.726,t2_squeezenet,1380.668,29.478,27,0
36.803,t2_squeezenet,1447.643,77.674,28,0
36.833,t2_squeezenet,1465.508,29.666,27,0
36.913,t2_squeezenet,1532.463,79.678,28,0
36.948,t2_squeezenet,1551.866,34.791,27,0
37.023,t2_squeezenet,1577.525,75.081,26,0
37.099,t2_squeezenet,1643.243,76.007,25,0
37.129,t2_squeezenet,1661.019,29.824,25,0
37.206,t2_squeezenet,1652.239,77.582,27,0
37.236,t2_squeezenet,1674.332,30.100,26,0
37.317,t2_squeezenet,1651.096,81.125,27,0
37.352,t2_squeezenet,1659.365,34.880,26,0
37.414,t2_squeezenet,1710.263,62.050,25,0
37.444,t2_squeezenet,1559.759,29.900,24,0
37.517,t2_squeezenet,1573.679,72.757,23,0
37.596,t2_squeezenet,1612.645,78.475,25,0
37.625,t2_squeezenet,1540.975,29.097,24,0
37.698,t2_squeezenet,1589.211,73.241,24,0
37.727,t2_squeezenet,1546.848,29.020,23,0
37.802,t2_squeezenet,1617.488,74.765,22,0
37.831,t2_squeezenet,1639.233,28.974,21,0
37.906,t2_squeezenet,1699.015,75.101,22,0
37.938,t2_squeezenet,1620.701,31.432,21,0
38.017,t2_squeezenet,1670.152,79.505,22,0
38.095,t2_squeezenet,1574.611,77.703,22,0
38.124,t2_squeezenet,1577.933,29.516,21,0
38.202,t2_squeezenet,1598.189,77.907,20,0
38.231,t2_squeezenet,1510.039,29.055,19,0
38.306,t2_squeezenet,1545.714,74.923,23,0
38.342,t2_squeezenet,1558.428,35.072,23,0
38.405,t2_squeezenet,1566.296,63.308,22,0
38.434,t2_squeezenet,1567.370,29.037,21,0
38.507,t2_squeezenet,1387.381,73.418,21,0
38.537,t2_squeezenet,1359.154,29.135,20,0
38.612,t2_squeezenet,1420.112,75.501,21,0
38.641,t2_squeezenet,1438.018,29.392,21,0
38.716,t2_squeezenet,1462.626,74.277,22,0
38.746,t2_squeezenet,1451.846,30.351,21,0
38.819,t2_squeezenet,1296.495,73.132,21,0
38.898,t2_squeezenet,1348.672,78.843,20,0
38.928,t2_squeezenet,1340.971,29.403,19,0
39.004,t2_squeezenet,1353.356,76.707,18,0
39.035,t2_squeezenet,1191.228,30.718,17,0
39.115,t2_squeezenet,1247.208,79.381,17,0
39.149,t2_squeezenet,1192.359,33.955,17,0
39.221,t2_squeezenet,1258.421,72.814,18,0
39.300,t2_squeezenet,1253.715,78.866,20,0
39.340,t2_squeezenet,1085.244,39.529,19,0
39.409,t2_squeezenet,1150.939,69.221,20,0
39.440,t2_squeezenet,1177.662,30.961,19,0
39.519,t2_squeezenet,1248.740,79.312,19,0
39.598,t2_squeezenet,1308.009,78.763,19,0
39.628,t2_squeezenet,1310.447,29.307,18,0
39.705,t2_squeezenet,1198.071,77.321,17,0
39.735,t2_squeezenet,1132.017,30.358,18,0
39.812,t2_squeezenet,1202.175,76.376,17,0
39.894,t2_squeezenet,1258.652,82.320,18,0
39.923,t2_squeezenet,1249.486,29.379,17,0
39.999,t2_squeezenet,1297.108,75.654,17,0
40.029,t2_squeezenet,1219.322,29.678,16,0
40.108,t2_squeezenet,1015.863,79.411,18,0
40.140,t2_squeezenet,1015.939,31.257,19,0
40.215,t2_squeezenet,1031.953,74.879,18,0
40.249,t2_squeezenet,1034.028,34.121,17,0
40.331,t2_squeezenet,1092.330,82.087,17,0
40.405,t2_squeezenet,1155.848,74.322,17,0
40.435,t2_squeezenet,1169.897,29.619,16,0
40.512,t2_squeezenet,1119.375,77.601,16,0
40.545,t2_squeezenet,1146.843,32.937,15,0
40.620,t2_squeezenet,1168.839,74.441,15,0
40.699,t2_squeezenet,1117.266,79.349,16,0
40.729,t2_squeezenet,1022.559,29.546,15,0
40.805,t2_squeezenet,1079.087,76.115,15,0
40.836,t2_squeezenet,1002.449,30.743,15,0
40.917,t2_squeezenet,1060.122,80.862,14,0
40.949,t2_squeezenet,992.489,32.347,13,0
41.021,t2_squeezenet,972.656,72.219,12,0
41.101,t2_squeezenet,1035.989,79.797,11,0
41.131,t2_squeezenet,1030.382,30.201,10,0
41.208,t2_squeezenet,1081.202,77.155,10,0
41.239,t2_squeezenet,1103.116,30.174,9,0
41.324,t2_squeezenet,1021.943,85.488,9,0
41.402,t2_squeezenet,1059.342,77.615,11,0
41.432,t2_squeezenet,976.823,29.918,10,0
41.511,t2_squeezenet,928.801,79.288,12,0
41.543,t2_squeezenet,921.548,31.598,11,0
41.617,t2_squeezenet,953.336,74.643,11,0
41.700,t2_squeezenet,924.638,82.295,10,0
41.729,t2_squeezenet,895.255,29.366,9,0
41.808,t2_squeezenet,639.843,78.790,12,0
41.840,t2_squeezenet,518.959,31.754,13,0
41.917,t2_squeezenet,572.466,76.889,13,0
41.998,t2_squeezenet,641.941,81.210,13,0
42.027,t2_squeezenet,649.908,29.363,12,0
42.106,t2_squeezenet,670.248,79.147,12,0
42.137,t2_squeezenet,662.342,30.948,11,0
42.216,t2_squeezenet,727.924,78.616,10,0
42.296,t2_squeezenet,695.178,79.621,11,0
42.339,t2_squeezenet,591.482,42.854,10,0
42.412,t2_squeezenet,649.335,72.792,10,0
42.494,t2_squeezenet,693.315,82.236,10,0
42.523,t2_squeezenet,721.446,29.333,10,0
42.602,t2_squeezenet,776.577,79.173,10,0
42.633,t2_squeezenet,796.096,30.281,10,0
42.713,t2_squeezenet,870.184,79.868,11,0
42.794,t2_squeezenet,828.763,81.737,10,0
42.824,t2_squeezenet,731.200,29.237,9,0
42.903,t2_squeezenet,665.694,79.207,10,0
42.933,t2_squeezenet,672.666,29.986,11,0
43.014,t2_squeezenet,621.196,81.396,12,0
43.048,t2_squeezenet,624.676,33.834,12,0
43.121,t2_squeezenet,606.226,72.508,11,0
43.200,t2_squeezenet,618.957,79.511,12,0
43.230,t2_squeezenet,617.213,29.903,11,0
43.315,t2_squeezenet,674.722,84.901,12,0
43.397,t2_squeezenet,730.946,81.489,11,0
43.426,t2_squeezenet,567.162,29.465,10,0
43.506,t2_squeezenet,608.772,80.114,12,0
43.537,t2_squeezenet,617.092,30.674,11,0
43.618,t2_squeezenet,686.013,80.878,11,0
43.697,t2_squeezenet,760.836,79.293,14,0
43.727,t2_squeezenet,714.671,29.661,14,0
43.807,t2_squeezenet,787.824,80.643,13,0
43.838,t2_squeezenet,686.497,30.873,12,0
43.917,t2_squeezenet,735.156,78.951,11,0
43.993,t2_squeezenet,758.928,75.936,11,0
44.023,t2_squeezenet,762.594,29.585,12,0
44.104,t2_squeezenet,675.969,81.254,13,0
44.134,t2_squeezenet,700.781,30.083,12,0
44.215,t2_squeezenet,737.445,80.209,11,0
44.294,t2_squeezenet,724.155,79.275,11,0
44.336,t2_squeezenet,706.876,42.140,10,0
44.409,t2_squeezenet,762.946,72.733,12,0
44.441,t2_squeezenet,761.271,32.377,12,0
44.519,t2_squeezenet,828.169,78.202,13,0
44.600,t2_squeezenet,879.568,80.215,14,0
44.630,t2_squeezenet,662.653,30.179,14,0
44.710,t2_squeezenet,711.834,80.297,13,0
44.741,t2_squeezenet,728.100,30.898,12,0
44.820,t2_squeezenet,794.719,78.570,12,0
44.900,t2_squeezenet,806.212,80.485,13,0
44.930,t2_squeezenet,669.738,29.887,12,0
45.011,t2_squeezenet,659.888,81.182,12,0
45.044,t2_squeezenet,673.099,32.430,12,0
45.120,t2_squeezenet,726.162,76.590,12,0
45.199,t2_squeezenet,786.333,78.785,11,0
45.229,t2_squeezenet,743.861,29.380,10,0
45.311,t2_squeezenet,799.406,82.090,10,0
45.394,t2_squeezenet,870.192,83.234,11,0
45.424,t2_squeezenet,886.414,29.723,13,0
45.504,t2_squeezenet,886.690,80.311,12,0
45.534,t2_squeezenet,782.434,29.710,12,0
45.615,t2_squeezenet,788.994,80.748,13,0
45.695,t2_squeezenet,809.345,80.140,13,0
45.724,t2_squeezenet,750.247,29.344,12,0
45.804,t2_squeezenet,789.838,79.655,12,0
45.834,t2_squeezenet,749.438,30.013,11,0
45.914,t2_squeezenet,665.551,80.468,11,0
45.995,t2_squeezenet,654.360,80.802,14,0
46.025,t2_squeezenet,662.146,29.325,13,0
46.105,t2_squeezenet,710.759,80.630,14,0
46.135,t2_squeezenet,735.774,30.169,13,0
46.215,t2_squeezenet,814.355,79.043,14,0
46.294,t2_squeezenet,784.559,79.062,16,0
46.330,t2_squeezenet,753.715,36.816,15,0
46.405,t2_squeezenet,820.163,74.517,14,0
46.435,t2_squeezenet,749.790,30.310,14,0
46.519,t2_squeezenet,772.683,83.197,13,0
46.598,t2_squeezenet,733.063,79.493,16,0
46.628,t2_squeezenet,704.242,29.401,15,0
46.709,t2_squeezenet,784.363,81.165,18,0
46.741,t2_squeezenet,811.717,32.220,17,0
46.819,t2_squeezenet,833.787,78.325,18,0
46.899,t2_squeezenet,869.766,79.731,20,0
46.929,t2_squeezenet,827.309,29.505,19,0
47.009,t2_squeezenet,854.554,80.519,21,0
47.041,t2_squeezenet,860.720,31.597,20,0
47.119,t2_squeezenet,896.214,77.929,19,0
47.198,t2_squeezenet,951.335,79.549,20,0
47.228,t2_squeezenet,962.312,29.804,19,0
47.317,t2_squeezenet,906.190,88.549,19,0
47.402,t2_squeezenet,847.453,85.159,19,0
47.432,t2_squeezenet,875.000,29.603,18,0
47.511,t2_squeezenet,945.755,79.833,17,0
47.545,t2_squeezenet,979.206,33.768,16,0
47.622,t2_squeezenet,957.117,76.628,16,0
47.701,t2_squeezenet,1010.790,78.929,16,0
47.731,t2_squeezenet,1038.880,29.624,16,0
47.812,t2_squeezenet,1108.812,81.433,18,0
47.846,t2_squeezenet,1061.298,33.970,18,0
47.922,t2_squeezenet,1120.287,76.320,21,0
48.001,t2_squeezenet,1176.809,78.535,20,0
48.031,t2_squeezenet,1193.511,29.940,19,0
48.112,t2_squeezenet,1230.418,81.230,18,0
48.146,t2_squeezenet,1185.117,33.584,17,0
48.222,t2_squeezenet,1224.936,76.235,16,0
48.305,t2_squeezenet,1300.067,83.377,18,0
48.349,t2_squeezenet,1230.566,43.967,17,0
48.421,t2_squeezenet,1277.648,71.237,17,0
48.501,t2_squeezenet,1184.965,80.434,18,0
48.531,t2_squeezenet,1143.347,29.637,17,0
48.609,t2_squeezenet,1010.599,78.591,16,0
48.641,t2_squeezenet,967.168,31.611,15,0
48.722,t2_squeezenet,1007.873,80.508,18,0
48.802,t2_squeezenet,1067.800,79.817,18,0
48.831,t2_squeezenet,1074.548,29.552,17,0
48.910,t2_squeezenet,1124.799,78.863,16,0
48.994,t2_squeezenet,1172.650,84.061,16,0
49.023,t2_squeezenet,1173.305,29.269,18,0
49.103,t2_squeezenet,1246.864,80.038,21,0
49.134,t2_squeezenet,1238.456,30.086,20,0
49.212,t2_squeezenet,1295.859,78.652,22,0
49.296,t2_squeezenet,1028.013,83.846,24,0
49.333,t2_squeezenet,1061.779,36.593,23,0
49.410,t2_squeezenet,1104.539,77.050,23,0
49.493,t2_squeezenet,1118.430,83.343,24,0
49.523,t2_squeezenet,1094.701,29.710,23,0
49.603,t2_squeezenet,1152.866,80.076,23,0
49.633,t2_squeezenet,988.440,29.598,23,0
49.715,t2_squeezenet,1003.502,82.574,24,0
49.797,t2_squeezenet,1077.555,81.357,24,0
49.826,t2_squeezenet,1105.536,29.672,24,0
49.909,t2_squeezenet,1149.790,82.645,24,0
49.941,t2_squeezenet,965.219,31.518,23,0
50.020,t2_squeezenet,1024.632,78.983,22,0
50.104,t2_squeezenet,1101.007,84.080,23,0
50.134,t2_squeezenet,1122.506,30.086,23,0
50.215,t2_squeezenet,1191.270,81.599,25,0
50.297,t2_squeezenet,1251.377,81.537,24,0
50.339,t2_squeezenet,1275.208,41.718,24,0
50.417,t2_squeezenet,1318.826,78.029,27,0
50.498,t2_squeezenet,1354.337,81.452,29,0
50.528,t2_squeezenet,1372.482,29.463,28,0
50.607,t2_squeezenet,1394.815,78.733,27,0
50.638,t2_squeezenet,1418.101,31.041,27,0
50.720,t2_squeezenet,1499.973,82.376,27,0
50.801,t2_squeezenet,1546.712,80.650,27,0
50.831,t2_squeezenet,1425.980,29.715,26,0
50.913,t2_squeezenet,1452.284,82.246,26,0
50.995,t2_squeezenet,1529.403,81.836,26,0
51.024,t2_squeezenet,1453.233,29.201,25,0
51.107,t2_squeezenet,1485.148,82.639,28,0
51.137,t2_squeezenet,1457.955,30.377,27,0
51.219,t2_squeezenet,1519.666,81.585,26,0
51.302,t2_squeezenet,1562.996,82.938,27,0
51.342,t2_squeezenet,1541.361,40.864,27,0
51.419,t2_squeezenet,1578.971,76.188,26,0
51.503,t2_squeezenet,1456.593,84.050,26,0
51.533,t2_squeezenet,1454.403,30.203,26,0
51.612,t2_squeezenet,1491.086,79.312,26,0
51.696,t2_squeezenet,1557.811,83.230,28,0
51.725,t2_squeezenet,1567.316,29.431,28,0
51.806,t2_squeezenet,1641.720,80.514,27,0
51.836,t2_squeezenet,1513.287,30.249,26,0
51.917,t2_squeezenet,1556.024,81.565,27,0
51.998,t2_squeezenet,1616.484,80.943,26,0
52.028,t2_squeezenet,1621.947,29.696,26,0
52.111,t2_squeezenet,1701.795,83.249,27,0
52.194,t2_squeezenet,1768.730,82.708,26,0
52.223,t2_squeezenet,1764.241,29.275,25,0
52.306,t2_squeezenet,1845.949,82.429,24,0
52.395,t2_squeezenet,1761.738,88.793,24,0
52.424,t2_squeezenet,1718.094,29.238,23,0
52.506,t2_squeezenet,1705.243,81.860,22,0
52.536,t2_squeezenet,1659.225,30.345,21,0
52.617,t2_squeezenet,1630.193,80.223,22,0
52.701,t2_squeezenet,1662.781,84.225,23,0
52.730,t2_squeezenet,1676.785,29.402,22,0
52.809,t2_squeezenet,1751.135,78.811,22,0
52.841,t2_squeezenet,1778.877,32.378,21,0
52.922,t2_squeezenet,1683.569,80.344,23,0
53.003,t2_squeezenet,1719.776,81.543,23,0
53.033,t2_squeezenet,1695.590,29.683,23,0
53.115,t2_squeezenet,1657.328,81.599,23,0
53.199,t2_squeezenet,1684.762,84.073,24,0
53.229,t2_squeezenet,1631.382,29.690,27,0
53.311,t2_squeezenet,1686.869,82.850,26,0
53.398,t2_squeezenet,1758.135,86.835,26,0
53.428,t2_squeezenet,1759.910,29.995,25,0
53.511,t2_squeezenet,1802.627,82.643,26,0
53.594,t2_squeezenet,1704.830,82.568,27,0
53.623,t2_squeezenet,1720.469,29.381,26,0
53.707,t2_squeezenet,1679.082,83.464,26,0
53.737,t2_squeezenet,1702.813,30.857,25,0
53.821,t2_squeezenet,1750.645,83.531,27,0
53.901,t2_squeezenet,1508.095,80.120,27,0
53.931,t2_squeezenet,1342.988,29.686,26,0
54.014,t2_squeezenet,1421.493,83.084,26,0
54.098,t2_squeezenet,1445.575,83.974,25,0
54.127,t2_squeezenet,1433.174,29.454,25,0
54.214,t2_squeezenet,1460.072,86.445,26,0
54.296,t2_squeezenet,1440.333,82.199,28,0
54.345,t2_squeezenet,1466.377,48.267,27,0
54.410,t2_squeezenet,1499.839,65.532,28,0
54.441,t2_squeezenet,1448.781,31.283,27,0
54.522,t2_squeezenet,1500.674,80.801,29,0
54.606,t2_squeezenet,1514.215,83.905,28,0
54.637,t2_squeezenet,1484.425,30.654,27,0
54.719,t2_squeezenet,1538.962,81.977,26,0
54.799,t2_squeezenet,1596.499,80.061,26,0
54.829,t2_squeezenet,1625.856,29.500,26,0
54.912,t2_squeezenet,1707.994,83.624,25,0
54.995,t2_squeezenet,1771.285,82.860,27,0
55.024,t2_squeezenet,1708.553,29.243,26,0
55.107,t2_squeezenet,1670.197,82.294,25,0
55.137,t2_squeezenet,1652.759,30.813,25,0
55.219,t2_squeezenet,1673.347,81.861,24,0
55.300,t2_squeezenet,1723.440,80.207,23,0
55.343,t2_squeezenet,1639.306,43.019,22,0
55.414,t2_squeezenet,1651.816,70.925,21,0
55.497,t2_squeezenet,1728.292,83.142,26,0
55.526,t2_squeezenet,1752.629,29.618,26,0
55.609,t2_squeezenet,1727.263,82.123,27,0
55.639,t2_squeezenet,1643.113,30.762,28,0
55.720,t2_squeezenet,1617.229,80.553,28,0
55.802,t2_squeezenet,1624.507,82.369,31,0
55.832,t2_squeezenet,1640.555,30.073,31,0
55.915,t2_squeezenet,1676.767,82.867,31,0
55.994,t2_squeezenet,1725.100,79.106,32,0
56.024,t2_squeezenet,1744.565,29.287,31,0
56.107,t2_squeezenet,1713.528,82.755,30,0
56.137,t2_squeezenet,1728.310,30.444,30,0
56.216,t2_squeezenet,1771.543,79.151,32,0
56.299,t2_squeezenet,1795.044,82.550,36,0
56.344,t2_squeezenet,1824.072,45.457,35,0
56.416,t2_squeezenet,1669.121,71.242,35,0
56.495,t2_squeezenet,1688.429,78.999,36,0
56.524,t2_squeezenet,1608.828,29.324,35,0
56.605,t2_squeezenet,1639.906,81.413,37,0
56.636,t2_squeezenet,1641.276,30.764,38,0
56.718,t2_squeezenet,1591.762,81.855,37,0
56.798,t2_squeezenet,1361.579,79.909,36,0
56.828,t2_squeezenet,1385.067,29.697,35,0
56.908,t2_squeezenet,1448.403,80.702,36,0
56.940,t2_squeezenet,1478.896,31.266,35,0
57.020,t2_squeezenet,1554.540,80.522,35,0
57.101,t2_squeezenet,1627.366,80.609,35,0
57.131,t2_squeezenet,1619.903,30.109,34,0
57.211,t2_squeezenet,1673.052,80.284,33,0
57.294,t2_squeezenet,1691.659,82.290,33,0
57.335,t2_squeezenet,1704.741,41.205,33,0
57.408,t2_squeezenet,1769.064,73.324,32,0
57.440,t2_squeezenet,1787.871,31.229,31,0
57.521,t2_squeezenet,1798.939,80.976,31,0
57.602,t2_squeezenet,1875.072,81.310,30,0
57.632,t2_squeezenet,1888.477,29.892,30,0
57.714,t2_squeezenet,1936.089,81.832,29,0
57.795,t2_squeezenet,1980.043,81.133,32,0
57.825,t2_squeezenet,1919.269,29.762,31,0
57.908,t2_squeezenet,1975.328,83.364,30,0
57.939,t2_squeezenet,1970.246,31.097,29,0
58.017,t2_squeezenet,1886.569,77.929,30,0
58.101,t2_squeezenet,1937.912,84.244,30,0
58.131,t2_squeezenet,1954.880,29.374,29,0
58.214,t2_squeezenet,2001.383,83.510,30,0
58.294,t2_squeezenet,2077.690,79.894,30,0
58.337,t2_squeezenet,2115.379,42.682,29,0
58.411,t2_squeezenet,2185.479,73.707,28,0
58.441,t2_squeezenet,2158.201,30.518,27,0
58.519,t2_squeezenet,2224.660,77.663,27,0
58.600,t2_squeezenet,2206.840,80.940,27,0
58.630,t2_squeezenet,2182.909,30.201,27,0
58.713,t2_squeezenet,2224.745,82.502,27,0
58.745,t2_squeezenet,2193.395,32.623,26,0
58.822,t2_squeezenet,2239.053,76.552,25,0
58.903,t2_squeezenet,2303.164,81.379,24,0
58.933,t2_squeezenet,2319.705,29.980,23,0
59.015,t2_squeezenet,2382.214,81.364,22,0
59.095,t2_squeezenet,2241.009,80.662,21,0
59.125,t2_squeezenet,2238.865,29.448,22,0
59.209,t2_squeezenet,2204.981,83.706,22,0
59.239,t2_squeezenet,2194.909,30.561,22,0
59.326,t2_squeezenet,2090.247,87.196,22,0
59.403,t2_squeezenet,2081.042,76.873,23,0
59.434,t2_squeezenet,1915.242,30.618,24,0
59.515,t2_squeezenet,1906.612,80.558,25,0
59.594,t2_squeezenet,1846.374,79.245,25,0
59.623,t2_squeezenet,1857.709,29.294,24,0
59.706,t2_squeezenet,1929.179,83.217,26,0
59.737,t2_squeezenet,1947.318,30.839,26,0
59.817,t2_squeezenet,1809.075,80.033,29,0
59.900,t2_squeezenet,1889.591,82.420,29,0
59.930,t2_squeezenet,1891.569,29.988,28,0
60.009,t2_squeezenet,1864.068,78.804,29,0
60.041,t2_squeezenet,1858.136,31.892,29,0
60.120,t2_squeezenet,1835.161,78.957,29,0
60.203,t2_squeezenet,1710.004,83.467,28,0
60.233,t2_squeezenet,1684.233,30.418,28,0
60.320,t2_squeezenet,1705.317,86.276,31,0
60.398,t2_squeezenet,1729.016,78.025,30,0
60.427,t2_squeezenet,1316.725,29.390,29,0
60.507,t2_squeezenet,1383.759,79.783,29,0
60.539,t2_squeezenet,1354.949,32.049,29,0
60.621,t2_squeezenet,1394.757,81.638,28,0
60.699,t2_squeezenet,1392.852,78.317,31,0
60.729,t2_squeezenet,1365.873,29.477,32,0
60.811,t2_squeezenet,1413.896,82.010,33,0
60.895,t2_squeezenet,1469.102,83.811,36,0
60.924,t2_squeezenet,1497.510,29.265,35,0
61.003,t2_squeezenet,1556.966,78.599,34,0
61.033,t2_squeezenet,1536.555,30.107,35,0
61.114,t2_squeezenet,1598.004,81.438,34,0
61.199,t2_squeezenet,1568.111,84.357,37,0
61.228,t2_squeezenet,1584.991,29.365,36,0
61.309,t2_squeezenet,1609.383,81.400,35,0
61.393,t2_squeezenet,1676.346,83.952,34,0
61.423,t2_squeezenet,1684.386,29.535,33,0
61.504,t2_squeezenet,1735.970,80.766,32,0
61.533,t2_squeezenet,1756.438,29.603,31,0
61.616,t2_squeezenet,1799.776,82.426,30,0
61.696,t2_squeezenet,1863.794,79.686,30,0
61.725,t2_squeezenet,1778.805,29.659,29,0
61.809,t2_squeezenet,1807.498,83.376,29,0
61.839,t2_squeezenet,1812.200,30.556,28,0
61.921,t2_squeezenet,1871.450,81.422,30,0
62.001,t2_squeezenet,1768.576,80.502,31,0
62.031,t2_squeezenet,1786.987,30.080,31,0
62.115,t2_squeezenet,1824.335,83.227,33,0
62.198,t2_squeezenet,1895.453,83.256,34,0
62.227,t2_squeezenet,1921.269,29.427,33,0
62.309,t2_squeezenet,1837.953,82.044,34,0
62.352,t2_squeezenet,1817.394,42.208,33,0
62.420,t2_squeezenet,1771.826,68.383,33,0
62.503,t2_squeezenet,1838.828,82.906,32,0
62.534,t2_squeezenet,1847.112,30.619,34,0
62.615,t2_squeezenet,1920.463,81.109,36,0
62.696,t2_squeezenet,1982.386,81.694,36,0
62.726,t2_squeezenet,2007.649,29.384,35,0
62.807,t2_squeezenet,2047.287,81.371,34,0
62.841,t2_squeezenet,2073.009,33.349,34,0
62.922,t2_squeezenet,2102.328,80.840,33,0
63.000,t2_squeezenet,2147.505,78.655,32,0
63.030,t2_squeezenet,2143.713,29.869,32,0
63.113,t2_squeezenet,2223.742,82.988,32,0
63.197,t2_squeezenet,2184.819,83.449,34,0
63.226,t2_squeezenet,2201.653,29.310,34,0
63.307,t2_squeezenet,2164.514,80.521,36,0
63.352,t2_squeezenet,2208.877,45.459,35,0
63.421,t2_squeezenet,2253.098,68.618,36,0
63.501,t2_squeezenet,2331.020,80.393,36,0
63.531,t2_squeezenet,1837.623,29.528,35,0
63.611,t2_squeezenet,1885.589,80.421,34,0
63.694,t2_squeezenet,1839.529,83.233,35,0
63.724,t2_squeezenet,1866.702,29.237,34,0
63.804,t2_squeezenet,1906.991,80.786,36,0
63.834,t2_squeezenet,1896.342,29.731,35,0
63.916,t2_squeezenet,1925.052,82.181,35,0
63.997,t2_squeezenet,1989.420,80.470,35,0
64.026,t2_squeezenet,1962.229,29.433,35,0
64.107,t2_squeezenet,2038.435,80.165,38,0
64.137,t2_squeezenet,2030.940,29.916,37,0
64.219,t2_squeezenet,2069.154,82.517,37,0
64.300,t2_squeezenet,2123.534,81.113,36,0
64.342,t2_squeezenet,2047.539,41.569,36,0
64.414,t2_squeezenet,2104.509,71.684,38,0
64.497,t2_squeezenet,2091.077,83.078,40,0
64.526,t2_squeezenet,2016.326,29.743,40,0
64.608,t2_squeezenet,2091.597,81.337,40,0
64.638,t2_squeezenet,2113.489,29.885,39,0
64.719,t2_squeezenet,2126.358,81.580,42,0
64.801,t2_squeezenet,2198.443,81.470,42,0
64.831,t2_squeezenet,2228.237,30.237,41,0
64.914,t2_squeezenet,2298.234,82.770,41,0
64.946,t2_squeezenet,2112.771,31.747,40,0
65.022,t2_squeezenet,2008.375,76.434,40,0
65.105,t2_squeezenet,2038.305,82.867,39,0
65.135,t2_squeezenet,2021.506,30.432,39,0
65.218,t2_squeezenet,2098.452,82.065,41,0
65.297,t2_squeezenet,2166.920,79.055,40,0
65.340,t2_squeezenet,2141.756,42.984,40,0
65.412,t2_squeezenet,2173.301,72.423,41,0
65.444,t2_squeezenet,2196.991,31.585,40,0
65.521,t2_squeezenet,2250.111,77.075,42,0
65.605,t2_squeezenet,2211.548,83.703,45,0
65.635,t2_squeezenet,2216.496,30.634,46,0
65.715,t2_squeezenet,2265.610,80.029,48,0
65.795,t2_squeezenet,2112.743,79.288,48,0
65.824,t2_squeezenet,2140.619,29.341,48,0
65.907,t2_squeezenet,2172.452,82.738,50,0
65.938,t2_squeezenet,2190.182,30.985,50,0
66.016,t2_squeezenet,2267.652,78.569,51,0
66.096,t2_squeezenet,2243.896,79.311,51,0
66.125,t2_squeezenet,2183.908,29.402,50,0
66.208,t2_squeezenet,2201.718,83.069,50,0
66.240,t2_squeezenet,2184.210,31.685,49,0
66.326,t2_squeezenet,2256.840,86.087,50,0
66.403,t2_squeezenet,2326.963,76.517,50,0
66.433,t2_squeezenet,2353.525,30.278,49,0
66.512,t2_squeezenet,2349.859,79.513,50,0
66.596,t2_squeezenet,2277.141,83.086,49,0
66.625,t2_squeezenet,2266.248,29.356,48,0
66.704,t2_squeezenet,2311.314,78.765,48,0
66.734,t2_squeezenet,2336.292,30.543,48,0
66.816,t2_squeezenet,2365.643,81.284,50,0
66.899,t2_squeezenet,2442.718,83.260,51,0
66.928,t2_squeezenet,2447.109,29.458,50,0
67.007,t2_squeezenet,2503.551,78.803,50,0
67.039,t2_squeezenet,2510.897,31.698,51,0
67.119,t2_squeezenet,2441.056,79.763,51,0
67.202,t2_squeezenet,2519.225,83.570,53,0
67.232,t2_squeezenet,2539.637,29.661,52,0
67.319,t2_squeezenet,2609.934,87.073,54,0
67.399,t2_squeezenet,2669.709,79.990,54,0
67.429,t2_squeezenet,2518.029,29.351,53,0
67.508,t2_squeezenet,2517.519,79.685,53,0
67.540,t2_squeezenet,2412.192,31.488,53,0
67.619,t2_squeezenet,2450.991,78.904,54,0
67.699,t2_squeezenet,2508.944,80.140,53,0
67.728,t2_squeezenet,2518.683,29.294,53,0
67.810,t2_squeezenet,2495.521,81.427,52,0
67.842,t2_squeezenet,2468.675,32.273,52,0
67.920,t2_squeezenet,2520.811,77.706,52,0
68.000,t2_squeezenet,2555.559,80.519,54,0
68.030,t2_squeezenet,2580.827,29.455,53,0
68.110,t2_squeezenet,2619.308,79.904,53,0
68.142,t2_squeezenet,2614.126,32.188,52,0
68.220,t2_squeezenet,2671.438,77.589,52,0
68.304,t2_squeezenet,2717.552,83.980,51,0
68.345,t2_squeezenet,2751.170,41.690,50,0
68.419,t2_squeezenet,2793.583,73.266,49,0
68.500,t2_squeezenet,2870.946,81.709,50,0
68.530,t2_squeezenet,2844.101,29.403,49,0
68.608,t2_squeezenet,2918.840,78.516,49,0
68.640,t2_squeezenet,2927.099,31.281,50,0
68.720,t2_squeezenet,2976.947,80.490,49,0
68.802,t2_squeezenet,2993.889,81.485,48,0
68.831,t2_squeezenet,3004.292,29.502,48,0
68.913,t2_squeezenet,3036.641,81.662,47,0
68.994,t2_squeezenet,3091.195,81.254,48,0
69.024,t2_squeezenet,3116.490,29.478,48,0
69.105,t2_squeezenet,3145.346,81.163,49,0
69.135,t2_squeezenet,3174.168,29.705,48,0
69.216,t2_squeezenet,3152.089,81.676,47,0
69.298,t2_squeezenet,3136.884,81.883,47,0
69.337,t2_squeezenet,3061.100,38.491,46,0
69.410,t2_squeezenet,3086.398,72.821,47,0
69.442,t2_squeezenet,3074.262,31.985,48,0
69.522,t2_squeezenet,3061.393,80.652,48,0
69.603,t2_squeezenet,3099.176,80.657,49,0
69.632,t2_squeezenet,2968.505,29.442,49,0
69.713,t2_squeezenet,2996.954,80.290,49,0
69.793,t2_squeezenet,3008.327,80.328,49,0
69.823,t2_squeezenet,3030.119,29.434,48,0
69.903,t2_squeezenet,3105.361,80.473,47,0
69.933,t2_squeezenet,3070.669,29.543,46,0
70.013,t2_squeezenet,3133.806,79.905,45,0
70.045,t2_squeezenet,3063.544,32.509,44,0
70.121,t2_squeezenet,3091.863,76.322,45,0
70.202,t2_squeezenet,3172.158,80.649,44,0
70.232,t2_squeezenet,3166.363,29.592,44,0
70.318,t2_squeezenet,3185.650,86.133,46,0
70.385,t2_squeezenet,3223.793,67.169,46,0
70.429,t2_squeezenet,3235.607,43.510,46,0
70.504,t2_squeezenet,3225.669,75.467,48,0
70.535,t2_squeezenet,3236.387,30.518,48,0
70.615,t2_squeezenet,3296.098,79.977,48,0
70.696,t2_squeezenet,3356.672,81.120,49,0
70.725,t2_squeezenet,3223.466,29.262,49,0
70.804,t2_squeezenet,3267.442,79.066,50,0
70.834,t2_squeezenet,3269.753,30.088,49,0
70.916,t2_squeezenet,3301.008,81.930,50,0
70.996,t2_squeezenet,3286.443,79.654,50,0
71.025,t2_squeezenet,3202.275,29.463,49,0
71.104,t2_squeezenet,3205.014,78.586,48,0
71.135,t2_squeezenet,3212.168,30.549,47,0
71.215,t2_squeezenet,3278.399,80.205,46,0
71.293,t2_squeezenet,3312.753,78.517,45,0
71.333,t2_squeezenet,3239.528,39.649,44,0
71.404,t2_squeezenet,3210.613,70.652,43,0
71.434,t2_squeezenet,2994.546,30.583,42,0
71.516,t2_squeezenet,3057.714,81.579,44,0
71.595,t2_squeezenet,3053.488,78.782,44,0
71.624,t2_squeezenet,3012.110,29.451,43,0
71.705,t2_squeezenet,3089.048,80.813,44,0
71.736,t2_squeezenet,2912.485,30.404,43,0
71.816,t2_squeezenet,2878.830,80.640,44,0
71.895,t2_squeezenet,2937.109,79.160,46,0
71.925,t2_squeezenet,2906.426,29.389,46,0
72.007,t2_squeezenet,2979.306,81.978,48,0
72.037,t2_squeezenet,2993.626,30.242,48,0
72.116,t2_squeezenet,2898.055,79.196,48,0
72.196,t2_squeezenet,2802.913,79.610,49,0
72.226,t2_squeezenet,2826.961,29.744,48,0
72.308,t2_squeezenet,2892.321,82.440,47,0
72.350,t2_squeezenet,2924.615,42.205,47,0
72.416,t2_squeezenet,2910.124,65.987,46,0
72.496,t2_squeezenet,2909.183,79.746,45,0
72.526,t2_squeezenet,2936.559,29.683,44,0
72.608,t2_squeezenet,2990.479,81.897,43,0
72.638,t2_squeezenet,2995.783,30.357,43,0
72.717,t2_squeezenet,2994.064,78.395,42,0
72.797,t2_squeezenet,2700.303,80.232,41,0
72.827,t2_squeezenet,2716.754,29.724,41,0
72.908,t2_squeezenet,2678.994,81.075,40,0
72.938,t2_squeezenet,2693.083,30.366,40,0
73.016,t2_squeezenet,2747.766,77.945,39,0
73.098,t2_squeezenet,2791.957,81.969,38,0
73.128,t2_squeezenet,2789.783,29.811,37,0
73.204,t2_squeezenet,2803.357,76.289,38,0
73.234,t2_squeezenet,2789.974,29.713,37,0
73.319,t2_squeezenet,2866.927,85.119,38,0
73.395,t2_squeezenet,2911.236,75.474,38,0
73.424,t2_squeezenet,2900.527,29.304,38,0
73.505,t2_squeezenet,2926.550,80.959,38,0
73.536,t2_squeezenet,2904.428,30.599,39,0
73.612,t2_squeezenet,2916.820,76.320,40,0
73.646,t2_squeezenet,2934.965,34.005,39,0
73.722,t2_squeezenet,2970.000,76.279,38,0
73.803,t2_squeezenet,3048.182,80.391,40,0
73.833,t2_squeezenet,2925.038,29.967,39,0
73.910,t2_squeezenet,2996.544,77.367,39,0
73.943,t2_squeezenet,2986.993,32.812,38,0
74.020,t2_squeezenet,2582.772,76.886,39,0
74.099,t2_squeezenet,2645.324,79.155,38,0
74.129,t2_squeezenet,2654.010,29.998,38,0
74.208,t2_squeezenet,2676.399,79.266,38,0
74.239,t2_squeezenet,2587.519,30.961,37,0
74.324,t2_squeezenet,2638.976,84.553,37,0
74.401,t2_squeezenet,2629.777,76.770,37,0
74.431,t2_squeezenet,2627.682,30.146,36,0
74.509,t2_squeezenet,2689.828,77.486,36,0
74.540,t2_squeezenet,2674.576,31.110,36,0
74.618,t2_squeezenet,2733.013,78.735,37,0
74.696,t2_squeezenet,2780.233,77.240,37,0
74.725,t2_squeezenet,2785.412,29.510,37,0
74.807,t2_squeezenet,2846.477,81.425,37,0
74.837,t2_squeezenet,2861.187,30.036,36,0
74.913,t2_squeezenet,2893.058,75.893,36,0
74.947,t2_squeezenet,2838.709,34.195,35,0
75.020,t2_squeezenet,2903.806,73.288,34,0
75.100,t2_squeezenet,2925.792,80.039,34,0
75.130,t2_squeezenet,2795.042,29.995,34,0
75.207,t2_squeezenet,2573.159,76.545,36,0
75.239,t2_squeezenet,2423.618,31.921,35,0
75.323,t2_squeezenet,2414.800,84.389,37,0
75.401,t2_squeezenet,2262.357,77.220,37,0
75.431,t2_squeezenet,2233.573,29.863,37,0
75.511,t2_squeezenet,2266.919,80.246,39,0
75.543,t2_squeezenet,2248.353,31.785,38,0
75.618,t2_squeezenet,2269.901,74.896,37,0
75.698,t2_squeezenet,2293.369,80.440,39,0
75.728,t2_squeezenet,2255.392,29.850,40,0
75.809,t2_squeezenet,2292.664,80.604,39,0
75.840,t2_squeezenet,2308.181,31.043,38,0
75.915,t2_squeezenet,2341.989,75.416,38,0
75.994,t2_squeezenet,2389.397,79.396,37,0
76.024,t2_squeezenet,2282.534,29.555,37,0
76.106,t2_squeezenet,2310.547,81.892,41,0
76.136,t2_squeezenet,2335.298,29.544,40,0
76.215,t2_squeezenet,2348.244,79.308,39,0
76.249,t2_squeezenet,2275.365,34.135,38,0
76.333,t2_squeezenet,2326.048,83.738,40,0
76.403,t2_squeezenet,2275.388,69.809,40,0
76.432,t2_squeezenet,2269.261,29.729,39,0
76.513,t2_squeezenet,2210.423,80.205,39,0
76.546,t2_squeezenet,2153.064,33.368,38,0
76.620,t2_squeezenet,2147.415,73.616,38,0
76.701,t2_squeezenet,2167.470,81.357,39,0
76.731,t2_squeezenet,2156.890,29.620,38,0
76.811,t2_squeezenet,2200.935,79.806,38,0
76.843,t2_squeezenet,2182.560,32.768,38,0
76.919,t2_squeezenet,2196.014,75.081,38,0
76.998,t2_squeezenet,2256.334,79.894,37,0
77.028,t2_squeezenet,2154.987,29.525,36,0
77.107,t2_squeezenet,2085.805,79.401,37,0
77.139,t2_squeezenet,2016.904,31.874,37,0
77.219,t2_squeezenet,2084.607,79.691,37,0
77.296,t2_squeezenet,2125.938,76.762,38,0
77.338,t2_squeezenet,2136.107,41.647,38,0
77.406,t2_squeezenet,2157.225,68.443,39,0
77.436,t2_squeezenet,2184.019,30.087,38,0
77.515,t2_squeezenet,2258.732,78.636,38,0
77.595,t2_squeezenet,2202.240,80.391,37,0
77.625,t2_squeezenet,2223.325,29.520,36,0
77.705,t2_squeezenet,2266.974,79.944,35,0
77.734,t2_squeezenet,2294.349,29.487,34,0
77.814,t2_squeezenet,2307.803,79.713,34,0
77.895,t2_squeezenet,2229.070,81.273,34,0
77.925,t2_squeezenet,2252.098,29.740,34,0
78.005,t2_squeezenet,2321.769,80.006,33,0
78.035,t2_squeezenet,2319.475,29.554,32,0
78.115,t2_squeezenet,2389.179,80.229,32,0
78.149,t2_squeezenet,2293.710,33.957,31,0
78.222,t2_squeezenet,2197.510,72.506,34,0
78.303,t2_squeezenet,2249.755,81.145,37,0
78.342,t2_squeezenet,2274.100,39.245,36,0
78.412,t2_squeezenet,2343.408,69.708,36,0
78.446,t2_squeezenet,2358.688,33.960,35,0
78.522,t2_squeezenet,2417.638,76.400,36,0
78.601,t2_squeezenet,2298.956,79.029,37,0
78.631,t2_squeezenet,2320.400,30.083,36,0
78.711,t2_squeezenet,2384.506,80.137,37,0
78.744,t2_squeezenet,2353.047,32.490,37,0
78.820,t2_squeezenet,2314.039,76.413,37,0
78.901,t2_squeezenet,2336.667,80.559,38,0
78.931,t2_squeezenet,2245.226,29.932,38,0
79.012,t2_squeezenet,2313.244,80.927,38,0
79.044,t2_squeezenet,2255.938,32.245,39,0
79.121,t2_squeezenet,2278.884,76.660,40,0
79.202,t2_squeezenet,2356.816,80.843,39,0
79.232,t2_squeezenet,2192.636,29.991,39,0
79.318,t2_squeezenet,2245.471,85.755,38,0
79.358,t2_squeezenet,2236.162,40.139,37,0
79.422,t2_squeezenet,2238.105,64.186,37,0
79.503,t2_squeezenet,2246.044,81.349,37,0
79.534,t2_squeezenet,2250.642,30.690,36,0
79.612,t2_squeezenet,2287.314,78.275,37,0
79.643,t2_squeezenet,2283.310,30.959,37,0
79.720,t2_squeezenet,2328.485,76.704,37,0
79.802,t2_squeezenet,2325.139,81.652,40,0
79.832,t2_squeezenet,2079.652,30.121,39,0
79.908,t2_squeezenet,2062.832,76.221,38,0
79.939,t2_squeezenet,2018.955,30.288,37,0
80.019,t2_squeezenet,1938.894,80.270,36,0
80.100,t2_squeezenet,1933.270,80.625,36,0
80.129,t2_squeezenet,1950.431,29.817,36,0
80.207,t2_squeezenet,2024.560,77.346,35,0
80.237,t2_squeezenet,2034.107,29.949,34,0
80.322,t2_squeezenet,2099.973,85.265,34,0
80.404,t2_squeezenet,2178.536,81.990,36,0
80.434,t2_squeezenet,2204.141,29.567,35,0
80.512,t2_squeezenet,2209.735,78.334,35,0
80.545,t2_squeezenet,2191.793,33.258,34,0
80.622,t2_squeezenet,2166.467,76.293,34,0
80.703,t2_squeezenet,2186.145,81.413,34,0
80.733,t2_squeezenet,2162.942,29.531,33,0
80.811,t2_squeezenet,2225.130,78.652,33,0
80.845,t2_squeezenet,2200.040,33.280,32,0
80.922,t2_squeezenet,2220.320,77.541,32,0
81.003,t2_squeezenet,2289.337,80.732,33,0
81.033,t2_squeezenet,2261.141,29.639,32,0
81.112,t2_squeezenet,2255.443,79.309,32,0
81.194,t2_squeezenet,2322.869,81.540,32,0
81.223,t2_squeezenet,2319.481,29.338,31,0
81.306,t2_squeezenet,2338.131,83.438,31,0
81.351,t2_squeezenet,2325.487,44.472,30,0
81.417,t2_squeezenet,2377.704,66.187,29,0
81.501,t2_squeezenet,2454.978,83.737,30,0
81.530,t2_squeezenet,2413.408,29.468,30,0
81.611,t2_squeezenet,2384.784,80.101,31,0
81.642,t2_squeezenet,2249.253,31.726,30,0
81.719,t2_squeezenet,2275.044,77.163,29,0
81.802,t2_squeezenet,2212.407,82.023,28,0
81.831,t2_squeezenet,2225.614,29.401,27,0
81.911,t2_squeezenet,2296.568,79.660,29,0
81.943,t2_squeezenet,2223.772,32.101,28,0
82.020,t2_squeezenet,2297.261,76.782,28,0
82.103,t2_squeezenet,2342.335,82.968,30,0
82.132,t2_squeezenet,2357.883,29.528,30,0
82.215,t2_squeezenet,2430.566,82.700,29,0
82.295,t2_squeezenet,2273.287,80.426,28,0
82.334,t2_squeezenet,2218.857,38.568,27,0
82.406,t2_squeezenet,2107.583,71.926,29,0
82.436,t2_squeezenet,2098.884,29.741,29,0
82.515,t2_squeezenet,2145.814,79.777,31,0
82.596,t2_squeezenet,2198.910,80.400,32,0
82.625,t2_squeezenet,2133.383,29.256,31,0
82.705,t2_squeezenet,2092.616,79.711,32,0
82.735,t2_squeezenet,2088.035,30.272,32,0
82.815,t2_squeezenet,2005.305,79.691,32,0
82.895,t2_squeezenet,1986.020,80.133,32,0
82.924,t2_squeezenet,1976.415,29.192,31,0
83.008,t2_squeezenet,2047.898,83.448,30,0
83.039,t2_squeezenet,1995.698,31.087,30,0
83.117,t2_squeezenet,1950.463,78.095,32,0
83.197,t2_squeezenet,1904.082,80.102,31,0
83.227,t2_squeezenet,1796.261,29.364,31,0
83.308,t2_squeezenet,1873.175,81.201,30,0
83.354,t2_squeezenet,1850.945,46.320,31,0
83.423,t2_squeezenet,1838.862,68.646,31,0
83.501,t2_squeezenet,1901.088,78.636,34,0
83.531,t2_squeezenet,1676.826,29.609,33,0
83.614,t2_squeezenet,1756.313,82.495,33,0
83.695,t2_squeezenet,1833.382,81.109,33,0
83.724,t2_squeezenet,1778.795,29.307,33,0
83.803,t2_squeezenet,1757.684,78.571,34,0
83.833,t2_squeezenet,1739.532,29.881,34,0
83.916,t2_squeezenet,1817.671,83.083,35,0
83.997,t2_squeezenet,1879.944,81.245,35,0
84.026,t2_squeezenet,1688.124,29.349,35,0
84.105,t2_squeezenet,1762.390,78.820,34,0
84.136,t2_squeezenet,1783.898,30.392,33,0
84.219,t2_squeezenet,1790.147,83.417,33,0
84.300,t2_squeezenet,1847.833,81.192,32,0
84.341,t2_squeezenet,1866.484,40.520,31,0
84.410,t2_squeezenet,1910.079,69.552,30,0
84.443,t2_squeezenet,1925.128,32.076,29,0
84.520,t2_squeezenet,1943.091,77.010,30,0
84.605,t2_squeezenet,1970.981,85.588,29,0
84.635,t2_squeezenet,1981.850,30.038,28,0
84.722,t2_squeezenet,2006.011,86.835,27,0
84.800,t2_squeezenet,2054.113,78.211,26,0
84.831,t2_squeezenet,1992.402,30.174,25,0
84.914,t2_squeezenet,1879.418,83.055,27,0
85.000,t2_squeezenet,1959.611,86.121,27,0
85.030,t2_squeezenet,1921.702,30.081,27,0
85.111,t2_squeezenet,2001.223,81.454,27,0
85.195,t2_squeezenet,1992.105,83.121,28,0
85.224,t2_squeezenet,1889.493,29.224,27,0
85.305,t2_squeezenet,1969.788,80.854,27,0
85.349,t2_squeezenet,1961.584,44.125,27,0
85.417,t2_squeezenet,1936.105,68.186,26,0
85.501,t2_squeezenet,2011.783,83.890,28,0
85.531,t2_squeezenet,2033.398,29.585,29,0
85.613,t2_squeezenet,2114.583,82.584,28,0
85.696,t2_squeezenet,2113.025,83.043,28,0
85.726,t2_squeezenet,2039.086,29.382,27,0
85.809,t2_squeezenet,2109.596,83.372,27,0
85.841,t2_squeezenet,2082.345,31.500,26,0
85.919,t2_squeezenet,2153.420,78.727,26,0
86.003,t2_squeezenet,2180.106,83.653,25,0
86.033,t2_squeezenet,2144.206,29.991,24,0
86.115,t2_squeezenet,2204.465,81.975,24,0
86.198,t2_squeezenet,2217.630,82.909,26,0
86.228,t2_squeezenet,2226.697,29.785,25,0
86.313,t2_squeezenet,2100.050,85.181,26,0
86.355,t2_squeezenet,1861.525,41.499,25,0
86.420,t2_squeezenet,1918.834,65.039,26,0
86.506,t2_squeezenet,1655.284,85.999,26,0
86.536,t2_squeezenet,1641.591,30.550,25,0
86.619,t2_squeezenet,1710.131,83.235,24,0
86.702,t2_squeezenet,1767.177,82.368,24,0
86.732,t2_squeezenet,1713.212,29.632,23,0
86.814,t2_squeezenet,1759.635,82.335,23,0
86.898,t2_squeezenet,1777.423,84.304,22,0
86.928,t2_squeezenet,1777.223,29.342,22,0
87.010,t2_squeezenet,1710.601,82.165,23,0
87.041,t2_squeezenet,1699.068,31.546,22,0
87.122,t2_squeezenet,1697.685,80.383,24,0
87.206,t2_squeezenet,1733.685,83.710,23,0
87.235,t2_squeezenet,1756.426,29.464,24,0
87.321,t2_squeezenet,1818.791,85.490,24,0
87.402,t2_squeezenet,1888.582,81.291,26,0
87.432,t2_squeezenet,1737.261,30.220,26,0
87.515,t2_squeezenet,1735.052,82.785,26,0
87.597,t2_squeezenet,1697.799,81.980,27,0
87.627,t2_squeezenet,1588.590,29.878,26,0
87.712,t2_squeezenet,1567.570,85.544,27,0
87.796,t2_squeezenet,1637.247,83.783,28,0
87.826,t2_squeezenet,1636.645,29.321,29,0
87.908,t2_squeezenet,1645.240,81.910,29,0
87.993,t2_squeezenet,1700.393,85.855,29,0
88.023,t2_squeezenet,1630.122,29.693,28,0
88.106,t2_squeezenet,1699.445,83.076,29,0
88.136,t2_squeezenet,1662.407,29.690,28,0
88.219,t2_squeezenet,1572.427,82.702,31,0
88.305,t2_squeezenet,1515.050,86.753,32,0
88.350,t2_squeezenet,1435.426,44.877,33,0
88.419,t2_squeezenet,1477.196,69.069,36,0
88.502,t2_squeezenet,1538.479,82.974,36,0
88.533,t2_squeezenet,1435.214,30.011,35,0
88.615,t2_squeezenet,1516.459,82.667,37,0
88.698,t2_squeezenet,1587.980,82.638,38,0
88.727,t2_squeezenet,1508.233,29.525,38,0
88.810,t2_squeezenet,1575.403,82.201,39,0
88.894,t2_squeezenet,1574.058,84.624,40,0
88.924,t2_squeezenet,1586.704,29.347,39,0
89.007,t2_squeezenet,1667.436,83.215,38,0
89.037,t2_squeezenet,1678.491,29.989,39,0
89.119,t2_squeezenet,1695.790,81.772,39,0
89.203,t2_squeezenet,1754.404,84.597,39,0
89.234,t2_squeezenet,1662.269,30.153,39,0
89.319,t2_squeezenet,1741.612,85.831,39,0
89.401,t2_squeezenet,1770.550,81.374,40,0
89.431,t2_squeezenet,1765.725,30.294,39,0
89.514,t2_squeezenet,1800.359,82.352,39,0
89.596,t2_squeezenet,1837.462,82.179,38,0
89.625,t2_squeezenet,1826.314,29.423,37,0
89.711,t2_squeezenet,1901.937,85.814,38,0
89.795,t2_squeezenet,1932.641,83.910,40,0
89.824,t2_squeezenet,1832.715,29.349,41,0
89.906,t2_squeezenet,1875.913,81.830,42,0
89.936,t2_squeezenet,1830.651,29.815,41,0
90.020,t2_squeezenet,1857.212,83.484,41,0
90.106,t2_squeezenet,1939.462,86.513,41,0
90.136,t2_squeezenet,1958.116,29.586,41,0
90.217,t2_squeezenet,2022.026,81.228,40,0
90.303,t2_squeezenet,2076.638,85.951,39,0
90.346,t2_squeezenet,2049.201,43.052,39,0
90.418,t2_squeezenet,2107.416,71.723,40,0
90.500,t2_squeezenet,2162.601,82.597,39,0
90.530,t2_squeezenet,2163.772,29.732,38,0
90.613,t2_squeezenet,2237.186,82.913,39,0
90.699,t2_squeezenet,2320.250,86.220,39,0
90.729,t2_squeezenet,2321.833,29.352,38,0
90.810,t2_squeezenet,2372.209,81.786,38,0
90.894,t2_squeezenet,2351.041,83.748,39,0
90.924,t2_squeezenet,2375.764,29.444,39,0
91.007,t2_squeezenet,2417.964,83.658,41,0
91.037,t2_squeezenet,2364.185,29.840,40,0
91.121,t2_squeezenet,2441.303,84.179,40,0
91.205,t2_squeezenet,2482.934,83.686,40,0
91.236,t2_squeezenet,2497.498,30.557,39,0
91.325,t2_squeezenet,2532.060,89.318,38,0
91.404,t2_squeezenet,2574.220,79.314,39,0
91.435,t2_squeezenet,2585.832,30.496,39,0
91.517,t2_squeezenet,2507.213,81.628,40,0
91.600,t2_squeezenet,2588.916,83.571,41,0
91.630,t2_squeezenet,2542.860,29.341,40,0
91.712,t2_squeezenet,2513.504,82.516,40,0
91.795,t2_squeezenet,2572.939,83.024,39,0
91.825,t2_squeezenet,2523.885,29.547,38,0
91.908,t2_squeezenet,2569.236,82.732,38,0
91.939,t2_squeezenet,2574.823,31.145,37,0
92.021,t2_squeezenet,2587.269,81.690,37,0
92.104,t2_squeezenet,2414.186,83.362,38,0
92.134,t2_squeezenet,2439.897,30.520,37,0
92.216,t2_squeezenet,2485.986,81.752,39,0
92.300,t2_squeezenet,2562.209,83.282,41,0
92.338,t2_squeezenet,2569.921,38.306,40,0
92.413,t2_squeezenet,2614.572,75.420,41,0
92.497,t2_squeezenet,2684.001,83.296,40,0
92.526,t2_squeezenet,2675.699,29.291,39,0
92.608,t2_squeezenet,2716.420,82.141,42,0
92.640,t2_squeezenet,2622.393,31.403,42,0
92.720,t2_squeezenet,2678.227,80.888,44,0
92.805,t2_squeezenet,2678.434,84.605,45,0
92.835,t2_squeezenet,2502.429,29.879,45,0
92.917,t2_squeezenet,2562.787,82.036,45,0
93.000,t2_squeezenet,2637.224,83.045,45,0
93.030,t2_squeezenet,2476.293,30.179,44,0
93.114,t2_squeezenet,2533.173,83.768,44,0
93.197,t2_squeezenet,2581.371,82.850,45,0
93.226,t2_squeezenet,2419.277,29.380,44,0
93.313,t2_squeezenet,2486.673,86.447,44,0
93.354,t2_squeezenet,2470.993,40.882,43,0
93.420,t2_squeezenet,2501.763,65.696,42,0
93.505,t2_squeezenet,2546.885,85.540,41,0
93.536,t2_squeezenet,2573.258,30.554,40,0
93.620,t2_squeezenet,2640.888,83.870,41,0
93.702,t2_squeezenet,2625.808,82.791,42,0
93.732,t2_squeezenet,2533.057,29.680,41,0
93.814,t2_squeezenet,2472.054,82.207,41,0
93.900,t2_squeezenet,2539.758,85.311,42,0
93.929,t2_squeezenet,2519.248,29.413,41,0
94.012,t2_squeezenet,2569.752,82.870,42,0
94.094,t2_squeezenet,2612.274,82.305,42,0
94.124,t2_squeezenet,2589.731,29.562,42,0
94.208,t2_squeezenet,2655.048,83.781,41,0
94.237,t2_squeezenet,2605.083,29.677,40,0
94.324,t2_squeezenet,2471.991,86.600,40,0
94.402,t2_squeezenet,2443.709,77.761,41,0
94.432,t2_squeezenet,2403.899,30.152,40,0
94.514,t2_squeezenet,2443.096,82.278,39,0
94.596,t2_squeezenet,2434.215,82.002,38,0
94.626,t2_squeezenet,2440.611,29.689,37,0
94.709,t2_squeezenet,2507.756,82.892,37,0
94.741,t2_squeezenet,2518.294,31.433,37,0
94.821,t2_squeezenet,2573.868,80.194,36,0
94.901,t2_squeezenet,2624.102,80.182,37,0
94.931,t2_squeezenet,2588.774,30.032,36,0
95.013,t2_squeezenet,2652.675,82.239,38,0
95.096,t2_squeezenet,2550.499,82.955,39,0
95.126,t2_squeezenet,2560.398,29.389,38,0
95.208,t2_squeezenet,2627.850,82.656,37,0
95.239,t2_squeezenet,2651.155,31.052,36,0
95.326,t2_squeezenet,2688.122,86.883,38,0
95.402,t2_squeezenet,2756.123,75.781,38,0
95.432,t2_squeezenet,2761.722,29.660,37,0
95.514,t2_squeezenet,2836.794,81.690,40,0
95.597,t2_squeezenet,2830.309,82.903,39,0
95.626,t2_squeezenet,2833.396,29.838,38,0
95.710,t2_squeezenet,2876.057,83.852,40,0
95.742,t2_squeezenet,2859.655,31.395,40,0
95.822,t2_squeezenet,2895.746,80.242,41,0
95.903,t2_squeezenet,2845.009,81.240,43,0
95.933,t2_squeezenet,2808.800,30.001,42,0
96.016,t2_squeezenet,2845.389,83.107,42,0
96.099,t2_squeezenet,2829.054,82.842,41,0
96.129,t2_squeezenet,2536.425,30.110,40,0
96.212,t2_squeezenet,2602.206,82.689,39,0
96.295,t2_squeezenet,2657.121,83.179,39,0
96.330,t2_squeezenet,2662.015,34.839,38,0
96.409,t2_squeezenet,2638.443,78.396,40,0
96.441,t2_squeezenet,2602.989,32.554,40,0
96.522,t2_squeezenet,2656.377,80.649,43,0
96.604,t2_squeezenet,2645.404,82.107,42,0
96.634,t2_squeezenet,2654.644,30.165,41,0
96.717,t2_squeezenet,2644.140,82.879,41,0
96.802,t2_squeezenet,2697.115,84.325,43,0
96.831,t2_squeezenet,2536.670,29.608,42,0
96.913,t2_squeezenet,2519.788,81.612,41,0
96.996,t2_squeezenet,2597.460,83.057,40,0
97.026,t2_squeezenet,2345.833,29.751,40,0
97.109,t2_squeezenet,2392.016,83.455,41,0
97.140,t2_squeezenet,2317.767,30.864,41,0
97.221,t2_squeezenet,2376.017,80.721,41,0
97.304,t2_squeezenet,2357.961,83.372,45,0
97.347,t2_squeezenet,2397.123,42.973,44,0
97.415,t2_squeezenet,2450.023,67.375,44,0
97.500,t2_squeezenet,2432.902,85.229,43,0
97.530,t2_squeezenet,2436.767,29.884,44,0
97.613,t2_squeezenet,2358.766,83.178,44,0
97.699,t2_squeezenet,2411.141,85.962,44,0
97.728,t2_squeezenet,2432.671,29.453,43,0
97.811,t2_squeezenet,2417.656,82.207,44,0
97.895,t2_squeezenet,2460.380,83.952,43,0
97.924,t2_squeezenet,2484.491,29.593,42,0
98.008,t2_squeezenet,2516.548,83.378,41,0
98.038,t2_squeezenet,2537.555,30.022,40,0
98.122,t2_squeezenet,2475.657,84.189,42,0
98.206,t2_squeezenet,2544.094,84.335,41,0
98.238,t2_squeezenet,2561.413,31.531,40,0
98.326,t2_squeezenet,2610.496,87.789,39,0
98.405,t2_squeezenet,2632.201,79.337,40,0
98.436,t2_squeezenet,2625.355,30.696,40,0
98.519,t2_squeezenet,2676.666,82.998,40,0
98.602,t2_squeezenet,2734.038,83.363,41,0
98.632,t2_squeezenet,2739.056,29.749,42,0
98.717,t2_squeezenet,2718.153,84.979,42,0
98.801,t2_squeezenet,2528.622,84.049,43,0
98.831,t2_squeezenet,2485.196,30.265,45,0
98.913,t2_squeezenet,2540.749,81.512,46,0
98.998,t2_squeezenet,2625.885,85.466,45,0
99.028,t2_squeezenet,2594.641,29.704,44,0
99.112,t2_squeezenet,2669.279,83.453,45,0
99.194,t2_squeezenet,2721.897,82.456,44,0
99.224,t2_squeezenet,2743.776,29.368,44,0
99.311,t2_squeezenet,2809.012,87.111,46,0
99.394,t2_squeezenet,2722.292,83.591,46,0
99.424,t2_squeezenet,2701.652,29.495,45,0
99.506,t2_squeezenet,2775.096,82.197,46,0
99.536,t2_squeezenet,2794.542,29.933,47,0
99.621,t2_squeezenet,2618.409,84.752,48,0
99.705,t2_squeezenet,2642.710,84.049,47,0
99.735,t2_squeezenet,2641.994,30.053,47,0
99.820,t2_squeezenet,2681.312,84.544,47,0
99.906,t2_squeezenet,2694.191,86.065,47,0
99.936,t2_squeezenet,2705.955,30.491,46,0
100.020,t2_squeezenet,2787.236,83.559,46,0
100.106,t2_squeezenet,2869.283,86.365,46,0
100.136,t2_squeezenet,2859.829,29.804,47,0
100.218,t2_squeezenet,2937.210,81.481,46,0
100.304,t2_squeezenet,2911.302,86.801,48,0
100.343,t2_squeezenet,2842.251,38.259,50,0
100.416,t2_squeezenet,2902.753,73.097,53,0
100.498,t2_squeezenet,2897.384,82.679,55,0
100.528,t2_squeezenet,2851.051,29.832,56,0
100.614,t2_squeezenet,2824.707,86.008,57,0
100.696,t2_squeezenet,2903.986,81.481,59,0
100.725,t2_squeezenet,2678.948,29.290,58,0
100.809,t2_squeezenet,2741.368,83.427,57,0
100.842,t2_squeezenet,2756.678,32.834,57,0
100.922,t2_squeezenet,2583.537,80.355,57,0
101.007,t2_squeezenet,2655.127,85.053,58,0
101.037,t2_squeezenet,2629.654,29.994,57,0
101.119,t2_squeezenet,2661.110,82.311,58,0
101.205,t2_squeezenet,2637.640,85.492,58,0
101.235,t2_squeezenet,2654.782,30.104,57,0
101.325,t2_squeezenet,2711.636,90.320,57,0
101.405,t2_squeezenet,2783.104,79.988,57,0
101.436,t2_squeezenet,2798.453,30.668,56,0
101.519,t2_squeezenet,2785.473,82.464,56,0
101.604,t2_squeezenet,2802.984,85.310,57,0
101.634,t2_squeezenet,2824.040,29.743,56,0
101.718,t2_squeezenet,2896.178,84.753,55,0
101.803,t2_squeezenet,2978.226,84.558,54,0
101.833,t2_squeezenet,2963.829,29.968,53,0
101.918,t2_squeezenet,3029.729,84.579,53,0
102.000,t2_squeezenet,2966.223,82.823,52,0
102.031,t2_squeezenet,2988.759,30.293,51,0
102.116,t2_squeezenet,2921.406,85.395,50,0
102.199,t2_squeezenet,2972.953,83.000,52,0
102.229,t2_squeezenet,2962.335,29.556,51,0
102.317,t2_squeezenet,3034.956,88.550,54,0
102.401,t2_squeezenet,3007.496,83.070,54,0
102.430,t2_squeezenet,2995.694,29.379,53,0
102.512,t2_squeezenet,3063.893,81.543,53,0
102.597,t2_squeezenet,3070.565,85.279,54,0
102.627,t2_squeezenet,3098.990,29.754,54,0
102.713,t2_squeezenet,3129.585,86.353,55,0
102.796,t2_squeezenet,3210.327,82.682,56,0
102.825,t2_squeezenet,3094.886,29.427,56,0
102.911,t2_squeezenet,3158.857,85.411,57,0
102.994,t2_squeezenet,3123.244,83.629,58,0
103.024,t2_squeezenet,3025.815,29.613,57,0
103.109,t2_squeezenet,3024.756,85.236,57,0
103.140,t2_squeezenet,3013.478,30.601,57,0
103.220,t2_squeezenet,3085.310,80.672,56,0
103.307,t2_squeezenet,3088.342,86.882,56,0
103.349,t2_squeezenet,3047.147,41.138,57,0
103.418,t2_squeezenet,3115.722,69.777,56,0
103.504,t2_squeezenet,3199.204,85.916,56,0
103.535,t2_squeezenet,3216.661,30.666,56,0
103.618,t2_squeezenet,3287.594,83.181,56,0
103.705,t2_squeezenet,3361.103,86.407,58,0
103.734,t2_squeezenet,3386.078,29.812,57,0
103.816,t2_squeezenet,3467.062,81.599,57,0
103.902,t2_squeezenet,3546.745,86.322,57,0
103.932,t2_squeezenet,3495.625,29.941,56,0
104.015,t2_squeezenet,3570.419,82.729,60,0
104.101,t2_squeezenet,3607.861,85.712,61,0
104.131,t2_squeezenet,3629.226,30.142,61,0
104.214,t2_squeezenet,3698.885,82.562,62,0
104.300,t2_squeezenet,3737.309,85.896,63,0
104.339,t2_squeezenet,3764.626,39.521,62,0
104.412,t2_squeezenet,3789.980,73.098,62,0
104.495,t2_squeezenet,3867.729,82.808,62,0
104.525,t2_squeezenet,3837.302,29.485,61,0
104.610,t2_squeezenet,3775.548,85.143,60,0
104.695,t2_squeezenet,3807.601,85.151,60,0
104.724,t2_squeezenet,3774.034,29.272,60,0
104.807,t2_squeezenet,3826.709,83.068,64,0
104.838,t2_squeezenet,3795.553,30.438,63,0
104.922,t2_squeezenet,3828.342,84.246,64,0
105.005,t2_squeezenet,3866.538,82.755,64,0
105.035,t2_squeezenet,3784.754,30.353,63,0
105.120,t2_squeezenet,3727.230,84.982,67,0
105.203,t2_squeezenet,3744.954,82.987,67,0
105.233,t2_squeezenet,3704.474,29.940,66,0
105.325,t2_squeezenet,3767.862,91.567,68,0
105.403,t2_squeezenet,3566.040,78.476,70,0
105.433,t2_squeezenet,3312.639,30.100,69,0
105.517,t2_squeezenet,3352.923,83.193,71,0
105.600,t2_squeezenet,3425.067,83.123,71,0
105.630,t2_squeezenet,3395.710,30.090,70,0
105.715,t2_squeezenet,3473.227,85.055,70,0
105.798,t2_squeezenet,3547.520,83.086,69,0
105.828,t2_squeezenet,3526.163,29.383,68,0
105.911,t2_squeezenet,3572.314,82.953,67,0
105.994,t2_squeezenet,3507.420,83.122,66,0
106.023,t2_squeezenet,3472.742,29.222,67,0
106.108,t2_squeezenet,3539.114,85.259,68,0
106.140,t2_squeezenet,3520.165,31.293,67,0
106.220,t2_squeezenet,3562.245,80.859,67,0
106.307,t2_squeezenet,3647.494,86.933,67,0
106.349,t2_squeezenet,3572.566,41.404,66,0
106.415,t2_squeezenet,3632.484,66.521,66,0
106.501,t2_squeezenet,3679.071,85.854,66,0
106.531,t2_squeezenet,3673.640,30.051,65,0
106.614,t2_squeezenet,3735.572,83.065,65,0
106.700,t2_squeezenet,3733.565,85.304,65,0
106.729,t2_squeezenet,3737.214,29.611,66,0
106.812,t2_squeezenet,3765.958,82.788,65,0
106.895,t2_squeezenet,3771.321,82.771,65,0
106.924,t2_squeezenet,3699.705,29.207,64,0
107.007,t2_squeezenet,3692.925,82.621,64,0
107.037,t2_squeezenet,3691.990,30.412,63,0
107.122,t2_squeezenet,3626.063,84.441,62,0
107.205,t2_squeezenet,3696.546,83.222,62,0
107.235,t2_squeezenet,3688.347,29.462,61,0
107.321,t2_squeezenet,3700.598,86.460,62,0
107.401,t2_squeezenet,3762.661,79.640,65,0
107.431,t2_squeezenet,3734.994,30.225,65,0
107.517,t2_squeezenet,3733.344,85.535,66,0
107.599,t2_squeezenet,3740.898,82.524,66,0
107.629,t2_squeezenet,3682.669,29.758,65,0
107.714,t2_squeezenet,3762.569,85.448,65,0
107.798,t2_squeezenet,3843.453,83.394,67,0
107.827,t2_squeezenet,3840.981,29.378,66,0
107.913,t2_squeezenet,3919.805,85.569,67,0
107.996,t2_squeezenet,3973.608,83.033,67,0
108.026,t2_squeezenet,3973.842,29.651,66,0
108.112,t2_squeezenet,3992.246,85.965,66,0
108.194,t2_squeezenet,4023.672,82.398,66,0
108.223,t2_squeezenet,4051.023,29.364,66,0
108.311,t2_squeezenet,4088.667,87.482,66,0
108.394,t2_squeezenet,4161.186,83.172,66,0
108.423,t2_squeezenet,4027.714,29.303,65,0
108.507,t2_squeezenet,4031.163,83.019,65,0
108.537,t2_squeezenet,3902.775,30.482,64,0
108.621,t2_squeezenet,3900.434,84.206,66,0
108.708,t2_squeezenet,3966.650,86.293,66,0
108.737,t2_squeezenet,3979.865,29.684,65,0
108.819,t2_squeezenet,4037.617,81.365,65,0
108.905,t2_squeezenet,4122.938,86.295,65,0
108.936,t2_squeezenet,4133.627,30.609,64,0
109.018,t2_squeezenet,4171.229,81.874,65,0
109.103,t2_squeezenet,4182.866,85.305,66,0
109.133,t2_squeezenet,4141.654,30.107,65,0
109.216,t2_squeezenet,4161.618,82.812,66,0
109.303,t2_squeezenet,4213.655,86.766,67,0
109.342,t2_squeezenet,4251.667,39.607,67,0
109.415,t2_squeezenet,4316.648,72.381,67,0
109.501,t2_squeezenet,4387.107,86.340,66,0
109.531,t2_squeezenet,4380.882,30.103,65,0
109.616,t2_squeezenet,4362.876,85.180,64,0
109.700,t2_squeezenet,4437.123,83.103,66,0
109.729,t2_squeezenet,4456.990,29.578,65,0
109.815,t2_squeezenet,4484.421,85.525,66,0
109.901,t2_squeezenet,4566.960,86.699,67,0
109.931,t2_squeezenet,4545.464,29.352,66,0
110.016,t2_squeezenet,4577.412,84.934,66,0
110.100,t2_squeezenet,4650.525,84.001,66,0
110.130,t2_squeezenet,4622.245,30.200,66,0
110.216,t2_squeezenet,4681.725,85.945,68,0
110.301,t2_squeezenet,4661.622,85.326,69,0
110.343,t2_squeezenet,4347.968,42.081,69,0
110.415,t2_squeezenet,4403.807,71.350,70,0
110.501,t2_squeezenet,4458.951,86.328,70,0
110.531,t2_squeezenet,4453.968,29.327,69,0
110.616,t2_squeezenet,4406.260,85.032,69,0
110.702,t2_squeezenet,4429.589,86.270,70,0
110.732,t2_squeezenet,4339.115,30.211,69,0
110.817,t2_squeezenet,4355.001,85.129,69,0
110.903,t2_squeezenet,4289.897,85.610,72,0
110.933,t2_squeezenet,4316.678,29.864,72,0
111.018,t2_squeezenet,4291.503,84.873,72,0
111.104,t2_squeezenet,4377.550,86.642,74,0
111.134,t2_squeezenet,4291.940,30.020,73,0
111.220,t2_squeezenet,4225.954,85.388,74,0
111.306,t2_squeezenet,4160.143,86.505,75,0
111.351,t2_squeezenet,4113.537,44.133,76,0
111.418,t2_squeezenet,4173.912,67.227,77,0
111.504,t2_squeezenet,4173.972,86.381,80,0
111.534,t2_squeezenet,4197.142,29.766,80,0
111.619,t2_squeezenet,4276.126,84.851,80,0
111.702,t2_squeezenet,4340.167,83.501,79,0
111.733,t2_squeezenet,4316.940,30.113,81,0
111.819,t2_squeezenet,4360.374,86.009,83,0
111.905,t2_squeezenet,4422.281,85.903,86,0
111.935,t2_squeezenet,4361.855,30.298,85,0
112.020,t2_squeezenet,4348.659,84.644,85,0
112.106,t2_squeezenet,4375.517,86.201,85,0
112.136,t2_squeezenet,4362.450,29.720,84,0
112.219,t2_squeezenet,4444.040,83.411,85,0
112.306,t2_squeezenet,4439.465,86.740,85,0
112.347,t2_squeezenet,4475.631,41.456,84,0
112.418,t2_squeezenet,4427.555,70.718,84,0
112.504,t2_squeezenet,4393.201,85.857,85,0
112.534,t2_squeezenet,4420.796,30.515,85,0
112.620,t2_squeezenet,4397.280,85.134,86,0
112.703,t2_squeezenet,4430.809,83.673,86,0
112.733,t2_squeezenet,4338.992,29.541,85,0
112.818,t2_squeezenet,4367.307,84.741,85,0
112.904,t2_squeezenet,4355.647,86.318,88,0
112.934,t2_squeezenet,4349.154,30.493,88,0
113.019,t2_squeezenet,4424.267,85.002,89,0
113.105,t2_squeezenet,4436.003,85.665,90,0
113.136,t2_squeezenet,4318.996,30.607,89,0
113.218,t2_squeezenet,4313.882,82.441,89,0
113.305,t2_squeezenet,4328.952,87.136,88,0
113.345,t2_squeezenet,4359.644,39.807,87,0
113.416,t2_squeezenet,4390.219,71.195,86,0
113.503,t2_squeezenet,4457.476,86.360,86,0
113.533,t2_squeezenet,4351.738,30.333,85,0
113.618,t2_squeezenet,4432.824,84.949,84,0
113.704,t2_squeezenet,4437.456,85.483,83,0
113.734,t2_squeezenet,4445.042,30.159,82,0
113.819,t2_squeezenet,4509.743,84.935,82,0
113.906,t2_squeezenet,4512.480,86.634,83,0
113.935,t2_squeezenet,4292.768,29.577,83,0
114.020,t2_squeezenet,4337.831,84.782,83,0
114.106,t2_squeezenet,4419.369,86.363,85,0
114.137,t2_squeezenet,4378.803,30.698,84,0
114.221,t2_squeezenet,4418.615,84.391,87,0
114.307,t2_squeezenet,4413.902,85.915,86,0
114.349,t2_squeezenet,4449.082,41.280,85,0
114.420,t2_squeezenet,4477.554,70.969,85,0
114.509,t2_squeezenet,4460.282,89.619,84,0
114.594,t2_squeezenet,4488.982,84.779,85,0
114.624,t2_squeezenet,4485.319,29.305,84,0
114.709,t2_squeezenet,4508.546,85.776,83,0
114.795,t2_squeezenet,4593.888,85.717,84,0
114.825,t2_squeezenet,4574.486,29.570,83,0
114.914,t2_squeezenet,4617.492,88.935,84,0
115.000,t2_squeezenet,4684.769,85.934,87,0
115.030,t2_squeezenet,4671.292,29.831,86,0
115.115,t2_squeezenet,4706.373,85.844,86,0
115.202,t2_squeezenet,4751.327,86.138,87,0
115.231,t2_squeezenet,4629.184,29.626,86,0
115.323,t2_squeezenet,4685.095,92.109,87,0
115.402,t2_squeezenet,4761.233,78.569,87,0
115.433,t2_squeezenet,4622.123,30.666,86,0
115.521,t2_squeezenet,4678.494,88.066,86,0
115.612,t2_squeezenet,4757.956,90.911,86,0
115.698,t2_squeezenet,4841.310,85.988,87,0
115.730,t2_squeezenet,4833.750,32.581,86,0
115.820,t2_squeezenet,4904.396,89.389,85,0
115.906,t2_squeezenet,4915.392,86.386,86,0
115.995,t2_squeezenet,4972.683,88.728,86,0
116.024,t2_squeezenet,4968.239,29.434,85,0
116.114,t2_squeezenet,5014.597,89.332,85,0
116.200,t2_squeezenet,5057.735,86.196,86,0
116.229,t2_squeezenet,5085.307,29.428,86,0
116.323,t2_squeezenet,5057.197,93.188,85,0
116.406,t2_squeezenet,5115.084,83.219,85,0
116.495,t2_squeezenet,5173.047,89.376,84,0
116.525,t2_squeezenet,5175.157,29.345,85,0
116.610,t2_squeezenet,5223.196,84.903,84,0
116.699,t2_squeezenet,5289.855,89.154,87,0
116.729,t2_squeezenet,5294.374,29.796,86,0
116.818,t2_squeezenet,5353.964,88.913,87,0
116.903,t2_squeezenet,5433.136,85.421,89,0
116.933,t2_squeezenet,5448.785,29.630,88,0
117.021,t2_squeezenet,5512.495,88.082,88,0
117.111,t2_squeezenet,5501.695,89.785,88,0
117.196,t2_squeezenet,5488.162,85.204,90,0
117.225,t2_squeezenet,5494.952,29.373,89,0
117.319,t2_squeezenet,5588.217,93.734,88,0
117.402,t2_squeezenet,5663.401,82.548,87,0
117.432,t2_squeezenet,5650.901,29.937,86,0
117.517,t2_squeezenet,5723.881,85.332,85,0
117.606,t2_squeezenet,5747.701,89.034,88,0
117.636,t2_squeezenet,5776.650,30.380,87,0
117.721,t2_squeezenet,5841.808,84.873,88,0
117.811,t2_squeezenet,5910.376,89.653,88,0
117.896,t2_squeezenet,5876.528,84.965,89,0
117.925,t2_squeezenet,5887.099,29.429,91,0
118.011,t2_squeezenet,5865.515,85.682,91,0
118.101,t2_squeezenet,5945.596,89.474,90,0
118.130,t2_squeezenet,5883.970,29.474,90,0
118.218,t2_squeezenet,5825.411,88.336,90,0
118.305,t2_squeezenet,5882.398,86.171,92,0
118.346,t2_squeezenet,5872.722,41.190,92,0
118.420,t2_squeezenet,5914.727,73.998,92,0
118.506,t2_squeezenet,5947.680,86.023,92,0
118.536,t2_squeezenet,5974.264,29.718,92,0
118.620,t2_squeezenet,5982.308,84.717,91,0
118.707,t2_squeezenet,5913.659,86.334,93,0
118.737,t2_squeezenet,5910.985,30.421,92,0
118.821,t2_squeezenet,5981.763,84.091,94,0
118.910,t2_squeezenet,6068.042,88.982,96,0
118.997,t2_squeezenet,6103.708,86.357,96,0
119.026,t2_squeezenet,6100.125,29.610,95,0
119.112,t2_squeezenet,6153.572,85.842,96,0
119.201,t2_squeezenet,6235.600,88.974,95,0
119.231,t2_squeezenet,6130.259,29.892,94,0
119.323,t2_squeezenet,6221.474,91.606,94,0
119.401,t2_squeezenet,6242.887,78.237,95,0
119.431,t2_squeezenet,5937.539,29.430,95,0
119.516,t2_squeezenet,5749.441,85.070,96,0
119.602,t2_squeezenet,5775.833,86.370,96,0
119.632,t2_squeezenet,5772.463,30.262,95,0
119.718,t2_squeezenet,5800.793,85.610,94,0
119.804,t2_squeezenet,5810.924,85.811,94,0
119.834,t2_squeezenet,5800.017,30.437,96,0
119.920,t2_squeezenet,5873.333,85.293,97,0
120.006,t2_squeezenet,5911.409,86.359,99,0
120.036,t2_squeezenet,5877.292,29.543,98,0
120.120,t2_squeezenet,5932.373,84.745,97,0
120.207,t2_squeezenet,6003.804,86.340,96,0
120.238,t2_squeezenet,6031.840,31.177,95,0
120.327,t2_squeezenet,5927.094,89.003,94,0
120.405,t2_squeezenet,5870.631,77.904,94,0
120.435,t2_squeezenet,5859.145,30.092,93,0
120.520,t2_squeezenet,5789.459,84.683,92,0
120.606,t2_squeezenet,5829.061,86.302,92,0
120.636,t2_squeezenet,5760.945,29.474,91,0
120.718,t2_squeezenet,5823.501,82.241,93,0
120.804,t2_squeezenet,5882.029,86.445,93,0
120.835,t2_squeezenet,5860.225,30.466,92,0
120.920,t2_squeezenet,5939.951,84.966,93,0
121.005,t2_squeezenet,6010.277,85.240,94,0
121.035,t2_squeezenet,5984.552,29.697,93,0
121.118,t2_squeezenet,5998.946,82.695,92,0
121.205,t2_squeezenet,6039.908,87.137,93,0
121.235,t2_squeezenet,6000.413,29.972,92,0
121.324,t2_squeezenet,6030.464,88.791,92,0
121.404,t2_squeezenet,6049.882,80.857,95,0
121.435,t2_squeezenet,5949.465,30.580,95,0
121.517,t2_squeezenet,5909.365,82.313,95,0
121.600,t2_squeezenet,5961.324,82.626,94,0
121.630,t2_squeezenet,5960.181,29.473,93,0
121.715,t2_squeezenet,5846.537,85.120,93,0
121.799,t2_squeezenet,5907.970,84.313,94,0
121.828,t2_squeezenet,5854.791,29.330,93,0
121.910,t2_squeezenet,5883.490,81.431,92,0
121.942,t2_squeezenet,5826.071,32.063,92,0
122.022,t2_squeezenet,5868.249,80.547,95,0
122.109,t2_squeezenet,5896.591,86.713,96,0
122.140,t2_squeezenet,5746.701,30.479,95,0
122.220,t2_squeezenet,5724.427,80.408,98,0
122.306,t2_squeezenet,5797.367,86.223,97,0
122.351,t2_squeezenet,5739.432,45.035,97,0
122.420,t2_squeezenet,5790.001,68.716,97,0
122.502,t2_squeezenet,5836.005,81.980,97,0
122.532,t2_squeezenet,5856.347,29.551,96,0
122.615,t2_squeezenet,5860.882,83.305,100,0
122.702,t2_squeezenet,5936.296,86.547,100,0
122.731,t2_squeezenet,5868.953,29.452,99,0
122.813,t2_squeezenet,5949.047,81.760,99,0
122.896,t2_squeezenet,6006.618,82.688,99,0
122.925,t2_squeezenet,5912.510,29.702,98,0
123.009,t2_squeezenet,5904.182,83.772,100,0
123.094,t2_squeezenet,5939.728,84.728,101,0
123.123,t2_squeezenet,5950.314,29.327,101,0
123.206,t2_squeezenet,6026.662,82.452,100,0
123.236,t2_squeezenet,5714.192,30.604,100,0
123.326,t2_squeezenet,5796.769,89.983,100,0
123.403,t2_squeezenet,5862.130,76.354,99,0
123.433,t2_squeezenet,5839.591,30.013,99,0
123.516,t2_squeezenet,5877.960,83.313,99,0
123.603,t2_squeezenet,5910.312,86.397,100,0
123.632,t2_squeezenet,5836.058,29.429,99,0
123.717,t2_squeezenet,5890.574,84.671,98,0
123.800,t2_squeezenet,5954.439,82.693,97,0
123.830,t2_squeezenet,5931.619,30.027,96,0
123.916,t2_squeezenet,6009.477,85.902,97,0
123.998,t2_squeezenet,6085.851,82.888,100,0
124.028,t2_squeezenet,6081.596,29.379,100,0
124.113,t2_squeezenet,5990.974,85.503,100,0
124.197,t2_squeezenet,6064.196,83.962,100,0
124.227,t2_squeezenet,5960.384,29.280,100,0
124.315,t2_squeezenet,6048.104,87.920,99,0
124.399,t2_squeezenet,6098.623,84.369,100,0
124.429,t2_squeezenet,6106.680,29.864,99,0
124.513,t2_squeezenet,6164.755,83.632,100,0
124.598,t2_squeezenet,6093.728,84.919,100,0
124.627,t2_squeezenet,6096.655,29.321,99,0
124.709,t2_squeezenet,6062.966,82.482,99,0
124.796,t2_squeezenet,6141.057,86.425,99,0
124.825,t2_squeezenet,6132.701,29.287,98,0
124.910,t2_squeezenet,6151.979,85.014,98,0
124.942,t2_squeezenet,6154.967,31.264,99,0
125.022,t2_squeezenet,6206.016,80.375,98,0
125.108,t2_squeezenet,6278.122,86.408,100,0
125.140,t2_squeezenet,6268.782,31.159,99,0
125.220,t2_squeezenet,6326.048,80.625,100,0
125.307,t2_squeezenet,6337.682,86.450,102,0
125.352,t2_squeezenet,6289.540,45.089,101,0
125.415,t2_squeezenet,6304.122,63.406,101,0
125.501,t2_squeezenet,6193.042,85.469,101,0
125.530,t2_squeezenet,6188.119,29.658,101,0
125.613,t2_squeezenet,6269.988,82.589,100,0
125.700,t2_squeezenet,6288.642,86.580,100,0
125.729,t2_squeezenet,6286.732,29.310,99,0
125.812,t2_squeezenet,6318.751,82.881,102,0
125.894,t2_squeezenet,6325.237,82.091,102,0
125.924,t2_squeezenet,6181.308,29.543,101,0
126.007,t2_squeezenet,6194.070,83.566,103,0
126.037,t2_squeezenet,6219.570,29.990,102,0
126.122,t2_squeezenet,6287.615,84.616,102,0
126.205,t2_squeezenet,6338.878,83.110,102,0
126.236,t2_squeezenet,6329.820,30.582,102,0
126.324,t2_squeezenet,6361.496,88.124,103,0
126.397,t2_squeezenet,6418.890,72.974,103,0
126.426,t2_squeezenet,6445.224,29.335,104,0
126.512,t2_squeezenet,6118.705,85.600,106,0
126.596,t2_squeezenet,6050.107,84.579,106,0
126.626,t2_squeezenet,5986.816,29.268,105,0
126.708,t2_squeezenet,6028.769,82.603,105,0
126.739,t2_squeezenet,6030.228,30.717,106,0
126.820,t2_squeezenet,6017.187,80.664,105,0
126.904,t2_squeezenet,6049.515,84.021,104,0
126.933,t2_squeezenet,6062.394,29.526,104,0
127.016,t2_squeezenet,6081.608,82.510,105,0
127.098,t2_squeezenet,6109.144,82.582,106,0
127.128,t2_squeezenet,5942.695,29.666,107,0
127.212,t2_squeezenet,6018.497,83.322,109,0
127.295,t2_squeezenet,6028.352,83.091,110,0
127.329,t2_squeezenet,5987.135,34.754,110,0
127.405,t2_squeezenet,6054.715,75.635,110,0
127.436,t2_squeezenet,6079.864,30.575,110,0
127.518,t2_squeezenet,6120.780,82.732,110,0
127.601,t2_squeezenet,6191.349,82.425,109,0
127.631,t2_squeezenet,6184.672,30.017,109,0
127.713,t2_squeezenet,6046.623,82.351,112,0
127.797,t2_squeezenet,6078.038,84.013,113,0
127.827,t2_squeezenet,6080.449,29.333,112,0
127.909,t2_squeezenet,5993.820,82.301,114,0
127.940,t2_squeezenet,5990.098,31.284,113,0
128.021,t2_squeezenet,6059.372,80.341,112,0
128.105,t2_squeezenet,6113.249,83.955,111,0
128.134,t2_squeezenet,6112.057,29.569,110,0
128.216,t2_squeezenet,6168.624,82.157,109,0
128.300,t2_squeezenet,6208.972,83.664,109,0
128.341,t2_squeezenet,6170.906,40.979,108,0
128.411,t2_squeezenet,6225.330,69.804,110,0
128.442,t2_squeezenet,6228.175,30.783,109,0
128.522,t2_squeezenet,6305.036,80.179,110,0
128.605,t2_squeezenet,6271.021,83.214,111,0
128.636,t2_squeezenet,6259.766,30.574,112,0
128.719,t2_squeezenet,6230.341,82.892,113,0
128.802,t2_squeezenet,6239.518,82.940,113,0
128.832,t2_squeezenet,6268.533,30.064,112,0
128.914,t2_squeezenet,6331.164,81.810,113,0
128.997,t2_squeezenet,6402.225,83.632,112,0
129.027,t2_squeezenet,6415.130,29.343,112,0
129.110,t2_squeezenet,6427.021,82.908,114,0
129.141,t2_squeezenet,6386.897,31.482,113,0
129.221,t2_squeezenet,6349.413,80.194,113,0
129.305,t2_squeezenet,6378.976,83.803,113,0
129.344,t2_squeezenet,6398.584,38.282,112,0
129.411,t2_squeezenet,6418.156,67.631,113,0
129.497,t2_squeezenet,6455.079,86.120,113,0
129.527,t2_squeezenet,6463.692,29.626,112,0
129.611,t2_squeezenet,6507.245,83.707,112,0
129.642,t2_squeezenet,6432.495,31.018,111,0
129.722,t2_squeezenet,6471.765,80.204,112,0
129.806,t2_squeezenet,6401.921,83.888,114,0
129.837,t2_squeezenet,6353.316,30.644,114,0
129.918,t2_squeezenet,6360.054,81.688,116,0
130.001,t2_squeezenet,6431.314,82.511,117,0
130.031,t2_squeezenet,6144.681,29.814,116,0
130.114,t2_squeezenet,6222.440,83.274,115,0
130.197,t2_squeezenet,6271.020,83.279,116,0
130.227,t2_squeezenet,6264.491,29.396,115,0
130.310,t2_squeezenet,6342.879,82.974,116,0
130.356,t2_squeezenet,6386.495,46.225,115,0
130.421,t2_squeezenet,6394.693,64.924,115,0
130.507,t2_squeezenet,6455.904,85.607,116,0
130.537,t2_squeezenet,6367.657,29.978,115,0
130.619,t2_squeezenet,6410.235,82.076,114,0
130.703,t2_squeezenet,6352.721,84.285,113,0
130.733,t2_squeezenet,6372.795,29.930,113,0
130.815,t2_squeezenet,6312.058,82.335,115,0
130.898,t2_squeezenet,6390.912,82.234,116,0
130.927,t2_squeezenet,6349.323,29.417,115,0
131.011,t2_squeezenet,6376.385,83.606,115,0
131.094,t2_squeezenet,6330.931,82.901,114,0
131.123,t2_squeezenet,6220.500,29.459,113,0
131.206,t2_squeezenet,6290.484,82.561,115,0
131.236,t2_squeezenet,6305.950,30.527,117,0
131.325,t2_squeezenet,6281.665,88.583,116,0
131.396,t2_squeezenet,6333.880,71.016,115,0
131.425,t2_squeezenet,6360.521,29.420,114,0
131.511,t2_squeezenet,6356.602,85.540,114,0
131.595,t2_squeezenet,6418.983,84.062,115,0
131.624,t2_squeezenet,6394.123,29.391,114,0
131.711,t2_squeezenet,6449.573,86.157,115,0
131.741,t2_squeezenet,6442.832,30.825,115,0
131.822,t2_squeezenet,6423.400,80.719,116,0
131.906,t2_squeezenet,6475.805,83.863,117,0
131.936,t2_squeezenet,6427.276,30.151,116,0
132.019,t2_squeezenet,6403.892,82.857,117,0
132.105,t2_squeezenet,6370.597,85.730,117,0
132.135,t2_squeezenet,6380.748,30.385,117,0
132.217,t2_squeezenet,6457.912,81.791,116,0
132.304,t2_squeezenet,6505.654,86.481,115,0
132.342,t2_squeezenet,6487.797,38.470,115,0
132.414,t2_squeezenet,6436.965,71.969,116,0
132.499,t2_squeezenet,6520.257,84.969,115,0
132.529,t2_squeezenet,6532.241,29.689,114,0
132.611,t2_squeezenet,6528.297,82.280,117,0
132.642,t2_squeezenet,6507.899,30.967,116,0
132.723,t2_squeezenet,6506.133,80.600,118,0
132.807,t2_squeezenet,6560.588,84.028,117,0
132.837,t2_squeezenet,6534.183,30.446,117,0
132.920,t2_squeezenet,6524.759,82.237,118,0
133.002,t2_squeezenet,6590.122,82.489,118,0
133.032,t2_squeezenet,6618.881,30.033,118,0
133.115,t2_squeezenet,6638.927,82.875,119,0
133.198,t2_squeezenet,6714.192,82.709,120,0
133.227,t2_squeezenet,6733.792,29.469,120,0
133.310,t2_squeezenet,6783.621,82.556,120,0
133.357,t2_squeezenet,6726.455,47.229,120,0
133.422,t2_squeezenet,6697.631,64.484,120,0
133.505,t2_squeezenet,6774.917,82.985,121,0
133.535,t2_squeezenet,6616.768,29.820,120,0
133.617,t2_squeezenet,6678.754,82.494,120,0
133.702,t2_squeezenet,6690.891,84.984,122,0
133.732,t2_squeezenet,6689.562,29.778,123,0
133.814,t2_squeezenet,6751.580,81.970,122,0
133.896,t2_squeezenet,6782.581,82.180,124,0
133.926,t2_squeezenet,6810.250,29.678,123,0
134.011,t2_squeezenet,6880.289,84.786,122,0
134.093,t2_squeezenet,6959.163,82.457,123,0
134.123,t2_squeezenet,6970.016,29.629,123,0
134.205,t2_squeezenet,6925.439,82.200,122,0
134.236,t2_squeezenet,6943.693,30.588,121,0
134.324,t2_squeezenet,6998.035,88.745,121,0
134.395,t2_squeezenet,7051.780,70.739,120,0
134.424,t2_squeezenet,6998.328,29.354,119,0
134.508,t2_squeezenet,7040.117,83.318,120,0
134.540,t2_squeezenet,6933.588,31.767,119,0
134.621,t2_squeezenet,6978.819,81.466,118,0
134.703,t2_squeezenet,7039.259,81.912,120,0
134.733,t2_squeezenet,7055.020,29.666,120,0
134.816,t2_squeezenet,7124.992,83.277,119,0
134.898,t2_squeezenet,7127.291,81.465,119,0
134.927,t2_squeezenet,7154.264,29.294,118,0
135.009,t2_squeezenet,7158.333,81.696,118,0
135.039,t2_squeezenet,7178.411,30.762,118,0
135.121,t2_squeezenet,7257.466,81.309,121,0
135.204,t2_squeezenet,6987.740,83.637,124,0
135.234,t2_squeezenet,6887.531,29.469,123,0
135.318,t2_squeezenet,6969.033,84.425,123,0
135.394,t2_squeezenet,7004.242,75.204,123,0
135.423,t2_squeezenet,6926.462,29.458,122,0
135.509,t2_squeezenet,7007.517,86.033,121,0
135.539,t2_squeezenet,7001.131,30.262,121,0
135.621,t2_squeezenet,7063.855,81.139,122,0
135.705,t2_squeezenet,7079.954,84.780,122,0
135.736,t2_squeezenet,7109.174,30.560,121,0
135.819,t2_squeezenet,7142.952,82.738,123,0
135.901,t2_squeezenet,7197.725,82.407,123,0
135.931,t2_squeezenet,7204.980,29.991,123,0
136.015,t2_squeezenet,7149.283,83.381,124,0
136.098,t2_squeezenet,7189.729,83.641,125,0
136.128,t2_squeezenet,7101.427,29.324,125,0
136.210,t2_squeezenet,7153.250,81.880,128,0
136.293,t2_squeezenet,7228.645,83.710,127,0
136.329,t2_squeezenet,7233.761,35.806,128,0
136.402,t2_squeezenet,7247.263,72.314,128,0
136.431,t2_squeezenet,7160.088,29.346,127,0
136.516,t2_squeezenet,7123.142,85.252,130,0
136.600,t2_squeezenet,7194.505,84.135,131,0
136.630,t2_squeezenet,7172.180,30.088,130,0
136.713,t2_squeezenet,7146.352,82.363,131,0
136.795,t2_squeezenet,7143.165,82.206,131,0
136.825,t2_squeezenet,7114.304,29.531,131,0
136.909,t2_squeezenet,7178.281,83.889,131,0
136.940,t2_squeezenet,7163.588,31.279,132,0
137.020,t2_squeezenet,7234.488,80.512,132,0
137.103,t2_squeezenet,7292.473,82.522,132,0
137.133,t2_squeezenet,7270.824,30.124,133,0
137.216,t2_squeezenet,7332.725,82.448,132,0
137.299,t2_squeezenet,7393.145,83.639,133,0
137.338,t2_squeezenet,7383.285,38.283,132,0
137.405,t2_squeezenet,7432.676,67.306,134,0
137.435,t2_squeezenet,7308.956,30.291,134,0
137.517,t2_squeezenet,7380.499,81.550,133,0
137.601,t2_squeezenet,7358.075,83.839,134,0
137.630,t2_squeezenet,7324.632,29.461,133,0
137.713,t2_squeezenet,7319.671,82.538,132,0
137.796,t2_squeezenet,7361.351,82.849,131,0
137.825,t2_squeezenet,7380.712,29.869,130,0
137.906,t2_squeezenet,7184.709,80.393,129,0
137.936,t2_squeezenet,7200.970,29.798,128,0
138.018,t2_squeezenet,7244.114,81.851,128,0
138.101,t2_squeezenet,7327.353,83.543,129,0
138.131,t2_squeezenet,7255.718,30.100,128,0
138.213,t2_squeezenet,7331.665,81.729,128,0
138.295,t2_squeezenet,7365.104,82.300,127,0
138.330,t2_squeezenet,7206.139,34.743,126,0
138.404,t2_squeezenet,7265.491,73.775,125,0
138.434,t2_squeezenet,7239.537,29.966,124,0
138.516,t2_squeezenet,7299.216,81.703,125,0
138.598,t2_squeezenet,7363.837,82.366,124,0
138.628,t2_squeezenet,7391.855,29.856,124,0
138.711,t2_squeezenet,7217.863,82.912,126,0
138.742,t2_squeezenet,7179.803,31.112,125,0
138.823,t2_squeezenet,7245.872,80.432,125,0
138.902,t2_squeezenet,7259.844,79.568,124,0
138.932,t2_squeezenet,7242.687,30.180,123,0
139.015,t2_squeezenet,7280.482,82.384,122,0
139.097,t2_squeezenet,7334.802,82.449,121,0
139.127,t2_squeezenet,7331.989,29.355,120,0
139.209,t2_squeezenet,7351.005,82.641,121,0
139.241,t2_squeezenet,7379.744,31.673,120,0
139.329,t2_squeezenet,7358.692,87.955,122,0
139.399,t2_squeezenet,7382.413,70.269,122,0
139.429,t2_squeezenet,7355.483,29.497,121,0
139.511,t2_squeezenet,7381.088,82.562,121,0
139.545,t2_squeezenet,7213.606,33.791,120,0
139.622,t2_squeezenet,7276.843,76.735,120,0
139.704,t2_squeezenet,7311.071,81.971,121,0
139.734,t2_squeezenet,7192.161,30.428,120,0
139.815,t2_squeezenet,7211.026,80.398,121,0
139.898,t2_squeezenet,7290.462,83.486,122,0
139.928,t2_squeezenet,7316.694,29.306,121,0
140.007,t2_squeezenet,7313.523,78.838,121,0
140.037,t2_squeezenet,7331.827,30.641,120,0
140.119,t2_squeezenet,7396.502,81.482,121,0
140.203,t2_squeezenet,7369.518,84.391,121,0
140.233,t2_squeezenet,7333.016,29.601,120,0
140.313,t2_squeezenet,7393.641,79.942,120,0
140.359,t2_squeezenet,7404.403,45.876,119,0
140.420,t2_squeezenet,7406.503,61.220,118,0
140.500,t2_squeezenet,7453.579,79.919,121,0
140.529,t2_squeezenet,7422.083,29.458,120,0
140.611,t2_squeezenet,7444.711,81.583,122,0
140.695,t2_squeezenet,7497.821,83.976,123,0
140.724,t2_squeezenet,7502.136,29.386,123,0
140.803,t2_squeezenet,7557.232,79.059,122,0
140.833,t2_squeezenet,7504.671,29.984,121,0
140.916,t2_squeezenet,7549.996,82.745,125,0
140.997,t2_squeezenet,7560.462,80.825,124,0
141.026,t2_squeezenet,7563.822,29.298,124,0
141.105,t2_squeezenet,7535.409,78.886,124,0
141.136,t2_squeezenet,7509.265,30.126,123,0
141.220,t2_squeezenet,7534.456,84.063,124,0
141.300,t2_squeezenet,7605.933,80.819,125,0
141.339,t2_squeezenet,7623.325,38.291,125,0
141.406,t2_squeezenet,7675.280,66.747,125,0
141.436,t2_squeezenet,7586.154,30.469,124,0
141.515,t2_squeezenet,7639.578,78.606,124,0
141.596,t2_squeezenet,7707.216,81.340,125,0
141.625,t2_squeezenet,7609.421,29.328,125,0
141.708,t2_squeezenet,7642.229,83.075,124,0
141.740,t2_squeezenet,7640.692,31.170,123,0
141.818,t2_squeezenet,7522.449,78.661,123,0
141.900,t2_squeezenet,7406.813,81.461,123,0
141.929,t2_squeezenet,7426.927,29.478,123,0
142.012,t2_squeezenet,7378.156,83.011,122,0
142.045,t2_squeezenet,7380.816,32.433,121,0
142.121,t2_squeezenet,7446.433,76.225,120,0
142.205,t2_squeezenet,7474.292,83.389,121,0
142.234,t2_squeezenet,7344.694,29.906,120,0
142.315,t2_squeezenet,7308.128,80.574,122,0
142.362,t2_squeezenet,7323.594,46.756,121,0
142.423,t2_squeezenet,7363.218,60.796,121,0
142.501,t2_squeezenet,7434.838,78.643,123,0
142.531,t2_squeezenet,7420.804,29.551,122,0
142.612,t2_squeezenet,7494.787,80.641,122,0
142.696,t2_squeezenet,7569.474,84.099,121,0
142.725,t2_squeezenet,7596.602,29.314,121,0
142.803,t2_squeezenet,7660.448,78.309,124,0
142.833,t2_squeezenet,7640.398,29.989,123,0
142.914,t2_squeezenet,7607.376,80.426,124,0
142.998,t2_squeezenet,7605.122,84.248,124,0
143.028,t2_squeezenet,7493.275,29.350,124,0
143.106,t2_squeezenet,7525.809,78.559,125,0
143.136,t2_squeezenet,7541.881,30.213,124,0
143.220,t2_squeezenet,7549.314,83.173,126,0
143.301,t2_squeezenet,7502.081,81.583,125,0
143.339,t2_squeezenet,7538.467,37.656,124,0
143.406,t2_squeezenet,7590.090,67.389,125,0
143.437,t2_squeezenet,7594.318,30.279,125,0
143.517,t2_squeezenet,7595.812,80.436,125,0
143.600,t2_squeezenet,7660.046,83.023,125,0
143.630,t2_squeezenet,7661.524,29.500,124,0
143.710,t2_squeezenet,7682.661,80.640,125,0
143.743,t2_squeezenet,7680.809,32.203,126,0
143.820,t2_squeezenet,7699.054,77.258,125,0
143.903,t2_squeezenet,7738.849,83.061,124,0
143.933,t2_squeezenet,7768.385,29.782,124,0
144.013,t2_squeezenet,7834.954,80.355,123,0
144.093,t2_squeezenet,7885.979,80.128,123,0
144.123,t2_squeezenet,7827.947,29.221,122,0
144.205,t2_squeezenet,7904.369,82.005,122,0
144.235,t2_squeezenet,7841.779,30.208,121,0
144.318,t2_squeezenet,7867.604,83.025,120,0
144.364,t2_squeezenet,7869.533,46.168,120,0
144.421,t2_squeezenet,7914.092,56.494,119,0
144.501,t2_squeezenet,7988.812,79.992,121,0
144.531,t2_squeezenet,7984.310,29.933,120,0
144.610,t2_squeezenet,8020.175,79.869,120,0
144.643,t2_squeezenet,7984.622,32.390,121,0
144.721,t2_squeezenet,8061.169,78.303,122,0
144.801,t2_squeezenet,8018.486,79.341,123,0
144.830,t2_squeezenet,8014.397,29.824,122,0
144.911,t2_squeezenet,8012.342,80.580,123,0
144.944,t2_squeezenet,8035.030,32.547,123,0
145.020,t2_squeezenet,8108.404,76.548,123,0
145.100,t2_squeezenet,8117.974,79.410,124,0
145.130,t2_squeezenet,8067.334,29.968,125,0
145.212,t2_squeezenet,8107.629,81.807,124,0
145.243,t2_squeezenet,8129.309,31.490,123,0
145.325,t2_squeezenet,8102.437,81.611,122,0
145.399,t2_squeezenet,8136.247,73.836,123,0
145.428,t2_squeezenet,8074.044,29.727,122,0
145.508,t2_squeezenet,8145.242,79.744,124,0
145.538,t2_squeezenet,8142.707,29.730,123,0
145.617,t2_squeezenet,8191.227,79.613,124,0
145.699,t2_squeezenet,8113.669,81.090,123,0
145.728,t2_squeezenet,8142.212,29.801,122,0
145.808,t2_squeezenet,7849.755,79.547,122,0
145.838,t2_squeezenet,7750.733,30.218,122,0
145.919,t2_squeezenet,7827.377,80.491,121,0
145.999,t2_squeezenet,7789.135,80.173,120,0
146.029,t2_squeezenet,7536.059,30.087,120,0
146.109,t2_squeezenet,7600.242,80.251,122,0
146.142,t2_squeezenet,7524.321,32.338,121,0
146.220,t2_squeezenet,7577.546,78.059,121,0
146.304,t2_squeezenet,7660.470,84.052,122,0
146.345,t2_squeezenet,7666.264,41.349,121,0
146.407,t2_squeezenet,7607.876,61.280,121,0
146.437,t2_squeezenet,7274.864,30.500,120,0
146.520,t2_squeezenet,7353.785,82.546,122,0
146.601,t2_squeezenet,7345.103,81.048,122,0
146.631,t2_squeezenet,7346.433,29.927,121,0
146.710,t2_squeezenet,7398.808,78.724,123,0
146.742,t2_squeezenet,7348.643,32.060,123,0
146.822,t2_squeezenet,7348.180,80.688,123,0
146.904,t2_squeezenet,7283.742,81.137,123,0
146.934,t2_squeezenet,7295.434,30.064,123,0
147.012,t2_squeezenet,7346.445,78.533,124,0
147.095,t2_squeezenet,7326.524,82.413,125,0
147.124,t2_squeezenet,7317.643,29.552,125,0
147.205,t2_squeezenet,7374.458,80.393,124,0
147.234,t2_squeezenet,7373.447,29.543,124,0
147.315,t2_squeezenet,7378.271,81.138,125,0
147.360,t2_squeezenet,7297.905,44.699,125,0
147.421,t2_squeezenet,7313.694,60.685,125,0
147.505,t2_squeezenet,7370.292,83.628,128,0
147.534,t2_squeezenet,7222.799,29.504,128,0
147.614,t2_squeezenet,7181.167,79.716,127,0
147.697,t2_squeezenet,7258.692,82.841,128,0
147.726,t2_squeezenet,7264.917,29.610,127,0
147.807,t2_squeezenet,7341.306,81.065,127,0
147.837,t2_squeezenet,7301.826,29.850,126,0
147.919,t2_squeezenet,7378.806,81.323,126,0
147.999,t2_squeezenet,7437.729,79.946,126,0
148.029,t2_squeezenet,7414.790,29.842,125,0
148.111,t2_squeezenet,7472.972,82.698,126,0
148.194,t2_squeezenet,7476.822,82.532,127,0
148.223,t2_squeezenet,7388.964,29.389,127,0
148.304,t2_squeezenet,7468.632,80.398,127,0
148.346,t2_squeezenet,7492.930,42.627,127,0
148.410,t2_squeezenet,7548.259,63.346,126,0
148.440,t2_squeezenet,7533.109,30.369,125,0
148.521,t2_squeezenet,7511.856,81.046,125,0
148.605,t2_squeezenet,7517.316,83.843,124,0
148.635,t2_squeezenet,7437.412,30.308,123,0
148.717,t2_squeezenet,7513.940,82.099,124,0
148.800,t2_squeezenet,7533.521,82.250,123,0
148.830,t2_squeezenet,7535.282,30.111,122,0
148.911,t2_squeezenet,7596.048,80.788,122,0
148.995,t2_squeezenet,7638.851,83.926,121,0
149.024,t2_squeezenet,7582.699,29.360,121,0
149.106,t2_squeezenet,7529.260,82.057,121,0
149.137,t2_squeezenet,7545.471,30.478,120,0
149.219,t2_squeezenet,7608.299,82.478,121,0
149.304,t2_squeezenet,7545.870,84.926,121,0
149.341,t2_squeezenet,7443.700,36.665,120,0
149.410,t2_squeezenet,7509.828,68.893,120,0
149.441,t2_squeezenet,7260.757,31.679,119,0
149.522,t2_squeezenet,7320.049,80.456,118,0
149.605,t2_squeezenet,7333.854,82.650,119,0
149.635,t2_squeezenet,7354.602,29.854,120,0
149.717,t2_squeezenet,7410.340,82.026,119,0
149.800,t2_squeezenet,7388.228,83.555,121,0
149.830,t2_squeezenet,7399.318,29.448,120,0
149.908,t2_squeezenet,7468.069,78.533,121,0
149.939,t2_squeezenet,7474.624,30.829,120,0
150.020,t2_squeezenet,7425.671,80.956,121,0
150.105,t2_squeezenet,7382.709,84.915,121,0
150.135,t2_squeezenet,7404.748,29.529,120,0
150.216,t2_squeezenet,7444.535,81.761,122,0
150.299,t2_squeezenet,7516.331,82.860,123,0
150.339,t2_squeezenet,7538.029,39.925,123,0
150.407,t2_squeezenet,7536.389,67.451,122,0
150.436,t2_squeezenet,7529.243,29.532,121,0
150.518,t2_squeezenet,7532.948,81.516,121,0
150.602,t2_squeezenet,7597.479,84.152,121,0
150.632,t2_squeezenet,7561.840,30.165,121,0
150.715,t2_squeezenet,7611.239,82.513,120,0
150.796,t2_squeezenet,7630.135,81.702,120,0
150.826,t2_squeezenet,7632.906,29.552,119,0
150.907,t2_squeezenet,7701.874,81.055,120,0
150.939,t2_squeezenet,7596.272,31.538,120,0
151.020,t2_squeezenet,7637.690,81.064,120,0
151.102,t2_squeezenet,7671.916,82.428,120,0
151.132,t2_squeezenet,7627.351,30.231,119,0
151.215,t2_squeezenet,7684.415,82.202,119,0
151.298,t2_squeezenet,7653.932,83.074,119,0
151.334,t2_squeezenet,7687.931,36.575,121,0
151.400,t2_squeezenet,7678.570,65.202,120,0
151.430,t2_squeezenet,7689.147,29.934,120,0
151.512,t2_squeezenet,7583.467,82.121,121,0
151.595,t2_squeezenet,7569.691,83.495,124,0
151.625,t2_squeezenet,7494.630,29.292,123,0
151.707,t2_squeezenet,7372.113,82.900,122,0
151.738,t2_squeezenet,7313.402,30.813,121,0
151.820,t2_squeezenet,7381.738,81.245,122,0
151.901,t2_squeezenet,7455.192,81.237,121,0
151.930,t2_squeezenet,7358.779,29.512,121,0
152.013,t2_squeezenet,7392.940,82.323,121,0
152.095,t2_squeezenet,7457.171,82.679,120,0
152.125,t2_squeezenet,7469.352,29.564,120,0
152.208,t2_squeezenet,7537.338,83.206,122,0
152.239,t2_squeezenet,7516.599,30.572,122,0
152.323,t2_squeezenet,7526.906,84.413,124,0
152.399,t2_squeezenet,7548.425,75.419,124,0
152.428,t2_squeezenet,7535.265,29.507,123,0
152.511,t2_squeezenet,7591.632,82.405,123,0
152.542,t2_squeezenet,7567.313,30.897,123,0
152.622,t2_squeezenet,7583.515,80.082,123,0
152.705,t2_squeezenet,7645.534,83.473,122,0
152.736,t2_squeezenet,7627.248,30.413,121,0
152.818,t2_squeezenet,7699.392,82.150,120,0
152.898,t2_squeezenet,7567.169,79.599,119,0
152.927,t2_squeezenet,7546.104,29.805,119,0
153.010,t2_squeezenet,7576.033,82.901,119,0
153.093,t2_squeezenet,7640.619,82.831,118,0
153.123,t2_squeezenet,7624.345,29.460,117,0
153.205,t2_squeezenet,7599.039,82.441,117,0
153.236,t2_squeezenet,7619.465,30.587,117,0
153.322,t2_squeezenet,7541.150,86.303,116,0
153.396,t2_squeezenet,7585.842,73.714,119,0
153.425,t2_squeezenet,7403.073,29.421,119,0
153.509,t2_squeezenet,7474.201,83.192,118,0
153.540,t2_squeezenet,7481.132,31.705,117,0
153.621,t2_squeezenet,7544.806,80.433,117,0
153.704,t2_squeezenet,7546.089,82.729,117,0
153.733,t2_squeezenet,7445.850,29.912,117,0
153.816,t2_squeezenet,7525.101,82.084,119,0
153.900,t2_squeezenet,7494.574,84.502,118,0
153.930,t2_squeezenet,7441.337,29.414,118,0
154.012,t2_squeezenet,7512.847,82.540,118,0
154.095,t2_squeezenet,7587.960,82.716,118,0
154.124,t2_squeezenet,7527.503,29.483,117,0
154.208,t2_squeezenet,7563.340,83.481,117,0
154.238,t2_squeezenet,7555.185,29.763,116,0
154.323,t2_squeezenet,7620.918,85.137,116,0
154.397,t2_squeezenet,7670.471,74.433,115,0
154.427,t2_squeezenet,7628.126,29.655,114,0
154.513,t2_squeezenet,7625.230,85.760,115,0
154.594,t2_squeezenet,7683.109,81.465,115,0
154.624,t2_squeezenet,7655.128,29.342,114,0
154.709,t2_squeezenet,7707.324,85.732,113,0
154.794,t2_squeezenet,7736.860,84.573,112,0
154.823,t2_squeezenet,7751.620,29.345,111,0
154.906,t2_squeezenet,7810.273,82.492,110,0
154.936,t2_squeezenet,7723.180,30.117,109,0
155.018,t2_squeezenet,7744.008,82.156,108,0
155.105,t2_squeezenet,7811.969,86.656,109,0
155.135,t2_squeezenet,7791.632,29.564,109,0
155.217,t2_squeezenet,7841.467,81.961,109,0
155.300,t2_squeezenet,7878.367,83.034,109,0
155.339,t2_squeezenet,7903.148,39.238,108,0
155.407,t2_squeezenet,7951.410,68.333,108,0
155.437,t2_squeezenet,7969.142,29.763,107,0
155.522,t2_squeezenet,7989.422,84.746,107,0
155.605,t2_squeezenet,7923.230,82.672,107,0
155.635,t2_squeezenet,7940.393,30.517,107,0
155.720,t2_squeezenet,7942.337,85.244,107,0
155.803,t2_squeezenet,7948.155,82.648,109,0
155.833,t2_squeezenet,7844.179,30.079,109,0
155.915,t2_squeezenet,7838.314,81.811,108,0
155.998,t2_squeezenet,7888.517,83.508,110,0
156.028,t2_squeezenet,7838.635,29.331,109,0
156.113,t2_squeezenet,7922.844,85.038,110,0
156.196,t2_squeezenet,7988.545,83.032,109,0
156.226,t2_squeezenet,7960.851,29.726,109,0
156.309,t2_squeezenet,7998.693,83.662,110,0
156.350,t2_squeezenet,7830.408,40.272,109,0
156.414,t2_squeezenet,7766.832,64.170,109,0
156.500,t2_squeezenet,7849.995,85.953,110,0
156.530,t2_squeezenet,7636.941,30.198,109,0
156.613,t2_squeezenet,7610.068,82.788,110,0
156.698,t2_squeezenet,7592.751,85.093,111,0
156.728,t2_squeezenet,7578.080,29.529,112,0
156.810,t2_squeezenet,7600.408,82.662,111,0
156.894,t2_squeezenet,7657.743,83.189,112,0
156.923,t2_squeezenet,7513.307,29.201,111,0
157.006,t2_squeezenet,7414.706,82.801,114,0
157.036,t2_squeezenet,7440.518,29.961,114,0
157.120,t2_squeezenet,7498.010,84.528,115,0
157.204,t2_squeezenet,7579.428,83.625,114,0
157.233,t2_squeezenet,7452.726,29.531,115,0
157.322,t2_squeezenet,7524.086,88.258,117,0
157.396,t2_squeezenet,7596.711,74.023,116,0
157.426,t2_squeezenet,7594.010,29.811,115,0
157.512,t2_squeezenet,7615.492,86.127,118,0
157.595,t2_squeezenet,7593.556,83.720,118,0
157.625,t2_squeezenet,7610.447,29.457,117,0
157.710,t2_squeezenet,7676.800,85.303,118,0
157.793,t2_squeezenet,7641.770,83.056,119,0
157.823,t2_squeezenet,7657.552,29.483,118,0
157.906,t2_squeezenet,7721.821,83.338,117,0
157.936,t2_squeezenet,7689.775,29.780,116,0
158.019,t2_squeezenet,7771.322,82.941,116,0
158.105,t2_squeezenet,7772.744,86.332,115,0
158.135,t2_squeezenet,7677.533,29.591,115,0
158.217,t2_squeezenet,7617.107,81.532,115,0
158.301,t2_squeezenet,7693.266,84.071,116,0
158.338,t2_squeezenet,7605.110,37.332,115,0
158.409,t2_squeezenet,7541.993,70.743,114,0
158.439,t2_squeezenet,7568.966,30.127,114,0
158.521,t2_squeezenet,7597.968,81.801,114,0
158.606,t2_squeezenet,7647.339,85.589,114,0
158.637,t2_squeezenet,7595.716,30.760,113,0
158.722,t2_squeezenet,7508.488,84.685,112,0
158.804,t2_squeezenet,7518.868,82.504,111,0
158.835,t2_squeezenet,7534.416,30.049,110,0
158.920,t2_squeezenet,7619.477,85.285,110,0
159.004,t2_squeezenet,7690.825,84.162,109,0
159.034,t2_squeezenet,7627.173,30.008,108,0
159.119,t2_squeezenet,7646.183,84.690,108,0
159.202,t2_squeezenet,7701.022,83.514,109,0
159.233,t2_squeezenet,7706.226,30.298,108,0
159.322,t2_squeezenet,7785.887,89.225,109,0
159.397,t2_squeezenet,7859.124,75.132,108,0
159.427,t2_squeezenet,7876.947,29.495,107,0
159.509,t2_squeezenet,7747.289,82.637,107,0
159.595,t2_squeezenet,7786.478,86.046,108,0
159.625,t2_squeezenet,7702.243,29.771,108,0
159.710,t2_squeezenet,7747.779,84.898,108,0
159.794,t2_squeezenet,7669.445,83.582,110,0
159.823,t2_squeezenet,7693.482,29.352,109,0
159.909,t2_squeezenet,7765.272,86.325,109,0
159.940,t2_squeezenet,7761.767,30.874,108,0
160.021,t2_squeezenet,7799.762,80.369,109,0
160.106,t2_squeezenet,7808.595,85.519,110,0
160.137,t2_squeezenet,7832.974,30.802,111,0
160.220,t2_squeezenet,7907.494,82.897,111,0
160.306,t2_squeezenet,7970.935,86.320,112,0
160.346,t2_squeezenet,7899.675,39.208,112,0
160.415,t2_squeezenet,7902.453,69.538,113,0
160.502,t2_squeezenet,7933.841,86.831,113,0
160.532,t2_squeezenet,7617.795,30.042,112,0
160.617,t2_squeezenet,7651.186,85.035,113,0
160.699,t2_squeezenet,7513.342,82.223,113,0
160.729,t2_squeezenet,7520.947,29.752,112,0
160.815,t2_squeezenet,7467.111,85.698,112,0
160.901,t2_squeezenet,7552.608,86.436,111,0
160.931,t2_squeezenet,7576.967,29.572,111,0
161.016,t2_squeezenet,7625.959,85.222,110,0
161.099,t2_squeezenet,7676.355,83.143,110,0
161.129,t2_squeezenet,7588.997,29.973,109,0
161.215,t2_squeezenet,7591.794,86.039,110,0
161.301,t2_squeezenet,7574.044,85.808,111,0
161.337,t2_squeezenet,7564.799,35.461,110,0
161.411,t2_squeezenet,7634.323,73.838,110,0
161.497,t2_squeezenet,7701.314,86.305,110,0
161.526,t2_squeezenet,7601.526,29.253,110,0
161.612,t2_squeezenet,7650.525,85.479,110,0
161.695,t2_squeezenet,7669.120,83.007,112,0
161.724,t2_squeezenet,7536.935,29.543,111,0
161.811,t2_squeezenet,7524.342,86.105,113,0
161.896,t2_squeezenet,7402.946,85.412,114,0
161.926,t2_squeezenet,7428.555,29.525,114,0
162.011,t2_squeezenet,7456.492,85.890,114,0
162.094,t2_squeezenet,7030.430,82.720,114,0
162.124,t2_squeezenet,7023.980,29.292,114,0
162.209,t2_squeezenet,7079.074,85.207,113,0
162.295,t2_squeezenet,7092.672,85.874,113,0
162.331,t2_squeezenet,7054.088,36.432,112,0
162.405,t2_squeezenet,7012.409,74.286,113,0
162.435,t2_squeezenet,6965.847,29.588,113,0
162.520,t2_squeezenet,6920.982,84.666,114,0
162.606,t2_squeezenet,6981.914,86.366,115,0
162.637,t2_squeezenet,6960.833,30.555,114,0
162.719,t2_squeezenet,6980.543,82.550,114,0
162.805,t2_squeezenet,7059.806,85.354,114,0
162.835,t2_squeezenet,7070.570,29.958,113,0
162.920,t2_squeezenet,7099.116,85.249,115,0
163.007,t2_squeezenet,7057.508,86.935,114,0
163.037,t2_squeezenet,7045.385,29.560,113,0
163.119,t2_squeezenet,7120.838,82.371,113,0
163.205,t2_squeezenet,7138.003,86.029,113,0
163.236,t2_squeezenet,7152.519,30.540,112,0
163.325,t2_squeezenet,7118.396,89.830,112,0
163.398,t2_squeezenet,7166.672,72.523,111,0
163.428,t2_squeezenet,7179.001,29.566,110,0
163.513,t2_squeezenet,7119.533,84.976,110,0
163.599,t2_squeezenet,7141.360,86.076,111,0
163.628,t2_squeezenet,7164.554,29.759,110,0
163.712,t2_squeezenet,7168.816,83.699,111,0
163.798,t2_squeezenet,7234.338,85.398,111,0
163.827,t2_squeezenet,7192.611,29.684,111,0
163.913,t2_squeezenet,7268.353,85.672,110,0
163.998,t2_squeezenet,7295.649,85.337,109,0
164.028,t2_squeezenet,7314.617,29.380,108,0
164.110,t2_squeezenet,7262.297,82.175,108,0
164.196,t2_squeezenet,7333.906,86.196,108,0
164.226,t2_squeezenet,7299.007,29.517,107,0
164.312,t2_squeezenet,7373.367,86.024,109,0
164.356,t2_squeezenet,7384.009,43.730,108,0
164.420,t2_squeezenet,7427.187,64.624,108,0
164.503,t2_squeezenet,7495.247,83.243,110,0
164.534,t2_squeezenet,7462.731,30.177,109,0
164.619,t2_squeezenet,7515.419,85.243,110,0
164.705,t2_squeezenet,7494.653,85.907,111,0
164.735,t2_squeezenet,7509.681,30.403,110,0
164.818,t2_squeezenet,7581.393,82.397,109,0
164.904,t2_squeezenet,7656.161,86.209,109,0
164.934,t2_squeezenet,7650.310,29.617,109,0
165.016,t2_squeezenet,7523.117,82.507,109,0
165.103,t2_squeezenet,7608.580,87.044,110,0
165.134,t2_squeezenet,7632.077,30.344,109,0
165.216,t2_squeezenet,7709.758,82.589,109,0
165.302,t2_squeezenet,7764.034,85.466,110,0
165.343,t2_squeezenet,7679.835,40.952,110,0
165.409,t2_squeezenet,7704.021,65.911,110,0
165.495,t2_squeezenet,7768.187,85.931,110,0
165.524,t2_squeezenet,7737.765,29.264,110,0
165.607,t2_squeezenet,7610.188,83.188,111,0
165.638,t2_squeezenet,7528.780,30.818,111,0
165.723,t2_squeezenet,7518.427,84.583,114,0
165.805,t2_squeezenet,7587.657,82.681,114,0
165.835,t2_squeezenet,7582.296,29.742,114,0
165.920,t2_squeezenet,7494.108,84.647,114,0
166.004,t2_squeezenet,7528.932,84.222,113,0
166.035,t2_squeezenet,7476.942,30.655,112,0
166.120,t2_squeezenet,7250.290,84.854,111,0
166.202,t2_squeezenet,7150.183,82.109,110,0
166.232,t2_squeezenet,7065.087,29.930,109,0
166.322,t2_squeezenet,7126.847,90.220,109,0
166.398,t2_squeezenet,7132.262,76.235,109,0
166.428,t2_squeezenet,7125.362,29.371,111,0
166.512,t2_squeezenet,7019.429,84.836,111,0
166.596,t2_squeezenet,7081.325,83.385,111,0
166.626,t2_squeezenet,7039.310,29.748,111,0
166.712,t2_squeezenet,7093.313,86.451,114,0
166.794,t2_squeezenet,7149.448,82.210,116,0
166.824,t2_squeezenet,7088.806,29.395,116,0
166.909,t2_squeezenet,7161.165,85.346,118,0
166.942,t2_squeezenet,7159.304,32.685,117,0
167.022,t2_squeezenet,7193.073,80.440,118,0
167.109,t2_squeezenet,7106.028,86.173,120,0
167.140,t2_squeezenet,7127.750,30.923,119,0
167.220,t2_squeezenet,7163.652,80.564,119,0
167.307,t2_squeezenet,7210.880,86.632,118,0
167.347,t2_squeezenet,7238.914,39.993,117,0
167.408,t2_squeezenet,7291.690,61.487,116,0
167.494,t2_squeezenet,7327.084,85.317,118,0
167.523,t2_squeezenet,7281.703,29.285,118,0
167.607,t2_squeezenet,7301.006,84.153,120,0
167.638,t2_squeezenet,7299.958,30.360,120,0
167.722,t2_squeezenet,7372.196,84.431,122,0
167.805,t2_squeezenet,7407.944,82.494,121,0
167.835,t2_squeezenet,7366.404,30.636,121,0
167.917,t2_squeezenet,7356.861,82.033,122,0
168.001,t2_squeezenet,7417.189,83.433,122,0
168.030,t2_squeezenet,7359.960,29.605,122,0
168.116,t2_squeezenet,7345.526,85.323,122,0
168.199,t2_squeezenet,7268.572,83.263,121,0
168.229,t2_squeezenet,7130.936,29.737,120,0
168.312,t2_squeezenet,7158.544,83.221,119,0
168.353,t2_squeezenet,7198.276,41.267,119,0
168.419,t2_squeezenet,7152.293,65.114,120,0
168.505,t2_squeezenet,7212.469,86.496,120,0
168.535,t2_squeezenet,7125.883,30.098,119,0
168.619,t2_squeezenet,7124.435,83.554,119,0
168.705,t2_squeezenet,7178.712,85.759,120,0
168.735,t2_squeezenet,7206.847,30.275,120,0
168.817,t2_squeezenet,7203.068,82.161,120,0
168.903,t2_squeezenet,7288.144,85.974,120,0
168.933,t2_squeezenet,7244.136,29.685,119,0
169.015,t2_squeezenet,7256.096,82.452,119,0
169.102,t2_squeezenet,7331.664,86.595,121,0
169.132,t2_squeezenet,7355.813,29.917,120,0
169.214,t2_squeezenet,7380.506,81.740,120,0
169.299,t2_squeezenet,7461.133,85.634,120,0
169.336,t2_squeezenet,7432.966,36.439,119,0
169.403,t2_squeezenet,7456.181,67.731,118,0
169.434,t2_squeezenet,7398.857,30.630,117,0
169.519,t2_squeezenet,7411.324,84.979,118,0
169.602,t2_squeezenet,7391.272,83.133,118,0
169.632,t2_squeezenet,7279.342,29.986,119,0
169.718,t2_squeezenet,7325.887,85.323,119,0
169.801,t2_squeezenet,7389.465,83.153,121,0
169.830,t2_squeezenet,7355.708,29.634,120,0
169.914,t2_squeezenet,7411.983,83.923,121,0
169.998,t2_squeezenet,7478.327,83.786,121,0
170.028,t2_squeezenet,7479.956,29.639,120,0
170.114,t2_squeezenet,7472.998,85.916,119,0
170.197,t2_squeezenet,7419.779,82.806,119,0
170.226,t2_squeezenet,7380.551,29.616,119,0
170.310,t2_squeezenet,7445.015,84.054,120,0
170.350,t2_squeezenet,7443.377,39.656,119,0
170.414,t2_squeezenet,7307.825,64.350,119,0
170.497,t2_squeezenet,7362.664,82.920,118,0
170.527,t2_squeezenet,7224.533,29.384,117,0
170.613,t2_squeezenet,7119.788,85.983,117,0
170.698,t2_squeezenet,7155.127,85.608,118,0
170.728,t2_squeezenet,7147.287,29.410,117,0
170.811,t2_squeezenet,7150.646,83.431,117,0
170.898,t2_squeezenet,7189.506,86.674,119,0
170.928,t2_squeezenet,7156.123,29.827,119,0
171.009,t2_squeezenet,7193.004,81.537,121,0
171.095,t2_squeezenet,7031.722,85.196,120,0
171.124,t2_squeezenet,6932.238,29.341,120,0
171.208,t2_squeezenet,6960.601,83.651,121,0
171.293,t2_squeezenet,7018.950,85.300,121,0
171.326,t2_squeezenet,7019.710,32.883,120,0
171.403,t2_squeezenet,6998.194,76.975,119,0
171.433,t2_squeezenet,6997.367,30.143,118,0
171.516,t2_squeezenet,7044.316,82.766,118,0
171.602,t2_squeezenet,7128.600,85.709,122,0
171.631,t2_squeezenet,7094.414,29.555,121,0
171.716,t2_squeezenet,7138.723,84.944,123,0
171.800,t2_squeezenet,7143.372,84.203,123,0
171.830,t2_squeezenet,7149.782,29.915,122,0
171.916,t2_squeezenet,7055.763,85.606,124,0
171.998,t2_squeezenet,7065.595,82.099,123,0
172.028,t2_squeezenet,7084.212,29.645,122,0
172.113,t2_squeezenet,7092.433,85.559,121,0
172.197,t2_squeezenet,7104.855,83.784,120,0
172.227,t2_squeezenet,7084.576,29.365,119,0
172.313,t2_squeezenet,7092.602,86.171,119,0
172.357,t2_squeezenet,7064.537,44.344,118,0
172.417,t2_squeezenet,7091.726,59.476,119,0
172.503,t2_squeezenet,7107.065,86.702,118,0
172.533,t2_squeezenet,7058.083,29.687,118,0
172.615,t2_squeezenet,7118.403,81.719,117,0
172.701,t2_squeezenet,7145.387,86.156,119,0
172.731,t2_squeezenet,7156.611,30.081,119,0
172.815,t2_squeezenet,7178.233,84.179,120,0
172.898,t2_squeezenet,7240.325,82.438,119,0
172.927,t2_squeezenet,7268.492,29.541,118,0
173.010,t2_squeezenet,7347.303,82.456,119,0
173.096,t2_squeezenet,7394.863,86.049,118,0
173.125,t2_squeezenet,7367.443,29.234,117,0
173.208,t2_squeezenet,7387.158,82.870,117,0
173.240,t2_squeezenet,7392.708,31.315,117,0
173.325,t2_squeezenet,7030.665,85.121,118,0
173.394,t2_squeezenet,7070.329,69.018,117,0
173.423,t2_squeezenet,7016.713,29.309,117,0
173.509,t2_squeezenet,7095.209,85.471,117,0
173.540,t2_squeezenet,7113.131,31.195,116,0
173.621,t2_squeezenet,7150.350,81.493,116,0
173.708,t2_squeezenet,7141.441,86.853,117,0
173.739,t2_squeezenet,7133.030,30.941,116,0
173.820,t2_squeezenet,7158.249,81.281,117,0
173.904,t2_squeezenet,7230.595,83.191,118,0
173.934,t2_squeezenet,7254.541,30.520,118,0
174.017,t2_squeezenet,7308.185,82.498,119,0
174.102,t2_squeezenet,7388.458,85.456,119,0
174.133,t2_squeezenet,7405.348,30.235,119,0
174.215,t2_squeezenet,7475.468,82.075,122,0
174.301,t2_squeezenet,7486.113,86.381,122,0
174.337,t2_squeezenet,7495.652,35.892,122,0
174.405,t2_squeezenet,7553.821,67.663,122,0
174.435,t2_squeezenet,7571.009,30.649,122,0
174.520,t2_squeezenet,7526.914,84.592,121,0
174.605,t2_squeezenet,7593.045,84.824,120,0
174.634,t2_squeezenet,7595.627,29.632,120,0
174.719,t2_squeezenet,7657.279,84.706,119,0
174.803,t2_squeezenet,7708.695,83.343,121,0
174.833,t2_squeezenet,7673.528,30.382,121,0
174.918,t2_squeezenet,7484.269,85.002,121,0
175.001,t2_squeezenet,7533.923,82.482,121,0
175.030,t2_squeezenet,7558.662,29.860,120,0
175.116,t2_squeezenet,7603.006,85.491,121,0
175.199,t2_squeezenet,7627.783,82.829,122,0
175.228,t2_squeezenet,7637.368,29.331,121,0
175.314,t2_squeezenet,7711.488,86.119,120,0
175.357,t2_squeezenet,7722.327,42.573,119,0
175.420,t2_squeezenet,7764.228,62.917,119,0
175.503,t2_squeezenet,7840.580,83.421,121,0
175.533,t2_squeezenet,7815.677,29.476,121,0
175.618,t2_squeezenet,7792.767,85.370,122,0
175.705,t2_squeezenet,7858.711,86.664,122,0
175.735,t2_squeezenet,7875.621,30.479,121,0
175.817,t2_squeezenet,7881.525,81.738,120,0
175.903,t2_squeezenet,7878.088,85.796,120,0
175.933,t2_squeezenet,7895.682,30.282,119,0
176.016,t2_squeezenet,7671.783,82.987,120,0
176.103,t2_squeezenet,7723.610,86.711,121,0
176.132,t2_squeezenet,7749.210,29.454,121,0
176.214,t2_squeezenet,7709.714,81.872,121,0
176.301,t2_squeezenet,7701.525,86.601,122,0
176.339,t2_squeezenet,7702.813,37.792,122,0
176.408,t2_squeezenet,7769.082,68.754,122,0
176.438,t2_squeezenet,7716.894,30.325,121,0
176.520,t2_squeezenet,7744.274,81.503,120,0
176.606,t2_squeezenet,7787.104,86.147,119,0
176.636,t2_squeezenet,7659.639,30.544,118,0
176.719,t2_squeezenet,7692.426,83.024,117,0
176.805,t2_squeezenet,7749.116,85.381,117,0
176.835,t2_squeezenet,7749.220,30.599,116,0
176.921,t2_squeezenet,7784.230,85.140,119,0
177.006,t2_squeezenet,7756.287,85.648,120,0
177.037,t2_squeezenet,7543.852,30.639,120,0
177.122,t2_squeezenet,7628.880,85.124,121,0
177.212,t2_squeezenet,7677.649,90.031,120,0
177.295,t2_squeezenet,7688.670,82.757,119,0
177.331,t2_squeezenet,7720.200,35.885,118,0
177.399,t2_squeezenet,7701.880,68.078,118,0
177.428,t2_squeezenet,7692.190,29.460,118,0
177.513,t2_squeezenet,7771.538,84.937,117,0
177.600,t2_squeezenet,7848.079,86.386,118,0
177.630,t2_squeezenet,7788.018,29.818,118,0
177.713,t2_squeezenet,7868.007,83.784,117,0
177.799,t2_squeezenet,7884.450,85.455,119,0
177.829,t2_squeezenet,7666.984,30.086,118,0
177.914,t2_squeezenet,7701.333,85.401,118,0
178.001,t2_squeezenet,7766.489,86.045,118,0
178.030,t2_squeezenet,7784.467,29.592,117,0
178.113,t2_squeezenet,7698.699,82.329,118,0
178.199,t2_squeezenet,7603.787,85.997,120,0
178.228,t2_squeezenet,7593.987,29.786,119,0
178.315,t2_squeezenet,7674.193,86.592,119,0
178.359,t2_squeezenet,7614.987,43.534,118,0
178.420,t2_squeezenet,7603.548,61.311,118,0
178.503,t2_squeezenet,7660.620,83.497,119,0
178.534,t2_squeezenet,7683.713,30.271,118,0
178.620,t2_squeezenet,7703.998,85.729,118,0
178.706,t2_squeezenet,7761.931,86.394,120,0
178.736,t2_squeezenet,7788.340,30.379,119,0
178.819,t2_squeezenet,7854.130,82.639,119,0
178.905,t2_squeezenet,7784.506,86.237,120,0
178.935,t2_squeezenet,7776.278,29.549,119,0
179.017,t2_squeezenet,7855.636,82.534,118,0
179.105,t2_squeezenet,7821.823,87.081,117,0
179.135,t2_squeezenet,7630.990,30.379,117,0
179.218,t2_squeezenet,7676.984,83.035,118,0
179.304,t2_squeezenet,7738.783,85.605,117,0
179.344,t2_squeezenet,7766.724,40.649,116,0
179.410,t2_squeezenet,7829.640,65.991,118,0
179.497,t2_squeezenet,7903.251,86.136,117,0
179.526,t2_squeezenet,7852.215,29.220,117,0
179.611,t2_squeezenet,7905.641,85.354,117,0
179.694,t2_squeezenet,7982.160,83.257,116,0
179.724,t2_squeezenet,7930.657,29.456,115,0
179.810,t2_squeezenet,7945.584,86.121,120,0
179.895,t2_squeezenet,8014.075,85.039,121,0
179.925,t2_squeezenet,8032.833,29.452,120,0
180.011,t2_squeezenet,7736.277,86.049,120,0
180.095,t2_squeezenet,7701.957,84.285,121,0
180.124,t2_squeezenet,7723.118,29.198,120,0
180.209,t2_squeezenet,7687.964,85.051,120,0
180.295,t2_squeezenet,7678.807,85.687,121,0
180.330,t2_squeezenet,7673.822,34.951,122,0
180.403,t2_squeezenet,7708.853,72.520,121,0
180.432,t2_squeezenet,7704.467,29.446,120,0
180.517,t2_squeezenet,7759.403,84.506,119,0
180.599,t2_squeezenet,7784.497,82.860,118,0
180.629,t2_squeezenet,7671.740,29.829,117,0
180.715,t2_squeezenet,7748.445,85.951,117,0
180.798,t2_squeezenet,7598.299,82.265,117,0
180.827,t2_squeezenet,7598.965,29.458,116,0
180.913,t2_squeezenet,7662.405,85.855,118,0
180.996,t2_squeezenet,7736.211,83.264,119,0
181.026,t2_squeezenet,7628.417,29.262,118,0
181.111,t2_squeezenet,7674.077,85.180,119,0
181.193,t2_squeezenet,7588.369,82.582,120,0
181.223,t2_squeezenet,7587.792,29.622,122,0
181.310,t2_squeezenet,7671.383,86.684,124,0
181.351,t2_squeezenet,7587.005,40.886,124,0
181.414,t2_squeezenet,7627.229,62.871,126,0
181.499,t2_squeezenet,7631.670,85.426,126,0
181.529,t2_squeezenet,7660.021,29.847,126,0
181.614,t2_squeezenet,7693.964,85.626,128,0
181.698,t2_squeezenet,7696.095,83.104,128,0
181.727,t2_squeezenet,7717.359,29.434,127,0
181.812,t2_squeezenet,7733.248,85.266,129,0
181.899,t2_squeezenet,7774.192,86.331,130,0
181.928,t2_squeezenet,7780.849,29.610,129,0
182.013,t2_squeezenet,7849.478,84.980,130,0
182.096,t2_squeezenet,7900.473,82.366,130,0
182.125,t2_squeezenet,7925.849,29.529,130,0
182.212,t2_squeezenet,7939.717,86.310,131,0
182.297,t2_squeezenet,7994.612,85.243,131,0
182.364,t2_squeezenet,7970.613,66.679,131,0
182.424,t2_squeezenet,7999.255,60.343,131,0
182.491,t2_squeezenet,7881.596,66.604,132,0
182.544,t2_squeezenet,7807.381,53.577,131,0
182.607,t2_squeezenet,7869.768,62.781,130,0
182.665,t2_squeezenet,7905.797,57.536,130,0
182.727,t2_squeezenet,7895.644,62.113,131,0
182.783,t2_squeezenet,7930.248,56.195,131,0
182.839,t2_squeezenet,7905.356,55.657,132,0
182.889,t2_squeezenet,7818.661,49.637,133,0
182.934,t2_squeezenet,7845.471,45.393,132,0
182.978,t2_squeezenet,7857.827,43.773,131,0
183.020,t2_squeezenet,7832.910,42.297,130,0
183.064,t2_squeezenet,7649.247,43.870,130,0
183.110,t2_squeezenet,7655.843,46.142,129,0
183.156,t2_squeezenet,7674.411,45.083,128,0
183.197,t2_squeezenet,7706.948,41.699,128,0
183.240,t2_squeezenet,7726.456,43.107,130,0
183.286,t2_squeezenet,7736.706,45.221,130,0
183.331,t2_squeezenet,7773.299,44.988,132,0
183.372,t2_squeezenet,7729.067,41.048,133,0
183.416,t2_squeezenet,7528.583,43.675,132,0
183.462,t2_squeezenet,7521.620,45.935,131,0
183.508,t2_squeezenet,7552.441,46.182,131,0
183.550,t2_squeezenet,7511.578,42.157,130,0
183.593,t2_squeezenet,7525.621,42.513,129,0
183.636,t2_squeezenet,7510.047,43.189,129,0
183.681,t2_squeezenet,7467.513,45.569,129,0
183.724,t2_squeezenet,7507.297,43.047,128,0
183.764,t2_squeezenet,7473.602,39.798,128,0
183.809,t2_squeezenet,7494.489,44.308,130,0
183.855,t2_squeezenet,7462.012,46.340,131,0
183.900,t2_squeezenet,7161.859,45.125,131,0
183.943,t2_squeezenet,7088.253,42.291,130,0
183.987,t2_squeezenet,7126.919,44.378,131,0
184.032,t2_squeezenet,7169.716,45.458,130,0
184.078,t2_squeezenet,7176.044,45.996,130,0
184.120,t2_squeezenet,7170.912,41.013,131,0
184.162,t2_squeezenet,7177.696,42.278,130,0
184.207,t2_squeezenet,7189.959,45.437,130,0
184.252,t2_squeezenet,7207.271,44.381,129,0
184.294,t2_squeezenet,7180.801,42.413,128,0
184.337,t2_squeezenet,6944.322,43.017,127,0
184.382,t2_squeezenet,6965.830,44.925,128,0
184.429,t2_squeezenet,6892.988,46.166,128,0
184.472,t2_squeezenet,6910.059,43.622,129,0
184.514,t2_squeezenet,6895.641,41.683,128,0
184.557,t2_squeezenet,6840.388,43.205,127,0
184.601,t2_squeezenet,6852.931,44.313,126,0
184.647,t2_squeezenet,6895.909,45.012,125,0
184.686,t2_squeezenet,6836.786,39.511,124,0
184.729,t2_squeezenet,6737.471,42.849,124,0
184.774,t2_squeezenet,6737.617,45.261,125,0
184.820,t2_squeezenet,6776.770,45.665,125,0
184.862,t2_squeezenet,6705.739,41.737,125,0
184.905,t2_squeezenet,6748.234,43.648,127,0
184.950,t2_squeezenet,6785.755,44.348,126,0
184.996,t2_squeezenet,6751.564,45.752,125,0
185.038,t2_squeezenet,6631.292,42.052,124,0
