t_s,tenant,latency_ms,service_ms,qdepth,warmup
0.162,t2_squeezenet,43.975,43.082,1,1
0.208,t2_squeezenet,80.405,45.855,1,1
0.254,t2_squeezenet,54.954,46.659,0,1
0.333,t2_squeezenet,44.391,43.473,0,1
0.410,t2_squeezenet,51.007,46.059,2,1
0.452,t2_squeezenet,68.871,42.627,2,1
0.493,t2_squeezenet,98.018,40.998,2,1
0.534,t2_squeezenet,119.979,40.041,1,1
0.578,t2_squeezenet,91.012,44.770,0,1
0.767,t2_squeezenet,41.631,36.962,0,1
0.808,t2_squeezenet,33.839,30.614,0,1
0.849,t2_squeezenet,39.245,35.444,1,1
0.892,t2_squeezenet,67.524,43.592,4,1
0.937,t2_squeezenet,69.922,45.182,4,1
0.980,t2_squeezenet,108.580,42.787,5,1
1.013,t2_squeezenet,128.666,32.797,4,1
1.053,t2_squeezenet,161.052,39.387,4,1
1.092,t2_squeezenet,157.163,39.171,3,1
1.124,t2_squeezenet,164.118,31.908,4,1
1.164,t2_squeezenet,203.887,40.545,4,1
1.208,t2_squeezenet,186.963,44.208,3,1
1.254,t2_squeezenet,146.463,45.445,2,1
1.299,t2_squeezenet,187.445,45.189,1,1
1.341,t2_squeezenet,200.642,41.384,0,1
1.399,t2_squeezenet,46.477,43.551,0,1
1.451,t2_squeezenet,51.331,46.304,0,1
1.505,t2_squeezenet,47.149,43.950,2,1
1.547,t2_squeezenet,44.540,41.996,2,1
1.598,t2_squeezenet,94.326,50.607,1,1
1.655,t2_squeezenet,115.709,57.028,0,1
1.794,t2_squeezenet,60.740,59.850,2,1
1.850,t2_squeezenet,116.260,56.066,2,1
1.907,t2_squeezenet,147.367,57.237,4,1
1.961,t2_squeezenet,163.377,53.333,3,1
2.013,t2_squeezenet,160.045,51.992,3,1
2.065,t2_squeezenet,201.897,52.622,2,1
2.126,t2_squeezenet,232.516,60.973,1,1
2.183,t2_squeezenet,208.643,56.351,1,1
2.237,t2_squeezenet,75.951,54.384,1,1
2.295,t2_squeezenet,71.587,58.110,1,1
2.351,t2_squeezenet,70.148,55.887,3,1
2.419,t2_squeezenet,106.557,67.300,2,1
2.472,t2_squeezenet,138.780,53.670,1,1
2.527,t2_squeezenet,190.906,54.426,0,1
2.600,t2_squeezenet,57.535,53.130,1,1
2.659,t2_squeezenet,61.397,58.850,0,1
2.768,t2_squeezenet,55.892,52.630,1,1
2.825,t2_squeezenet,90.902,57.212,1,1
2.881,t2_squeezenet,58.725,56.184,0,1
3.073,t2_squeezenet,36.506,34.619,0,1
3.133,t2_squeezenet,51.100,48.979,1,1
3.186,t2_squeezenet,68.659,53.009,0,1
3.260,t2_squeezenet,36.318,33.576,0,1
3.311,t2_squeezenet,37.908,36.260,0,1
3.423,t2_squeezenet,53.519,50.741,2,1
3.478,t2_squeezenet,96.558,54.639,2,1
3.535,t2_squeezenet,132.227,56.996,2,1
3.587,t2_squeezenet,118.230,52.632,2,1
3.637,t2_squeezenet,139.889,49.941,2,1
3.692,t2_squeezenet,125.236,54.870,3,1
3.747,t2_squeezenet,112.868,54.461,3,1
3.803,t2_squeezenet,159.754,56.444,3,1
3.856,t2_squeezenet,201.690,52.965,3,1
3.909,t2_squeezenet,177.735,52.793,3,1
3.966,t2_squeezenet,210.060,56.362,3,1
4.023,t2_squeezenet,200.771,57.629,3,1
4.078,t2_squeezenet,212.334,54.961,3,1
4.127,t2_squeezenet,189.066,48.966,4,1
4.170,t2_squeezenet,201.639,43.177,4,1
4.201,t2_squeezenet,126.951,30.890,5,1
4.278,t2_squeezenet,191.494,76.682,4,1
4.309,t2_squeezenet,196.021,30.530,3,1
4.386,t2_squeezenet,231.289,77.738,4,1
4.460,t2_squeezenet,288.274,73.761,4,1
4.489,t2_squeezenet,302.002,29.251,4,1
4.567,t2_squeezenet,207.311,77.602,5,1
4.596,t2_squeezenet,228.963,29.193,4,1
4.677,t2_squeezenet,216.779,80.216,5,1
4.708,t2_squeezenet,237.434,31.097,6,1
4.783,t2_squeezenet,291.950,75.269,5,1
4.865,t2_squeezenet,305.474,82.243,4,1
4.895,t2_squeezenet,285.683,29.429,4,1
4.973,t2_squeezenet,313.436,78.483,3,1
5.003,t2_squeezenet,322.570,30.252,2,1
5.089,t2_squeezenet,383.184,85.319,3,1
5.163,t2_squeezenet,286.693,73.806,3,1
5.192,t2_squeezenet,178.923,29.289,3,1
5.275,t2_squeezenet,228.472,82.979,3,1
5.307,t2_squeezenet,147.292,32.041,3,1
5.388,t2_squeezenet,197.773,80.695,3,1
5.472,t2_squeezenet,218.388,83.662,2,1
5.501,t2_squeezenet,204.601,29.529,1,1
5.584,t2_squeezenet,216.911,82.755,2,1
5.668,t2_squeezenet,162.719,83.896,3,1
5.698,t2_squeezenet,120.302,30.274,3,1
5.780,t2_squeezenet,161.090,81.458,2,1
5.810,t2_squeezenet,167.295,30.433,3,1
5.888,t2_squeezenet,201.074,77.519,4,1
5.968,t2_squeezenet,180.937,80.858,6,1
5.998,t2_squeezenet,187.696,29.013,6,1
6.080,t2_squeezenet,229.085,82.170,7,1
6.114,t2_squeezenet,233.929,33.868,6,1
6.182,t2_squeezenet,282.924,67.938,6,1
6.266,t2_squeezenet,359.051,84.242,7,1
6.295,t2_squeezenet,359.041,29.052,7,1
6.379,t2_squeezenet,392.296,84.127,8,1
6.409,t2_squeezenet,381.595,29.437,7,1
6.489,t2_squeezenet,434.251,80.018,7,1
6.573,t2_squeezenet,413.595,84.750,9,1
6.602,t2_squeezenet,390.172,29.078,9,1
6.686,t2_squeezenet,454.628,83.935,9,1
6.773,t2_squeezenet,486.506,86.855,10,1
6.803,t2_squeezenet,466.567,30.012,9,1
6.886,t2_squeezenet,528.214,82.445,9,1
6.972,t2_squeezenet,544.946,86.569,8,1
7.002,t2_squeezenet,487.114,29.346,9,1
7.089,t2_squeezenet,571.332,86.874,9,1
7.164,t2_squeezenet,633.821,74.945,9,1
7.198,t2_squeezenet,621.153,33.865,9,1
7.282,t2_squeezenet,605.029,84.774,12,1
7.369,t2_squeezenet,616.681,86.270,11,1
7.399,t2_squeezenet,629.028,30.247,11,1
7.485,t2_squeezenet,633.265,85.792,13,1
7.571,t2_squeezenet,587.003,86.301,14,1
7.601,t2_squeezenet,613.409,29.950,17,1
7.686,t2_squeezenet,665.073,85.105,16,1
7.773,t2_squeezenet,664.553,86.502,15,1
7.803,t2_squeezenet,628.468,30.024,14,1
7.887,t2_squeezenet,677.399,84.563,13,1
7.974,t2_squeezenet,703.352,86.404,14,1
8.060,t2_squeezenet,786.366,86.450,16,1
8.095,t2_squeezenet,814.809,34.334,15,1
8.173,t2_squeezenet,782.939,78.460,14,1
8.203,t2_squeezenet,797.519,29.729,13,1
8.287,t2_squeezenet,854.411,84.428,14,1
8.377,t2_squeezenet,927.085,89.561,16,1
8.463,t2_squeezenet,919.029,86.005,17,1
8.492,t2_squeezenet,932.388,29.045,17,1
8.580,t2_squeezenet,1000.201,87.955,17,1
8.664,t2_squeezenet,1072.582,84.210,21,1
8.693,t2_squeezenet,1097.157,29.047,20,1
8.778,t2_squeezenet,1178.791,84.749,22,1
8.866,t2_squeezenet,966.861,87.978,23,1
8.895,t2_squeezenet,971.962,29.062,22,1
8.979,t2_squeezenet,995.874,84.017,21,1
9.068,t2_squeezenet,1057.265,88.322,21,1
9.100,t2_squeezenet,1066.627,32.777,20,1
9.172,t2_squeezenet,912.611,71.945,22,1
9.260,t2_squeezenet,985.225,88.020,24,1
9.290,t2_squeezenet,956.193,29.134,23,1
9.374,t2_squeezenet,1037.978,84.205,22,1
9.462,t2_squeezenet,1098.649,88.576,22,1
9.492,t2_squeezenet,1082.174,29.520,22,1
9.581,t2_squeezenet,1121.810,88.722,23,1
9.667,t2_squeezenet,1195.557,86.362,22,1
9.697,t2_squeezenet,1159.472,30.199,21,1
9.786,t2_squeezenet,1202.018,88.653,20,1
9.874,t2_squeezenet,1240.558,88.070,19,1
9.903,t2_squeezenet,1259.942,29.047,18,1
9.987,t2_squeezenet,1339.515,84.072,18,1
10.076,t2_squeezenet,1412.852,88.616,19,1
10.113,t2_squeezenet,1400.192,36.635,23,1
10.183,t2_squeezenet,1470.134,70.749,25,1
10.272,t2_squeezenet,1553.825,88.991,25,1
10.303,t2_squeezenet,1498.626,30.586,24,1
10.387,t2_squeezenet,1556.252,84.249,25,1
10.477,t2_squeezenet,1420.457,89.540,27,1
10.565,t2_squeezenet,1445.426,88.557,27,1
10.595,t2_squeezenet,1423.681,29.565,26,1
10.681,t2_squeezenet,1508.721,86.039,27,1
10.771,t2_squeezenet,1558.476,90.168,26,1
10.860,t2_squeezenet,1617.580,88.948,26,1
10.890,t2_squeezenet,1643.787,29.494,25,1
10.975,t2_squeezenet,1549.561,85.528,27,1
11.065,t2_squeezenet,1601.686,89.589,29,1
11.101,t2_squeezenet,1608.292,35.739,30,1
11.175,t2_squeezenet,1650.045,74.405,29,1
11.204,t2_squeezenet,1230.356,29.135,29,1
11.288,t2_squeezenet,1265.515,84.157,28,1
11.377,t2_squeezenet,1308.451,88.923,29,1
11.467,t2_squeezenet,1389.660,89.285,28,1
11.497,t2_squeezenet,1417.269,30.240,27,1
11.586,t2_squeezenet,1501.951,88.733,28,1
11.675,t2_squeezenet,1587.040,88.929,32,1
11.764,t2_squeezenet,1658.197,89.212,34,1
11.794,t2_squeezenet,1655.208,29.914,33,1
11.883,t2_squeezenet,1735.449,89.052,35,1
11.972,t2_squeezenet,1803.125,88.975,35,1
12.061,t2_squeezenet,1812.443,88.959,34,1
12.099,t2_squeezenet,1763.050,38.032,34,1
12.179,t2_squeezenet,1802.180,79.732,37,1
12.268,t2_squeezenet,1862.128,89.654,40,1
12.361,t2_squeezenet,1950.862,92.404,42,1
12.390,t2_squeezenet,1969.682,29.284,42,1
12.480,t2_squeezenet,1929.791,89.729,44,1
12.570,t2_squeezenet,1969.333,90.075,44,1
12.663,t2_squeezenet,2048.597,92.919,45,1
12.692,t2_squeezenet,1835.270,29.364,44,1
12.781,t2_squeezenet,1891.187,88.813,44,1
12.871,t2_squeezenet,1948.866,89.552,44,1
12.964,t2_squeezenet,2013.313,93.113,45,1
12.993,t2_squeezenet,1985.981,29.294,45,1
13.086,t2_squeezenet,2066.239,92.889,45,1
13.168,t2_squeezenet,2107.408,82.070,45,1
13.262,t2_squeezenet,2181.412,93.236,45,1
13.291,t2_squeezenet,2207.413,29.377,44,1
13.380,t2_squeezenet,2194.825,89.111,44,1
13.473,t2_squeezenet,2151.398,92.769,47,1
13.562,t2_squeezenet,2207.989,89.150,46,1
13.592,t2_squeezenet,2035.663,29.745,46,1
13.684,t2_squeezenet,2113.391,92.461,48,1
13.773,t2_squeezenet,2150.655,88.795,48,1
13.866,t2_squeezenet,2234.571,92.642,50,1
13.896,t2_squeezenet,2260.979,29.825,49,1
13.988,t2_squeezenet,2338.079,91.882,49,1
14.080,t2_squeezenet,2426.809,92.022,50,1
14.159,t2_squeezenet,2472.611,79.132,50,1
14.194,t2_squeezenet,2487.680,34.913,50,1
14.286,t2_squeezenet,2539.366,92.379,51,1
14.380,t2_squeezenet,2575.979,93.786,51,1
14.473,t2_squeezenet,2626.368,92.667,50,1
14.562,t2_squeezenet,2681.614,88.830,51,1
14.591,t2_squeezenet,2691.095,29.325,50,1
14.684,t2_squeezenet,2614.585,92.560,50,1
14.777,t2_squeezenet,2677.435,93.301,49,1
14.870,t2_squeezenet,2747.059,92.689,50,1
14.963,t2_squeezenet,2799.089,92.971,55,1
14.993,t2_squeezenet,2828.792,29.945,54,1
15.084,t2_squeezenet,2875.642,91.687,54,1
15.172,t2_squeezenet,2959.358,87.290,54,1
15.264,t2_squeezenet,3016.494,92.566,53,1
15.294,t2_squeezenet,3045.390,29.763,52,1
15.386,t2_squeezenet,3117.034,92.255,53,1
15.480,t2_squeezenet,3198.667,93.553,54,1
15.573,t2_squeezenet,3218.864,92.708,54,1
15.665,t2_squeezenet,3279.696,92.669,54,1
15.695,t2_squeezenet,3294.148,29.851,53,1
15.787,t2_squeezenet,3338.636,92.117,54,1
15.881,t2_squeezenet,3413.000,93.939,56,1
15.974,t2_squeezenet,3469.010,92.834,56,1
16.067,t2_squeezenet,3488.339,93.100,57,1
16.106,t2_squeezenet,3482.269,38.259,56,1
16.183,t2_squeezenet,3487.421,77.409,56,1
16.280,t2_squeezenet,3426.625,96.600,61,1
16.372,t2_squeezenet,3461.483,92.601,63,1
16.465,t2_squeezenet,3526.421,92.972,63,1
16.495,t2_squeezenet,3525.354,29.896,62,1
16.587,t2_squeezenet,3566.257,91.895,62,1
16.680,t2_squeezenet,3520.390,92.985,66,1
16.773,t2_squeezenet,3565.009,92.710,69,1
16.866,t2_squeezenet,3557.143,92.975,68,1
16.896,t2_squeezenet,3493.342,29.937,67,1
16.988,t2_squeezenet,3578.722,92.232,66,1
17.084,t2_squeezenet,3670.737,95.697,67,1
17.167,t2_squeezenet,3694.869,83.529,67,1
17.264,t2_squeezenet,3698.732,96.565,67,1
17.294,t2_squeezenet,3619.645,29.797,66,1
17.386,t2_squeezenet,3708.148,92.482,66,1
17.479,t2_squeezenet,3795.424,92.904,67,1
17.572,t2_squeezenet,3843.440,92.850,67,1
17.665,t2_squeezenet,3876.858,93.036,67,1
17.695,t2_squeezenet,3904.914,29.916,67,1
17.787,t2_squeezenet,3926.142,92.136,66,1
17.880,t2_squeezenet,3892.853,92.801,68,1
17.973,t2_squeezenet,3981.852,93.041,69,1
18.067,t2_squeezenet,4010.549,93.649,71,1
18.103,t2_squeezenet,4005.816,35.928,70,1
18.190,t2_squeezenet,4026.164,87.548,69,1
18.286,t2_squeezenet,4074.509,95.665,69,1
18.383,t2_squeezenet,4109.096,96.678,71,1
18.476,t2_squeezenet,4127.851,93.267,71,1
18.569,t2_squeezenet,4079.973,93.159,72,1
18.662,t2_squeezenet,4121.760,92.530,71,1
18.691,t2_squeezenet,4076.409,29.610,70,1
18.784,t2_squeezenet,3957.355,92.513,71,1
18.878,t2_squeezenet,4041.261,93.710,71,1
18.971,t2_squeezenet,4087.716,92.795,71,1
19.063,t2_squeezenet,4168.157,92.771,70,1
19.102,t2_squeezenet,4188.713,38.699,69,1
19.179,t2_squeezenet,4264.069,76.994,70,1
19.272,t2_squeezenet,4336.251,93.303,73,1
19.365,t2_squeezenet,4415.530,92.448,73,1
19.394,t2_squeezenet,4371.022,29.466,73,1
19.487,t2_squeezenet,4384.292,92.212,73,1
19.580,t2_squeezenet,4267.003,93.207,73,1
19.670,t2_squeezenet,4309.788,89.961,72,1
19.762,t2_squeezenet,4355.462,92.337,73,1
19.792,t2_squeezenet,4351.631,29.341,72,1
19.884,t2_squeezenet,4350.789,92.614,71,1
19.978,t2_squeezenet,4332.935,93.611,73,1
20.072,t2_squeezenet,4367.075,93.636,73,0
20.113,t2_squeezenet,4382.448,41.243,72,0
20.186,t2_squeezenet,4366.888,73.348,73,0
20.280,t2_squeezenet,4443.775,93.581,73,0
20.373,t2_squeezenet,4501.397,93.471,72,0
20.466,t2_squeezenet,4518.047,92.898,72,0
20.496,t2_squeezenet,4488.420,29.494,75,0
20.584,t2_squeezenet,4568.729,88.356,78,0
20.677,t2_squeezenet,4510.557,93.176,77,0
20.771,t2_squeezenet,4565.890,93.420,78,0
20.863,t2_squeezenet,4651.412,92.442,79,0
20.893,t2_squeezenet,4673.307,29.325,78,0
20.985,t2_squeezenet,4760.627,92.414,79,0
21.075,t2_squeezenet,4841.254,90.327,84,0
21.161,t2_squeezenet,4899.879,85.216,83,0
21.190,t2_squeezenet,4889.673,29.220,83,0
21.282,t2_squeezenet,4962.171,92.340,84,0
21.372,t2_squeezenet,5031.189,89.473,85,0
21.465,t2_squeezenet,5044.617,93.142,88,0
21.495,t2_squeezenet,4926.334,29.696,87,0
21.583,t2_squeezenet,4974.682,88.329,87,0
21.676,t2_squeezenet,5058.464,92.726,89,0
21.765,t2_squeezenet,5129.447,89.399,91,0
21.795,t2_squeezenet,5143.717,29.945,90,0
21.887,t2_squeezenet,5230.990,91.964,90,0
21.980,t2_squeezenet,5253.684,92.774,90,0
22.070,t2_squeezenet,5342.092,89.769,90,0
22.109,t2_squeezenet,5372.875,39.574,89,0
22.186,t2_squeezenet,5442.581,76.572,88,0
22.276,t2_squeezenet,5255.613,89.616,87,0
22.364,t2_squeezenet,5304.699,88.794,86,0
22.394,t2_squeezenet,5234.617,29.915,86,0
22.486,t2_squeezenet,5251.613,92.076,85,0
22.576,t2_squeezenet,5267.375,89.725,88,0
22.669,t2_squeezenet,5268.658,92.543,89,0
22.698,t2_squeezenet,5239.856,29.660,88,0
22.787,t2_squeezenet,5265.656,88.134,87,0
22.877,t2_squeezenet,5221.864,89.965,87,0
22.970,t2_squeezenet,5295.013,93.302,89,0
23.000,t2_squeezenet,5208.160,29.739,88,0
23.093,t2_squeezenet,5290.652,93.096,90,0
23.173,t2_squeezenet,5367.925,79.827,90,0
23.262,t2_squeezenet,5335.185,89.486,89,0
23.292,t2_squeezenet,5339.619,29.252,88,0
23.380,t2_squeezenet,5367.981,88.707,90,0
23.470,t2_squeezenet,5426.245,89.522,90,0
23.501,t2_squeezenet,5435.545,30.702,89,0
23.589,t2_squeezenet,5328.905,88.120,89,0
23.677,t2_squeezenet,5352.397,88.665,89,0
23.766,t2_squeezenet,5434.065,89.001,88,0
23.796,t2_squeezenet,5417.626,29.856,87,0
23.885,t2_squeezenet,5426.154,88.394,92,0
23.972,t2_squeezenet,5437.408,86.864,92,0
24.060,t2_squeezenet,5511.853,88.490,92,0
24.094,t2_squeezenet,5372.642,33.506,91,0
24.173,t2_squeezenet,5391.137,79.388,93,0
24.263,t2_squeezenet,5437.523,89.429,93,0
24.292,t2_squeezenet,5361.332,29.254,92,0
24.380,t2_squeezenet,5275.278,88.533,91,0
24.470,t2_squeezenet,5315.544,89.143,92,0
24.500,t2_squeezenet,5320.467,30.337,93,0
24.588,t2_squeezenet,5391.260,88.308,93,0
24.678,t2_squeezenet,5470.161,89.749,93,0
24.767,t2_squeezenet,5544.488,88.829,93,0
24.797,t2_squeezenet,5436.266,29.900,93,0
24.886,t2_squeezenet,5492.542,88.703,93,0
24.972,t2_squeezenet,5489.020,86.797,96,0
25.065,t2_squeezenet,5537.446,92.453,96,0
25.102,t2_squeezenet,5384.711,36.865,95,0
25.176,t2_squeezenet,5414.352,74.172,95,0
25.265,t2_squeezenet,5372.473,89.499,96,0
25.295,t2_squeezenet,5388.631,29.720,96,0
25.383,t2_squeezenet,5436.617,88.285,95,0
25.473,t2_squeezenet,5425.200,89.079,96,0
25.562,t2_squeezenet,5401.895,89.030,95,0
25.591,t2_squeezenet,5428.255,29.572,94,0
25.681,t2_squeezenet,5446.441,89.247,94,0
25.769,t2_squeezenet,5336.449,88.884,94,0
25.800,t2_squeezenet,5328.284,30.260,93,0
25.888,t2_squeezenet,5415.519,88.046,94,0
25.974,t2_squeezenet,5489.325,86.517,94,0
26.063,t2_squeezenet,5570.023,88.611,94,0
26.101,t2_squeezenet,5598.493,38.247,93,0
26.176,t2_squeezenet,5626.115,74.394,92,0
26.265,t2_squeezenet,5706.024,89.357,92,0
26.295,t2_squeezenet,5727.591,29.478,92,0
26.380,t2_squeezenet,5663.259,85.608,93,0
26.469,t2_squeezenet,5711.262,88.984,96,0
26.499,t2_squeezenet,5727.090,29.955,95,0
26.587,t2_squeezenet,5726.845,88.119,94,0
26.674,t2_squeezenet,5769.409,86.971,93,0
26.763,t2_squeezenet,5824.617,88.530,94,0
26.792,t2_squeezenet,5795.327,29.347,93,0
26.882,t2_squeezenet,5883.728,89.349,93,0
26.968,t2_squeezenet,5965.675,86.537,93,0
26.998,t2_squeezenet,5980.890,29.393,92,0
27.093,t2_squeezenet,6032.762,94.833,94,0
27.169,t2_squeezenet,6104.476,76.886,95,0
27.200,t2_squeezenet,6018.658,30.325,95,0
27.285,t2_squeezenet,6045.162,85.433,96,0
27.375,t2_squeezenet,6095.365,89.717,95,0
27.460,t2_squeezenet,6128.055,85.260,96,0
27.490,t2_squeezenet,6118.196,29.499,97,0
27.579,t2_squeezenet,6199.781,89.156,96,0
27.665,t2_squeezenet,6281.911,86.251,95,0
27.695,t2_squeezenet,6269.677,29.281,94,0
27.780,t2_squeezenet,6338.789,84.865,94,0
27.869,t2_squeezenet,6364.259,89.657,94,0
27.900,t2_squeezenet,6292.526,30.272,93,0
27.985,t2_squeezenet,6358.205,85.301,92,0
28.074,t2_squeezenet,6412.265,89.508,92,0
28.116,t2_squeezenet,6432.340,41.592,91,0
28.186,t2_squeezenet,6436.256,69.717,93,0
28.275,t2_squeezenet,6525.021,89.657,92,0
28.361,t2_squeezenet,6560.046,85.503,93,0
28.390,t2_squeezenet,6443.209,29.251,92,0
28.479,t2_squeezenet,6423.993,88.878,92,0
28.569,t2_squeezenet,6200.170,89.622,92,0
28.599,t2_squeezenet,6110.012,30.155,93,0
28.684,t2_squeezenet,6176.018,85.174,93,0
28.773,t2_squeezenet,6257.752,88.653,95,0
28.862,t2_squeezenet,6330.395,88.929,95,0
28.891,t2_squeezenet,6309.312,29.576,94,0
28.978,t2_squeezenet,6384.566,86.056,93,0
29.067,t2_squeezenet,6213.951,89.319,92,0
29.105,t2_squeezenet,6199.758,37.834,93,0
29.179,t2_squeezenet,6250.339,73.992,92,0
29.268,t2_squeezenet,6333.261,89.281,92,0
29.298,t2_squeezenet,6289.270,30.130,92,0
29.384,t2_squeezenet,6318.667,85.384,93,0
29.473,t2_squeezenet,6404.211,88.889,93,0
29.562,t2_squeezenet,6402.102,89.269,93,0
29.591,t2_squeezenet,6262.430,29.574,93,0
29.677,t2_squeezenet,6347.347,85.884,92,0
29.766,t2_squeezenet,6404.147,88.774,94,0
29.796,t2_squeezenet,6328.651,29.480,93,0
29.884,t2_squeezenet,6318.987,88.335,93,0
29.971,t2_squeezenet,6307.285,87.180,93,0
30.060,t2_squeezenet,6259.403,89.095,93,0
30.093,t2_squeezenet,6290.937,32.957,92,0
30.173,t2_squeezenet,6347.043,79.252,93,0
30.203,t2_squeezenet,6360.470,30.608,92,0
30.288,t2_squeezenet,6425.546,84.743,92,0
30.377,t2_squeezenet,6514.660,89.377,92,0
30.463,t2_squeezenet,6503.335,85.155,92,0
30.492,t2_squeezenet,6499.101,29.396,91,0
30.581,t2_squeezenet,6478.842,89.156,90,0
30.668,t2_squeezenet,6559.904,86.507,91,0
30.697,t2_squeezenet,6567.744,29.375,91,0
30.785,t2_squeezenet,6568.330,88.162,91,0
30.872,t2_squeezenet,6469.915,86.210,92,0
30.902,t2_squeezenet,6490.065,30.776,91,0
30.987,t2_squeezenet,6504.834,84.680,91,0
31.076,t2_squeezenet,6587.389,89.210,90,0
31.120,t2_squeezenet,6545.662,43.193,90,0
31.188,t2_squeezenet,6598.883,68.252,89,0
31.278,t2_squeezenet,6532.757,89.819,90,0
31.364,t2_squeezenet,6596.797,86.169,91,0
31.393,t2_squeezenet,6555.501,29.282,90,0
31.482,t2_squeezenet,6580.775,88.497,90,0
31.572,t2_squeezenet,6608.835,89.837,91,0
31.602,t2_squeezenet,6638.323,30.589,91,0
31.687,t2_squeezenet,6715.018,84.346,90,0
31.775,t2_squeezenet,6734.201,88.665,91,0
31.865,t2_squeezenet,6755.624,89.313,91,0
31.895,t2_squeezenet,6705.223,29.919,90,0
31.981,t2_squeezenet,6770.922,86.128,90,0
32.070,t2_squeezenet,6774.974,89.319,92,0
32.109,t2_squeezenet,6721.457,39.193,91,0
32.182,t2_squeezenet,6741.076,73.126,91,0
32.272,t2_squeezenet,6626.677,89.821,91,0
32.303,t2_squeezenet,6605.744,30.397,90,0
32.388,t2_squeezenet,6537.322,84.890,90,0
32.477,t2_squeezenet,6618.633,88.866,90,0
32.566,t2_squeezenet,6597.927,89.164,91,0
32.596,t2_squeezenet,6606.706,29.931,91,0
32.681,t2_squeezenet,6482.811,85.531,91,0
32.770,t2_squeezenet,6500.537,88.831,90,0
32.800,t2_squeezenet,6483.434,30.294,89,0
32.889,t2_squeezenet,6564.986,88.285,90,0
32.975,t2_squeezenet,6577.584,86.543,91,0
33.065,t2_squeezenet,6664.685,89.278,91,0
33.100,t2_squeezenet,6685.441,35.294,92,0
33.177,t2_squeezenet,6732.517,76.855,92,0
33.266,t2_squeezenet,6545.193,89.339,93,0
33.296,t2_squeezenet,6537.691,30.184,93,0
33.382,t2_squeezenet,6560.874,85.426,92,0
33.471,t2_squeezenet,6582.222,88.835,91,0
33.560,t2_squeezenet,6521.913,89.533,91,0
33.590,t2_squeezenet,6512.863,29.551,91,0
33.676,t2_squeezenet,6590.884,86.006,91,0
33.764,t2_squeezenet,6602.283,88.470,93,0
33.794,t2_squeezenet,6624.990,29.366,93,0
33.883,t2_squeezenet,6689.719,88.882,94,0
33.972,t2_squeezenet,6721.985,89.756,98,0
34.003,t2_squeezenet,6740.847,30.144,97,0
34.091,t2_squeezenet,6677.640,88.026,98,0
34.170,t2_squeezenet,6746.178,79.368,99,0
34.201,t2_squeezenet,6733.532,30.538,98,0
34.289,t2_squeezenet,6812.485,88.189,98,0
34.375,t2_squeezenet,6654.428,86.484,98,0
34.464,t2_squeezenet,6605.680,88.622,102,0
34.494,t2_squeezenet,6476.825,29.814,101,0
34.583,t2_squeezenet,6422.828,88.659,103,0
34.669,t2_squeezenet,6499.373,86.395,104,0
34.698,t2_squeezenet,6514.471,29.420,103,0
34.786,t2_squeezenet,6447.791,87.972,102,0
34.876,t2_squeezenet,6534.668,89.186,104,0
34.965,t2_squeezenet,6499.109,89.458,104,0
34.995,t2_squeezenet,6452.171,29.513,103,0
35.083,t2_squeezenet,6504.262,87.851,104,0
35.163,t2_squeezenet,6581.913,79.989,107,0
35.192,t2_squeezenet,6563.081,29.423,106,0
35.282,t2_squeezenet,6556.550,89.430,108,0
35.368,t2_squeezenet,6622.312,86.845,107,0
35.398,t2_squeezenet,6634.445,29.535,108,0
35.486,t2_squeezenet,6713.104,88.398,108,0
35.576,t2_squeezenet,6486.777,89.371,108,0
35.662,t2_squeezenet,6557.906,86.003,109,0
35.691,t2_squeezenet,6498.933,29.170,108,0
35.780,t2_squeezenet,6492.117,88.604,108,0
35.869,t2_squeezenet,6509.169,89.123,109,0
35.899,t2_squeezenet,6531.253,30.115,108,0
35.984,t2_squeezenet,6591.486,85.512,107,0
36.075,t2_squeezenet,6597.337,90.322,110,0
36.113,t2_squeezenet,6539.168,38.373,109,0
36.184,t2_squeezenet,6498.507,71.043,109,0
36.274,t2_squeezenet,6557.161,89.778,108,0
36.361,t2_squeezenet,6614.350,86.477,108,0
36.390,t2_squeezenet,6506.260,29.272,107,0
36.479,t2_squeezenet,6594.489,88.741,108,0
36.568,t2_squeezenet,6554.623,88.861,108,0
36.598,t2_squeezenet,6500.066,30.371,108,0
36.683,t2_squeezenet,6546.049,85.375,108,0
36.773,t2_squeezenet,6542.303,89.454,109,0
36.862,t2_squeezenet,6513.460,88.733,112,0
36.891,t2_squeezenet,6453.302,29.606,111,0
36.977,t2_squeezenet,6364.087,85.802,111,0
37.067,t2_squeezenet,6423.122,89.971,112,0
37.105,t2_squeezenet,6412.191,38.055,111,0
37.177,t2_squeezenet,6468.248,72.100,110,0
37.267,t2_squeezenet,6473.413,89.515,111,0
37.297,t2_squeezenet,6497.298,30.253,111,0
37.382,t2_squeezenet,6455.927,85.261,112,0
37.471,t2_squeezenet,6362.083,88.974,113,0
37.560,t2_squeezenet,6330.383,88.796,114,0
37.590,t2_squeezenet,6348.090,29.427,114,0
37.676,t2_squeezenet,6397.889,86.464,114,0
37.766,t2_squeezenet,6405.648,89.261,115,0
37.795,t2_squeezenet,6349.804,29.333,114,0
37.883,t2_squeezenet,6344.248,88.521,113,0
37.970,t2_squeezenet,6399.776,86.387,114,0
38.000,t2_squeezenet,6414.037,30.503,113,0
38.095,t2_squeezenet,6365.578,94.148,114,0
38.170,t2_squeezenet,6411.180,75.636,115,0
38.200,t2_squeezenet,6411.423,30.104,114,0
38.289,t2_squeezenet,6325.663,88.218,114,0
38.375,t2_squeezenet,6353.777,86.077,114,0
38.464,t2_squeezenet,6419.856,88.768,115,0
38.493,t2_squeezenet,6427.987,29.416,115,0
38.582,t2_squeezenet,6421.990,88.758,114,0
38.668,t2_squeezenet,6479.427,86.625,113,0
38.699,t2_squeezenet,6372.512,30.161,112,0
38.787,t2_squeezenet,6361.789,88.152,114,0
38.876,t2_squeezenet,6377.828,88.986,113,0
38.962,t2_squeezenet,6400.748,85.796,112,0
38.991,t2_squeezenet,6398.323,29.644,111,0
39.082,t2_squeezenet,6410.648,91.082,112,0
39.163,t2_squeezenet,6361.696,80.254,112,0
39.192,t2_squeezenet,6328.115,29.335,111,0
39.281,t2_squeezenet,6364.401,89.303,113,0
39.368,t2_squeezenet,6405.876,86.584,114,0
39.397,t2_squeezenet,6368.158,29.447,114,0
39.486,t2_squeezenet,6405.430,88.153,115,0
39.575,t2_squeezenet,6478.031,89.194,116,0
39.661,t2_squeezenet,6520.089,86.600,117,0
39.691,t2_squeezenet,6483.488,29.530,116,0
39.780,t2_squeezenet,6534.986,89.145,117,0
39.869,t2_squeezenet,6591.392,89.253,118,0
39.900,t2_squeezenet,6383.627,30.047,117,0
39.985,t2_squeezenet,6422.765,85.016,118,0
40.075,t2_squeezenet,6448.747,90.636,120,0
40.116,t2_squeezenet,6394.968,40.346,121,0
40.185,t2_squeezenet,6454.807,69.764,120,0
40.275,t2_squeezenet,6514.985,89.252,120,0
40.361,t2_squeezenet,6583.608,86.460,120,0
40.391,t2_squeezenet,6559.500,29.637,120,0
40.479,t2_squeezenet,6637.534,88.478,122,0
40.568,t2_squeezenet,6674.552,89.000,123,0
40.599,t2_squeezenet,6681.112,30.061,123,0
40.684,t2_squeezenet,6757.424,85.242,123,0
40.774,t2_squeezenet,6833.932,89.981,125,0
40.863,t2_squeezenet,6895.889,88.676,126,0
40.892,t2_squeezenet,6871.337,29.797,125,0
40.981,t2_squeezenet,6939.130,89.061,126,0
41.068,t2_squeezenet,6953.252,86.790,126,0
41.106,t2_squeezenet,6982.479,37.833,125,0
41.179,t2_squeezenet,6904.301,72.632,125,0
41.268,t2_squeezenet,6970.971,88.939,127,0
41.298,t2_squeezenet,6905.748,30.458,127,0
41.383,t2_squeezenet,6982.861,84.975,128,0
41.473,t2_squeezenet,7063.596,89.865,127,0
41.562,t2_squeezenet,7149.908,88.817,126,0
41.592,t2_squeezenet,7147.763,29.713,125,0
41.681,t2_squeezenet,7162.112,89.339,125,0
41.768,t2_squeezenet,7210.910,87.415,125,0
41.798,t2_squeezenet,7225.294,29.455,125,0
41.886,t2_squeezenet,7263.210,88.392,126,0
41.976,t2_squeezenet,7333.286,89.897,126,0
42.062,t2_squeezenet,7254.902,86.036,126,0
42.099,t2_squeezenet,7273.623,36.309,125,0
42.170,t2_squeezenet,7328.629,71.601,125,0
42.200,t2_squeezenet,7308.417,29.856,124,0
42.289,t2_squeezenet,7269.497,88.385,126,0
42.375,t2_squeezenet,7305.786,86.465,127,0
42.465,t2_squeezenet,7366.211,89.550,126,0
42.494,t2_squeezenet,7373.007,29.323,125,0
42.583,t2_squeezenet,7439.986,88.436,127,0
42.669,t2_squeezenet,7518.999,86.615,129,0
42.700,t2_squeezenet,7494.265,30.279,128,0
42.788,t2_squeezenet,7549.263,87.985,128,0
42.876,t2_squeezenet,7596.929,88.725,127,0
42.962,t2_squeezenet,7591.012,86.155,126,0
42.992,t2_squeezenet,7614.037,29.822,126,0
43.083,t2_squeezenet,7601.386,90.896,125,0
43.163,t2_squeezenet,7588.285,80.144,127,0
43.193,t2_squeezenet,7565.758,29.568,126,0
43.282,t2_squeezenet,7638.039,88.749,126,0
43.368,t2_squeezenet,7640.614,86.659,130,0
43.399,t2_squeezenet,7578.404,30.127,129,0
43.487,t2_squeezenet,7628.915,88.314,130,0
43.576,t2_squeezenet,7555.256,88.822,132,0
43.662,t2_squeezenet,7602.303,86.232,132,0
43.692,t2_squeezenet,7618.647,29.551,131,0
43.781,t2_squeezenet,7706.915,89.651,132,0
43.870,t2_squeezenet,7698.247,88.891,132,0
43.900,t2_squeezenet,7621.122,30.133,131,0
43.986,t2_squeezenet,7567.866,85.163,133,0
44.076,t2_squeezenet,7600.539,90.671,136,0
44.117,t2_squeezenet,7629.938,40.517,135,0
44.180,t2_squeezenet,7586.395,63.464,134,0
44.270,t2_squeezenet,7606.128,89.224,134,0
44.300,t2_squeezenet,7580.043,30.495,134,0
44.385,t2_squeezenet,7644.072,85.108,136,0
44.471,t2_squeezenet,7687.132,85.855,135,0
44.501,t2_squeezenet,7694.381,29.881,134,0
44.586,t2_squeezenet,7745.497,85.446,134,0
44.676,t2_squeezenet,7829.929,89.305,133,0
44.762,t2_squeezenet,7802.026,85.939,132,0
44.791,t2_squeezenet,7773.737,29.250,132,0
44.876,t2_squeezenet,7823.356,85.245,131,0
44.962,t2_squeezenet,7764.349,85.668,130,0
44.992,t2_squeezenet,7787.909,29.741,130,0
45.079,t2_squeezenet,7811.262,86.772,131,0
45.119,t2_squeezenet,7820.041,40.815,131,0
45.188,t2_squeezenet,7870.571,68.477,131,0
45.273,t2_squeezenet,7828.243,85.503,132,0
45.304,t2_squeezenet,7851.357,31.008,132,0
45.389,t2_squeezenet,7905.182,84.017,132,0
45.474,t2_squeezenet,7938.990,85.361,131,0
45.504,t2_squeezenet,7927.224,30.060,130,0
45.589,t2_squeezenet,7923.020,84.483,130,0
45.679,t2_squeezenet,7984.606,89.970,131,0
45.764,t2_squeezenet,8020.122,85.600,132,0
45.794,t2_squeezenet,7833.047,29.457,131,0
45.879,t2_squeezenet,7909.143,85.125,132,0
45.965,t2_squeezenet,7943.218,86.118,131,0
45.995,t2_squeezenet,7932.583,29.932,130,0
46.092,t2_squeezenet,7932.545,97.354,130,0
46.167,t2_squeezenet,7999.929,74.537,129,0
46.197,t2_squeezenet,7938.891,30.200,129,0
46.285,t2_squeezenet,7988.174,88.340,131,0
46.372,t2_squeezenet,7993.234,86.812,131,0
46.402,t2_squeezenet,8016.160,29.681,130,0
46.487,t2_squeezenet,8001.310,84.864,132,0
46.574,t2_squeezenet,7848.402,86.802,133,0
46.660,t2_squeezenet,7915.478,86.354,132,0
46.689,t2_squeezenet,7936.466,29.285,131,0
46.778,t2_squeezenet,7773.785,88.669,132,0
46.864,t2_squeezenet,7857.117,85.802,131,0
46.894,t2_squeezenet,7734.175,29.949,130,0
46.980,t2_squeezenet,7745.061,86.023,130,0
47.066,t2_squeezenet,7828.765,86.281,131,0
47.101,t2_squeezenet,7858.243,35.099,130,0
47.174,t2_squeezenet,7849.793,72.176,130,0
47.260,t2_squeezenet,7895.188,86.337,129,0
47.289,t2_squeezenet,7916.802,29.348,128,0
47.376,t2_squeezenet,7966.296,86.534,127,0
47.461,t2_squeezenet,8047.747,85.478,129,0
47.491,t2_squeezenet,7985.737,29.373,130,0
47.576,t2_squeezenet,8031.224,85.519,131,0
47.663,t2_squeezenet,8045.812,86.344,134,0
47.692,t2_squeezenet,8047.708,29.304,133,0
47.778,t2_squeezenet,8060.054,86.101,133,0
47.865,t2_squeezenet,8099.836,86.576,132,0
47.895,t2_squeezenet,8043.849,30.130,132,0
47.980,t2_squeezenet,8118.456,85.464,131,0
48.066,t2_squeezenet,8143.166,85.514,133,0
48.105,t2_squeezenet,8144.767,38.467,133,0
48.173,t2_squeezenet,8170.088,68.350,133,0
48.204,t2_squeezenet,8186.133,31.033,132,0
48.288,t2_squeezenet,8257.000,84.203,132,0
48.374,t2_squeezenet,8280.090,85.327,135,0
48.404,t2_squeezenet,8291.025,30.464,134,0
48.487,t2_squeezenet,8246.901,82.494,134,0
48.573,t2_squeezenet,8292.394,86.506,134,0
48.603,t2_squeezenet,8229.639,29.579,133,0
48.687,t2_squeezenet,8282.284,84.229,132,0
48.773,t2_squeezenet,8310.919,86.234,132,0
48.804,t2_squeezenet,8337.768,31.203,131,0
48.886,t2_squeezenet,8396.325,81.813,131,0
48.972,t2_squeezenet,8454.589,85.851,131,0
49.002,t2_squeezenet,8415.178,30.208,131,0
49.093,t2_squeezenet,8477.186,90.104,131,0
49.171,t2_squeezenet,8483.706,78.197,131,0
49.201,t2_squeezenet,8495.795,30.207,130,0
49.286,t2_squeezenet,8578.397,85.112,131,0
49.372,t2_squeezenet,8595.365,85.502,131,0
49.403,t2_squeezenet,8542.597,30.927,132,0
49.485,t2_squeezenet,8589.843,81.866,132,0
49.572,t2_squeezenet,8606.782,86.949,131,0
49.602,t2_squeezenet,8556.624,30.017,131,0
49.687,t2_squeezenet,8526.751,84.905,132,0
49.773,t2_squeezenet,8589.006,86.414,134,0
49.804,t2_squeezenet,8612.903,30.874,134,0
49.885,t2_squeezenet,8668.353,81.430,134,0
49.972,t2_squeezenet,8696.997,86.213,135,0
50.002,t2_squeezenet,8703.187,30.666,134,0
50.094,t2_squeezenet,8734.336,91.825,134,0
50.170,t2_squeezenet,8497.355,75.460,134,0
50.199,t2_squeezenet,8498.466,29.832,134,0
50.285,t2_squeezenet,8507.966,85.246,135,0
50.371,t2_squeezenet,8555.744,86.509,138,0
50.402,t2_squeezenet,8527.219,30.750,137,0
50.484,t2_squeezenet,8564.292,81.743,136,0
50.569,t2_squeezenet,8557.386,85.254,135,0
50.599,t2_squeezenet,8439.485,30.145,134,0
50.685,t2_squeezenet,8482.344,85.436,134,0
50.772,t2_squeezenet,8504.669,86.931,134,0
50.801,t2_squeezenet,8519.759,29.579,134,0
50.883,t2_squeezenet,8588.872,81.912,136,0
50.969,t2_squeezenet,8605.268,85.780,138,0
51.000,t2_squeezenet,8477.641,30.639,139,0
51.089,t2_squeezenet,8561.474,89.133,140,0
51.163,t2_squeezenet,8605.939,74.031,140,0
51.192,t2_squeezenet,8608.486,29.569,140,0
51.278,t2_squeezenet,8692.102,85.316,141,0
51.364,t2_squeezenet,8726.580,86.170,142,0
51.394,t2_squeezenet,8673.684,29.790,141,0
51.477,t2_squeezenet,8486.627,83.556,141,0
51.563,t2_squeezenet,8459.411,85.455,141,0
51.593,t2_squeezenet,8462.921,29.741,140,0
51.679,t2_squeezenet,8516.092,86.011,139,0
51.765,t2_squeezenet,8492.858,85.747,138,0
51.794,t2_squeezenet,8489.983,29.488,138,0
51.876,t2_squeezenet,8555.938,82.319,138,0
51.963,t2_squeezenet,8640.749,86.159,138,0
51.992,t2_squeezenet,8651.433,29.836,137,0
52.079,t2_squeezenet,8711.281,87.050,138,0
52.123,t2_squeezenet,8689.672,43.349,138,0
52.185,t2_squeezenet,8699.220,62.152,137,0
52.269,t2_squeezenet,8765.678,83.480,136,0
52.299,t2_squeezenet,8794.528,30.463,136,0
52.381,t2_squeezenet,8856.846,82.127,136,0
52.467,t2_squeezenet,8823.904,85.918,136,0
52.499,t2_squeezenet,8785.736,31.789,137,0
52.582,t2_squeezenet,8854.369,82.764,137,0
52.665,t2_squeezenet,8862.988,82.952,136,0
52.694,t2_squeezenet,8762.415,29.397,135,0
52.777,t2_squeezenet,8802.419,82.665,135,0
52.860,t2_squeezenet,8876.730,83.581,135,0
52.890,t2_squeezenet,8892.676,29.832,135,0
52.976,t2_squeezenet,8973.325,86.040,137,0
53.007,t2_squeezenet,8988.202,30.679,137,0
53.094,t2_squeezenet,9058.339,86.424,137,0
53.166,t2_squeezenet,8906.059,72.178,137,0
53.196,t2_squeezenet,8900.328,30.074,137,0
53.281,t2_squeezenet,8976.961,85.427,137,0
53.364,t2_squeezenet,9042.792,82.751,137,0
53.394,t2_squeezenet,9053.981,29.758,136,0
53.479,t2_squeezenet,8921.717,85.527,136,0
53.563,t2_squeezenet,8789.546,83.522,135,0
53.592,t2_squeezenet,8603.884,29.410,135,0
53.678,t2_squeezenet,8660.372,85.208,135,0
53.762,t2_squeezenet,8706.861,84.069,135,0
53.792,t2_squeezenet,8710.722,29.748,134,0
53.878,t2_squeezenet,8742.397,86.354,133,0
53.909,t2_squeezenet,8656.504,30.721,132,0
53.989,t2_squeezenet,8723.952,80.253,132,0
54.076,t2_squeezenet,8798.025,86.894,132,0
54.118,t2_squeezenet,8753.441,41.644,131,0
54.182,t2_squeezenet,8653.477,64.621,130,0
54.264,t2_squeezenet,8663.757,82.031,130,0
54.294,t2_squeezenet,8631.717,29.668,130,0
54.381,t2_squeezenet,8700.722,86.502,130,0
54.467,t2_squeezenet,8756.147,86.606,130,0
54.497,t2_squeezenet,8688.606,29.502,129,0
54.578,t2_squeezenet,8716.715,81.712,132,0
54.664,t2_squeezenet,8669.168,85.889,132,0
54.694,t2_squeezenet,8498.556,29.768,131,0
54.779,t2_squeezenet,8580.943,84.400,130,0
54.864,t2_squeezenet,8623.670,85.443,129,0
54.894,t2_squeezenet,8634.628,29.478,128,0
54.976,t2_squeezenet,8611.202,82.102,127,0
55.062,t2_squeezenet,8634.752,86.268,131,0
55.098,t2_squeezenet,8655.305,35.649,131,0
55.166,t2_squeezenet,8693.433,68.504,133,0
55.196,t2_squeezenet,8702.219,29.496,132,0
55.279,t2_squeezenet,8781.964,83.138,132,0
55.363,t2_squeezenet,8643.728,84.246,131,0
55.393,t2_squeezenet,8626.911,29.331,130,0
55.478,t2_squeezenet,8553.986,85.714,130,0
55.561,t2_squeezenet,8568.690,82.363,130,0
55.590,t2_squeezenet,8525.121,29.377,129,0
55.674,t2_squeezenet,8558.355,84.083,129,0
55.705,t2_squeezenet,8306.224,30.801,130,0
55.786,t2_squeezenet,8373.795,81.155,131,0
55.872,t2_squeezenet,8413.036,85.758,130,0
55.903,t2_squeezenet,8440.206,31.026,129,0
55.985,t2_squeezenet,8497.687,82.055,130,0
56.069,t2_squeezenet,8552.131,83.817,130,0
56.106,t2_squeezenet,8539.474,37.063,130,0
56.173,t2_squeezenet,8582.395,66.742,130,0
56.204,t2_squeezenet,8581.600,30.957,129,0
56.286,t2_squeezenet,8653.517,82.466,129,0
56.370,t2_squeezenet,8708.845,83.223,131,0
56.400,t2_squeezenet,8702.142,29.943,130,0
56.481,t2_squeezenet,8587.564,81.603,131,0
56.565,t2_squeezenet,8560.412,83.965,131,0
56.595,t2_squeezenet,8574.231,29.353,131,0
56.675,t2_squeezenet,8626.286,80.157,133,0
56.706,t2_squeezenet,8605.298,31.230,133,0
56.787,t2_squeezenet,8653.636,80.815,134,0
56.871,t2_squeezenet,8640.095,83.798,135,0
56.901,t2_squeezenet,8588.408,29.713,134,0
56.984,t2_squeezenet,8669.369,83.400,134,0
57.067,t2_squeezenet,8743.147,83.058,134,0
57.106,t2_squeezenet,8755.154,39.166,133,0
57.172,t2_squeezenet,8695.813,66.079,132,0
57.202,t2_squeezenet,8705.168,29.593,131,0
57.284,t2_squeezenet,8514.203,82.042,133,0
57.367,t2_squeezenet,8529.467,82.913,135,0
57.397,t2_squeezenet,8504.178,30.210,135,0
57.482,t2_squeezenet,8508.399,84.323,135,0
57.564,t2_squeezenet,8471.940,82.440,135,0
57.593,t2_squeezenet,8469.091,29.357,134,0
57.674,t2_squeezenet,8466.767,80.410,134,0
57.706,t2_squeezenet,8480.411,31.867,133,0
57.787,t2_squeezenet,8476.107,81.598,132,0
57.871,t2_squeezenet,8487.584,83.185,133,0
57.901,t2_squeezenet,8509.113,30.295,133,0
57.983,t2_squeezenet,8547.009,81.679,133,0
58.067,t2_squeezenet,8467.028,84.287,133,0
58.102,t2_squeezenet,8456.187,35.090,132,0
58.168,t2_squeezenet,8502.702,66.075,132,0
58.198,t2_squeezenet,8509.636,30.105,131,0
58.281,t2_squeezenet,8591.282,83.066,132,0
58.366,t2_squeezenet,8629.671,84.380,132,0
58.395,t2_squeezenet,8613.826,29.353,131,0
58.477,t2_squeezenet,8627.213,81.592,133,0
58.560,t2_squeezenet,8634.805,83.526,133,0
58.590,t2_squeezenet,8630.295,29.701,133,0
58.671,t2_squeezenet,8579.901,81.380,133,0
58.701,t2_squeezenet,8553.198,29.553,132,0
58.783,t2_squeezenet,8591.312,82.022,133,0
58.866,t2_squeezenet,8596.855,83.174,135,0
58.897,t2_squeezenet,8615.496,30.227,135,0
58.981,t2_squeezenet,8687.091,84.249,134,0
59.063,t2_squeezenet,8764.744,82.077,134,0
59.100,t2_squeezenet,8790.556,37.530,133,0
59.168,t2_squeezenet,8809.114,67.367,133,0
59.198,t2_squeezenet,8591.005,30.304,132,0
59.281,t2_squeezenet,8584.558,82.500,131,0
59.360,t2_squeezenet,8586.236,79.409,130,0
59.390,t2_squeezenet,8581.111,29.422,132,0
59.473,t2_squeezenet,8652.763,83.545,134,0
59.504,t2_squeezenet,8671.181,30.981,135,0
59.583,t2_squeezenet,8672.337,78.703,135,0
59.666,t2_squeezenet,8753.876,82.543,135,0
59.695,t2_squeezenet,8735.659,29.858,135,0
59.776,t2_squeezenet,8785.732,80.995,136,0
59.808,t2_squeezenet,8816.736,31.834,136,0
59.889,t2_squeezenet,8874.237,80.179,138,0
59.972,t2_squeezenet,8947.629,83.172,137,0
60.003,t2_squeezenet,8900.841,30.929,136,0
60.086,t2_squeezenet,8903.718,83.200,137,0
60.129,t2_squeezenet,8923.534,42.636,137,0
60.186,t2_squeezenet,8944.507,57.477,136,0
60.269,t2_squeezenet,8965.559,83.342,135,0
60.300,t2_squeezenet,8984.357,30.575,136,0
60.382,t2_squeezenet,8960.462,81.972,136,0
60.465,t2_squeezenet,8976.753,82.861,138,0
60.494,t2_squeezenet,8727.298,29.469,137,0
60.577,t2_squeezenet,8762.152,82.524,137,0
60.610,t2_squeezenet,8665.129,32.811,137,0
60.687,t2_squeezenet,8683.401,77.133,137,0
60.769,t2_squeezenet,8696.366,82.323,138,0
60.799,t2_squeezenet,8701.279,29.881,138,0
60.882,t2_squeezenet,8595.523,82.802,139,0
60.966,t2_squeezenet,8636.706,83.803,141,0
60.995,t2_squeezenet,8560.871,29.371,140,0
61.078,t2_squeezenet,8606.209,82.428,139,0
61.119,t2_squeezenet,8629.952,41.152,138,0
61.181,t2_squeezenet,8657.522,62.250,137,0
61.265,t2_squeezenet,8517.482,83.537,137,0
61.294,t2_squeezenet,8439.240,29.351,136,0
61.379,t2_squeezenet,8506.240,85.246,137,0
61.462,t2_squeezenet,8514.675,82.902,137,0
61.492,t2_squeezenet,8530.405,29.857,137,0
61.575,t2_squeezenet,8611.490,83.067,136,0
61.605,t2_squeezenet,8625.243,30.051,135,0
61.686,t2_squeezenet,8609.390,80.952,135,0
61.770,t2_squeezenet,8671.638,83.413,135,0
61.801,t2_squeezenet,8620.945,30.631,135,0
61.883,t2_squeezenet,8666.231,82.232,134,0
61.965,t2_squeezenet,8654.618,81.960,133,0
61.994,t2_squeezenet,8570.435,29.565,133,0
62.079,t2_squeezenet,8510.953,84.795,132,0
62.121,t2_squeezenet,8460.077,42.170,132,0
62.183,t2_squeezenet,8428.665,61.575,132,0
62.268,t2_squeezenet,8311.459,85.402,131,0
62.298,t2_squeezenet,8273.270,29.806,130,0
62.381,t2_squeezenet,8121.480,82.966,130,0
62.465,t2_squeezenet,8176.311,83.803,131,0
62.494,t2_squeezenet,8163.481,29.304,131,0
62.577,t2_squeezenet,8162.958,82.082,131,0
62.608,t2_squeezenet,8110.575,31.751,131,0
62.689,t2_squeezenet,8173.729,80.692,131,0
62.773,t2_squeezenet,8238.101,83.644,134,0
62.802,t2_squeezenet,8265.204,29.595,133,0
62.884,t2_squeezenet,8273.263,81.645,136,0
62.969,t2_squeezenet,7986.359,84.551,137,0
62.999,t2_squeezenet,7982.065,30.293,136,0
63.083,t2_squeezenet,8047.185,84.089,136,0
63.125,t2_squeezenet,8089.072,42.305,136,0
63.187,t2_squeezenet,8127.444,61.283,136,0
63.274,t2_squeezenet,8196.580,86.814,139,0
63.305,t2_squeezenet,8187.192,31.562,138,0
63.386,t2_squeezenet,8252.673,81.208,139,0
63.472,t2_squeezenet,8315.581,85.304,143,0
63.502,t2_squeezenet,8289.228,30.332,142,0
63.584,t2_squeezenet,8124.630,81.837,142,0
63.671,t2_squeezenet,8175.759,86.962,146,0
63.701,t2_squeezenet,8079.239,29.583,145,0
63.782,t2_squeezenet,8105.080,81.316,144,0
63.868,t2_squeezenet,8175.886,86.128,145,0
63.898,t2_squeezenet,8163.926,30.312,145,0
63.982,t2_squeezenet,8206.040,83.115,145,0
64.067,t2_squeezenet,8136.200,85.638,146,0
64.104,t2_squeezenet,8125.661,37.280,146,0
64.173,t2_squeezenet,8170.585,68.498,147,0
64.204,t2_squeezenet,8104.217,31.061,146,0
64.289,t2_squeezenet,8178.171,84.374,147,0
64.371,t2_squeezenet,8114.204,81.993,147,0
64.400,t2_squeezenet,8105.654,29.759,146,0
64.486,t2_squeezenet,8123.570,85.183,145,0
64.571,t2_squeezenet,8207.804,85.372,144,0
64.601,t2_squeezenet,8137.339,30.169,143,0
64.686,t2_squeezenet,8213.393,85.130,143,0
64.769,t2_squeezenet,8220.887,82.776,143,0
64.799,t2_squeezenet,8231.916,30.229,142,0
64.885,t2_squeezenet,8278.263,85.201,141,0
64.968,t2_squeezenet,8327.540,83.575,140,0
64.998,t2_squeezenet,8347.260,29.783,139,0
65.085,t2_squeezenet,8401.364,87.211,141,0
65.162,t2_squeezenet,8443.905,76.613,142,0
65.191,t2_squeezenet,8409.606,29.423,142,0
65.275,t2_squeezenet,8459.232,83.284,144,0
65.305,t2_squeezenet,8460.444,30.388,145,0
65.386,t2_squeezenet,8453.534,81.121,145,0
65.473,t2_squeezenet,8435.149,86.453,144,0
65.503,t2_squeezenet,8243.391,30.395,144,0
65.586,t2_squeezenet,8321.138,83.208,145,0
65.669,t2_squeezenet,8403.740,83.030,144,0
65.699,t2_squeezenet,8388.204,30.025,144,0
65.782,t2_squeezenet,8454.241,82.453,145,0
65.869,t2_squeezenet,8505.225,86.894,144,0
65.899,t2_squeezenet,8507.492,29.733,143,0
65.981,t2_squeezenet,8570.171,82.719,145,0
66.065,t2_squeezenet,8517.413,83.558,145,0
66.103,t2_squeezenet,8451.303,38.224,146,0
66.168,t2_squeezenet,8353.570,64.420,147,0
66.197,t2_squeezenet,8335.359,29.596,146,0
66.279,t2_squeezenet,8386.483,81.910,145,0
66.363,t2_squeezenet,8409.638,83.648,147,0
66.393,t2_squeezenet,8336.673,29.683,146,0
66.476,t2_squeezenet,8367.714,83.138,146,0
66.507,t2_squeezenet,8242.498,30.914,148,0
66.587,t2_squeezenet,8310.644,80.316,149,0
66.669,t2_squeezenet,8370.876,81.419,151,0
66.699,t2_squeezenet,8265.474,30.028,150,0
66.782,t2_squeezenet,8343.106,83.382,150,0
66.865,t2_squeezenet,8417.322,82.454,151,0
66.894,t2_squeezenet,8385.763,29.744,150,0
66.977,t2_squeezenet,8395.383,82.983,149,0
67.061,t2_squeezenet,8402.057,83.578,149,0
67.094,t2_squeezenet,8374.048,32.842,148,0
67.164,t2_squeezenet,8390.531,70.172,148,0
67.194,t2_squeezenet,8386.232,29.807,148,0
67.278,t2_squeezenet,8467.617,84.619,151,0
67.311,t2_squeezenet,8484.573,32.683,150,0
67.387,t2_squeezenet,8509.265,76.190,150,0
67.470,t2_squeezenet,8448.231,82.769,149,0
67.501,t2_squeezenet,8334.087,30.797,148,0
67.582,t2_squeezenet,8214.278,80.831,148,0
67.664,t2_squeezenet,8289.715,81.873,147,0
67.693,t2_squeezenet,8313.660,29.450,148,0
67.773,t2_squeezenet,8362.789,79.970,148,0
67.805,t2_squeezenet,8367.213,31.232,147,0
67.887,t2_squeezenet,8429.165,82.717,146,0
67.970,t2_squeezenet,8489.044,82.720,147,0
68.000,t2_squeezenet,8499.629,30.179,146,0
68.082,t2_squeezenet,8529.332,81.969,146,0
68.129,t2_squeezenet,8475.718,46.484,145,0
68.184,t2_squeezenet,8518.885,55.679,145,0
68.266,t2_squeezenet,8554.128,81.884,146,0
68.296,t2_squeezenet,8550.873,29.465,146,0
68.379,t2_squeezenet,8572.673,83.283,147,0
68.463,t2_squeezenet,8653.739,84.078,148,0
68.493,t2_squeezenet,8665.992,29.262,147,0
68.574,t2_squeezenet,8719.402,81.772,150,0
68.606,t2_squeezenet,8601.515,31.430,149,0
68.687,t2_squeezenet,8601.211,80.798,152,0
68.769,t2_squeezenet,8640.607,81.954,151,0
68.798,t2_squeezenet,8526.021,29.493,151,0
68.879,t2_squeezenet,8583.034,81.278,150,0
68.963,t2_squeezenet,8588.962,83.192,152,0
68.993,t2_squeezenet,8593.143,29.805,151,0
69.076,t2_squeezenet,8663.539,83.737,150,0
69.116,t2_squeezenet,8656.962,39.174,152,0
69.180,t2_squeezenet,8682.800,64.345,152,0
69.264,t2_squeezenet,8655.617,83.706,153,0
69.293,t2_squeezenet,8652.858,29.768,152,0
69.377,t2_squeezenet,8617.320,83.758,152,0
69.408,t2_squeezenet,8638.932,30.595,151,0
69.488,t2_squeezenet,8717.232,80.456,152,0
69.572,t2_squeezenet,8764.210,84.116,153,0
69.603,t2_squeezenet,8794.618,30.797,152,0
69.686,t2_squeezenet,8801.180,82.408,153,0
69.768,t2_squeezenet,8827.430,82.164,154,0
69.798,t2_squeezenet,8845.431,29.924,153,0
69.881,t2_squeezenet,8620.590,83.546,153,0
69.966,t2_squeezenet,8652.360,84.109,154,0
69.995,t2_squeezenet,8646.117,29.290,153,0
70.077,t2_squeezenet,8659.458,82.419,156,0
70.120,t2_squeezenet,8634.843,42.951,155,0
70.182,t2_squeezenet,8547.610,61.638,155,0
70.269,t2_squeezenet,8516.041,86.854,158,0
70.298,t2_squeezenet,8526.262,29.454,157,0
70.381,t2_squeezenet,8390.107,82.451,157,0
70.465,t2_squeezenet,8383.521,83.971,158,0
70.495,t2_squeezenet,8322.734,29.819,157,0
70.578,t2_squeezenet,8224.833,83.657,161,0
70.664,t2_squeezenet,8279.666,85.142,160,0
70.693,t2_squeezenet,8304.612,29.466,159,0
70.777,t2_squeezenet,8282.676,83.561,161,0
70.861,t2_squeezenet,8353.032,83.996,161,0
70.890,t2_squeezenet,8288.574,29.339,161,0
70.975,t2_squeezenet,8330.984,85.180,164,0
71.006,t2_squeezenet,8312.498,31.075,163,0
71.093,t2_squeezenet,8366.865,87.117,165,0
71.166,t2_squeezenet,8404.665,72.290,166,0
71.195,t2_squeezenet,8426.469,29.356,166,0
71.277,t2_squeezenet,8449.888,81.731,166,0
71.363,t2_squeezenet,8505.146,86.001,166,0
71.393,t2_squeezenet,8534.870,29.820,165,0
71.476,t2_squeezenet,8595.891,83.429,166,0
71.561,t2_squeezenet,8674.762,84.869,167,0
71.590,t2_squeezenet,8656.631,29.291,168,0
71.676,t2_squeezenet,8661.024,85.331,167,0
71.709,t2_squeezenet,8600.607,32.703,166,0
71.789,t2_squeezenet,8618.741,80.395,165,0
71.875,t2_squeezenet,8676.180,85.476,166,0
71.906,t2_squeezenet,8699.958,31.371,166,0
71.987,t2_squeezenet,8753.998,80.600,165,0
72.074,t2_squeezenet,8809.412,86.926,165,0
72.114,t2_squeezenet,8782.869,40.482,165,0
72.175,t2_squeezenet,8803.676,60.488,165,0
72.260,t2_squeezenet,8847.409,85.181,166,0
72.289,t2_squeezenet,8855.807,29.268,166,0
72.373,t2_squeezenet,8926.865,84.174,167,0
72.403,t2_squeezenet,8948.407,30.129,167,0
72.488,t2_squeezenet,9017.527,84.502,167,0
72.570,t2_squeezenet,9067.486,82.201,166,0
72.601,t2_squeezenet,9015.484,30.561,165,0
72.683,t2_squeezenet,9040.367,82.049,167,0
72.767,t2_squeezenet,9110.810,83.997,166,0
72.796,t2_squeezenet,9135.939,29.521,165,0
72.881,t2_squeezenet,9217.566,85.031,164,0
72.965,t2_squeezenet,9173.880,83.585,164,0
72.995,t2_squeezenet,9156.248,29.572,163,0
73.078,t2_squeezenet,9180.973,83.108,163,0
73.116,t2_squeezenet,9209.402,38.605,162,0
73.180,t2_squeezenet,9137.647,63.469,162,0
73.266,t2_squeezenet,9220.457,86.249,162,0
73.296,t2_squeezenet,9227.085,29.844,162,0
73.380,t2_squeezenet,9258.212,83.772,161,0
73.466,t2_squeezenet,9334.419,85.561,160,0
73.495,t2_squeezenet,9247.580,29.764,159,0
73.578,t2_squeezenet,9290.415,82.678,161,0
73.661,t2_squeezenet,9295.914,83.281,163,0
73.691,t2_squeezenet,9066.032,29.197,163,0
73.773,t2_squeezenet,9039.556,82.460,164,0
73.804,t2_squeezenet,8771.968,30.746,164,0
73.888,t2_squeezenet,8846.170,84.549,163,0
73.971,t2_squeezenet,8920.402,83.013,163,0
74.001,t2_squeezenet,8911.596,29.740,162,0
74.088,t2_squeezenet,8985.894,86.971,162,0
74.160,t2_squeezenet,8997.545,71.926,162,0
74.190,t2_squeezenet,8970.966,29.709,161,0
74.276,t2_squeezenet,9051.480,86.080,161,0
74.307,t2_squeezenet,9033.565,31.245,160,0
74.388,t2_squeezenet,9109.907,80.364,162,0
74.471,t2_squeezenet,9181.054,82.928,164,0
74.501,t2_squeezenet,9122.276,30.494,164,0
74.585,t2_squeezenet,9100.905,83.321,168,0
74.668,t2_squeezenet,9130.698,83.103,168,0
74.698,t2_squeezenet,9149.777,30.004,167,0
74.780,t2_squeezenet,9109.940,82.273,167,0
74.863,t2_squeezenet,9122.099,83.460,166,0
74.893,t2_squeezenet,9121.381,29.323,167,0
74.977,t2_squeezenet,9077.940,84.074,166,0
75.061,t2_squeezenet,9129.684,83.554,166,0
75.094,t2_squeezenet,9151.032,33.278,166,0
75.163,t2_squeezenet,9151.940,69.071,166,0
75.192,t2_squeezenet,9123.291,29.332,166,0
75.278,t2_squeezenet,9191.114,85.706,169,0
75.361,t2_squeezenet,9239.818,82.927,169,0
75.390,t2_squeezenet,9239.434,29.473,169,0
75.475,t2_squeezenet,9187.479,84.310,170,0
75.506,t2_squeezenet,9162.709,30.971,170,0
75.587,t2_squeezenet,9242.614,81.171,170,0
75.670,t2_squeezenet,9201.834,83.319,170,0
75.701,t2_squeezenet,9215.719,30.406,171,0
75.783,t2_squeezenet,9287.378,82.639,173,0
75.866,t2_squeezenet,9362.115,83.049,174,0
75.896,t2_squeezenet,9350.353,29.913,174,0
75.979,t2_squeezenet,9409.760,82.907,177,0
76.062,t2_squeezenet,9459.704,83.029,178,0
76.098,t2_squeezenet,9477.004,35.971,177,0
76.165,t2_squeezenet,9496.947,66.920,177,0
76.195,t2_squeezenet,9494.902,29.747,176,0
76.281,t2_squeezenet,9464.137,85.459,175,0
76.365,t2_squeezenet,9511.372,84.143,177,0
76.394,t2_squeezenet,9389.250,29.405,176,0
76.477,t2_squeezenet,9316.785,82.274,178,0
76.509,t2_squeezenet,9324.151,32.109,177,0
76.589,t2_squeezenet,9373.304,80.308,177,0
76.673,t2_squeezenet,9419.667,84.324,177,0
76.704,t2_squeezenet,9447.991,30.183,176,0
76.786,t2_squeezenet,9528.634,82.129,178,0
76.870,t2_squeezenet,9527.319,83.710,178,0
76.900,t2_squeezenet,9337.364,30.344,178,0
76.983,t2_squeezenet,9310.896,83.241,179,0
77.066,t2_squeezenet,9383.106,82.669,180,0
77.100,t2_squeezenet,9387.073,34.374,180,0
77.171,t2_squeezenet,9277.842,70.523,180,0
77.201,t2_squeezenet,9269.728,30.555,179,0
77.284,t2_squeezenet,9277.400,82.600,180,0
77.366,t2_squeezenet,9206.610,82.271,181,0
77.396,t2_squeezenet,9152.317,29.840,181,0
77.479,t2_squeezenet,9229.348,82.675,180,0
77.563,t2_squeezenet,9279.782,84.203,180,0
77.593,t2_squeezenet,9252.340,29.325,179,0
77.672,t2_squeezenet,9320.051,79.396,180,0
77.702,t2_squeezenet,9313.371,30.375,180,0
77.785,t2_squeezenet,9364.801,82.419,181,0
77.869,t2_squeezenet,9360.025,83.924,180,0
77.899,t2_squeezenet,9356.802,29.730,179,0
77.981,t2_squeezenet,9433.779,82.745,178,0
78.065,t2_squeezenet,9513.142,83.484,178,0
78.103,t2_squeezenet,9469.590,37.739,177,0
78.166,t2_squeezenet,9525.042,63.591,178,0
78.196,t2_squeezenet,9514.819,29.522,177,0
78.278,t2_squeezenet,9596.544,82.012,178,0
78.312,t2_squeezenet,9540.266,34.146,178,0
78.388,t2_squeezenet,9495.456,76.446,177,0
78.472,t2_squeezenet,9550.181,83.709,178,0
78.502,t2_squeezenet,9542.405,29.953,179,0
78.581,t2_squeezenet,9500.090,78.631,179,0
78.665,t2_squeezenet,9579.860,84.043,178,0
78.695,t2_squeezenet,9588.509,29.730,177,0
78.775,t2_squeezenet,9600.507,80.113,179,0
78.806,t2_squeezenet,9573.284,30.780,180,0
78.886,t2_squeezenet,9632.351,80.736,181,0
78.971,t2_squeezenet,9645.612,84.928,181,0
79.001,t2_squeezenet,9561.144,29.530,180,0
79.081,t2_squeezenet,9636.280,80.271,181,0
79.124,t2_squeezenet,9626.663,43.066,180,0
79.181,t2_squeezenet,9638.050,57.086,181,0
79.266,t2_squeezenet,9627.191,84.440,180,0
79.295,t2_squeezenet,9638.677,29.304,179,0
79.374,t2_squeezenet,9631.621,78.545,181,0
79.405,t2_squeezenet,9657.353,31.367,180,0
79.486,t2_squeezenet,9633.352,80.487,180,0
79.568,t2_squeezenet,9682.899,82.085,181,0
79.597,t2_squeezenet,9698.881,29.403,180,0
79.676,t2_squeezenet,9666.540,78.963,181,0
79.711,t2_squeezenet,9699.922,34.341,180,0
79.787,t2_squeezenet,9767.315,76.764,180,0
79.868,t2_squeezenet,9812.434,80.362,180,0
79.897,t2_squeezenet,9718.071,29.447,179,0
79.977,t2_squeezenet,9791.652,79.388,178,0
80.060,t2_squeezenet,9863.726,83.299,178,0
80.092,t2_squeezenet,9873.154,32.498,177,0
80.163,t2_squeezenet,9937.514,70.035,177,0
80.192,t2_squeezenet,9844.736,29.384,176,0
80.272,t2_squeezenet,9876.245,79.550,177,0
80.302,t2_squeezenet,9862.858,30.656,177,0
80.384,t2_squeezenet,9880.073,82.055,176,0
80.465,t2_squeezenet,9957.160,80.942,177,0
80.495,t2_squeezenet,9977.698,29.617,177,0
80.575,t2_squeezenet,10025.707,79.633,178,0
80.607,t2_squeezenet,10034.645,31.901,179,0
80.687,t2_squeezenet,9976.770,80.809,179,0
80.767,t2_squeezenet,10036.737,79.964,178,0
80.797,t2_squeezenet,10042.666,29.591,178,0
80.876,t2_squeezenet,10019.940,79.165,178,0
80.908,t2_squeezenet,10043.342,32.138,177,0
80.989,t2_squeezenet,10074.717,80.296,176,0
81.068,t2_squeezenet,10147.526,79.772,178,0
81.102,t2_squeezenet,10162.992,33.884,177,0
81.171,t2_squeezenet,10199.810,69.068,178,0
81.202,t2_squeezenet,10150.488,30.804,178,0
81.285,t2_squeezenet,10220.267,82.389,180,0
81.363,t2_squeezenet,10294.387,78.604,180,0
81.393,t2_squeezenet,10274.560,29.723,180,0
81.476,t2_squeezenet,10346.717,83.331,180,0
81.509,t2_squeezenet,10323.813,32.696,180,0
81.587,t2_squeezenet,10362.069,77.387,180,0
81.669,t2_squeezenet,10390.384,82.387,182,0
81.700,t2_squeezenet,10283.816,30.474,181,0
81.779,t2_squeezenet,10333.883,79.515,180,0
81.864,t2_squeezenet,10384.647,84.590,179,0
81.893,t2_squeezenet,10351.679,29.339,179,0
81.975,t2_squeezenet,10405.352,82.134,181,0
82.007,t2_squeezenet,10435.268,31.468,180,0
82.090,t2_squeezenet,10227.732,83.086,182,0
82.160,t2_squeezenet,10293.713,69.798,183,0
82.189,t2_squeezenet,10312.720,29.339,183,0
82.272,t2_squeezenet,10275.061,82.349,182,0
82.302,t2_squeezenet,10224.835,30.268,184,0
82.382,t2_squeezenet,10212.990,80.543,184,0
82.467,t2_squeezenet,10263.210,84.432,184,0
82.496,t2_squeezenet,10236.655,29.525,184,0
82.576,t2_squeezenet,10314.330,79.071,184,0
82.608,t2_squeezenet,10279.602,32.896,185,0
82.689,t2_squeezenet,10345.494,80.773,186,0
82.770,t2_squeezenet,10374.038,80.720,188,0
82.800,t2_squeezenet,10330.444,29.698,188,0
82.882,t2_squeezenet,10255.352,81.701,188,0
82.966,t2_squeezenet,10329.924,84.478,189,0
82.996,t2_squeezenet,10346.218,29.550,189,0
83.076,t2_squeezenet,10133.837,80.153,189,0
83.116,t2_squeezenet,10061.910,39.771,189,0
83.178,t2_squeezenet,10003.619,62.248,189,0
83.262,t2_squeezenet,10003.091,83.923,190,0
83.291,t2_squeezenet,10003.497,29.454,190,0
83.374,t2_squeezenet,9862.935,82.966,190,0
83.405,t2_squeezenet,9844.054,30.689,189,0
83.487,t2_squeezenet,9924.807,81.514,189,0
83.571,t2_squeezenet,9991.058,84.658,191,0
83.601,t2_squeezenet,10020.676,30.057,190,0
83.680,t2_squeezenet,10068.982,78.268,189,0
83.763,t2_squeezenet,10085.464,82.945,189,0
83.792,t2_squeezenet,10098.019,29.431,188,0
83.876,t2_squeezenet,10105.496,83.955,189,0
83.907,t2_squeezenet,10122.150,30.999,189,0
83.987,t2_squeezenet,10034.904,80.354,189,0
84.071,t2_squeezenet,9993.752,83.273,192,0
84.109,t2_squeezenet,9949.620,38.622,193,0
84.172,t2_squeezenet,9953.970,63.056,192,0
84.203,t2_squeezenet,9889.402,30.168,192,0
84.284,t2_squeezenet,9968.280,81.463,192,0
84.368,t2_squeezenet,10043.010,83.917,192,0
84.398,t2_squeezenet,9980.195,30.135,192,0
84.481,t2_squeezenet,10061.744,83.074,191,0
84.564,t2_squeezenet,10113.348,82.814,191,0
84.594,t2_squeezenet,10114.499,29.454,192,0
84.674,t2_squeezenet,10148.714,80.732,194,0
84.707,t2_squeezenet,10168.792,32.865,193,0
84.788,t2_squeezenet,10232.774,80.718,193,0
84.871,t2_squeezenet,10311.586,82.480,194,0
84.901,t2_squeezenet,10321.984,30.009,194,0
84.983,t2_squeezenet,10315.821,82.601,193,0
85.067,t2_squeezenet,10355.490,84.128,193,0
85.103,t2_squeezenet,10228.838,35.095,193,0
85.173,t2_squeezenet,10294.332,69.959,194,0
85.203,t2_squeezenet,10177.664,29.955,194,0
85.286,t2_squeezenet,10208.601,83.011,195,0
85.369,t2_squeezenet,10209.624,83.767,194,0
85.399,t2_squeezenet,10213.693,30.011,193,0
85.481,t2_squeezenet,10269.460,81.831,193,0
85.564,t2_squeezenet,10327.130,83.033,192,0
85.594,t2_squeezenet,10338.846,30.104,192,0
85.677,t2_squeezenet,10403.709,82.636,192,0
85.709,t2_squeezenet,10370.076,31.402,191,0
85.789,t2_squeezenet,10417.150,80.328,192,0
85.873,t2_squeezenet,10422.546,84.057,192,0
85.905,t2_squeezenet,10434.242,31.710,193,0
85.986,t2_squeezenet,10491.900,81.540,193,0
86.068,t2_squeezenet,10511.410,82.086,194,0
86.106,t2_squeezenet,10484.577,37.952,193,0
86.169,t2_squeezenet,10494.616,62.121,193,0
86.199,t2_squeezenet,10521.095,30.311,193,0
86.281,t2_squeezenet,10553.872,82.378,195,0
86.364,t2_squeezenet,10604.133,83.015,195,0
86.394,t2_squeezenet,10620.803,29.479,195,0
86.477,t2_squeezenet,10617.083,82.818,194,0
86.560,t2_squeezenet,10698.237,82.992,195,0
86.589,t2_squeezenet,10704.446,29.315,194,0
86.669,t2_squeezenet,10767.932,79.825,194,0
86.699,t2_squeezenet,10775.418,29.734,193,0
86.781,t2_squeezenet,10827.907,82.227,194,0
86.865,t2_squeezenet,10898.077,83.655,194,0
86.894,t2_squeezenet,10910.505,29.712,194,0
86.976,t2_squeezenet,10980.503,81.823,193,0
87.008,t2_squeezenet,10847.878,31.345,192,0
87.091,t2_squeezenet,10749.744,83.598,194,0
87.163,t2_squeezenet,10820.564,71.975,195,0
87.193,t2_squeezenet,10838.238,29.327,194,0
87.276,t2_squeezenet,10861.291,83.730,198,0
87.308,t2_squeezenet,10879.189,31.970,198,0
87.389,t2_squeezenet,10945.150,80.358,199,0
87.472,t2_squeezenet,10905.993,83.519,201,0
87.502,t2_squeezenet,10865.116,29.581,202,0
87.586,t2_squeezenet,10847.588,83.578,202,0
87.665,t2_squeezenet,10923.212,79.795,201,0
87.695,t2_squeezenet,10939.098,30.034,202,0
87.778,t2_squeezenet,10944.269,82.935,205,0
87.861,t2_squeezenet,10976.834,82.878,206,0
87.891,t2_squeezenet,10984.483,29.329,207,0
87.974,t2_squeezenet,11011.724,83.293,206,0
88.006,t2_squeezenet,10988.295,31.534,206,0
88.089,t2_squeezenet,11053.020,83.765,207,0
88.131,t2_squeezenet,11061.868,41.478,207,0
88.188,t2_squeezenet,11071.427,56.829,209,0
88.271,t2_squeezenet,11055.699,82.934,211,0
88.302,t2_squeezenet,11027.242,30.853,211,0
88.385,t2_squeezenet,11077.797,82.924,211,0
88.467,t2_squeezenet,11132.336,82.782,212,0
88.497,t2_squeezenet,11120.051,29.747,211,0
88.579,t2_squeezenet,11064.921,82.156,213,0
88.661,t2_squeezenet,11052.004,81.227,212,0
88.690,t2_squeezenet,11061.014,29.231,211,0
88.774,t2_squeezenet,11091.775,83.649,212,0
88.804,t2_squeezenet,11057.229,30.541,212,0
88.886,t2_squeezenet,11126.701,81.618,212,0
88.970,t2_squeezenet,10963.789,83.885,213,0
88.999,t2_squeezenet,10884.811,29.505,213,0
89.083,t2_squeezenet,10924.547,84.024,212,0
89.126,t2_squeezenet,10923.753,42.769,211,0
89.186,t2_squeezenet,10949.606,59.421,211,0
89.271,t2_squeezenet,10989.964,85.126,212,0
89.300,t2_squeezenet,10897.557,29.559,211,0
89.382,t2_squeezenet,10948.719,81.821,212,0
89.465,t2_squeezenet,10968.289,82.667,213,0
89.495,t2_squeezenet,10996.921,29.840,213,0
89.579,t2_squeezenet,11001.696,83.943,213,0
89.610,t2_squeezenet,10847.721,31.718,213,0
89.687,t2_squeezenet,10922.554,77.051,213,0
89.771,t2_squeezenet,11001.885,83.130,213,0
89.801,t2_squeezenet,11016.866,30.593,213,0
89.884,t2_squeezenet,11093.800,82.616,212,0
89.967,t2_squeezenet,11139.343,82.677,213,0
89.997,t2_squeezenet,11160.980,30.086,213,0
90.080,t2_squeezenet,11162.427,82.964,214,0
90.125,t2_squeezenet,11093.568,44.875,213,0
90.183,t2_squeezenet,11122.253,58.434,212,0
90.265,t2_squeezenet,11105.350,82.017,213,0
90.295,t2_squeezenet,11119.448,29.384,212,0
90.377,t2_squeezenet,11075.726,82.582,211,0
90.462,t2_squeezenet,11121.893,84.526,212,0
90.491,t2_squeezenet,11137.816,29.208,211,0
90.573,t2_squeezenet,11128.359,82.030,211,0
90.603,t2_squeezenet,11095.232,30.222,210,0
90.683,t2_squeezenet,11167.883,79.525,209,0
90.767,t2_squeezenet,11160.030,84.410,208,0
90.797,t2_squeezenet,11181.771,29.432,207,0
90.879,t2_squeezenet,11163.719,82.182,208,0
90.962,t2_squeezenet,11124.538,82.637,208,0
90.991,t2_squeezenet,10998.672,29.670,207,0
91.076,t2_squeezenet,10970.848,84.653,208,0
91.112,t2_squeezenet,10915.057,36.369,208,0
91.179,t2_squeezenet,10960.459,66.675,209,0
91.263,t2_squeezenet,10963.613,83.707,208,0
91.293,t2_squeezenet,10896.130,29.821,207,0
91.376,t2_squeezenet,10956.431,83.581,206,0
91.408,t2_squeezenet,10936.269,31.369,205,0
91.488,t2_squeezenet,10985.592,80.188,204,0
91.571,t2_squeezenet,11009.693,83.444,204,0
91.602,t2_squeezenet,11011.422,30.817,203,0
91.686,t2_squeezenet,11092.679,84.189,205,0
91.769,t2_squeezenet,11153.769,82.751,204,0
91.799,t2_squeezenet,11028.073,30.025,203,0
91.882,t2_squeezenet,11046.796,82.336,205,0
91.966,t2_squeezenet,10969.248,84.180,206,0
91.995,t2_squeezenet,10990.907,29.289,206,0
92.078,t2_squeezenet,11028.713,82.598,205,0
92.118,t2_squeezenet,11007.968,40.354,205,0
92.177,t2_squeezenet,11025.093,59.191,205,0
92.264,t2_squeezenet,11069.484,86.746,205,0
92.293,t2_squeezenet,11067.811,29.224,204,0
92.376,t2_squeezenet,11131.189,82.663,204,0
92.461,t2_squeezenet,11192.385,85.261,204,0
92.491,t2_squeezenet,11150.652,29.651,203,0
92.574,t2_squeezenet,11203.627,83.112,204,0
92.605,t2_squeezenet,11205.295,30.597,204,0
92.687,t2_squeezenet,11190.361,81.909,203,0
92.771,t2_squeezenet,11237.003,83.786,205,0
92.801,t2_squeezenet,11199.482,30.783,204,0
92.886,t2_squeezenet,11273.903,85.000,205,0
92.969,t2_squeezenet,11342.693,82.258,204,0
92.998,t2_squeezenet,11114.724,29.734,203,0
93.081,t2_squeezenet,11141.882,82.823,203,0
93.124,t2_squeezenet,11164.733,43.109,202,0
93.185,t2_squeezenet,11210.053,60.339,203,0
93.271,t2_squeezenet,11250.195,85.877,204,0
93.301,t2_squeezenet,11259.785,29.963,204,0
93.383,t2_squeezenet,11310.121,82.331,205,0
93.470,t2_squeezenet,11342.186,86.408,204,0
93.500,t2_squeezenet,11341.848,30.026,203,0
93.581,t2_squeezenet,11400.631,81.740,205,0
93.664,t2_squeezenet,11390.794,82.857,204,0
93.694,t2_squeezenet,11402.344,29.571,204,0
93.778,t2_squeezenet,11481.719,83.668,204,0
93.863,t2_squeezenet,11559.802,85.735,204,0
93.893,t2_squeezenet,11489.465,29.420,203,0
93.976,t2_squeezenet,11501.110,83.046,204,0
94.009,t2_squeezenet,11461.482,32.912,203,0
94.091,t2_squeezenet,11505.561,82.618,203,0
94.164,t2_squeezenet,11574.194,72.098,203,0
94.193,t2_squeezenet,11550.849,29.413,202,0
94.275,t2_squeezenet,11623.215,82.253,202,0
94.307,t2_squeezenet,11586.591,31.722,201,0
94.387,t2_squeezenet,11627.629,80.250,200,0
94.471,t2_squeezenet,11704.983,83.625,199,0
94.501,t2_squeezenet,11702.240,29.848,199,0
94.583,t2_squeezenet,11759.175,82.027,201,0
94.667,t2_squeezenet,11782.066,83.634,202,0
94.697,t2_squeezenet,11747.866,29.876,202,0
94.778,t2_squeezenet,11807.256,81.826,203,0
94.861,t2_squeezenet,11839.410,82.411,203,0
94.890,t2_squeezenet,11805.838,29.566,202,0
94.974,t2_squeezenet,11799.212,83.625,202,0
95.004,t2_squeezenet,11803.090,29.736,201,0
95.088,t2_squeezenet,11850.141,83.634,201,0
95.132,t2_squeezenet,11853.193,44.291,200,0
95.188,t2_squeezenet,11892.922,56.589,201,0
95.275,t2_squeezenet,11841.797,86.120,202,0
95.305,t2_squeezenet,11788.578,30.600,201,0
95.386,t2_squeezenet,11860.828,81.077,201,0
95.472,t2_squeezenet,11911.393,85.706,201,0
95.503,t2_squeezenet,11758.833,30.870,201,0
95.586,t2_squeezenet,11758.615,82.859,201,0
95.668,t2_squeezenet,11823.293,82.504,200,0
95.698,t2_squeezenet,11792.206,29.793,200,0
95.782,t2_squeezenet,11800.976,83.539,200,0
95.869,t2_squeezenet,11870.875,86.946,201,0
95.899,t2_squeezenet,11893.769,30.036,200,0
95.980,t2_squeezenet,11969.386,81.440,200,0
96.066,t2_squeezenet,12005.965,85.349,200,0
96.101,t2_squeezenet,12016.602,35.502,199,0
96.169,t2_squeezenet,12073.746,67.686,199,0
96.199,t2_squeezenet,12004.153,30.158,199,0
96.281,t2_squeezenet,12032.267,82.145,200,0
96.365,t2_squeezenet,12004.475,83.683,200,0
96.395,t2_squeezenet,12021.610,29.753,199,0
96.478,t2_squeezenet,11959.797,83.562,198,0
96.561,t2_squeezenet,11992.308,82.639,200,0
96.590,t2_squeezenet,12017.275,29.144,199,0
96.673,t2_squeezenet,12077.552,83.165,200,0
96.704,t2_squeezenet,12090.038,30.713,199,0
96.787,t2_squeezenet,12158.123,82.409,200,0
96.870,t2_squeezenet,12097.394,82.965,203,0
96.899,t2_squeezenet,12081.275,29.812,203,0
96.981,t2_squeezenet,12162.990,81.932,205,0
97.066,t2_squeezenet,12192.440,84.854,205,0
97.102,t2_squeezenet,12091.653,35.292,208,0
97.169,t2_squeezenet,12078.920,67.185,208,0
97.198,t2_squeezenet,12086.481,29.608,208,0
97.281,t2_squeezenet,12164.406,82.952,207,0
97.366,t2_squeezenet,12164.746,84.049,206,0
97.396,t2_squeezenet,12142.819,30.023,207,0
97.481,t2_squeezenet,12200.069,85.638,207,0
97.563,t2_squeezenet,12128.442,82.127,209,0
97.593,t2_squeezenet,12005.429,29.702,208,0
97.676,t2_squeezenet,12014.738,83.141,208,0
97.760,t2_squeezenet,12041.051,83.579,210,0
97.789,t2_squeezenet,12062.863,29.377,209,0
97.875,t2_squeezenet,12020.821,85.213,209,0
97.906,t2_squeezenet,12019.311,31.294,208,0
97.987,t2_squeezenet,12084.853,81.305,210,0
98.074,t2_squeezenet,12096.672,86.810,213,0
98.155,t2_squeezenet,12143.147,80.666,214,0
98.198,t2_squeezenet,12148.629,43.530,213,0
98.281,t2_squeezenet,12114.852,83.057,214,0
98.363,t2_squeezenet,12185.239,82.002,215,0
98.393,t2_squeezenet,12181.654,29.412,214,0
98.476,t2_squeezenet,12205.670,82.990,214,0
98.509,t2_squeezenet,12237.354,32.737,214,0
98.590,t2_squeezenet,12296.342,80.835,215,0
98.671,t2_squeezenet,12278.004,81.804,216,0
98.701,t2_squeezenet,12203.465,29.766,216,0
98.786,t2_squeezenet,12237.454,85.103,218,0
98.872,t2_squeezenet,12233.056,85.369,220,0
98.902,t2_squeezenet,12182.998,30.278,221,0
98.984,t2_squeezenet,12218.135,82.397,221,0
99.067,t2_squeezenet,12204.598,82.790,221,0
99.106,t2_squeezenet,12217.386,38.313,220,0
99.169,t2_squeezenet,12158.488,63.157,220,0
99.199,t2_squeezenet,12138.530,30.396,219,0
99.284,t2_squeezenet,12212.500,84.657,219,0
99.366,t2_squeezenet,12264.736,82.263,219,0
99.396,t2_squeezenet,12256.919,29.866,218,0
99.481,t2_squeezenet,12280.084,84.461,218,0
99.563,t2_squeezenet,12326.144,82.607,219,0
99.593,t2_squeezenet,12330.279,29.319,219,0
99.675,t2_squeezenet,12410.597,82.244,220,0
99.707,t2_squeezenet,12432.736,32.421,219,0
99.788,t2_squeezenet,12490.453,80.760,219,0
99.871,t2_squeezenet,12514.655,83.171,219,0
99.901,t2_squeezenet,12539.384,29.804,218,0
99.983,t2_squeezenet,12573.170,81.515,219,0
100.066,t2_squeezenet,12646.796,83.791,219,0
100.103,t2_squeezenet,12682.128,36.223,218,0
100.164,t2_squeezenet,12691.321,61.543,217,0
100.194,t2_squeezenet,12715.808,29.370,218,0
100.279,t2_squeezenet,12726.568,85.442,218,0
100.363,t2_squeezenet,12674.661,83.730,217,0
100.393,t2_squeezenet,12701.745,29.809,217,0
100.476,t2_squeezenet,12778.633,83.036,216,0
100.506,t2_squeezenet,12802.056,30.529,216,0
100.587,t2_squeezenet,12873.248,80.370,215,0
100.671,t2_squeezenet,12911.096,84.033,215,0
100.701,t2_squeezenet,12884.431,30.320,214,0
100.784,t2_squeezenet,12930.338,82.790,214,0
100.866,t2_squeezenet,13002.573,82.263,215,0
100.896,t2_squeezenet,13010.120,29.967,216,0
100.979,t2_squeezenet,12995.682,82.599,215,0
101.062,t2_squeezenet,13014.799,83.424,217,0
101.095,t2_squeezenet,13026.428,33.016,216,0
101.161,t2_squeezenet,13042.271,65.489,215,0
101.190,t2_squeezenet,13059.097,29.294,218,0
101.276,t2_squeezenet,13142.393,86.059,220,0
101.308,t2_squeezenet,13160.559,31.720,219,0
101.389,t2_squeezenet,13197.058,80.462,220,0
101.474,t2_squeezenet,13271.861,85.203,220,0
101.505,t2_squeezenet,13300.177,31.434,220,0
101.586,t2_squeezenet,13314.597,81.103,221,0
101.671,t2_squeezenet,13331.881,84.421,222,0
101.700,t2_squeezenet,13302.758,29.585,222,0
101.783,t2_squeezenet,13378.144,82.433,222,0
101.869,t2_squeezenet,13368.281,86.420,222,0
101.900,t2_squeezenet,13381.707,30.455,221,0
101.982,t2_squeezenet,13420.119,82.245,223,0
102.068,t2_squeezenet,13336.606,85.429,224,0
102.102,t2_squeezenet,13342.530,34.662,224,0
102.170,t2_squeezenet,13386.661,67.761,224,0
102.201,t2_squeezenet,13368.406,30.586,223,0
102.284,t2_squeezenet,13368.409,82.880,225,0
102.366,t2_squeezenet,13401.452,82.042,227,0
102.395,t2_squeezenet,13406.951,29.498,226,0
102.478,t2_squeezenet,13318.331,82.861,226,0
102.561,t2_squeezenet,13357.065,83.354,226,0
102.591,t2_squeezenet,13332.969,29.214,225,0
102.675,t2_squeezenet,13357.144,83.767,224,0
102.706,t2_squeezenet,13335.332,31.140,224,0
102.787,t2_squeezenet,13347.980,81.063,224,0
102.871,t2_squeezenet,13418.956,83.881,224,0
102.900,t2_squeezenet,13423.495,29.657,225,0
102.982,t2_squeezenet,13475.373,81.961,226,0
103.066,t2_squeezenet,13460.281,83.259,227,0
103.099,t2_squeezenet,13449.358,33.790,226,0
103.167,t2_squeezenet,13447.263,67.335,225,0
103.196,t2_squeezenet,13400.221,29.421,226,0
103.282,t2_squeezenet,13379.918,85.332,226,0
103.365,t2_squeezenet,13444.662,83.632,226,0
103.395,t2_squeezenet,13399.168,30.079,225,0
103.478,t2_squeezenet,13450.981,82.858,227,0
103.560,t2_squeezenet,13495.551,81.972,229,0
103.590,t2_squeezenet,13325.682,29.284,229,0
103.673,t2_squeezenet,13408.279,83.415,229,0
103.704,t2_squeezenet,13271.460,31.146,228,0
103.786,t2_squeezenet,13331.987,81.936,227,0
103.868,t2_squeezenet,13314.064,82.089,228,0
103.898,t2_squeezenet,13043.713,29.848,227,0
103.981,t2_squeezenet,13111.639,82.490,228,0
104.065,t2_squeezenet,13182.940,84.491,229,0
104.098,t2_squeezenet,13085.918,32.934,228,0
104.162,t2_squeezenet,13129.239,64.010,227,0
104.192,t2_squeezenet,13080.477,29.550,227,0
104.277,t2_squeezenet,13147.321,85.149,227,0
104.360,t2_squeezenet,13181.323,83.215,231,0
104.390,t2_squeezenet,12864.583,29.494,231,0
104.472,t2_squeezenet,12845.734,81.972,234,0
104.502,t2_squeezenet,12868.259,29.952,234,0
104.584,t2_squeezenet,12909.983,82.794,235,0
104.669,t2_squeezenet,12861.878,84.300,237,0
104.698,t2_squeezenet,12869.538,29.502,236,0
104.780,t2_squeezenet,12929.488,81.756,238,0
104.863,t2_squeezenet,12924.499,83.319,237,0
104.893,t2_squeezenet,12936.975,29.806,236,0
104.977,t2_squeezenet,12997.079,83.266,237,0
105.007,t2_squeezenet,12921.899,30.285,236,0
105.090,t2_squeezenet,12930.445,83.238,235,0
105.134,t2_squeezenet,12929.341,44.101,235,0
105.188,t2_squeezenet,12880.344,53.191,236,0
105.272,t2_squeezenet,12817.855,84.381,237,0
105.302,t2_squeezenet,12796.499,29.590,236,0
105.383,t2_squeezenet,12866.618,81.516,236,0
105.468,t2_squeezenet,12889.770,84.424,238,0
105.498,t2_squeezenet,12793.425,30.265,237,0
105.581,t2_squeezenet,12870.197,83.217,237,0
105.612,t2_squeezenet,12897.910,31.187,239,0
105.689,t2_squeezenet,12826.856,76.420,238,0
105.773,t2_squeezenet,12906.630,84.489,238,0
105.804,t2_squeezenet,12784.595,31.142,238,0
105.887,t2_squeezenet,12727.061,82.271,238,0
105.969,t2_squeezenet,12787.907,82.059,238,0
105.999,t2_squeezenet,12756.896,30.034,237,0
106.083,t2_squeezenet,12828.126,83.541,237,0
106.125,t2_squeezenet,12829.060,42.665,236,0
106.183,t2_squeezenet,12869.586,57.721,237,0
106.265,t2_squeezenet,12916.392,81.931,236,0
106.294,t2_squeezenet,12771.233,29.369,236,0
106.378,t2_squeezenet,12825.441,84.118,236,0
106.462,t2_squeezenet,12886.117,83.542,236,0
106.491,t2_squeezenet,12803.938,29.239,237,0
106.573,t2_squeezenet,12818.838,81.846,239,0
106.604,t2_squeezenet,12806.300,30.443,239,0
106.684,t2_squeezenet,12772.915,80.672,241,0
106.769,t2_squeezenet,12843.646,84.741,242,0
106.799,t2_squeezenet,12748.869,29.456,241,0
106.880,t2_squeezenet,12784.574,81.602,241,0
106.964,t2_squeezenet,12715.557,83.882,241,0
106.994,t2_squeezenet,12500.289,29.822,241,0
107.078,t2_squeezenet,12556.890,84.364,240,0
107.118,t2_squeezenet,12588.616,39.647,240,0
107.178,t2_squeezenet,12626.386,60.259,240,0
107.262,t2_squeezenet,12635.617,83.094,242,0
107.291,t2_squeezenet,12651.195,29.501,241,0
107.375,t2_squeezenet,12683.193,83.574,241,0
107.405,t2_squeezenet,12672.742,30.026,240,0
107.487,t2_squeezenet,12725.728,81.984,241,0
107.570,t2_squeezenet,12760.821,83.545,240,0
107.601,t2_squeezenet,12654.354,30.616,239,0
107.684,t2_squeezenet,12667.238,82.752,240,0
107.766,t2_squeezenet,12605.807,81.806,240,0
107.795,t2_squeezenet,12608.889,29.519,239,0
107.879,t2_squeezenet,12674.980,83.691,239,0
107.963,t2_squeezenet,12696.510,83.832,238,0
107.992,t2_squeezenet,12675.416,29.289,238,0
108.074,t2_squeezenet,12641.305,81.665,238,0
108.114,t2_squeezenet,12617.114,40.709,237,0
108.173,t2_squeezenet,12630.958,58.464,237,0
108.204,t2_squeezenet,12526.260,30.801,236,0
108.286,t2_squeezenet,12579.519,82.513,236,0
108.368,t2_squeezenet,12502.551,81.961,236,0
108.398,t2_squeezenet,12530.753,29.896,236,0
108.482,t2_squeezenet,12576.380,83.959,236,0
108.567,t2_squeezenet,12532.150,84.273,236,0
108.596,t2_squeezenet,12475.709,29.377,235,0
108.675,t2_squeezenet,12502.583,78.651,239,0
108.706,t2_squeezenet,12488.684,31.081,239,0
108.787,t2_squeezenet,12559.587,81.525,239,0
108.872,t2_squeezenet,12585.201,84.287,239,0
108.901,t2_squeezenet,12376.591,29.628,240,0
108.983,t2_squeezenet,12453.803,81.469,239,0
109.066,t2_squeezenet,12506.654,83.636,240,0
109.102,t2_squeezenet,12497.617,35.791,240,0
109.167,t2_squeezenet,12509.001,64.892,239,0
109.197,t2_squeezenet,12451.653,29.358,239,0
109.278,t2_squeezenet,12521.095,81.783,239,0
109.362,t2_squeezenet,12526.608,83.149,239,0
109.391,t2_squeezenet,12546.624,29.740,238,0
109.475,t2_squeezenet,12625.959,83.395,238,0
109.505,t2_squeezenet,12648.633,29.917,237,0
109.586,t2_squeezenet,12713.509,81.046,237,0
109.668,t2_squeezenet,12759.561,81.893,238,0
109.698,t2_squeezenet,12760.484,30.157,238,0
109.781,t2_squeezenet,12804.576,83.486,239,0
109.863,t2_squeezenet,12833.266,81.393,239,0
109.892,t2_squeezenet,12815.361,29.579,239,0
109.976,t2_squeezenet,12888.826,83.298,238,0
110.008,t2_squeezenet,12919.423,31.915,239,0
110.090,t2_squeezenet,12998.441,82.263,238,0
110.132,t2_squeezenet,12965.639,41.674,237,0
110.186,t2_squeezenet,13001.732,54.134,236,0
110.270,t2_squeezenet,12887.757,83.880,237,0
110.300,t2_squeezenet,12912.482,30.421,237,0
110.386,t2_squeezenet,12922.870,85.369,236,0
110.468,t2_squeezenet,12939.692,81.918,241,0
110.497,t2_squeezenet,12951.982,29.745,242,0
110.580,t2_squeezenet,13018.568,82.826,243,0
110.664,t2_squeezenet,13066.400,83.540,242,0
110.693,t2_squeezenet,12988.047,29.266,241,0
110.775,t2_squeezenet,13041.511,81.818,241,0
110.806,t2_squeezenet,13071.699,30.865,242,0
110.887,t2_squeezenet,13080.235,81.054,242,0
110.972,t2_squeezenet,13053.426,84.647,242,0
111.001,t2_squeezenet,13041.434,29.587,242,0
111.084,t2_squeezenet,13116.787,82.833,242,0
111.128,t2_squeezenet,13128.230,44.131,242,0
111.186,t2_squeezenet,13184.028,57.728,241,0
111.270,t2_squeezenet,13258.259,84.471,240,0
111.300,t2_squeezenet,13275.208,29.536,239,0
111.382,t2_squeezenet,13300.959,81.621,238,0
111.464,t2_squeezenet,13330.821,82.650,237,0
111.494,t2_squeezenet,13234.591,29.940,236,0
111.578,t2_squeezenet,13309.834,83.680,237,0
111.660,t2_squeezenet,13374.904,82.361,240,0
111.690,t2_squeezenet,13333.644,29.325,240,0
111.772,t2_squeezenet,13350.166,82.542,240,0
111.803,t2_squeezenet,13300.591,30.888,240,0
111.886,t2_squeezenet,13351.186,82.726,240,0
111.970,t2_squeezenet,13398.609,83.821,242,0
112.000,t2_squeezenet,13403.646,29.791,242,0
112.083,t2_squeezenet,13427.637,83.406,243,0
112.129,t2_squeezenet,13429.718,46.177,242,0
112.184,t2_squeezenet,13463.501,54.761,241,0
112.267,t2_squeezenet,13528.554,83.022,241,0
112.297,t2_squeezenet,13521.898,29.603,240,0
112.382,t2_squeezenet,13543.037,84.801,241,0
112.465,t2_squeezenet,13624.428,83.558,242,0
112.495,t2_squeezenet,13638.373,30.051,243,0
112.578,t2_squeezenet,13704.033,83.064,244,0
112.661,t2_squeezenet,13765.726,82.812,244,0
112.691,t2_squeezenet,13763.432,29.282,243,0
112.774,t2_squeezenet,13726.520,83.352,242,0
112.805,t2_squeezenet,13644.835,30.632,242,0
112.886,t2_squeezenet,13620.211,81.647,241,0
112.969,t2_squeezenet,13613.976,83.167,242,0
113.000,t2_squeezenet,13576.220,30.433,241,0
113.082,t2_squeezenet,13536.657,82.506,243,0
113.124,t2_squeezenet,13575.032,41.551,242,0
113.182,t2_squeezenet,13616.244,58.257,245,0
113.266,t2_squeezenet,13644.314,83.191,246,0
113.295,t2_squeezenet,13623.080,29.837,245,0
113.378,t2_squeezenet,13631.497,83.059,246,0
113.464,t2_squeezenet,13641.518,85.789,246,0
113.494,t2_squeezenet,13560.826,29.458,245,0
113.576,t2_squeezenet,13632.648,82.504,245,0
113.609,t2_squeezenet,13566.565,32.294,246,0
113.689,t2_squeezenet,13524.023,80.289,246,0
113.772,t2_squeezenet,13600.504,83.087,247,0
113.802,t2_squeezenet,13598.659,29.987,247,0
113.887,t2_squeezenet,13512.203,84.591,249,0
113.971,t2_squeezenet,13491.098,84.462,249,0
114.002,t2_squeezenet,13411.388,30.472,249,0
114.087,t2_squeezenet,13361.062,85.632,249,0
114.131,t2_squeezenet,13290.496,43.753,249,0
114.188,t2_squeezenet,13322.817,56.502,249,0
114.271,t2_squeezenet,13403.266,83.695,248,0
114.302,t2_squeezenet,13421.768,30.732,247,0
114.384,t2_squeezenet,13387.117,81.692,248,0
114.470,t2_squeezenet,13449.786,85.890,248,0
114.500,t2_squeezenet,13462.642,30.082,247,0
114.583,t2_squeezenet,13417.357,82.807,248,0
114.666,t2_squeezenet,13497.878,83.011,250,0
114.695,t2_squeezenet,13519.723,29.335,249,0
114.781,t2_squeezenet,13600.648,85.364,249,0
114.864,t2_squeezenet,13653.951,83.152,248,0
114.894,t2_squeezenet,13626.337,29.928,248,0
114.977,t2_squeezenet,13701.035,83.304,248,0
115.062,t2_squeezenet,13737.468,85.162,248,0
115.096,t2_squeezenet,13751.523,33.965,247,0
115.164,t2_squeezenet,13708.629,68.087,249,0
115.194,t2_squeezenet,13703.789,29.915,250,0
115.277,t2_squeezenet,13753.312,82.948,249,0
115.308,t2_squeezenet,13735.389,30.437,250,0
115.388,t2_squeezenet,13768.307,80.456,251,0
115.475,t2_squeezenet,13845.716,86.666,251,0
115.507,t2_squeezenet,13812.179,32.217,251,0
115.588,t2_squeezenet,13883.513,80.897,250,0
115.670,t2_squeezenet,13800.748,81.996,249,0
115.700,t2_squeezenet,13785.512,30.282,249,0
115.783,t2_squeezenet,13823.525,82.858,249,0
115.871,t2_squeezenet,13900.151,87.297,251,0
115.900,t2_squeezenet,13888.531,29.650,252,0
115.982,t2_squeezenet,13932.980,81.985,252,0
116.068,t2_squeezenet,13981.750,86.061,253,0
116.107,t2_squeezenet,13977.202,38.459,252,0
116.172,t2_squeezenet,13956.935,65.238,253,0
116.202,t2_squeezenet,13951.657,30.064,253,0
116.287,t2_squeezenet,14024.395,84.384,253,0
116.372,t2_squeezenet,14072.011,85.463,255,0
116.403,t2_squeezenet,14096.973,30.765,254,0
116.487,t2_squeezenet,14155.821,84.409,255,0
116.574,t2_squeezenet,14119.462,86.318,254,0
116.604,t2_squeezenet,14122.142,30.234,253,0
116.688,t2_squeezenet,13987.241,84.470,253,0
116.775,t2_squeezenet,14037.410,86.219,253,0
116.861,t2_squeezenet,14013.319,86.068,256,0
116.890,t2_squeezenet,14003.021,29.199,255,0
116.976,t2_squeezenet,14085.153,85.599,255,0
117.062,t2_squeezenet,14127.229,86.246,255,0
117.096,t2_squeezenet,14144.699,33.735,254,0
117.168,t2_squeezenet,14166.856,71.996,255,0
117.197,t2_squeezenet,14146.359,29.440,256,0
117.282,t2_squeezenet,14092.891,84.794,258,0
117.368,t2_squeezenet,14177.068,85.804,258,0
117.398,t2_squeezenet,14128.167,30.367,257,0
117.484,t2_squeezenet,14158.686,85.741,258,0
117.574,t2_squeezenet,14169.535,89.718,258,0
117.604,t2_squeezenet,14195.089,30.215,257,0
117.688,t2_squeezenet,14244.716,84.337,259,0
117.775,t2_squeezenet,14290.630,86.198,259,0
117.860,t2_squeezenet,14373.119,85.672,259,0
117.890,t2_squeezenet,14361.742,29.447,261,0
117.976,t2_squeezenet,14402.435,85.809,260,0
118.065,t2_squeezenet,14426.464,89.469,262,0
118.099,t2_squeezenet,14250.968,34.291,262,0
118.167,t2_squeezenet,14303.845,67.475,262,0
118.196,t2_squeezenet,14297.416,29.390,262,0
118.282,t2_squeezenet,14301.008,85.197,261,0
118.368,t2_squeezenet,14374.703,86.507,261,0
118.398,t2_squeezenet,14351.826,30.148,260,0
118.484,t2_squeezenet,14293.783,85.640,260,0
118.569,t2_squeezenet,14370.643,85.402,261,0
118.599,t2_squeezenet,14316.165,29.831,260,0
118.685,t2_squeezenet,14377.028,85.751,262,0
118.772,t2_squeezenet,14439.232,86.581,264,0
118.801,t2_squeezenet,14461.580,29.534,263,0
118.886,t2_squeezenet,14538.824,84.779,262,0
118.972,t2_squeezenet,14604.856,85.645,262,0
119.002,t2_squeezenet,14604.326,30.748,261,0
119.089,t2_squeezenet,14672.436,86.292,262,0
119.131,t2_squeezenet,14710.589,42.108,262,0
119.187,t2_squeezenet,14740.792,56.562,262,0
119.273,t2_squeezenet,14778.428,85.667,263,0
119.304,t2_squeezenet,14720.049,30.840,262,0
119.388,t2_squeezenet,14804.181,84.304,261,0
119.475,t2_squeezenet,14868.875,86.151,261,0
119.560,t2_squeezenet,14919.938,85.374,264,0
119.590,t2_squeezenet,14936.569,29.611,264,0
119.675,t2_squeezenet,14941.630,85.845,266,0
119.762,t2_squeezenet,15005.760,86.293,267,0
119.791,t2_squeezenet,15019.507,29.170,266,0
119.876,t2_squeezenet,14967.839,85.013,265,0
119.962,t2_squeezenet,15020.511,86.152,267,0
119.992,t2_squeezenet,14867.780,29.765,267,0
120.079,t2_squeezenet,14932.581,87.188,266,0
120.116,t2_squeezenet,14933.469,36.703,265,0
120.179,t2_squeezenet,14984.541,63.099,265,0
120.264,t2_squeezenet,15061.676,85.231,265,0
120.294,t2_squeezenet,14913.115,29.486,264,0
120.381,t2_squeezenet,14972.029,86.667,265,0
120.466,t2_squeezenet,15011.891,85.684,266,0
120.496,t2_squeezenet,15035.777,29.516,266,0
120.581,t2_squeezenet,15008.579,85.195,268,0
120.667,t2_squeezenet,15079.854,86.158,268,0
120.697,t2_squeezenet,15107.507,30.000,268,0
120.786,t2_squeezenet,15178.629,88.493,268,0
120.870,t2_squeezenet,15147.271,84.120,271,0
120.901,t2_squeezenet,15098.202,30.599,270,0
120.986,t2_squeezenet,15170.409,85.486,270,0
121.073,t2_squeezenet,15173.804,86.966,271,0
121.110,t2_squeezenet,15037.119,36.995,271,0
121.173,t2_squeezenet,15044.131,63.196,270,0
121.204,t2_squeezenet,15037.983,30.367,269,0
121.288,t2_squeezenet,14994.602,84.569,268,0
121.375,t2_squeezenet,15066.544,86.479,269,0
121.405,t2_squeezenet,14988.076,29.741,268,0
121.489,t2_squeezenet,15004.433,84.143,270,0
121.575,t2_squeezenet,15088.672,85.946,270,0
121.661,t2_squeezenet,15133.739,86.587,271,0
121.691,t2_squeezenet,15134.939,29.294,270,0
121.776,t2_squeezenet,15215.191,85.460,270,0
121.862,t2_squeezenet,15281.483,85.302,270,0
121.891,t2_squeezenet,15278.811,29.298,269,0
121.977,t2_squeezenet,15361.699,85.839,271,0
122.063,t2_squeezenet,15387.353,85.652,274,0
122.095,t2_squeezenet,15404.015,32.763,273,0
122.163,t2_squeezenet,15433.506,67.132,275,0
122.192,t2_squeezenet,15347.655,29.552,274,0
122.278,t2_squeezenet,15317.397,85.598,274,0
122.364,t2_squeezenet,15388.717,86.334,275,0
122.393,t2_squeezenet,15292.407,29.308,274,0
122.479,t2_squeezenet,15349.959,85.528,274,0
122.565,t2_squeezenet,15381.931,86.446,276,0
122.595,t2_squeezenet,15366.511,30.007,275,0
122.682,t2_squeezenet,15422.518,86.071,274,0
122.767,t2_squeezenet,15433.629,84.993,274,0
122.796,t2_squeezenet,15379.494,29.696,274,0
122.882,t2_squeezenet,15461.557,85.647,275,0
122.969,t2_squeezenet,15325.316,87.259,275,0
122.999,t2_squeezenet,15338.144,29.479,274,0
123.084,t2_squeezenet,15379.023,85.197,273,0
123.126,t2_squeezenet,15302.168,42.135,274,0
123.186,t2_squeezenet,15211.818,59.558,275,0
123.272,t2_squeezenet,15267.288,86.477,277,0
123.303,t2_squeezenet,15172.201,30.484,277,0
123.388,t2_squeezenet,15166.146,85.416,278,0
123.474,t2_squeezenet,15138.893,85.602,278,0
123.560,t2_squeezenet,15177.315,85.854,278,0
123.589,t2_squeezenet,15176.193,29.425,278,0
123.675,t2_squeezenet,15184.295,86.184,278,0
123.761,t2_squeezenet,15143.326,85.491,280,0
123.790,t2_squeezenet,15146.975,29.294,279,0
123.880,t2_squeezenet,15234.534,89.460,279,0
123.964,t2_squeezenet,15316.857,83.941,281,0
123.993,t2_squeezenet,15326.622,29.267,280,0
124.078,t2_squeezenet,15392.083,85.387,281,0
124.121,t2_squeezenet,15343.608,42.137,280,0
124.180,t2_squeezenet,15379.510,59.836,281,0
124.267,t2_squeezenet,15388.851,86.432,282,0
124.297,t2_squeezenet,15410.766,29.892,284,0
124.382,t2_squeezenet,15340.833,84.833,288,0
124.467,t2_squeezenet,15419.372,85.524,288,0
124.497,t2_squeezenet,15400.412,30.105,288,0
124.583,t2_squeezenet,15397.180,85.637,287,0
124.670,t2_squeezenet,15473.202,87.041,291,0
124.700,t2_squeezenet,15375.847,29.819,293,0
124.785,t2_squeezenet,15384.149,85.087,293,0
124.871,t2_squeezenet,15365.693,86.339,294,0
124.902,t2_squeezenet,15315.880,30.503,294,0
124.986,t2_squeezenet,15338.543,84.369,295,0
125.072,t2_squeezenet,15391.682,85.900,294,0
125.109,t2_squeezenet,15396.079,36.711,293,0
125.171,t2_squeezenet,15447.097,61.717,292,0
125.202,t2_squeezenet,15353.706,30.721,291,0
125.286,t2_squeezenet,15408.489,84.740,291,0
125.372,t2_squeezenet,15385.149,85.320,292,0
125.402,t2_squeezenet,15412.688,29.939,291,0
125.487,t2_squeezenet,15227.011,85.100,291,0
125.574,t2_squeezenet,15305.562,86.855,291,0
125.604,t2_squeezenet,15319.999,30.402,290,0
125.689,t2_squeezenet,15291.556,84.424,290,0
125.774,t2_squeezenet,15376.823,85.534,291,0
125.861,t2_squeezenet,15425.865,86.442,291,0
125.890,t2_squeezenet,15446.027,29.283,290,0
125.976,t2_squeezenet,15518.664,86.017,294,0
126.062,t2_squeezenet,15597.292,85.662,293,0
126.093,t2_squeezenet,15598.627,31.032,295,0
126.164,t2_squeezenet,15669.050,71.152,295,0
126.194,t2_squeezenet,15625.836,29.828,296,0
126.280,t2_squeezenet,15709.853,86.211,296,0
126.366,t2_squeezenet,15633.023,86.020,297,0
126.396,t2_squeezenet,15611.112,29.926,296,0
126.482,t2_squeezenet,15676.893,85.914,295,0
126.569,t2_squeezenet,15688.965,86.603,294,0
126.598,t2_squeezenet,15688.887,29.397,293,0
126.683,t2_squeezenet,15710.706,84.849,293,0
126.769,t2_squeezenet,15688.451,86.341,293,0
126.800,t2_squeezenet,15678.749,30.530,293,0
126.885,t2_squeezenet,15378.410,85.043,294,0
126.970,t2_squeezenet,15406.273,85.524,295,0
127.000,t2_squeezenet,15421.943,29.857,294,0
127.086,t2_squeezenet,15484.615,85.297,294,0
127.133,t2_squeezenet,15515.233,47.235,296,0
127.189,t2_squeezenet,15559.397,56.360,296,0
127.275,t2_squeezenet,15587.072,85.999,296,0
127.361,t2_squeezenet,15597.833,85.262,296,0
127.390,t2_squeezenet,15609.019,29.701,297,0
127.476,t2_squeezenet,15600.332,85.636,297,0
127.562,t2_squeezenet,15660.756,85.752,298,0
127.591,t2_squeezenet,15674.871,29.213,298,0
127.676,t2_squeezenet,15736.891,85.500,297,0
127.763,t2_squeezenet,15769.561,86.029,299,0
127.792,t2_squeezenet,15785.858,29.653,298,0
127.878,t2_squeezenet,15836.987,86.109,298,0
127.963,t2_squeezenet,15703.606,84.967,297,0
127.993,t2_squeezenet,15628.231,29.659,296,0
128.079,t2_squeezenet,15706.249,86.331,298,0
128.120,t2_squeezenet,15725.501,40.865,297,0
128.180,t2_squeezenet,15778.716,59.943,296,0
128.265,t2_squeezenet,15783.612,85.015,296,0
128.295,t2_squeezenet,15809.891,29.413,295,0
128.380,t2_squeezenet,15875.937,85.396,294,0
128.465,t2_squeezenet,15932.352,84.380,294,0
128.494,t2_squeezenet,15911.089,29.771,293,0
128.579,t2_squeezenet,15782.547,85.017,293,0
128.665,t2_squeezenet,15747.238,85.288,293,0
128.694,t2_squeezenet,15758.710,29.720,292,0
128.781,t2_squeezenet,15749.079,86.520,295,0
128.864,t2_squeezenet,15828.879,83.270,297,0
128.894,t2_squeezenet,15841.513,29.405,296,0
128.979,t2_squeezenet,15851.747,85.468,295,0
129.065,t2_squeezenet,15915.501,86.026,294,0
129.099,t2_squeezenet,15948.508,34.106,294,0
129.167,t2_squeezenet,15989.491,67.792,294,0
129.197,t2_squeezenet,15997.097,29.489,294,0
129.282,t2_squeezenet,16040.155,85.217,294,0
129.368,t2_squeezenet,16020.788,86.422,294,0
129.399,t2_squeezenet,16033.741,30.266,293,0
129.481,t2_squeezenet,16078.115,81.905,295,0
129.566,t2_squeezenet,16006.352,85.149,296,0
129.596,t2_squeezenet,15998.954,29.758,296,0
129.681,t2_squeezenet,16077.619,85.788,295,0
129.768,t2_squeezenet,16141.407,86.608,295,0
129.798,t2_squeezenet,16095.839,29.475,294,0
129.880,t2_squeezenet,16113.734,81.965,294,0
129.966,t2_squeezenet,16186.580,86.659,295,0
129.996,t2_squeezenet,16193.086,30.094,295,0
130.083,t2_squeezenet,16262.619,86.217,295,0
130.122,t2_squeezenet,16248.372,39.500,296,0
130.179,t2_squeezenet,16246.321,57.198,297,0
130.265,t2_squeezenet,16276.735,85.536,298,0
130.295,t2_squeezenet,16243.045,29.963,297,0
130.379,t2_squeezenet,16285.696,83.812,297,0
130.464,t2_squeezenet,16319.216,85.126,299,0
130.493,t2_squeezenet,16164.676,29.325,298,0
130.576,t2_squeezenet,16210.899,82.360,298,0
130.662,t2_squeezenet,16262.490,86.162,298,0
130.691,t2_squeezenet,16179.659,29.390,297,0
130.775,t2_squeezenet,16240.096,83.233,296,0
130.860,t2_squeezenet,16271.378,85.593,296,0
130.890,t2_squeezenet,16245.841,29.349,295,0
130.973,t2_squeezenet,16313.239,83.550,295,0
131.003,t2_squeezenet,16239.709,30.237,296,0
131.090,t2_squeezenet,16196.979,86.165,298,0
131.131,t2_squeezenet,16190.097,41.370,298,0
131.188,t2_squeezenet,16188.109,56.897,298,0
131.274,t2_squeezenet,16153.544,86.179,298,0
131.305,t2_squeezenet,16152.557,31.166,297,0
131.386,t2_squeezenet,16223.903,80.997,296,0
131.472,t2_squeezenet,16282.202,85.734,298,0
131.502,t2_squeezenet,16309.326,30.218,297,0
131.586,t2_squeezenet,16307.227,83.332,298,0
131.673,t2_squeezenet,16380.870,86.768,299,0
131.702,t2_squeezenet,16380.624,29.747,299,0
131.784,t2_squeezenet,16417.415,81.871,300,0
131.871,t2_squeezenet,16438.977,86.785,301,0
131.902,t2_squeezenet,16398.615,30.686,301,0
131.984,t2_squeezenet,16299.022,82.408,300,0
132.070,t2_squeezenet,16288.110,85.471,299,0
132.105,t2_squeezenet,16298.119,35.160,299,0
132.170,t2_squeezenet,16328.169,65.215,298,0
132.201,t2_squeezenet,16343.338,30.675,298,0
132.283,t2_squeezenet,16409.512,82.526,297,0
132.369,t2_squeezenet,16469.876,85.280,298,0
132.399,t2_squeezenet,16463.534,30.052,298,0
132.483,t2_squeezenet,16446.725,84.646,300,0
132.568,t2_squeezenet,16530.925,84.604,302,0
132.597,t2_squeezenet,16437.700,29.375,301,0
132.682,t2_squeezenet,16517.686,84.929,302,0
132.765,t2_squeezenet,16581.048,82.853,301,0
132.795,t2_squeezenet,16530.454,29.911,300,0
132.881,t2_squeezenet,16547.081,85.906,302,0
132.964,t2_squeezenet,16605.280,82.741,302,0
132.993,t2_squeezenet,16630.924,29.432,301,0
133.080,t2_squeezenet,16636.936,86.291,300,0
133.120,t2_squeezenet,16651.403,39.901,299,0
133.180,t2_squeezenet,16521.914,60.329,301,0
133.263,t2_squeezenet,16504.696,83.044,301,0
133.293,t2_squeezenet,16513.742,29.427,300,0
133.378,t2_squeezenet,16577.118,85.392,299,0
133.464,t2_squeezenet,16657.854,86.129,300,0
133.494,t2_squeezenet,16670.799,29.765,300,0
133.576,t2_squeezenet,16648.399,81.899,300,0
133.662,t2_squeezenet,16615.718,85.616,300,0
133.691,t2_squeezenet,16574.111,29.341,300,0
133.775,t2_squeezenet,16618.245,84.314,300,0
133.861,t2_squeezenet,16682.588,85.539,300,0
133.890,t2_squeezenet,16705.243,29.314,300,0
133.972,t2_squeezenet,16753.694,82.269,300,0
134.003,t2_squeezenet,16774.275,30.677,299,0
134.090,t2_squeezenet,16830.527,86.431,298,0
134.130,t2_squeezenet,16822.082,40.354,298,0
134.187,t2_squeezenet,16764.285,56.896,299,0
134.273,t2_squeezenet,16820.815,85.653,298,0
134.303,t2_squeezenet,16783.072,30.512,297,0
134.387,t2_squeezenet,16727.515,84.243,297,0
134.472,t2_squeezenet,16806.901,84.472,298,0
134.502,t2_squeezenet,16815.421,29.645,297,0
134.586,t2_squeezenet,16839.992,84.856,300,0
134.673,t2_squeezenet,16860.097,86.506,300,0
134.704,t2_squeezenet,16840.723,30.655,299,0
134.788,t2_squeezenet,16906.446,84.283,299,0
134.871,t2_squeezenet,16985.445,83.106,300,0
134.902,t2_squeezenet,16898.273,30.632,300,0
134.987,t2_squeezenet,16956.285,84.715,300,0
135.073,t2_squeezenet,17013.736,86.926,302,0
135.108,t2_squeezenet,17014.950,34.964,301,0
135.171,t2_squeezenet,17059.142,62.656,301,0
135.201,t2_squeezenet,17017.505,30.274,301,0
135.286,t2_squeezenet,16950.891,84.877,301,0
135.373,t2_squeezenet,16915.126,87.047,300,0
135.403,t2_squeezenet,16906.471,29.588,300,0
135.484,t2_squeezenet,16975.826,81.309,301,0
135.571,t2_squeezenet,16927.969,86.178,302,0
135.601,t2_squeezenet,16951.373,30.716,301,0
135.686,t2_squeezenet,17005.826,84.916,300,0
135.773,t2_squeezenet,17035.022,86.227,302,0
135.803,t2_squeezenet,17044.888,29.972,301,0
135.884,t2_squeezenet,17124.171,81.921,300,0
135.971,t2_squeezenet,17031.417,86.410,299,0
136.001,t2_squeezenet,16941.343,30.136,299,0
136.087,t2_squeezenet,17003.409,85.777,299,0
136.128,t2_squeezenet,17003.688,40.978,299,0
136.186,t2_squeezenet,17023.399,58.411,299,0
136.273,t2_squeezenet,17046.728,86.389,299,0
136.304,t2_squeezenet,17040.349,30.726,298,0
136.388,t2_squeezenet,16983.058,84.339,298,0
136.473,t2_squeezenet,16998.287,85.342,298,0
136.504,t2_squeezenet,17023.877,30.668,297,0
136.589,t2_squeezenet,17106.592,84.760,299,0
136.679,t2_squeezenet,17129.091,89.649,299,0
136.763,t2_squeezenet,17187.277,84.948,300,0
136.793,t2_squeezenet,17201.952,29.368,299,0
136.879,t2_squeezenet,17257.915,85.807,299,0
136.965,t2_squeezenet,17310.313,86.418,302,0
136.995,t2_squeezenet,17308.697,29.755,301,0
137.081,t2_squeezenet,17353.882,85.581,300,0
137.119,t2_squeezenet,17227.992,38.152,299,0
137.179,t2_squeezenet,17235.505,60.192,299,0
137.265,t2_squeezenet,17306.645,85.896,301,0
137.295,t2_squeezenet,17306.385,29.768,300,0
137.381,t2_squeezenet,17263.992,86.279,301,0
137.466,t2_squeezenet,17202.646,85.315,302,0
137.496,t2_squeezenet,17187.132,29.825,301,0
137.582,t2_squeezenet,17205.142,85.365,300,0
137.668,t2_squeezenet,17234.849,86.262,300,0
137.697,t2_squeezenet,17233.964,29.422,299,0
137.783,t2_squeezenet,17299.321,85.453,298,0
137.869,t2_squeezenet,17340.103,86.337,299,0
137.900,t2_squeezenet,17369.487,30.548,298,0
137.985,t2_squeezenet,17425.504,85.630,297,0
138.071,t2_squeezenet,17473.672,85.203,298,0
138.108,t2_squeezenet,17437.819,37.768,299,0
138.170,t2_squeezenet,17395.782,61.240,298,0
138.201,t2_squeezenet,17387.567,30.839,298,0
138.286,t2_squeezenet,17464.841,85.606,298,0
138.372,t2_squeezenet,17526.130,85.340,298,0
138.402,t2_squeezenet,17547.757,29.917,297,0
138.486,t2_squeezenet,17548.548,84.647,298,0
138.573,t2_squeezenet,17580.467,86.826,298,0
138.603,t2_squeezenet,17578.368,30.160,297,0
138.688,t2_squeezenet,17584.719,84.617,296,0
138.774,t2_squeezenet,17453.971,85.601,296,0
138.804,t2_squeezenet,17461.011,30.723,296,0
138.889,t2_squeezenet,17470.503,84.333,296,0
138.975,t2_squeezenet,17492.014,86.135,296,0
139.060,t2_squeezenet,17573.135,85.150,298,0
139.091,t2_squeezenet,17571.480,31.055,297,0
139.162,t2_squeezenet,17586.694,70.434,296,0
139.191,t2_squeezenet,17587.460,29.659,297,0
139.277,t2_squeezenet,17532.722,86.129,297,0
139.362,t2_squeezenet,17515.096,84.988,298,0
139.392,t2_squeezenet,17495.922,29.343,298,0
139.478,t2_squeezenet,17571.708,85.776,299,0
139.565,t2_squeezenet,17632.016,86.896,299,0
139.594,t2_squeezenet,17586.464,29.257,298,0
139.679,t2_squeezenet,17653.512,84.984,297,0
139.764,t2_squeezenet,17733.248,85.220,297,0
139.794,t2_squeezenet,17756.088,29.954,296,0
139.880,t2_squeezenet,17761.551,85.739,297,0
139.966,t2_squeezenet,17821.424,85.837,296,0
139.995,t2_squeezenet,17838.619,29.484,298,0
140.081,t2_squeezenet,17859.365,85.951,300,0
140.122,t2_squeezenet,17822.881,40.320,302,0
140.181,t2_squeezenet,17832.170,58.910,302,0
140.267,t2_squeezenet,17873.405,86.295,305,0
140.296,t2_squeezenet,17778.767,29.422,304,0
140.382,t2_squeezenet,17847.541,85.752,304,0
140.468,t2_squeezenet,17931.540,86.334,304,0
140.499,t2_squeezenet,17752.924,30.291,304,0
140.584,t2_squeezenet,17813.701,85.163,306,0
140.670,t2_squeezenet,17854.612,85.472,306,0
140.700,t2_squeezenet,17850.972,30.327,305,0
140.785,t2_squeezenet,17853.184,85.091,307,0
140.872,t2_squeezenet,17773.138,86.811,307,0
140.901,t2_squeezenet,17787.001,29.551,306,0
140.986,t2_squeezenet,17834.624,84.934,305,0
141.073,t2_squeezenet,17889.848,86.121,306,0
141.111,t2_squeezenet,17915.713,38.965,305,0
141.173,t2_squeezenet,17970.332,61.739,306,0
141.203,t2_squeezenet,17998.580,30.086,305,0
141.288,t2_squeezenet,17998.924,84.436,305,0
141.374,t2_squeezenet,18013.180,85.689,305,0
141.405,t2_squeezenet,18032.532,30.956,305,0
141.486,t2_squeezenet,18038.330,81.538,306,0
141.573,t2_squeezenet,18013.187,86.790,307,0
141.603,t2_squeezenet,18042.414,29.851,306,0
141.688,t2_squeezenet,18080.281,85.001,305,0
141.774,t2_squeezenet,18073.643,86.257,305,0
141.805,t2_squeezenet,18059.602,31.117,305,0
141.886,t2_squeezenet,18126.383,80.792,306,0
141.972,t2_squeezenet,18102.251,85.574,306,0
142.002,t2_squeezenet,18108.126,30.567,305,0
142.088,t2_squeezenet,18167.797,85.641,308,0
142.131,t2_squeezenet,18209.246,43.367,309,0
142.186,t2_squeezenet,18122.919,54.568,309,0
142.269,t2_squeezenet,18196.311,83.288,310,0
142.299,t2_squeezenet,18139.608,30.042,309,0
142.382,t2_squeezenet,18214.111,82.892,309,0
142.466,t2_squeezenet,18272.611,83.338,309,0
142.495,t2_squeezenet,18278.532,29.304,308,0
142.577,t2_squeezenet,18301.572,82.235,310,0
142.661,t2_squeezenet,18380.356,83.730,310,0
142.691,t2_squeezenet,18407.276,29.592,310,0
142.774,t2_squeezenet,18461.282,83.097,310,0
142.804,t2_squeezenet,18455.278,29.819,310,0
142.885,t2_squeezenet,18535.340,81.760,309,0
142.969,t2_squeezenet,18615.043,83.999,308,0
143.000,t2_squeezenet,18622.509,30.689,308,0
143.084,t2_squeezenet,18642.505,83.464,308,0
143.125,t2_squeezenet,18634.355,41.203,307,0
143.178,t2_squeezenet,18594.795,53.553,307,0
143.265,t2_squeezenet,18678.293,86.727,310,0
143.295,t2_squeezenet,18695.596,29.976,311,0
143.379,t2_squeezenet,18757.160,83.512,310,0
143.461,t2_squeezenet,18828.673,81.766,310,0
143.490,t2_squeezenet,18808.169,29.824,310,0
143.575,t2_squeezenet,18885.463,84.311,311,0
143.607,t2_squeezenet,18908.398,31.907,310,0
143.687,t2_squeezenet,18946.151,80.557,309,0
143.769,t2_squeezenet,18963.962,82.191,310,0
143.800,t2_squeezenet,18966.564,30.129,309,0
143.883,t2_squeezenet,19007.702,82.984,310,0
143.967,t2_squeezenet,19037.107,84.085,309,0
143.996,t2_squeezenet,19046.139,29.388,309,0
144.079,t2_squeezenet,18818.794,82.354,308,0
144.119,t2_squeezenet,18777.850,40.512,309,0
144.178,t2_squeezenet,18807.045,59.115,309,0
144.262,t2_squeezenet,18809.252,83.878,309,0
144.291,t2_squeezenet,18763.534,29.217,309,0
144.373,t2_squeezenet,18767.526,81.865,310,0
144.404,t2_squeezenet,18670.902,30.887,309,0
144.486,t2_squeezenet,18733.131,81.438,309,0
144.571,t2_squeezenet,18733.320,85.534,310,0
144.601,t2_squeezenet,18678.471,29.645,309,0
144.683,t2_squeezenet,18733.770,82.106,309,0
144.766,t2_squeezenet,18816.247,83.411,309,0
144.797,t2_squeezenet,18836.637,30.088,308,0
144.881,t2_squeezenet,18909.658,83.980,309,0
144.963,t2_squeezenet,18886.562,82.350,309,0
144.993,t2_squeezenet,18915.324,29.534,308,0
145.076,t2_squeezenet,18986.081,83.005,308,0
145.117,t2_squeezenet,18962.480,41.743,308,0
145.176,t2_squeezenet,18999.873,58.342,307,0
145.207,t2_squeezenet,19018.806,31.466,307,0
145.288,t2_squeezenet,19049.215,80.481,309,0
145.371,t2_squeezenet,19073.573,82.951,310,0
145.402,t2_squeezenet,19041.503,30.767,309,0
145.484,t2_squeezenet,18883.162,82.095,310,0
145.567,t2_squeezenet,18817.505,83.339,311,0
145.597,t2_squeezenet,18814.457,29.710,310,0
145.679,t2_squeezenet,18849.299,82.690,312,0
145.763,t2_squeezenet,18925.959,83.436,313,0
145.792,t2_squeezenet,18865.927,29.257,313,0
145.875,t2_squeezenet,18942.028,83.167,314,0
145.906,t2_squeezenet,18825.480,30.803,313,0
145.988,t2_squeezenet,18894.276,81.220,313,0
146.071,t2_squeezenet,18971.614,83.601,312,0
146.108,t2_squeezenet,18992.562,36.347,312,0
146.168,t2_squeezenet,19008.431,60.644,313,0
146.198,t2_squeezenet,18945.634,29.621,312,0
146.281,t2_squeezenet,18975.676,82.684,312,0
146.364,t2_squeezenet,19001.858,83.637,314,0
146.393,t2_squeezenet,19012.242,29.239,313,0
146.476,t2_squeezenet,19019.879,82.753,313,0
146.509,t2_squeezenet,18985.383,32.403,313,0
146.589,t2_squeezenet,19041.373,80.474,314,0
146.673,t2_squeezenet,19110.420,83.513,316,0
146.702,t2_squeezenet,19016.245,29.533,315,0
146.784,t2_squeezenet,19092.402,81.664,316,0
146.867,t2_squeezenet,19119.413,83.282,315,0
146.898,t2_squeezenet,19046.699,30.266,314,0
146.981,t2_squeezenet,18985.206,83.170,316,0
147.062,t2_squeezenet,19062.058,81.603,316,0
147.096,t2_squeezenet,19063.854,33.594,316,0
147.161,t2_squeezenet,18901.010,64.661,316,0
147.190,t2_squeezenet,18769.822,29.529,315,0
147.274,t2_squeezenet,18704.648,83.355,314,0
147.304,t2_squeezenet,18723.115,30.226,313,0
147.386,t2_squeezenet,18681.831,82.304,315,0
147.470,t2_squeezenet,18729.068,83.863,314,0
147.501,t2_squeezenet,18744.921,30.589,313,0
147.583,t2_squeezenet,18810.557,82.359,314,0
147.666,t2_squeezenet,18868.858,82.639,315,0
147.696,t2_squeezenet,18883.531,29.640,315,0
147.778,t2_squeezenet,18948.989,82.649,314,0
147.862,t2_squeezenet,18765.756,83.770,315,0
147.891,t2_squeezenet,18740.511,29.282,314,0
147.973,t2_squeezenet,18789.658,81.677,314,0
148.003,t2_squeezenet,18790.298,29.965,314,0
148.086,t2_squeezenet,18739.820,83.271,316,0
148.130,t2_squeezenet,18724.759,43.659,315,0
148.183,t2_squeezenet,18769.392,53.237,315,0
148.269,t2_squeezenet,18843.301,85.531,314,0
148.299,t2_squeezenet,18769.794,29.721,313,0
148.381,t2_squeezenet,18821.653,82.562,313,0
148.465,t2_squeezenet,18895.998,83.700,314,0
148.495,t2_squeezenet,18803.709,29.817,314,0
148.576,t2_squeezenet,18775.019,81.607,314,0
148.607,t2_squeezenet,18723.612,30.978,314,0
148.688,t2_squeezenet,18743.200,80.708,315,0
148.772,t2_squeezenet,18784.481,83.714,316,0
148.802,t2_squeezenet,18805.267,30.225,315,0
148.884,t2_squeezenet,18769.383,82.212,319,0
148.967,t2_squeezenet,18851.198,82.732,320,0
148.997,t2_squeezenet,18867.107,30.053,320,0
149.081,t2_squeezenet,18935.127,83.914,319,0
149.118,t2_squeezenet,18915.712,37.006,319,0
149.177,t2_squeezenet,18937.901,59.058,319,0
149.208,t2_squeezenet,18859.630,30.941,318,0
149.289,t2_squeezenet,18896.777,80.323,320,0
149.374,t2_squeezenet,18970.653,84.920,320,0
149.404,t2_squeezenet,18941.622,30.718,319,0
149.486,t2_squeezenet,18963.635,81.996,319,0
149.569,t2_squeezenet,18988.549,82.191,319,0
149.599,t2_squeezenet,18761.508,30.069,319,0
149.682,t2_squeezenet,18745.954,83.718,319,0
149.766,t2_squeezenet,18775.563,83.205,318,0
149.795,t2_squeezenet,18797.689,29.442,317,0
149.877,t2_squeezenet,18863.273,81.738,318,0
149.961,t2_squeezenet,18900.738,83.638,318,0
149.990,t2_squeezenet,18901.364,29.419,317,0
150.075,t2_squeezenet,18970.166,84.875,317,0
150.110,t2_squeezenet,18944.975,34.974,316,0
150.170,t2_squeezenet,18913.144,59.797,316,0
150.200,t2_squeezenet,18759.417,30.581,315,0
150.285,t2_squeezenet,18837.601,84.877,317,0
150.369,t2_squeezenet,18916.399,84.057,317,0
150.399,t2_squeezenet,18877.611,29.637,316,0
150.481,t2_squeezenet,18938.426,82.258,317,0
150.565,t2_squeezenet,18975.257,83.399,316,0
150.595,t2_squeezenet,18931.266,29.870,316,0
150.678,t2_squeezenet,18979.566,83.685,316,0
150.761,t2_squeezenet,19020.321,82.801,318,0
150.790,t2_squeezenet,19015.901,29.346,317,0
150.874,t2_squeezenet,19061.484,83.305,319,0
150.905,t2_squeezenet,19077.932,31.366,318,0
150.986,t2_squeezenet,19087.968,81.094,320,0
151.069,t2_squeezenet,18999.618,83.070,322,0
151.103,t2_squeezenet,18910.300,33.612,321,0
151.170,t2_squeezenet,18850.451,66.539,322,0
151.200,t2_squeezenet,18846.473,30.315,321,0
151.283,t2_squeezenet,18914.256,83.270,322,0
151.366,t2_squeezenet,18913.046,82.984,323,0
151.396,t2_squeezenet,18933.407,29.865,322,0
151.479,t2_squeezenet,19006.142,82.321,322,0
151.562,t2_squeezenet,19064.041,83.067,321,0
151.591,t2_squeezenet,19069.718,29.316,321,0
151.674,t2_squeezenet,19130.158,82.663,322,0
151.705,t2_squeezenet,19088.532,31.007,322,0
151.786,t2_squeezenet,19107.284,81.516,323,0
151.870,t2_squeezenet,19065.624,83.931,323,0
151.900,t2_squeezenet,19055.851,29.608,323,0
151.983,t2_squeezenet,19130.415,82.829,323,0
152.067,t2_squeezenet,19137.899,83.840,325,0
152.100,t2_squeezenet,18936.615,33.184,324,0
152.162,t2_squeezenet,18988.155,61.865,324,0
152.191,t2_squeezenet,19013.374,29.307,323,0
152.274,t2_squeezenet,19039.891,83.143,323,0
152.306,t2_squeezenet,18895.777,31.552,322,0
152.386,t2_squeezenet,18964.180,80.686,321,0
152.470,t2_squeezenet,19002.570,83.918,320,0
152.500,t2_squeezenet,18962.446,29.754,320,0
152.583,t2_squeezenet,18982.595,82.738,321,0
152.664,t2_squeezenet,19001.693,80.803,321,0
152.694,t2_squeezenet,18978.915,29.907,321,0
152.776,t2_squeezenet,18973.996,82.538,322,0
152.808,t2_squeezenet,18942.741,32.009,321,0
152.889,t2_squeezenet,18954.933,80.252,321,0
152.972,t2_squeezenet,18881.253,83.763,320,0
153.003,t2_squeezenet,18855.742,30.367,319,0
153.085,t2_squeezenet,18915.375,82.206,321,0
153.126,t2_squeezenet,18816.199,41.252,321,0
153.183,t2_squeezenet,18777.690,56.253,321,0
153.266,t2_squeezenet,18839.871,83.476,323,0
153.296,t2_squeezenet,18786.188,30.010,322,0
153.379,t2_squeezenet,18847.077,83.026,321,0
153.465,t2_squeezenet,18914.384,85.733,321,0
153.495,t2_squeezenet,18942.883,29.698,321,0
153.578,t2_squeezenet,18925.373,83.503,323,0
153.661,t2_squeezenet,18883.309,83.212,323,0
153.691,t2_squeezenet,18895.376,29.170,322,0
153.774,t2_squeezenet,18904.592,83.348,323,0
153.860,t2_squeezenet,18958.567,86.200,326,0
153.890,t2_squeezenet,18942.898,29.655,325,0
153.973,t2_squeezenet,18977.456,83.241,326,0
154.003,t2_squeezenet,18974.734,29.729,325,0
154.088,t2_squeezenet,19015.119,85.133,325,0
154.131,t2_squeezenet,18971.439,43.074,325,0
154.184,t2_squeezenet,19002.577,52.333,324,0
154.270,t2_squeezenet,19039.422,86.594,324,0
154.300,t2_squeezenet,18902.854,29.626,323,0
154.381,t2_squeezenet,18908.691,81.465,322,0
154.468,t2_squeezenet,18989.241,86.483,321,0
154.498,t2_squeezenet,19001.374,30.250,320,0
154.581,t2_squeezenet,19017.344,83.045,320,0
154.666,t2_squeezenet,18924.230,85.256,321,0
154.696,t2_squeezenet,18949.335,29.805,320,0
154.779,t2_squeezenet,19028.900,82.379,321,0
154.865,t2_squeezenet,18877.737,86.326,320,0
154.894,t2_squeezenet,18817.896,29.360,320,0
154.977,t2_squeezenet,18864.223,83.006,321,0
155.064,t2_squeezenet,18919.121,86.172,320,0
155.098,t2_squeezenet,18874.215,34.714,320,0
155.190,t2_squeezenet,18802.495,91.793,320,0
155.273,t2_squeezenet,18847.234,82.323,319,0
155.303,t2_squeezenet,18774.954,30.599,319,0
155.388,t2_squeezenet,18831.756,84.656,321,0
155.472,t2_squeezenet,18909.791,84.117,320,0
155.502,t2_squeezenet,18829.673,29.770,320,0
155.583,t2_squeezenet,18843.341,81.467,320,0
155.670,t2_squeezenet,18917.356,86.372,319,0
155.700,t2_squeezenet,18839.486,30.628,318,0
155.783,t2_squeezenet,18889.946,82.514,319,0
155.865,t2_squeezenet,18931.020,81.967,318,0
155.895,t2_squeezenet,18932.761,29.903,317,0
155.977,t2_squeezenet,19013.865,82.361,316,0
156.064,t2_squeezenet,18892.589,86.296,317,0
156.095,t2_squeezenet,18916.296,31.647,317,0
156.160,t2_squeezenet,18929.333,64.730,317,0
156.190,t2_squeezenet,18937.936,29.598,316,0
156.273,t2_squeezenet,18954.898,82.981,316,0
156.304,t2_squeezenet,18953.126,30.908,316,0
156.386,t2_squeezenet,18986.368,82.520,317,0
156.472,t2_squeezenet,19035.624,85.597,321,0
156.503,t2_squeezenet,18860.140,30.796,320,0
156.584,t2_squeezenet,18783.643,81.405,320,0
156.669,t2_squeezenet,18829.868,84.436,322,0
156.698,t2_squeezenet,18702.083,29.467,323,0
156.783,t2_squeezenet,18712.750,84.743,323,0
156.866,t2_squeezenet,18778.072,83.507,322,0
156.897,t2_squeezenet,18796.148,30.258,322,0
156.980,t2_squeezenet,18795.557,83.034,321,0
157.065,t2_squeezenet,18807.692,84.948,323,0
157.098,t2_squeezenet,18743.070,32.987,322,0
157.163,t2_squeezenet,18760.211,65.422,325,0
157.193,t2_squeezenet,18760.252,29.881,324,0
157.276,t2_squeezenet,18769.770,82.860,324,0
157.307,t2_squeezenet,18601.806,30.716,323,0
157.388,t2_squeezenet,18583.668,80.948,326,0
157.473,t2_squeezenet,18652.245,85.420,329,0
157.505,t2_squeezenet,18602.736,31.409,329,0
157.586,t2_squeezenet,18590.789,81.517,329,0
157.668,t2_squeezenet,18661.717,82.068,330,0
157.698,t2_squeezenet,18638.292,29.649,329,0
157.782,t2_squeezenet,18606.094,83.487,330,0
157.868,t2_squeezenet,18685.104,86.886,330,0
157.898,t2_squeezenet,18668.823,29.459,329,0
157.979,t2_squeezenet,18685.438,81.166,329,0
158.064,t2_squeezenet,18711.435,85.208,330,0
158.097,t2_squeezenet,18705.701,32.561,330,0
158.163,t2_squeezenet,18732.158,66.335,331,0
158.193,t2_squeezenet,18748.449,29.860,331,0
158.278,t2_squeezenet,18749.501,85.034,333,0
158.361,t2_squeezenet,18660.875,82.762,333,0
158.391,t2_squeezenet,18573.054,29.354,334,0
158.477,t2_squeezenet,18620.775,86.434,333,0
158.560,t2_squeezenet,18577.542,83.100,333,0
158.589,t2_squeezenet,18606.163,29.337,332,0
158.675,t2_squeezenet,18688.396,85.436,332,0
158.707,t2_squeezenet,18708.579,31.646,332,0
158.788,t2_squeezenet,18738.057,81.461,333,0
158.874,t2_squeezenet,18811.386,85.885,332,0
158.904,t2_squeezenet,18822.878,30.399,331,0
158.987,t2_squeezenet,18901.218,82.031,331,0
159.073,t2_squeezenet,18979.484,85.951,332,0
159.111,t2_squeezenet,18933.486,38.742,332,0
159.168,t2_squeezenet,18980.976,56.212,332,0
159.197,t2_squeezenet,18957.919,29.506,331,0
159.280,t2_squeezenet,19036.642,82.608,332,0
159.364,t2_squeezenet,19114.772,84.037,333,0
159.394,t2_squeezenet,19094.098,29.890,332,0
159.479,t2_squeezenet,19094.934,85.399,333,0
159.562,t2_squeezenet,19073.502,82.661,335,0
159.591,t2_squeezenet,19078.086,29.392,335,0
159.675,t2_squeezenet,19139.254,83.953,334,0
159.761,t2_squeezenet,19211.285,85.927,334,0
159.790,t2_squeezenet,19121.735,29.182,333,0
159.873,t2_squeezenet,19163.203,82.678,334,0
159.904,t2_squeezenet,19189.487,30.780,334,0
159.987,t2_squeezenet,19259.341,82.916,334,0
160.074,t2_squeezenet,19203.274,86.932,337,0
160.109,t2_squeezenet,19060.811,35.285,336,0
160.172,t2_squeezenet,19101.804,62.562,338,0
160.202,t2_squeezenet,19076.012,30.272,337,0
160.284,t2_squeezenet,19138.039,82.186,339,0
160.368,t2_squeezenet,19163.202,84.085,340,0
160.398,t2_squeezenet,19101.672,29.444,339,0
160.483,t2_squeezenet,19088.535,84.814,339,0
160.567,t2_squeezenet,19158.821,83.974,339,0
160.597,t2_squeezenet,19149.266,30.220,339,0
160.680,t2_squeezenet,19191.647,83.273,340,0
160.762,t2_squeezenet,19193.429,81.595,340,0
160.792,t2_squeezenet,19021.124,29.683,340,0
160.877,t2_squeezenet,19084.312,85.772,340,0
160.962,t2_squeezenet,19128.330,84.431,342,0
160.991,t2_squeezenet,19133.204,29.208,341,0
161.076,t2_squeezenet,19119.486,85.189,341,0
161.114,t2_squeezenet,19082.097,37.558,341,0
161.173,t2_squeezenet,19130.219,59.453,341,0
161.205,t2_squeezenet,19149.944,31.384,340,0
161.289,t2_squeezenet,19226.480,84.295,340,0
161.371,t2_squeezenet,19253.352,82.162,339,0
161.402,t2_squeezenet,19271.573,30.274,338,0
161.486,t2_squeezenet,19350.745,84.737,339,0
161.570,t2_squeezenet,19381.164,83.750,340,0
161.600,t2_squeezenet,19403.092,29.536,340,0
161.684,t2_squeezenet,19377.859,84.552,341,0
161.768,t2_squeezenet,19381.920,83.337,343,0
161.798,t2_squeezenet,19283.888,30.255,342,0
161.883,t2_squeezenet,19362.058,85.360,343,0
161.965,t2_squeezenet,19394.231,81.574,343,0
161.994,t2_squeezenet,19379.886,29.432,342,0
162.081,t2_squeezenet,19416.580,86.521,344,0
162.122,t2_squeezenet,19382.701,41.393,344,0
162.175,t2_squeezenet,19387.602,52.777,343,0
162.261,t2_squeezenet,19283.154,85.656,342,0
162.290,t2_squeezenet,19281.573,29.407,342,0
162.373,t2_squeezenet,19197.044,82.361,342,0
162.404,t2_squeezenet,19206.087,30.792,341,0
162.488,t2_squeezenet,19284.819,84.893,340,0
162.571,t2_squeezenet,19342.860,82.625,342,0
162.601,t2_squeezenet,19347.980,29.938,342,0
162.683,t2_squeezenet,19417.177,81.666,342,0
162.767,t2_squeezenet,19473.402,83.692,343,0
162.796,t2_squeezenet,19360.599,29.785,342,0
162.882,t2_squeezenet,19393.554,85.460,341,0
162.965,t2_squeezenet,19451.495,83.277,342,0
162.995,t2_squeezenet,19462.830,29.856,341,0
163.078,t2_squeezenet,19351.902,83.166,340,0
163.117,t2_squeezenet,19352.857,39.149,339,0
163.172,t2_squeezenet,19357.991,54.163,339,0
163.202,t2_squeezenet,19334.981,30.066,339,0
163.284,t2_squeezenet,19307.463,82.127,340,0
163.368,t2_squeezenet,19288.045,83.788,340,0
163.397,t2_squeezenet,19287.373,29.795,339,0
163.482,t2_squeezenet,19308.816,84.596,340,0
163.565,t2_squeezenet,19378.932,83.111,341,0
163.595,t2_squeezenet,19307.574,29.932,341,0
163.679,t2_squeezenet,19310.752,83.883,343,0
163.761,t2_squeezenet,19392.342,81.969,343,0
163.790,t2_squeezenet,19354.441,29.184,342,0
163.876,t2_squeezenet,19378.952,85.442,343,0
163.960,t2_squeezenet,19411.342,84.597,344,0
163.990,t2_squeezenet,19313.852,29.389,344,0
164.076,t2_squeezenet,19345.182,85.701,344,0
164.111,t2_squeezenet,19271.405,35.485,343,0
164.171,t2_squeezenet,19314.017,59.681,343,0
164.202,t2_squeezenet,19246.585,30.915,344,0
164.284,t2_squeezenet,19262.159,82.471,344,0
164.368,t2_squeezenet,19250.797,83.415,346,0
164.397,t2_squeezenet,19213.963,29.705,345,0
164.482,t2_squeezenet,19271.859,84.855,346,0
164.566,t2_squeezenet,19316.872,83.647,345,0
164.596,t2_squeezenet,19319.326,29.718,344,0
164.679,t2_squeezenet,19342.018,83.664,343,0
164.762,t2_squeezenet,19414.187,83.021,342,0
164.792,t2_squeezenet,19362.924,29.408,342,0
164.878,t2_squeezenet,19437.579,86.193,343,0
164.961,t2_squeezenet,19443.771,82.595,343,0
164.990,t2_squeezenet,19425.391,29.387,343,0
165.076,t2_squeezenet,19463.583,85.764,343,0
165.112,t2_squeezenet,19496.978,35.735,343,0
165.170,t2_squeezenet,19500.938,58.521,343,0
165.201,t2_squeezenet,19519.797,30.814,342,0
165.286,t2_squeezenet,19550.568,84.635,341,0
165.369,t2_squeezenet,19578.035,83.574,341,0
165.400,t2_squeezenet,19591.363,30.516,341,0
165.485,t2_squeezenet,19667.498,84.854,341,0
165.568,t2_squeezenet,19654.031,83.276,340,0
165.598,t2_squeezenet,19505.869,29.586,340,0
165.680,t2_squeezenet,19572.755,82.664,341,0
165.765,t2_squeezenet,19647.291,84.927,344,0
165.795,t2_squeezenet,19552.656,29.876,343,0
165.881,t2_squeezenet,19572.756,85.558,345,0
165.963,t2_squeezenet,19610.866,82.175,346,0
165.993,t2_squeezenet,19636.841,29.762,346,0
166.079,t2_squeezenet,19653.942,86.222,346,0
166.117,t2_squeezenet,19611.447,38.369,345,0
166.170,t2_squeezenet,19641.985,52.257,345,0
166.200,t2_squeezenet,19662.732,30.041,344,0
166.285,t2_squeezenet,19677.710,84.882,344,0
166.368,t2_squeezenet,19756.493,83.302,347,0
166.398,t2_squeezenet,19780.161,30.288,346,0
166.484,t2_squeezenet,19762.995,85.097,345,0
166.567,t2_squeezenet,19796.948,83.033,345,0
166.596,t2_squeezenet,19695.680,29.838,344,0
166.679,t2_squeezenet,19767.596,82.329,344,0
166.762,t2_squeezenet,19822.323,83.355,344,0
166.791,t2_squeezenet,19751.868,29.277,345,0
166.877,t2_squeezenet,19796.511,85.989,344,0
166.961,t2_squeezenet,19834.469,83.554,343,0
166.991,t2_squeezenet,19643.746,29.642,342,0
167.074,t2_squeezenet,19703.694,82.976,343,0
167.112,t2_squeezenet,19730.705,37.800,344,0
167.169,t2_squeezenet,19618.043,56.898,344,0
167.199,t2_squeezenet,19634.106,30.097,345,0
167.281,t2_squeezenet,19646.261,82.789,348,0
167.365,t2_squeezenet,19728.224,83.663,349,0
167.394,t2_squeezenet,19723.200,29.299,348,0
167.478,t2_squeezenet,19683.326,83.443,348,0
167.561,t2_squeezenet,19719.009,83.346,349,0
167.591,t2_squeezenet,19666.323,29.532,348,0
167.674,t2_squeezenet,19675.201,82.957,349,0
167.704,t2_squeezenet,19684.509,29.876,348,0
167.786,t2_squeezenet,19766.371,82.104,347,0
167.870,t2_squeezenet,19822.099,84.222,350,0
167.901,t2_squeezenet,19741.005,30.602,350,0
167.983,t2_squeezenet,19662.413,81.820,350,0
168.065,t2_squeezenet,19661.455,82.213,350,0
168.099,t2_squeezenet,19679.857,33.847,349,0
168.161,t2_squeezenet,19680.688,62.020,349,0
168.190,t2_squeezenet,19663.332,29.524,348,0
168.273,t2_squeezenet,19681.775,83.032,349,0
168.303,t2_squeezenet,19682.767,29.776,350,0
168.385,t2_squeezenet,19758.881,81.796,352,0
168.468,t2_squeezenet,19766.238,83.377,352,0
168.499,t2_squeezenet,19729.125,30.174,352,0
168.581,t2_squeezenet,19776.378,82.723,353,0
168.661,t2_squeezenet,19829.658,79.845,352,0
168.691,t2_squeezenet,19833.463,29.454,353,0
168.775,t2_squeezenet,19915.873,84.358,354,0
168.808,t2_squeezenet,19927.340,32.685,355,0
168.888,t2_squeezenet,19941.436,80.208,355,0
168.971,t2_squeezenet,20004.090,82.470,354,0
169.001,t2_squeezenet,20014.661,30.539,353,0
169.086,t2_squeezenet,19967.831,84.306,353,0
169.125,t2_squeezenet,19988.724,39.863,352,0
169.178,t2_squeezenet,19953.307,52.465,354,0
169.260,t2_squeezenet,20011.355,81.944,353,0
169.290,t2_squeezenet,20027.243,29.565,352,0
169.373,t2_squeezenet,20041.839,83.754,354,0
169.404,t2_squeezenet,19958.873,30.883,353,0
169.486,t2_squeezenet,19930.938,82.051,353,0
169.569,t2_squeezenet,19973.804,82.417,353,0
169.599,t2_squeezenet,19929.079,30.194,353,0
169.680,t2_squeezenet,19859.300,80.885,353,0
169.764,t2_squeezenet,19913.716,83.991,353,0
169.793,t2_squeezenet,19864.281,29.327,352,0
169.875,t2_squeezenet,19876.674,82.178,354,0
169.907,t2_squeezenet,19740.463,31.610,353,0
169.988,t2_squeezenet,19780.990,80.916,353,0
170.073,t2_squeezenet,19833.982,84.569,352,0
170.107,t2_squeezenet,19835.486,34.005,351,0
170.165,t2_squeezenet,19828.039,58.071,352,0
170.194,t2_squeezenet,19720.948,29.670,351,0
170.277,t2_squeezenet,19800.332,82.818,354,0
170.312,t2_squeezenet,19732.966,34.333,355,0
170.388,t2_squeezenet,19784.259,76.663,354,0
170.471,t2_squeezenet,19770.513,82.706,355,0
170.502,t2_squeezenet,19798.077,30.918,355,0
170.581,t2_squeezenet,19821.221,79.215,355,0
170.665,t2_squeezenet,19871.562,83.714,355,0
170.695,t2_squeezenet,19896.657,29.497,355,0
170.777,t2_squeezenet,19913.480,82.654,354,0
170.810,t2_squeezenet,19900.483,32.393,354,0
170.887,t2_squeezenet,19927.217,77.184,355,0
170.971,t2_squeezenet,19993.192,83.754,355,0
171.001,t2_squeezenet,20001.549,29.801,355,0
171.082,t2_squeezenet,20064.826,80.935,354,0
171.123,t2_squeezenet,20069.225,41.511,353,0
171.176,t2_squeezenet,20070.511,52.435,354,0
171.206,t2_squeezenet,20074.552,30.588,353,0
171.287,t2_squeezenet,20082.047,80.718,355,0
171.370,t2_squeezenet,20134.321,83.028,354,0
171.401,t2_squeezenet,20093.703,30.685,353,0
171.483,t2_squeezenet,20151.526,82.287,354,0
171.565,t2_squeezenet,20100.511,81.869,353,0
171.594,t2_squeezenet,20029.769,29.410,352,0
171.675,t2_squeezenet,20032.192,80.429,353,0
171.707,t2_squeezenet,20034.387,32.443,354,0
171.788,t2_squeezenet,20089.721,80.364,353,0
171.870,t2_squeezenet,20139.158,82.236,353,0
171.900,t2_squeezenet,20116.709,30.016,352,0
171.983,t2_squeezenet,20128.790,82.949,354,0
172.067,t2_squeezenet,20176.366,83.844,355,0
172.099,t2_squeezenet,20147.501,31.722,354,0
172.160,t2_squeezenet,20173.361,61.485,354,0
172.190,t2_squeezenet,20193.059,29.384,354,0
172.273,t2_squeezenet,20261.396,83.405,353,0
172.304,t2_squeezenet,20171.772,30.851,353,0
172.386,t2_squeezenet,20114.135,82.196,353,0
172.469,t2_squeezenet,19988.968,82.470,355,0
172.499,t2_squeezenet,19977.757,30.081,355,0
172.581,t2_squeezenet,20042.813,82.688,354,0
172.662,t2_squeezenet,20062.413,80.564,354,0
172.691,t2_squeezenet,20002.707,29.253,354,0
172.773,t2_squeezenet,20058.266,82.085,355,0
172.804,t2_squeezenet,20087.800,30.429,355,0
172.886,t2_squeezenet,20053.446,81.920,358,0
172.970,t2_squeezenet,19963.309,84.089,358,0
172.999,t2_squeezenet,19981.498,29.468,357,0
173.082,t2_squeezenet,20044.339,82.171,356,0
173.120,t2_squeezenet,19995.942,38.490,355,0
173.175,t2_squeezenet,20026.277,54.575,354,0
173.207,t2_squeezenet,20014.447,32.665,354,0
173.288,t2_squeezenet,20085.285,80.595,353,0
173.370,t2_squeezenet,20140.811,82.098,353,0
173.401,t2_squeezenet,20011.337,30.312,353,0
173.484,t2_squeezenet,19993.516,83.834,353,0
173.569,t2_squeezenet,20050.367,84.544,354,0
173.598,t2_squeezenet,20063.813,29.479,354,0
173.678,t2_squeezenet,20137.670,79.163,355,0
173.762,t2_squeezenet,20170.850,84.326,354,0
173.792,t2_squeezenet,20080.883,29.647,353,0
173.876,t2_squeezenet,20138.911,83.812,353,0
173.906,t2_squeezenet,20114.230,30.011,352,0
173.987,t2_squeezenet,20188.632,80.956,353,0
174.072,t2_squeezenet,20266.664,84.974,357,0
174.108,t2_squeezenet,20248.019,36.161,356,0
174.164,t2_squeezenet,20255.713,55.982,355,0
174.193,t2_squeezenet,20236.804,29.360,354,0
174.275,t2_squeezenet,20188.860,82.103,357,0
174.307,t2_squeezenet,20193.182,32.124,356,0
174.388,t2_squeezenet,20154.350,80.633,357,0
174.472,t2_squeezenet,19912.817,83.431,357,0
174.501,t2_squeezenet,19910.594,29.653,357,0
174.583,t2_squeezenet,19925.899,81.442,357,0
174.663,t2_squeezenet,19947.519,80.588,356,0
174.693,t2_squeezenet,19952.510,29.902,356,0
174.778,t2_squeezenet,19889.438,84.337,355,0
174.809,t2_squeezenet,19866.096,31.257,354,0
174.889,t2_squeezenet,19939.961,29.356,355,0
174.972,t2_squeezenet,19905.519,83.179,359,0
175.003,t2_squeezenet,19855.906,30.680,360,0
175.086,t2_squeezenet,19812.213,82.927,360,0
175.124,t2_squeezenet,19787.525,37.740,359,0
175.177,t2_squeezenet,19799.342,53.552,359,0
175.260,t2_squeezenet,19878.740,82.659,359,0
175.290,t2_squeezenet,19799.158,29.575,360,0
175.372,t2_squeezenet,19832.192,82.646,362,0
175.402,t2_squeezenet,19628.497,29.715,361,0
175.485,t2_squeezenet,19703.129,82.684,360,0
175.565,t2_squeezenet,19528.290,80.358,361,0
175.595,t2_squeezenet,19536.432,29.969,362,0
175.678,t2_squeezenet,19603.536,82.914,362,0
175.710,t2_squeezenet,19613.828,31.819,361,0
175.787,t2_squeezenet,19549.504,77.139,361,0
175.871,t2_squeezenet,19570.423,83.842,363,0
175.902,t2_squeezenet,19594.592,30.587,362,0
175.983,t2_squeezenet,19606.752,81.741,361,0
176.064,t2_squeezenet,19654.856,80.264,362,0
176.096,t2_squeezenet,19685.674,31.759,361,0
176.143,t2_squeezenet,19721.077,47.225,360,0
176.188,t2_squeezenet,19743.414,45.006,359,0
176.270,t2_squeezenet,19820.059,82.576,359,0
176.300,t2_squeezenet,19718.034,29.789,358,0
176.383,t2_squeezenet,19776.290,82.970,358,0
176.468,t2_squeezenet,19856.862,84.256,359,0
176.498,t2_squeezenet,19884.355,29.992,360,0
176.579,t2_squeezenet,19910.411,81.738,361,0
176.660,t2_squeezenet,19975.854,80.812,363,0
176.690,t2_squeezenet,19954.015,29.588,362,0
176.774,t2_squeezenet,19897.483,84.066,363,0
176.804,t2_squeezenet,19793.082,30.276,362,0
176.885,t2_squeezenet,19867.578,81.203,361,0
176.969,t2_squeezenet,19932.779,83.627,363,0
176.999,t2_squeezenet,19895.465,30.414,362,0
177.083,t2_squeezenet,19951.043,83.202,362,0
177.119,t2_squeezenet,19962.348,36.016,361,0
177.173,t2_squeezenet,20010.951,54.057,360,0
177.203,t2_squeezenet,20008.507,30.036,360,0
177.285,t2_squeezenet,19967.329,82.132,359,0
177.371,t2_squeezenet,20051.960,85.497,359,0
177.401,t2_squeezenet,20020.202,30.154,358,0
177.483,t2_squeezenet,20101.907,82.048,357,0
177.565,t2_squeezenet,20157.281,82.585,358,0
177.596,t2_squeezenet,20174.795,30.119,357,0
177.677,t2_squeezenet,20248.841,81.602,356,0
177.708,t2_squeezenet,20239.571,31.187,355,0
177.789,t2_squeezenet,20311.919,80.319,355,0
177.872,t2_squeezenet,20331.662,82.807,357,0
177.903,t2_squeezenet,20274.174,30.946,356,0
177.986,t2_squeezenet,20343.805,83.054,355,0
178.069,t2_squeezenet,20363.336,82.838,356,0
178.101,t2_squeezenet,20334.030,32.079,357,0
178.161,t2_squeezenet,20361.370,59.848,356,0
178.190,t2_squeezenet,20277.059,29.549,355,0
178.272,t2_squeezenet,20228.801,81.531,355,0
178.301,t2_squeezenet,20253.729,29.571,354,0
178.385,t2_squeezenet,20292.047,83.605,353,0
178.468,t2_squeezenet,20355.916,82.631,354,0
178.498,t2_squeezenet,20343.947,30.360,354,0
178.579,t2_squeezenet,20410.137,80.684,354,0
178.662,t2_squeezenet,20435.439,82.994,355,0
178.691,t2_squeezenet,20450.759,29.428,354,0
178.771,t2_squeezenet,20524.471,79.665,355,0
178.802,t2_squeezenet,20495.847,30.627,354,0
178.884,t2_squeezenet,20513.090,82.213,355,0
178.966,t2_squeezenet,20592.700,82.112,354,0
178.996,t2_squeezenet,20516.666,29.930,354,0
179.075,t2_squeezenet,20458.339,79.089,357,0
179.114,t2_squeezenet,20416.774,39.196,357,0
179.168,t2_squeezenet,20461.208,53.720,358,0
179.198,t2_squeezenet,20462.609,29.469,358,0
179.278,t2_squeezenet,20365.404,80.260,361,0
179.310,t2_squeezenet,20303.163,32.377,362,0
179.387,t2_squeezenet,20325.753,76.471,361,0
179.468,t2_squeezenet,20357.933,81.191,360,0
179.498,t2_squeezenet,20368.141,29.502,360,0
179.578,t2_squeezenet,20366.060,80.512,360,0
179.610,t2_squeezenet,20384.928,31.831,359,0
179.686,t2_squeezenet,20394.334,76.541,361,0
179.771,t2_squeezenet,20408.286,84.184,362,0
179.800,t2_squeezenet,20392.115,29.745,362,0
179.880,t2_squeezenet,20471.166,79.506,362,0
179.960,t2_squeezenet,20438.809,80.173,361,0
179.989,t2_squeezenet,20445.786,29.254,360,0
180.071,t2_squeezenet,20522.741,81.835,359,0
180.105,t2_squeezenet,20515.206,33.854,358,0
180.149,t2_squeezenet,20437.710,43.460,357,0
180.189,t2_squeezenet,20358.119,40.256,356,0
180.270,t2_squeezenet,20415.671,80.864,356,0
180.300,t2_squeezenet,20401.733,29.997,355,0
180.382,t2_squeezenet,20438.794,81.891,358,0
180.461,t2_squeezenet,20455.997,79.334,358,0
180.491,t2_squeezenet,20473.053,29.604,357,0
180.573,t2_squeezenet,20528.798,81.655,358,0
180.602,t2_squeezenet,20546.581,29.535,357,0
180.682,t2_squeezenet,20556.285,79.611,359,0
180.761,t2_squeezenet,20633.681,79.574,359,0
180.791,t2_squeezenet,20638.519,29.534,358,0
180.873,t2_squeezenet,20636.472,82.220,357,0
180.903,t2_squeezenet,20636.761,29.569,356,0
180.982,t2_squeezenet,20705.243,79.653,356,0
181.065,t2_squeezenet,20779.788,82.869,355,0
181.099,t2_squeezenet,20763.407,33.812,355,0
181.143,t2_squeezenet,20677.399,43.820,356,0
181.188,t2_squeezenet,20642.710,44.390,356,0
181.267,t2_squeezenet,20674.099,79.794,357,0
181.297,t2_squeezenet,20695.625,30.054,357,0
181.377,t2_squeezenet,20759.378,79.708,356,0
181.411,t2_squeezenet,20681.566,33.823,355,0
181.488,t2_squeezenet,20721.513,76.737,355,0
181.570,t2_squeezenet,20771.319,81.723,355,0
181.600,t2_squeezenet,20718.079,30.454,355,0
181.680,t2_squeezenet,20770.050,79.711,358,0
181.760,t2_squeezenet,20800.727,80.676,359,0
181.790,t2_squeezenet,20766.355,29.408,359,0
181.869,t2_squeezenet,20791.930,78.973,359,0
181.899,t2_squeezenet,20739.513,30.332,358,0
181.980,t2_squeezenet,20691.049,80.293,357,0
182.062,t2_squeezenet,20651.536,82.735,359,0
182.112,t2_squeezenet,20676.066,49.883,358,0
182.170,t2_squeezenet,20616.920,57.877,358,0
182.237,t2_squeezenet,20671.916,66.674,357,0
182.296,t2_squeezenet,20698.868,58.506,361,0
182.352,t2_squeezenet,20736.236,56.683,360,0
182.415,t2_squeezenet,20770.661,62.644,361,0
182.478,t2_squeezenet,20788.950,63.030,362,0
182.537,t2_squeezenet,20824.046,58.700,361,0
182.591,t2_squeezenet,20850.546,54.375,362,0
182.646,t2_squeezenet,20839.324,54.249,361,0
182.691,t2_squeezenet,20856.283,45.440,360,0
182.736,t2_squeezenet,20774.935,44.399,359,0
182.777,t2_squeezenet,20780.981,41.168,358,0
182.820,t2_squeezenet,20812.952,43.375,359,0
182.866,t2_squeezenet,20796.464,45.276,358,0
182.913,t2_squeezenet,20819.808,47.041,358,0
182.955,t2_squeezenet,20677.502,42.452,357,0
182.998,t2_squeezenet,20663.686,42.329,357,0
183.041,t2_squeezenet,20552.552,43.560,357,0
183.086,t2_squeezenet,20552.570,44.867,356,0
183.129,t2_squeezenet,20581.724,42.774,355,0
183.171,t2_squeezenet,20581.062,41.514,354,0
183.215,t2_squeezenet,20557.867,44.246,355,0
183.261,t2_squeezenet,20560.944,46.177,355,0
183.307,t2_squeezenet,20573.518,46.080,354,0
183.349,t2_squeezenet,20386.147,41.372,353,0
183.391,t2_squeezenet,20426.608,42.593,352,0
183.436,t2_squeezenet,20314.065,45.083,352,0
183.483,t2_squeezenet,20289.308,46.129,352,0
183.524,t2_squeezenet,20264.903,40.947,352,0
183.586,t2_squeezenet,20305.269,62.183,354,0
183.630,t2_squeezenet,20306.967,44.345,355,0
183.677,t2_squeezenet,20251.721,46.822,356,0
183.721,t2_squeezenet,20289.650,43.958,355,0
183.763,t2_squeezenet,20259.223,41.927,354,0
183.807,t2_squeezenet,20263.645,44.033,354,0
183.852,t2_squeezenet,20268.977,44.757,353,0
183.896,t2_squeezenet,20286.592,44.178,354,0
183.936,t2_squeezenet,20309.422,40.141,354,0
183.979,t2_squeezenet,20352.172,42.726,354,0
184.024,t2_squeezenet,20305.516,44.826,355,0
184.071,t2_squeezenet,20222.826,46.761,354,0
184.114,t2_squeezenet,20250.853,42.928,353,0
184.156,t2_squeezenet,20243.131,42.507,353,0
184.201,t2_squeezenet,20240.976,44.436,352,0
184.247,t2_squeezenet,20274.842,45.789,352,0
184.289,t2_squeezenet,20251.281,42.522,352,0
184.330,t2_squeezenet,20202.233,40.839,352,0
184.373,t2_squeezenet,20200.190,43.198,351,0
184.419,t2_squeezenet,20230.857,45.629,350,0
184.465,t2_squeezenet,20251.814,46.092,351,0
184.507,t2_squeezenet,20178.303,42.020,350,0
184.551,t2_squeezenet,20212.041,44.238,349,0
184.598,t2_squeezenet,20251.034,46.107,349,0
184.644,t2_squeezenet,20215.237,45.927,348,0
184.684,t2_squeezenet,20254.778,40.241,348,0
184.728,t2_squeezenet,19946.989,43.780,350,0
184.771,t2_squeezenet,19952.574,42.842,350,0
184.818,t2_squeezenet,19982.009,46.870,350,0
184.861,t2_squeezenet,19936.794,43.298,349,0
184.904,t2_squeezenet,19938.594,42.811,348,0
184.949,t2_squeezenet,19928.321,45.105,350,0
184.992,t2_squeezenet,19908.000,43.206,350,0
185.033,t2_squeezenet,19873.341,40.961,349,0
