t_s,tenant,latency_ms,service_ms,qdepth,warmup
0.094,t2_squeezenet,36.646,36.566,0,1
0.196,t2_squeezenet,39.523,36.209,0,1
0.324,t2_squeezenet,33.490,31.575,0,1
0.397,t2_squeezenet,46.085,42.522,0,1
0.462,t2_squeezenet,30.761,29.099,0,1
0.546,t2_squeezenet,33.561,29.055,2,1
0.577,t2_squeezenet,64.191,30.793,2,1
0.618,t2_squeezenet,80.246,40.991,2,1
0.652,t2_squeezenet,85.456,33.662,2,1
0.695,t2_squeezenet,112.331,43.163,2,1
0.741,t2_squeezenet,108.253,45.824,4,1
0.781,t2_squeezenet,119.748,40.530,5,1
0.819,t2_squeezenet,116.191,37.025,4,1
0.861,t2_squeezenet,145.475,42.243,5,1
0.907,t2_squeezenet,187.678,45.835,4,1
0.943,t2_squeezenet,190.690,36.461,3,1
0.983,t2_squeezenet,216.728,40.206,2,1
1.019,t2_squeezenet,197.908,36.014,1,1
1.065,t2_squeezenet,217.872,45.675,0,1
1.149,t2_squeezenet,45.379,43.288,3,1
1.194,t2_squeezenet,80.063,44.665,2,1
1.240,t2_squeezenet,109.132,46.351,2,1
1.274,t2_squeezenet,133.064,33.674,1,1
1.303,t2_squeezenet,88.752,29.069,1,1
1.333,t2_squeezenet,34.093,29.918,1,1
1.364,t2_squeezenet,51.687,31.200,1,1
1.395,t2_squeezenet,52.462,30.586,0,1
1.501,t2_squeezenet,40.021,35.450,1,1
1.534,t2_squeezenet,38.523,32.624,0,1
1.724,t2_squeezenet,42.143,38.011,0,1
1.809,t2_squeezenet,35.144,34.380,0,1
1.855,t2_squeezenet,34.804,31.111,1,1
1.895,t2_squeezenet,54.215,39.721,0,1
2.013,t2_squeezenet,38.559,37.144,5,1
2.048,t2_squeezenet,62.231,34.786,5,1
2.090,t2_squeezenet,102.475,42.563,6,1
2.140,t2_squeezenet,143.372,49.505,5,1
2.176,t2_squeezenet,175.660,36.385,4,1
2.207,t2_squeezenet,202.233,31.279,3,1
2.246,t2_squeezenet,228.364,38.455,2,1
2.297,t2_squeezenet,243.818,51.292,1,1
2.349,t2_squeezenet,272.073,51.698,1,1
2.402,t2_squeezenet,60.102,53.362,1,1
2.459,t2_squeezenet,65.991,56.689,1,1
2.512,t2_squeezenet,71.071,52.752,1,1
2.562,t2_squeezenet,76.119,49.886,0,1
2.905,t2_squeezenet,56.474,53.628,2,1
2.945,t2_squeezenet,96.273,40.211,2,1
2.993,t2_squeezenet,112.252,48.005,1,1
3.035,t2_squeezenet,121.938,42.074,0,1
3.081,t2_squeezenet,33.700,30.548,0,1
3.136,t2_squeezenet,33.948,29.212,0,1
3.231,t2_squeezenet,36.733,34.639,0,1
3.297,t2_squeezenet,63.085,60.669,0,1
3.398,t2_squeezenet,37.424,35.084,0,1
3.494,t2_squeezenet,45.114,40.582,0,1
3.542,t2_squeezenet,33.249,33.220,0,1
3.609,t2_squeezenet,40.533,36.029,0,1
3.759,t2_squeezenet,40.017,38.393,0,1
3.807,t2_squeezenet,41.160,38.161,0,1
3.948,t2_squeezenet,36.650,34.635,0,1
4.176,t2_squeezenet,38.937,38.754,1,1
4.211,t2_squeezenet,39.168,35.046,0,1
4.301,t2_squeezenet,39.852,38.542,0,1
4.371,t2_squeezenet,37.453,35.259,1,1
4.406,t2_squeezenet,59.593,35.167,0,1
4.447,t2_squeezenet,33.516,29.930,1,1
4.510,t2_squeezenet,88.411,63.655,1,1
4.542,t2_squeezenet,70.410,31.989,1,1
4.614,t2_squeezenet,80.692,71.783,1,1
4.646,t2_squeezenet,54.497,31.871,0,1
4.717,t2_squeezenet,56.928,55.687,1,1
4.751,t2_squeezenet,82.499,34.442,2,1
4.822,t2_squeezenet,104.742,70.757,3,1
4.853,t2_squeezenet,112.986,30.453,2,1
4.926,t2_squeezenet,151.522,73.502,3,1
4.997,t2_squeezenet,197.927,70.369,4,1
5.032,t2_squeezenet,172.038,35.618,5,1
5.095,t2_squeezenet,169.892,63.073,6,1
5.126,t2_squeezenet,189.987,31.168,5,1
5.194,t2_squeezenet,247.050,67.617,4,1
5.227,t2_squeezenet,222.043,33.298,4,1
5.303,t2_squeezenet,291.414,75.962,4,1
5.334,t2_squeezenet,284.587,30.557,4,1
5.405,t2_squeezenet,351.085,70.972,4,1
5.435,t2_squeezenet,234.322,30.028,3,1
5.511,t2_squeezenet,253.756,76.002,3,1
5.543,t2_squeezenet,214.993,31.549,2,1
5.609,t2_squeezenet,251.879,66.563,3,1
5.649,t2_squeezenet,176.939,39.530,3,1
5.715,t2_squeezenet,142.933,66.373,3,1
5.747,t2_squeezenet,147.284,31.869,2,1
5.817,t2_squeezenet,169.106,69.431,2,1
5.847,t2_squeezenet,154.481,30.388,1,1
5.912,t2_squeezenet,113.896,64.824,0,1
6.063,t2_squeezenet,41.502,39.773,2,1
6.103,t2_squeezenet,74.483,40.103,1,1
6.147,t2_squeezenet,103.575,43.950,1,1
6.215,t2_squeezenet,101.661,67.961,1,1
6.247,t2_squeezenet,54.481,31.573,0,1
6.315,t2_squeezenet,48.415,48.372,2,1
6.351,t2_squeezenet,59.104,35.837,1,1
6.415,t2_squeezenet,116.646,64.072,0,1
6.537,t2_squeezenet,35.918,30.931,0,1
6.675,t2_squeezenet,44.101,41.198,0,1
6.743,t2_squeezenet,34.501,32.706,0,1
6.801,t2_squeezenet,44.294,42.624,2,1
6.832,t2_squeezenet,58.111,30.588,1,1
6.905,t2_squeezenet,120.496,73.302,2,1
6.935,t2_squeezenet,83.480,29.999,1,1
7.003,t2_squeezenet,110.965,68.169,0,1
7.163,t2_squeezenet,45.787,43.418,1,1
7.205,t2_squeezenet,59.654,41.878,0,1
7.373,t2_squeezenet,42.681,41.211,2,1
7.410,t2_squeezenet,65.061,37.512,1,1
7.446,t2_squeezenet,96.403,35.094,1,1
7.510,t2_squeezenet,75.062,64.525,0,1
7.591,t2_squeezenet,37.704,35.357,1,1
7.625,t2_squeezenet,51.949,33.721,0,1
7.747,t2_squeezenet,33.931,30.951,0,1
7.896,t2_squeezenet,38.735,38.059,1,1
7.926,t2_squeezenet,68.179,29.603,0,1
8.080,t2_squeezenet,43.912,43.254,0,1
8.121,t2_squeezenet,35.877,35.818,1,1
8.153,t2_squeezenet,38.389,31.402,0,1
8.317,t2_squeezenet,35.996,33.043,2,1
8.356,t2_squeezenet,72.326,38.417,1,1
8.421,t2_squeezenet,107.006,64.595,1,1
8.457,t2_squeezenet,95.214,36.876,0,1
8.522,t2_squeezenet,56.412,54.539,3,1
8.559,t2_squeezenet,89.934,37.248,2,1
8.621,t2_squeezenet,120.871,61.268,3,1
8.653,t2_squeezenet,151.499,32.228,3,1
8.714,t2_squeezenet,138.924,60.812,3,1
8.746,t2_squeezenet,164.194,32.055,5,1
8.807,t2_squeezenet,158.611,61.295,6,1
8.837,t2_squeezenet,135.369,30.072,6,1
8.899,t2_squeezenet,180.370,62.106,6,1
8.940,t2_squeezenet,214.648,40.574,7,1
9.007,t2_squeezenet,270.012,66.913,9,1
9.039,t2_squeezenet,286.358,32.139,8,1
9.089,t2_squeezenet,300.240,49.891,8,1
9.121,t2_squeezenet,295.259,32.108,7,1
9.152,t2_squeezenet,278.251,30.318,6,1
9.210,t2_squeezenet,301.117,58.159,5,1
9.241,t2_squeezenet,324.485,31.396,5,1
9.304,t2_squeezenet,362.722,62.567,4,1
9.340,t2_squeezenet,397.006,35.896,3,1
9.406,t2_squeezenet,453.836,65.742,2,1
9.436,t2_squeezenet,366.745,30.584,1,1
9.505,t2_squeezenet,266.194,68.861,1,1
9.538,t2_squeezenet,64.974,33.274,1,1
9.598,t2_squeezenet,87.883,59.692,1,1
9.635,t2_squeezenet,56.065,36.864,2,1
9.704,t2_squeezenet,91.264,68.635,1,1
9.736,t2_squeezenet,103.000,31.965,0,1
9.800,t2_squeezenet,62.883,59.533,0,1
9.843,t2_squeezenet,35.927,32.877,1,1
9.907,t2_squeezenet,86.126,63.382,1,1
9.939,t2_squeezenet,73.249,31.893,0,1
10.009,t2_squeezenet,35.177,35.099,0,1
10.157,t2_squeezenet,43.072,41.509,1,1
10.194,t2_squeezenet,40.100,36.588,1,1
10.223,t2_squeezenet,50.353,29.403,0,1
10.348,t2_squeezenet,33.872,29.448,0,1
10.475,t2_squeezenet,45.608,45.296,1,1
10.515,t2_squeezenet,59.601,40.368,2,1
10.550,t2_squeezenet,59.771,34.610,2,1
10.610,t2_squeezenet,99.033,59.789,2,1
10.640,t2_squeezenet,107.641,29.921,1,1
10.699,t2_squeezenet,138.813,59.016,0,1
10.759,t2_squeezenet,45.815,45.133,1,1
10.812,t2_squeezenet,66.679,52.882,2,1
10.844,t2_squeezenet,73.789,31.504,1,1
10.904,t2_squeezenet,121.158,60.492,1,1
10.934,t2_squeezenet,77.083,30.223,2,1
10.964,t2_squeezenet,39.020,29.116,2,1
11.025,t2_squeezenet,99.077,61.880,2,1
11.060,t2_squeezenet,118.006,34.927,3,1
11.107,t2_squeezenet,99.275,46.056,3,1
11.136,t2_squeezenet,87.096,29.135,2,1
11.165,t2_squeezenet,110.921,29.251,1,1
11.217,t2_squeezenet,121.718,51.915,2,1
11.246,t2_squeezenet,80.551,29.105,2,1
11.302,t2_squeezenet,85.356,56.014,1,1
11.331,t2_squeezenet,113.087,29.210,1,1
11.360,t2_squeezenet,38.537,29.087,0,1
11.445,t2_squeezenet,30.720,29.077,0,1
11.770,t2_squeezenet,32.473,31.874,0,1
11.868,t2_squeezenet,44.685,41.720,3,1
11.905,t2_squeezenet,54.676,37.081,2,1
11.942,t2_squeezenet,85.614,37.033,1,1
12.006,t2_squeezenet,145.206,63.677,0,1
12.121,t2_squeezenet,46.768,44.222,1,1
12.162,t2_squeezenet,42.386,41.650,0,1
12.216,t2_squeezenet,39.484,38.665,3,1
12.258,t2_squeezenet,79.884,41.466,3,1
12.317,t2_squeezenet,116.620,59.063,2,1
12.348,t2_squeezenet,140.089,31.069,1,1
12.402,t2_squeezenet,168.044,53.564,1,1
12.432,t2_squeezenet,51.182,30.349,1,1
12.464,t2_squeezenet,61.722,32.375,0,1
12.640,t2_squeezenet,33.287,31.318,1,1
12.672,t2_squeezenet,58.625,31.977,0,1
12.712,t2_squeezenet,33.448,29.884,0,1
12.817,t2_squeezenet,35.989,34.812,0,1
12.985,t2_squeezenet,42.352,40.733,0,1
13.153,t2_squeezenet,43.491,41.405,1,1
13.199,t2_squeezenet,77.393,45.929,0,1
13.346,t2_squeezenet,37.644,35.371,0,1
13.429,t2_squeezenet,36.145,32.338,0,1
13.482,t2_squeezenet,47.980,43.029,1,1
13.523,t2_squeezenet,77.798,41.061,2,1
13.562,t2_squeezenet,52.504,38.439,1,1
13.623,t2_squeezenet,107.958,60.806,3,1
13.661,t2_squeezenet,93.347,37.782,2,1
13.715,t2_squeezenet,118.863,54.058,3,1
13.755,t2_squeezenet,155.364,40.656,3,1
13.814,t2_squeezenet,121.503,58.339,2,1
13.846,t2_squeezenet,150.184,32.534,1,1
13.905,t2_squeezenet,181.693,58.402,0,1
13.967,t2_squeezenet,31.735,31.707,1,1
13.999,t2_squeezenet,59.256,31.983,1,1
14.029,t2_squeezenet,32.745,30.197,1,1
14.066,t2_squeezenet,60.991,36.623,0,1
14.180,t2_squeezenet,36.052,33.014,0,1
14.216,t2_squeezenet,35.665,31.746,0,1
14.380,t2_squeezenet,50.459,46.859,1,1
14.417,t2_squeezenet,60.805,37.554,1,1
14.454,t2_squeezenet,45.515,36.902,0,1
14.516,t2_squeezenet,45.096,41.650,0,1
14.583,t2_squeezenet,47.855,46.169,1,1
14.620,t2_squeezenet,48.030,36.886,0,1
14.675,t2_squeezenet,42.141,40.011,0,1
14.786,t2_squeezenet,45.430,45.260,1,1
14.824,t2_squeezenet,62.810,37.539,1,1
14.856,t2_squeezenet,37.033,32.639,1,1
14.917,t2_squeezenet,89.725,60.637,1,1
14.947,t2_squeezenet,59.274,29.820,0,1
15.025,t2_squeezenet,33.739,32.696,0,1
15.094,t2_squeezenet,41.490,38.360,1,1
15.129,t2_squeezenet,59.476,34.907,1,1
15.169,t2_squeezenet,51.077,39.929,1,1
15.224,t2_squeezenet,77.915,54.957,0,1
15.438,t2_squeezenet,35.210,32.128,0,1
15.507,t2_squeezenet,36.110,33.657,3,1
15.541,t2_squeezenet,61.344,33.182,3,1
15.603,t2_squeezenet,98.665,61.984,2,1
15.637,t2_squeezenet,131.338,34.395,2,1
15.706,t2_squeezenet,186.597,68.441,2,1
15.739,t2_squeezenet,105.887,33.216,1,1
15.797,t2_squeezenet,104.675,58.448,0,1
15.918,t2_squeezenet,32.592,29.992,0,1
15.961,t2_squeezenet,33.713,32.536,0,1
16.007,t2_squeezenet,37.763,35.516,1,1
16.042,t2_squeezenet,62.250,35.287,2,1
16.092,t2_squeezenet,57.612,49.472,1,1
16.131,t2_squeezenet,93.765,39.445,1,1
16.173,t2_squeezenet,60.306,41.750,1,1
16.228,t2_squeezenet,84.232,55.217,2,1
16.269,t2_squeezenet,89.401,41.119,2,1
16.323,t2_squeezenet,128.884,54.229,4,1
16.361,t2_squeezenet,98.893,37.167,4,1
16.418,t2_squeezenet,119.359,57.451,4,1
16.458,t2_squeezenet,148.697,39.409,3,1
16.514,t2_squeezenet,198.874,56.152,3,1
16.544,t2_squeezenet,195.013,30.030,2,1
16.598,t2_squeezenet,231.124,53.786,1,1
16.627,t2_squeezenet,148.911,29.799,1,1
16.660,t2_squeezenet,46.234,32.883,3,1
16.717,t2_squeezenet,68.351,56.940,3,1
16.759,t2_squeezenet,106.741,41.602,2,1
16.821,t2_squeezenet,167.635,61.938,1,1
16.858,t2_squeezenet,173.018,37.458,0,1
16.988,t2_squeezenet,38.015,33.752,2,1
17.019,t2_squeezenet,40.891,30.101,1,1
17.051,t2_squeezenet,72.359,32.372,0,1
17.169,t2_squeezenet,37.657,36.572,0,1
17.292,t2_squeezenet,44.765,42.364,0,1
17.343,t2_squeezenet,38.494,36.144,0,1
17.413,t2_squeezenet,39.455,39.323,0,1
17.526,t2_squeezenet,39.802,37.146,1,1
17.566,t2_squeezenet,68.599,39.351,1,1
17.622,t2_squeezenet,80.457,56.407,0,1
17.757,t2_squeezenet,38.336,33.520,5,1
17.792,t2_squeezenet,66.938,35.028,4,1
17.826,t2_squeezenet,94.151,34.297,3,1
17.866,t2_squeezenet,128.884,39.331,3,1
17.921,t2_squeezenet,182.875,54.722,2,1
17.960,t2_squeezenet,203.595,39.867,1,1
18.021,t2_squeezenet,161.554,60.532,2,1
18.052,t2_squeezenet,56.997,30.857,2,1
18.104,t2_squeezenet,88.415,52.026,2,1
18.139,t2_squeezenet,116.420,35.145,2,1
18.195,t2_squeezenet,113.726,55.837,1,1
18.228,t2_squeezenet,93.262,32.733,1,1
18.260,t2_squeezenet,36.949,32.302,0,1
18.321,t2_squeezenet,48.551,45.576,2,1
18.352,t2_squeezenet,76.611,30.781,2,1
18.414,t2_squeezenet,129.089,62.412,3,1
18.449,t2_squeezenet,99.350,34.511,4,1
18.509,t2_squeezenet,106.539,60.584,5,1
18.546,t2_squeezenet,134.050,37.053,4,1
18.610,t2_squeezenet,185.963,63.046,4,1
18.641,t2_squeezenet,215.797,31.309,3,1
18.702,t2_squeezenet,235.943,61.050,4,1
18.742,t2_squeezenet,255.163,39.915,3,1
18.808,t2_squeezenet,250.487,66.397,3,1
18.841,t2_squeezenet,199.244,32.244,3,1
18.902,t2_squeezenet,251.636,61.167,5,1
18.933,t2_squeezenet,147.068,30.881,5,1
18.994,t2_squeezenet,172.861,61.628,5,1
19.032,t2_squeezenet,162.072,37.748,4,1
19.094,t2_squeezenet,200.415,61.608,4,1
19.130,t2_squeezenet,229.576,35.672,4,1
19.162,t2_squeezenet,254.881,32.645,4,1
19.215,t2_squeezenet,227.496,53.000,5,1
19.246,t2_squeezenet,165.605,31.185,4,1
19.305,t2_squeezenet,197.961,58.096,4,1
19.336,t2_squeezenet,196.028,31.219,3,1
19.367,t2_squeezenet,167.718,31.201,4,1
19.420,t2_squeezenet,213.015,52.382,3,1
19.453,t2_squeezenet,151.718,33.169,2,1
19.515,t2_squeezenet,173.579,61.870,2,1
19.552,t2_squeezenet,203.679,37.619,1,1
19.613,t2_squeezenet,152.996,60.871,0,1
19.685,t2_squeezenet,48.177,46.611,2,1
19.721,t2_squeezenet,72.141,36.327,1,1
19.753,t2_squeezenet,85.756,31.698,0,1
19.818,t2_squeezenet,36.718,34.796,2,1
19.848,t2_squeezenet,44.899,30.076,1,1
19.912,t2_squeezenet,103.111,63.779,1,1
19.942,t2_squeezenet,35.536,29.565,1,1
19.999,t2_squeezenet,77.433,57.072,1,1
20.028,t2_squeezenet,63.392,29.110,0,0
20.224,t2_squeezenet,32.558,29.260,0,0
20.319,t2_squeezenet,35.547,33.992,1,0
20.354,t2_squeezenet,38.598,34.766,1,0
20.407,t2_squeezenet,87.055,53.278,2,0
20.439,t2_squeezenet,80.787,32.278,2,0
20.496,t2_squeezenet,100.044,56.510,2,0
20.529,t2_squeezenet,108.654,33.483,2,0
20.562,t2_squeezenet,117.422,32.166,1,0
20.620,t2_squeezenet,121.076,57.895,0,0
20.832,t2_squeezenet,30.817,30.229,1,0
20.864,t2_squeezenet,57.173,32.299,0,0
20.925,t2_squeezenet,38.965,35.785,0,0
20.993,t2_squeezenet,62.319,57.411,2,0
21.023,t2_squeezenet,73.941,30.167,2,0
21.055,t2_squeezenet,94.168,32.273,1,0
21.102,t2_squeezenet,93.992,47.118,1,0
21.143,t2_squeezenet,80.917,40.214,0,0
21.214,t2_squeezenet,63.474,60.802,1,0
21.250,t2_squeezenet,50.657,36.072,0,0
21.378,t2_squeezenet,44.842,41.682,1,0
21.417,t2_squeezenet,66.055,39.705,0,0
21.573,t2_squeezenet,31.737,29.062,0,0
21.669,t2_squeezenet,31.428,30.731,2,0
21.700,t2_squeezenet,50.400,30.963,1,0
21.732,t2_squeezenet,71.031,32.123,0,0
21.789,t2_squeezenet,36.605,36.529,1,0
21.821,t2_squeezenet,38.224,31.608,0,0
21.863,t2_squeezenet,39.755,36.674,0,0
22.000,t2_squeezenet,34.815,31.097,0,0
22.188,t2_squeezenet,35.080,30.818,1,0
22.226,t2_squeezenet,57.277,37.975,0,0
22.325,t2_squeezenet,41.050,38.640,0,0
22.385,t2_squeezenet,41.379,39.603,0,0
22.491,t2_squeezenet,49.756,45.353,0,0
22.642,t2_squeezenet,44.650,39.759,1,0
22.700,t2_squeezenet,79.085,57.096,0,0
22.838,t2_squeezenet,36.317,32.236,2,0
22.885,t2_squeezenet,67.643,46.373,1,0
22.926,t2_squeezenet,95.334,41.596,1,0
22.964,t2_squeezenet,50.421,38.085,0,0
23.082,t2_squeezenet,42.977,41.770,2,0
23.127,t2_squeezenet,75.413,45.302,1,0
23.163,t2_squeezenet,85.280,35.239,0,0
23.213,t2_squeezenet,49.389,44.991,0,0
23.253,t2_squeezenet,40.080,35.417,0,0
23.380,t2_squeezenet,43.573,41.199,2,0
23.420,t2_squeezenet,70.484,39.216,1,0
23.455,t2_squeezenet,82.645,35.245,0,0
23.531,t2_squeezenet,38.334,35.343,1,0
23.573,t2_squeezenet,55.257,41.568,2,0
23.623,t2_squeezenet,75.288,50.715,1,0
23.663,t2_squeezenet,100.615,39.582,3,0
23.721,t2_squeezenet,86.495,58.187,3,0
23.762,t2_squeezenet,117.852,40.341,2,0
23.824,t2_squeezenet,162.651,62.235,5,0
23.859,t2_squeezenet,138.558,34.795,4,0
23.912,t2_squeezenet,146.021,53.001,4,0
23.943,t2_squeezenet,140.381,31.719,4,0
23.998,t2_squeezenet,180.417,54.655,3,0
24.027,t2_squeezenet,208.596,29.287,2,0
24.063,t2_squeezenet,193.935,35.558,2,0
24.136,t2_squeezenet,221.506,73.001,5,0
24.204,t2_squeezenet,167.576,67.566,6,0
24.243,t2_squeezenet,165.723,38.998,6,0
24.308,t2_squeezenet,190.607,65.250,7,0
24.343,t2_squeezenet,218.398,34.708,7,0
24.408,t2_squeezenet,281.466,65.181,8,0
24.441,t2_squeezenet,274.644,33.024,7,0
24.503,t2_squeezenet,331.482,62.241,6,0
24.535,t2_squeezenet,295.574,31.394,5,0
24.606,t2_squeezenet,322.077,71.386,5,0
24.637,t2_squeezenet,350.260,31.087,7,0
24.703,t2_squeezenet,375.801,65.760,6,0
24.736,t2_squeezenet,363.914,33.007,5,0
24.800,t2_squeezenet,410.372,64.132,5,0
24.831,t2_squeezenet,231.733,30.525,4,0
24.865,t2_squeezenet,254.431,33.753,3,0
24.924,t2_squeezenet,298.398,59.387,2,0
24.963,t2_squeezenet,326.917,38.960,1,0
25.021,t2_squeezenet,282.660,58.162,2,0
25.061,t2_squeezenet,73.255,40.066,1,0
25.124,t2_squeezenet,113.968,62.964,2,0
25.160,t2_squeezenet,77.374,35.466,2,0
25.218,t2_squeezenet,119.331,57.892,2,0
25.252,t2_squeezenet,101.121,34.116,2,0
25.311,t2_squeezenet,143.440,58.864,1,0
25.340,t2_squeezenet,109.797,29.328,0,0
25.399,t2_squeezenet,51.015,48.561,0,0
25.579,t2_squeezenet,39.827,38.583,1,0
25.613,t2_squeezenet,51.599,34.014,1,0
25.644,t2_squeezenet,62.305,30.791,0,0
25.746,t2_squeezenet,43.289,40.577,0,0
25.801,t2_squeezenet,31.646,30.419,0,0
25.907,t2_squeezenet,36.043,34.456,1,0
25.944,t2_squeezenet,48.809,37.213,0,0
26.007,t2_squeezenet,41.428,38.086,0,0
26.091,t2_squeezenet,55.034,53.015,1,0
26.126,t2_squeezenet,46.091,35.281,2,0
26.170,t2_squeezenet,72.101,43.490,1,0
26.216,t2_squeezenet,114.979,46.599,0,0
26.261,t2_squeezenet,41.245,39.554,0,0
26.471,t2_squeezenet,48.172,43.313,0,0
26.582,t2_squeezenet,46.275,45.123,0,0
26.645,t2_squeezenet,32.963,32.620,0,0
26.916,t2_squeezenet,39.968,38.422,0,0
26.964,t2_squeezenet,44.033,42.163,0,0
27.098,t2_squeezenet,49.751,48.485,3,0
27.145,t2_squeezenet,83.160,46.227,5,0
27.204,t2_squeezenet,119.455,58.945,6,0
27.234,t2_squeezenet,148.403,29.931,5,0
27.301,t2_squeezenet,174.402,67.153,7,0
27.332,t2_squeezenet,199.337,31.525,7,0
27.406,t2_squeezenet,268.526,73.520,8,0
27.437,t2_squeezenet,290.266,30.831,8,0
27.504,t2_squeezenet,311.892,67.330,10,0
27.534,t2_squeezenet,242.180,30.259,9,0
27.604,t2_squeezenet,305.123,69.450,10,0
27.635,t2_squeezenet,334.567,31.014,10,0
27.706,t2_squeezenet,400.019,71.490,11,0
27.737,t2_squeezenet,402.591,30.603,10,0
27.806,t2_squeezenet,413.990,69.091,9,0
27.839,t2_squeezenet,433.179,32.922,8,0
27.908,t2_squeezenet,464.319,68.721,9,0
27.938,t2_squeezenet,487.500,30.210,8,0
28.004,t2_squeezenet,512.181,66.136,7,0
28.035,t2_squeezenet,443.061,30.860,6,0
28.099,t2_squeezenet,500.428,63.806,6,0
28.130,t2_squeezenet,499.732,30.935,5,0
28.162,t2_squeezenet,470.015,32.164,4,0
28.224,t2_squeezenet,522.205,62.226,5,0
28.295,t2_squeezenet,435.799,70.606,5,0
28.326,t2_squeezenet,434.118,31.157,4,0
28.397,t2_squeezenet,344.054,70.961,3,0
28.435,t2_squeezenet,243.285,38.186,2,0
28.505,t2_squeezenet,293.199,69.452,1,0
28.535,t2_squeezenet,242.819,30.012,3,0
28.599,t2_squeezenet,85.894,63.810,2,0
28.638,t2_squeezenet,121.438,39.407,2,0
28.700,t2_squeezenet,169.392,62.030,1,0
28.730,t2_squeezenet,126.289,29.433,0,0
28.792,t2_squeezenet,58.488,57.637,0,0
28.827,t2_squeezenet,30.647,29.859,1,0
28.861,t2_squeezenet,36.124,33.135,1,0
28.914,t2_squeezenet,74.120,53.103,0,0
29.019,t2_squeezenet,31.384,29.172,1,0
29.087,t2_squeezenet,83.331,68.019,3,0
29.128,t2_squeezenet,103.742,41.457,3,0
29.194,t2_squeezenet,160.922,66.060,3,0
29.224,t2_squeezenet,139.321,29.813,2,0
29.257,t2_squeezenet,163.172,32.382,3,0
29.318,t2_squeezenet,124.203,61.358,3,0
29.359,t2_squeezenet,115.619,40.710,5,0
29.421,t2_squeezenet,165.555,62.748,5,0
29.493,t2_squeezenet,195.473,71.662,4,0
29.522,t2_squeezenet,181.082,29.282,3,0
29.553,t2_squeezenet,210.207,30.460,2,0
29.617,t2_squeezenet,273.216,64.480,2,0
29.693,t2_squeezenet,274.915,75.011,2,0
29.722,t2_squeezenet,144.253,29.440,2,0
29.752,t2_squeezenet,102.864,30.342,1,0
29.815,t2_squeezenet,94.743,62.767,2,0
29.847,t2_squeezenet,87.826,31.994,1,0
29.909,t2_squeezenet,127.255,61.504,0,0
29.988,t2_squeezenet,41.712,39.217,0,0
30.055,t2_squeezenet,45.756,41.422,2,0
30.113,t2_squeezenet,97.435,57.524,2,0
30.156,t2_squeezenet,107.080,42.870,3,0
30.220,t2_squeezenet,122.056,64.636,5,0
30.256,t2_squeezenet,119.936,35.531,5,0
30.319,t2_squeezenet,180.134,62.811,8,0
30.395,t2_squeezenet,219.676,75.924,8,0
30.426,t2_squeezenet,239.851,31.603,9,0
30.461,t2_squeezenet,259.881,34.678,10,0
30.521,t2_squeezenet,285.797,60.327,10,0
30.601,t2_squeezenet,319.242,79.170,10,0
30.632,t2_squeezenet,333.961,31.075,10,0
30.695,t2_squeezenet,388.132,63.016,12,0
30.732,t2_squeezenet,413.431,37.061,11,0
30.802,t2_squeezenet,444.839,70.203,11,0
30.832,t2_squeezenet,429.640,29.499,10,0
30.893,t2_squeezenet,489.119,61.524,10,0
30.923,t2_squeezenet,489.421,29.348,9,0
30.955,t2_squeezenet,510.961,32.486,8,0
31.016,t2_squeezenet,508.116,60.906,8,0
31.046,t2_squeezenet,484.086,30.311,8,0
31.115,t2_squeezenet,486.179,68.944,8,0
31.152,t2_squeezenet,480.836,36.685,7,0
31.210,t2_squeezenet,536.513,57.886,7,0
31.240,t2_squeezenet,551.547,30.265,7,0
31.315,t2_squeezenet,543.597,74.200,7,0
31.351,t2_squeezenet,509.507,36.172,6,0
31.419,t2_squeezenet,456.807,68.105,5,0
31.455,t2_squeezenet,420.923,36.109,5,0
31.518,t2_squeezenet,462.823,62.886,4,0
31.559,t2_squeezenet,366.615,40.787,4,0
31.620,t2_squeezenet,381.740,61.358,4,0
31.651,t2_squeezenet,404.696,30.775,3,0
31.716,t2_squeezenet,293.291,64.620,2,0
31.793,t2_squeezenet,255.038,77.734,2,0
31.826,t2_squeezenet,215.227,32.280,1,0
31.894,t2_squeezenet,114.376,68.759,1,0
31.927,t2_squeezenet,56.371,32.130,0,0
31.998,t2_squeezenet,69.816,66.522,1,0
32.029,t2_squeezenet,35.283,31.141,2,0
32.105,t2_squeezenet,84.716,75.213,1,0
32.147,t2_squeezenet,122.164,42.689,0,0
32.218,t2_squeezenet,43.023,39.720,0,0
32.353,t2_squeezenet,37.790,34.594,0,0
32.416,t2_squeezenet,35.323,32.228,0,0
32.533,t2_squeezenet,32.808,30.311,1,0
32.594,t2_squeezenet,85.466,61.327,0,0
32.649,t2_squeezenet,35.733,35.137,0,0
32.707,t2_squeezenet,56.472,52.644,0,0
32.812,t2_squeezenet,36.598,34.317,0,0
32.893,t2_squeezenet,48.658,44.717,0,0
33.012,t2_squeezenet,35.915,33.501,1,0
33.047,t2_squeezenet,40.304,35.217,0,0
33.200,t2_squeezenet,41.908,41.174,0,0
33.459,t2_squeezenet,40.661,36.362,1,0
33.504,t2_squeezenet,70.149,44.172,1,0
33.534,t2_squeezenet,73.107,30.708,1,0
33.609,t2_squeezenet,82.529,74.716,0,0
33.653,t2_squeezenet,36.168,33.340,0,0
33.712,t2_squeezenet,42.871,39.495,0,0
33.794,t2_squeezenet,67.871,66.622,2,0
33.826,t2_squeezenet,34.830,31.516,2,0
33.897,t2_squeezenet,104.132,71.238,2,0
33.927,t2_squeezenet,121.868,29.785,3,0
34.000,t2_squeezenet,134.841,73.219,2,0
34.031,t2_squeezenet,112.369,30.639,4,0
34.107,t2_squeezenet,180.250,75.775,5,0
34.154,t2_squeezenet,149.265,46.937,6,0
34.218,t2_squeezenet,204.853,63.999,6,0
34.294,t2_squeezenet,280.126,76.312,5,0
34.324,t2_squeezenet,276.174,29.883,4,0
34.396,t2_squeezenet,319.021,72.508,3,0
34.427,t2_squeezenet,315.859,30.269,2,0
34.502,t2_squeezenet,367.199,75.458,1,0
34.533,t2_squeezenet,330.154,30.319,0,0
34.684,t2_squeezenet,45.091,44.789,2,0
34.715,t2_squeezenet,64.725,31.421,2,0
34.754,t2_squeezenet,88.117,38.885,2,0
34.821,t2_squeezenet,132.689,66.611,3,0
34.854,t2_squeezenet,119.557,33.725,2,0
34.922,t2_squeezenet,148.536,67.068,3,0
34.999,t2_squeezenet,223.099,77.330,4,0
35.029,t2_squeezenet,153.938,29.956,3,0
35.103,t2_squeezenet,210.905,74.098,4,0
35.147,t2_squeezenet,209.898,44.240,3,0
35.216,t2_squeezenet,239.348,68.996,3,0
35.251,t2_squeezenet,203.089,34.832,3,0
35.321,t2_squeezenet,263.830,69.844,2,0
35.397,t2_squeezenet,204.697,75.804,1,0
35.427,t2_squeezenet,210.141,29.955,2,0
35.503,t2_squeezenet,97.158,75.753,4,0
35.532,t2_squeezenet,113.272,29.650,3,0
35.607,t2_squeezenet,161.766,74.962,2,0
35.639,t2_squeezenet,183.522,31.286,2,0
35.714,t2_squeezenet,220.635,75.727,1,0
35.751,t2_squeezenet,119.501,36.849,1,0
35.821,t2_squeezenet,89.787,69.520,0,0
35.927,t2_squeezenet,32.049,30.210,1,0
35.996,t2_squeezenet,98.312,68.990,0,0
36.368,t2_squeezenet,40.581,38.533,0,0
36.420,t2_squeezenet,31.764,30.806,1,0
36.495,t2_squeezenet,97.428,75.069,1,0
36.524,t2_squeezenet,44.096,29.562,2,0
36.592,t2_squeezenet,94.103,68.023,1,0
36.626,t2_squeezenet,110.285,34.127,0,0
36.825,t2_squeezenet,33.599,32.045,1,0
36.899,t2_squeezenet,97.691,73.485,1,0
36.929,t2_squeezenet,101.093,30.105,0,0
37.315,t2_squeezenet,33.662,31.288,1,0
37.353,t2_squeezenet,64.225,38.168,0,0
37.496,t2_squeezenet,42.905,38.331,0,0
37.589,t2_squeezenet,45.757,42.189,1,0
37.620,t2_squeezenet,33.307,30.725,1,0
37.693,t2_squeezenet,90.691,72.602,1,0
37.723,t2_squeezenet,79.404,29.988,0,0
37.803,t2_squeezenet,69.016,65.378,1,0
37.834,t2_squeezenet,91.252,30.351,2,0
37.908,t2_squeezenet,99.956,73.886,2,0
37.939,t2_squeezenet,108.379,31.685,3,0
38.013,t2_squeezenet,146.302,74.160,2,0
38.047,t2_squeezenet,137.258,33.413,1,0
38.127,t2_squeezenet,206.733,80.164,1,0
38.205,t2_squeezenet,111.530,77.830,2,0
38.235,t2_squeezenet,85.436,29.722,2,0
38.308,t2_squeezenet,115.032,73.145,1,0
38.350,t2_squeezenet,136.823,41.774,1,0
38.422,t2_squeezenet,96.252,72.062,0,0
38.498,t2_squeezenet,46.918,45.402,2,0
38.527,t2_squeezenet,54.868,29.580,2,0
38.605,t2_squeezenet,132.022,78.051,2,0
38.636,t2_squeezenet,128.530,30.922,1,0
38.712,t2_squeezenet,162.630,75.799,1,0
38.749,t2_squeezenet,89.812,37.171,2,0
38.819,t2_squeezenet,81.261,69.793,2,0
38.905,t2_squeezenet,158.417,85.995,2,0
38.936,t2_squeezenet,131.861,30.981,1,0
39.007,t2_squeezenet,102.181,70.927,0,0
39.064,t2_squeezenet,46.567,42.006,0,0
39.169,t2_squeezenet,43.202,38.388,0,0
39.309,t2_squeezenet,32.453,29.113,0,0
39.398,t2_squeezenet,40.198,37.917,1,0
39.435,t2_squeezenet,38.362,37.239,0,0
39.588,t2_squeezenet,46.961,42.096,1,0
39.619,t2_squeezenet,49.478,30.521,2,0
39.652,t2_squeezenet,39.845,33.329,1,0
39.718,t2_squeezenet,105.324,65.719,0,0
39.801,t2_squeezenet,82.439,77.431,0,0
39.883,t2_squeezenet,45.940,42.262,2,0
39.914,t2_squeezenet,68.978,31.124,3,0
39.947,t2_squeezenet,69.288,32.196,3,0
40.019,t2_squeezenet,135.301,72.575,3,0
40.100,t2_squeezenet,216.114,81.091,2,0
40.143,t2_squeezenet,205.173,42.136,1,0
40.215,t2_squeezenet,214.231,71.943,1,0
40.294,t2_squeezenet,101.614,79.232,1,0
40.324,t2_squeezenet,74.493,30.034,2,0
40.401,t2_squeezenet,90.404,76.740,2,0
40.430,t2_squeezenet,120.030,29.747,1,0
40.508,t2_squeezenet,146.839,77.770,0,0
40.630,t2_squeezenet,34.354,30.575,1,0
40.700,t2_squeezenet,101.559,69.704,0,0
40.840,t2_squeezenet,37.150,34.489,0,0
41.011,t2_squeezenet,33.475,29.088,0,0
41.263,t2_squeezenet,48.052,44.748,2,0
41.308,t2_squeezenet,78.672,44.750,1,0
41.338,t2_squeezenet,100.792,30.252,0,0
41.410,t2_squeezenet,46.948,46.171,1,0
41.496,t2_squeezenet,96.011,86.530,0,0
41.686,t2_squeezenet,48.335,43.280,0,0
41.818,t2_squeezenet,32.998,29.909,0,0
42.113,t2_squeezenet,45.670,42.352,2,0
42.193,t2_squeezenet,115.445,79.739,4,0
42.224,t2_squeezenet,118.804,31.297,4,0
42.301,t2_squeezenet,149.174,77.292,4,0
42.331,t2_squeezenet,176.986,29.801,3,0
42.408,t2_squeezenet,215.829,76.680,2,0
42.441,t2_squeezenet,220.157,33.001,2,0
42.517,t2_squeezenet,225.004,76.111,3,0
42.594,t2_squeezenet,154.871,76.374,2,0
42.623,t2_squeezenet,130.919,29.488,2,0
42.702,t2_squeezenet,189.617,79.098,2,0
42.733,t2_squeezenet,114.607,30.521,1,0
42.812,t2_squeezenet,172.303,79.626,1,0
42.846,t2_squeezenet,53.632,33.349,1,0
42.920,t2_squeezenet,82.231,73.712,3,0
42.997,t2_squeezenet,104.745,77.337,4,0
43.027,t2_squeezenet,113.087,29.988,3,0
43.113,t2_squeezenet,198.467,86.425,2,0
43.196,t2_squeezenet,204.073,82.827,3,0
43.226,t2_squeezenet,230.202,30.021,2,0
43.304,t2_squeezenet,176.528,77.792,2,0
43.334,t2_squeezenet,199.397,30.161,2,0
43.412,t2_squeezenet,119.411,77.255,1,0
43.444,t2_squeezenet,113.454,32.741,1,0
43.521,t2_squeezenet,84.313,77.058,0,0
43.603,t2_squeezenet,71.594,66.797,0,0
43.676,t2_squeezenet,42.616,42.535,3,0
43.721,t2_squeezenet,79.311,44.299,3,0
43.801,t2_squeezenet,159.031,80.294,3,0
43.831,t2_squeezenet,156.806,29.878,2,0
43.909,t2_squeezenet,212.470,78.544,2,0
43.942,t2_squeezenet,145.704,32.018,2,0
44.019,t2_squeezenet,173.384,77.293,4,0
44.100,t2_squeezenet,180.119,80.979,3,0
44.141,t2_squeezenet,166.479,41.058,2,0
44.217,t2_squeezenet,215.593,75.762,3,0
44.296,t2_squeezenet,292.691,78.874,2,0
44.325,t2_squeezenet,181.160,29.754,3,0
44.404,t2_squeezenet,253.141,78.304,5,0
44.434,t2_squeezenet,117.048,29.827,4,0
44.509,t2_squeezenet,186.768,75.709,4,0
44.545,t2_squeezenet,205.094,35.540,4,0
44.619,t2_squeezenet,267.693,74.066,4,0
44.698,t2_squeezenet,316.112,78.727,5,0
44.728,t2_squeezenet,233.640,29.633,5,0
44.807,t2_squeezenet,286.326,79.071,5,0
44.838,t2_squeezenet,288.555,31.731,4,0
44.915,t2_squeezenet,276.283,76.388,3,0
44.948,t2_squeezenet,256.183,32.681,2,0
45.020,t2_squeezenet,303.083,72.761,1,0
45.102,t2_squeezenet,342.169,81.306,1,0
45.145,t2_squeezenet,78.739,42.997,0,0
45.220,t2_squeezenet,54.770,54.555,1,0
45.303,t2_squeezenet,99.466,82.840,1,0
45.334,t2_squeezenet,57.771,31.199,0,0
45.408,t2_squeezenet,33.919,33.506,0,0
45.518,t2_squeezenet,34.050,29.505,1,0
45.600,t2_squeezenet,89.829,81.599,2,0
45.630,t2_squeezenet,64.947,29.960,1,0
45.708,t2_squeezenet,134.223,77.864,0,0
45.807,t2_squeezenet,36.582,33.227,1,0
45.839,t2_squeezenet,68.414,31.987,1,0
45.915,t2_squeezenet,84.367,75.959,1,0
45.995,t2_squeezenet,152.524,80.261,5,0
46.025,t2_squeezenet,101.634,30.011,5,0
46.105,t2_squeezenet,167.378,79.727,6,0
46.195,t2_squeezenet,245.213,89.899,6,0
46.225,t2_squeezenet,266.820,30.014,5,0
46.303,t2_squeezenet,324.938,77.494,6,0
46.334,t2_squeezenet,313.430,30.963,6,0
46.411,t2_squeezenet,377.726,77.533,6,0
46.444,t2_squeezenet,394.352,32.816,7,0
46.521,t2_squeezenet,409.230,76.698,8,0
46.598,t2_squeezenet,367.459,76.978,9,0
46.628,t2_squeezenet,363.567,29.973,9,0
46.710,t2_squeezenet,405.009,82.649,11,0
46.743,t2_squeezenet,342.600,32.125,10,0
46.816,t2_squeezenet,405.287,73.917,11,0
46.897,t2_squeezenet,485.677,80.894,11,0
46.927,t2_squeezenet,477.147,30.033,13,0
47.005,t2_squeezenet,525.158,77.094,14,0
47.035,t2_squeezenet,494.003,30.097,14,0
47.124,t2_squeezenet,536.098,89.481,14,0
47.206,t2_squeezenet,603.195,81.452,14,0
47.235,t2_squeezenet,572.203,29.746,13,0
47.313,t2_squeezenet,646.973,77.637,15,0
47.348,t2_squeezenet,660.648,34.862,15,0
47.421,t2_squeezenet,643.087,73.205,15,0
47.503,t2_squeezenet,716.523,81.691,16,0
47.533,t2_squeezenet,705.248,30.014,16,0
47.609,t2_squeezenet,703.184,75.790,19,0
47.643,t2_squeezenet,726.959,34.462,18,0
47.721,t2_squeezenet,802.657,77.435,18,0
47.797,t2_squeezenet,858.131,76.509,18,0
47.827,t2_squeezenet,831.298,29.730,18,0
47.908,t2_squeezenet,902.105,80.507,18,0
47.941,t2_squeezenet,823.650,32.737,19,0
48.017,t2_squeezenet,833.038,75.941,19,0
48.093,t2_squeezenet,851.078,75.975,21,0
48.137,t2_squeezenet,863.384,44.774,20,0
48.217,t2_squeezenet,915.289,79.154,20,0
48.249,t2_squeezenet,911.890,32.394,20,0
48.322,t2_squeezenet,923.858,72.509,21,0
48.401,t2_squeezenet,977.856,79.894,24,0
48.432,t2_squeezenet,1003.533,30.714,23,0
48.509,t2_squeezenet,980.542,77.054,23,0
48.541,t2_squeezenet,990.322,31.588,24,0
48.617,t2_squeezenet,1049.970,76.087,24,0
48.696,t2_squeezenet,1121.425,78.712,28,0
48.726,t2_squeezenet,1125.566,29.685,27,0
48.803,t2_squeezenet,1100.203,77.085,29,0
48.833,t2_squeezenet,1062.129,30.093,30,0
48.911,t2_squeezenet,1109.817,78.202,30,0
48.944,t2_squeezenet,1109.699,33.035,29,0
49.019,t2_squeezenet,1091.958,75.036,29,0
49.097,t2_squeezenet,1158.225,78.166,29,0
49.143,t2_squeezenet,1148.595,45.836,28,0
49.216,t2_squeezenet,1175.402,72.367,28,0
49.297,t2_squeezenet,1247.602,81.683,31,0
49.327,t2_squeezenet,1237.147,30.062,30,0
49.404,t2_squeezenet,1242.507,76.649,31,0
49.435,t2_squeezenet,1191.265,30.987,30,0
49.514,t2_squeezenet,1232.453,78.834,29,0
49.547,t2_squeezenet,1227.280,32.619,28,0
49.619,t2_squeezenet,1283.571,72.747,28,0
49.698,t2_squeezenet,1346.412,78.241,29,0
49.728,t2_squeezenet,1329.317,29.846,29,0
49.805,t2_squeezenet,1406.296,77.625,28,0
49.835,t2_squeezenet,1361.704,29.939,27,0
49.912,t2_squeezenet,1373.346,76.504,28,0
49.946,t2_squeezenet,1406.641,34.625,27,0
50.020,t2_squeezenet,1451.277,73.305,27,0
50.094,t2_squeezenet,1471.632,73.992,27,0
50.138,t2_squeezenet,1504.771,44.694,29,0
50.218,t2_squeezenet,1557.184,79.026,28,0
50.296,t2_squeezenet,1619.386,78.188,28,0
50.325,t2_squeezenet,1633.257,29.604,28,0
50.403,t2_squeezenet,1661.859,77.232,27,0
50.433,t2_squeezenet,1672.488,30.634,27,0
50.511,t2_squeezenet,1748.349,77.916,26,0
50.542,t2_squeezenet,1733.838,30.715,27,0
50.616,t2_squeezenet,1803.520,73.901,26,0
50.698,t2_squeezenet,1819.916,81.666,26,0
50.728,t2_squeezenet,1765.366,29.934,25,0
50.805,t2_squeezenet,1712.457,76.957,26,0
50.834,t2_squeezenet,1626.998,29.718,25,0
50.912,t2_squeezenet,1682.755,77.702,25,0
50.945,t2_squeezenet,1664.367,33.263,24,0
51.019,t2_squeezenet,1736.181,73.418,24,0
51.103,t2_squeezenet,1818.295,83.637,24,0
51.146,t2_squeezenet,1808.437,43.268,25,0
51.219,t2_squeezenet,1837.112,73.533,25,0
51.301,t2_squeezenet,1735.265,81.201,24,0
51.330,t2_squeezenet,1690.535,29.578,23,0
51.408,t2_squeezenet,1714.047,77.581,22,0
51.440,t2_squeezenet,1737.683,31.635,21,0
51.515,t2_squeezenet,1661.690,75.550,21,0
51.595,t2_squeezenet,1715.892,80.289,22,0
51.625,t2_squeezenet,1651.473,29.449,21,0
51.702,t2_squeezenet,1642.895,76.617,20,0
51.732,t2_squeezenet,1619.836,30.545,20,0
51.812,t2_squeezenet,1689.215,79.928,20,0
51.844,t2_squeezenet,1709.613,32.070,19,0
51.918,t2_squeezenet,1626.904,74.280,20,0
51.999,t2_squeezenet,1679.775,80.158,24,0
52.029,t2_squeezenet,1609.976,30.177,23,0
52.111,t2_squeezenet,1596.911,82.184,28,0
52.197,t2_squeezenet,1659.221,85.487,29,0
52.227,t2_squeezenet,1532.175,29.878,29,0
52.309,t2_squeezenet,1567.571,82.420,29,0
52.341,t2_squeezenet,1595.857,31.552,28,0
52.416,t2_squeezenet,1580.136,74.941,27,0
52.495,t2_squeezenet,1477.875,79.518,27,0
52.525,t2_squeezenet,1451.707,29.994,26,0
52.605,t2_squeezenet,1494.183,79.779,25,0
52.635,t2_squeezenet,1493.808,29.593,24,0
52.713,t2_squeezenet,1549.810,78.609,25,0
52.794,t2_squeezenet,1324.967,81.175,27,0
52.824,t2_squeezenet,1239.412,29.790,27,0
52.903,t2_squeezenet,1309.193,78.782,28,0
52.933,t2_squeezenet,1209.187,29.646,27,0
53.012,t2_squeezenet,1236.801,78.821,27,0
53.093,t2_squeezenet,1238.178,81.370,27,0
53.136,t2_squeezenet,1262.571,43.273,27,0
53.212,t2_squeezenet,1284.853,75.924,27,0
53.245,t2_squeezenet,1310.255,32.484,29,0
53.322,t2_squeezenet,1373.150,77.134,29,0
53.401,t2_squeezenet,1419.561,79.369,28,0
53.431,t2_squeezenet,1432.462,29.492,27,0
53.509,t2_squeezenet,1452.451,78.416,28,0
53.542,t2_squeezenet,1480.766,33.134,28,0
53.620,t2_squeezenet,1545.040,77.606,29,0
53.698,t2_squeezenet,1608.779,77.418,28,0
53.727,t2_squeezenet,1635.106,29.522,28,0
53.807,t2_squeezenet,1702.947,79.693,27,0
53.838,t2_squeezenet,1690.708,31.701,26,0
53.918,t2_squeezenet,1769.611,79.287,26,0
53.997,t2_squeezenet,1782.957,79.578,29,0
54.027,t2_squeezenet,1751.780,29.425,29,0
54.111,t2_squeezenet,1618.978,84.032,28,0
54.201,t2_squeezenet,1562.623,90.058,32,0
54.231,t2_squeezenet,1577.332,29.565,32,0
54.307,t2_squeezenet,1580.107,76.485,32,0
54.340,t2_squeezenet,1598.084,33.216,33,0
54.418,t2_squeezenet,1668.228,77.587,35,0
54.498,t2_squeezenet,1697.029,80.181,35,0
54.528,t2_squeezenet,1676.143,29.537,34,0
54.608,t2_squeezenet,1718.989,80.473,33,0
54.640,t2_squeezenet,1700.196,31.964,32,0
54.719,t2_squeezenet,1632.656,78.669,34,0
54.798,t2_squeezenet,1682.382,79.302,34,0
54.828,t2_squeezenet,1629.880,29.578,33,0
54.910,t2_squeezenet,1694.678,81.674,33,0
54.944,t2_squeezenet,1718.432,33.947,32,0
55.020,t2_squeezenet,1786.719,76.522,34,0
55.102,t2_squeezenet,1840.661,81.712,35,0
55.193,t2_squeezenet,1740.133,90.763,35,0
55.222,t2_squeezenet,1761.985,29.646,35,0
55.302,t2_squeezenet,1770.827,79.666,34,0
55.333,t2_squeezenet,1766.914,30.434,33,0
55.413,t2_squeezenet,1811.174,80.224,34,0
55.494,t2_squeezenet,1778.806,80.739,33,0
55.523,t2_squeezenet,1664.402,29.391,32,0
55.601,t2_squeezenet,1676.203,78.357,31,0
55.631,t2_squeezenet,1699.144,29.709,31,0
55.712,t2_squeezenet,1724.709,80.415,33,0
55.793,t2_squeezenet,1802.550,81.731,36,0
55.823,t2_squeezenet,1811.473,29.297,36,0
55.904,t2_squeezenet,1775.608,81.850,35,0
55.935,t2_squeezenet,1790.222,30.301,34,0
56.015,t2_squeezenet,1852.872,80.589,36,0
56.096,t2_squeezenet,1930.422,80.585,35,0
56.139,t2_squeezenet,1961.368,42.731,36,0
56.217,t2_squeezenet,2005.028,78.161,37,0
56.300,t2_squeezenet,2065.452,83.033,39,0
56.330,t2_squeezenet,2001.741,29.587,38,0
56.408,t2_squeezenet,2069.227,78.555,40,0
56.441,t2_squeezenet,2047.179,32.359,39,0
56.519,t2_squeezenet,2115.017,77.996,39,0
56.601,t2_squeezenet,2191.947,82.136,38,0
56.630,t2_squeezenet,2181.807,29.581,38,0
56.709,t2_squeezenet,2060.674,78.382,38,0
56.743,t2_squeezenet,2052.480,33.988,37,0
56.820,t2_squeezenet,2114.447,76.932,38,0
56.900,t2_squeezenet,2160.268,80.148,38,0
56.930,t2_squeezenet,2042.464,29.531,39,0
57.011,t2_squeezenet,2013.317,81.767,40,0
57.093,t2_squeezenet,2084.167,81.118,40,0
57.136,t2_squeezenet,2124.082,43.125,41,0
57.215,t2_squeezenet,2129.040,78.909,42,0
57.297,t2_squeezenet,2198.655,82.676,41,0
57.328,t2_squeezenet,2189.385,30.136,40,0
57.408,t2_squeezenet,2194.894,80.790,39,0
57.439,t2_squeezenet,2087.774,30.347,38,0
57.516,t2_squeezenet,2160.928,77.714,39,0
57.599,t2_squeezenet,1972.121,82.255,38,0
57.629,t2_squeezenet,1970.607,30.185,37,0
57.709,t2_squeezenet,2029.899,79.832,36,0
57.739,t2_squeezenet,2058.220,30.618,35,0
57.818,t2_squeezenet,2101.338,78.360,34,0
57.900,t2_squeezenet,2161.392,81.783,34,0
57.930,t2_squeezenet,2185.174,30.098,34,0
58.009,t2_squeezenet,2228.036,78.935,36,0
58.041,t2_squeezenet,2230.215,32.074,35,0
58.131,t2_squeezenet,2191.693,89.657,37,0
58.215,t2_squeezenet,2241.040,83.865,37,0
58.293,t2_squeezenet,2291.208,78.405,38,0
58.323,t2_squeezenet,2217.520,29.517,38,0
58.404,t2_squeezenet,2294.137,81.504,38,0
58.435,t2_squeezenet,2254.853,30.785,37,0
58.514,t2_squeezenet,2311.630,79.528,39,0
58.593,t2_squeezenet,2356.126,78.639,39,0
58.622,t2_squeezenet,2355.481,29.297,38,0
58.704,t2_squeezenet,2423.776,81.177,37,0
58.734,t2_squeezenet,2403.546,30.499,36,0
58.818,t2_squeezenet,2471.272,83.602,37,0
58.897,t2_squeezenet,2523.937,79.087,38,0
58.927,t2_squeezenet,2478.240,29.631,38,0
59.009,t2_squeezenet,2379.135,82.018,38,0
59.040,t2_squeezenet,2404.627,31.693,38,0
59.132,t2_squeezenet,2379.864,91.245,39,0
59.212,t2_squeezenet,2425.212,80.468,39,0
59.297,t2_squeezenet,2409.567,84.918,38,0
59.327,t2_squeezenet,2400.803,29.566,37,0
59.406,t2_squeezenet,2479.037,79.084,37,0
59.436,t2_squeezenet,2491.872,30.667,37,0
59.516,t2_squeezenet,2506.338,79.282,37,0
59.600,t2_squeezenet,2570.988,83.766,37,0
59.629,t2_squeezenet,2510.315,29.406,36,0
59.708,t2_squeezenet,2587.502,78.779,36,0
59.740,t2_squeezenet,2597.012,32.069,36,0
59.819,t2_squeezenet,2634.002,79.093,35,0
59.904,t2_squeezenet,2457.461,84.801,35,0
59.934,t2_squeezenet,2451.680,29.696,34,0
60.012,t2_squeezenet,2145.428,78.513,34,0
60.095,t2_squeezenet,2186.297,82.717,35,0
60.136,t2_squeezenet,2182.901,40.967,35,0
60.217,t2_squeezenet,2253.456,80.565,34,0
60.300,t2_squeezenet,2301.403,83.290,36,0
60.330,t2_squeezenet,2284.221,30.358,35,0
60.410,t2_squeezenet,2344.877,80.211,34,0
60.443,t2_squeezenet,2318.005,32.416,33,0
60.520,t2_squeezenet,2362.606,77.080,33,0
60.603,t2_squeezenet,2334.898,83.251,32,0
60.634,t2_squeezenet,2365.575,30.813,33,0
60.714,t2_squeezenet,2417.784,79.550,32,0
60.794,t2_squeezenet,2411.196,80.019,31,0
60.824,t2_squeezenet,2365.055,29.714,30,0
60.906,t2_squeezenet,2433.029,82.481,29,0
60.937,t2_squeezenet,2460.592,31.145,28,0
61.016,t2_squeezenet,2459.274,79.011,29,0
61.098,t2_squeezenet,2356.871,81.725,29,0
61.145,t2_squeezenet,2365.871,46.774,29,0
61.221,t2_squeezenet,2389.542,76.210,29,0
61.303,t2_squeezenet,2427.233,81.973,28,0
61.334,t2_squeezenet,2433.877,30.969,27,0
61.415,t2_squeezenet,2455.146,80.574,29,0
61.498,t2_squeezenet,2465.408,83.192,29,0
61.527,t2_squeezenet,2480.273,29.411,28,0
61.610,t2_squeezenet,2515.676,82.288,29,0
61.642,t2_squeezenet,2497.415,32.768,28,0
61.719,t2_squeezenet,2334.291,76.836,29,0
61.803,t2_squeezenet,2369.409,83.223,29,0
61.832,t2_squeezenet,2343.148,29.720,29,0
61.912,t2_squeezenet,2392.155,79.277,28,0
61.996,t2_squeezenet,2350.205,83.953,30,0
62.025,t2_squeezenet,2300.734,29.650,29,0
62.110,t2_squeezenet,2267.529,84.512,30,0
62.200,t2_squeezenet,2237.808,89.580,30,0
62.230,t2_squeezenet,2210.800,30.189,29,0
62.310,t2_squeezenet,2259.200,80.450,28,0
62.392,t2_squeezenet,2276.912,81.923,28,0
62.422,t2_squeezenet,2142.754,29.230,27,0
62.503,t2_squeezenet,2213.257,81.332,27,0
62.534,t2_squeezenet,2234.108,30.748,26,0
62.616,t2_squeezenet,2103.713,82.126,28,0
62.694,t2_squeezenet,2080.636,78.467,29,0
62.724,t2_squeezenet,2091.045,29.385,28,0
62.808,t2_squeezenet,1835.264,83.878,29,0
62.839,t2_squeezenet,1842.705,31.416,28,0
62.921,t2_squeezenet,1882.234,81.485,28,0
63.000,t2_squeezenet,1869.561,78.906,27,0
63.030,t2_squeezenet,1836.446,30.026,26,0
63.122,t2_squeezenet,1777.996,92.619,26,0
63.206,t2_squeezenet,1848.273,83.859,30,0
63.237,t2_squeezenet,1832.632,30.788,29,0
63.319,t2_squeezenet,1851.562,81.858,28,0
63.400,t2_squeezenet,1846.646,80.930,27,0
63.429,t2_squeezenet,1859.995,29.488,27,0
63.512,t2_squeezenet,1841.043,82.284,26,0
63.595,t2_squeezenet,1918.653,82.894,27,0
63.624,t2_squeezenet,1871.696,29.662,29,0
63.705,t2_squeezenet,1902.055,80.803,31,0
63.735,t2_squeezenet,1817.194,29.535,30,0
63.818,t2_squeezenet,1878.734,83.466,29,0
63.902,t2_squeezenet,1956.458,83.616,30,0
63.932,t2_squeezenet,1884.868,30.337,29,0
64.013,t2_squeezenet,1916.789,80.394,29,0
64.096,t2_squeezenet,1976.356,83.682,29,0
64.140,t2_squeezenet,1825.884,43.695,28,0
64.219,t2_squeezenet,1764.791,78.857,28,0
64.302,t2_squeezenet,1725.507,82.900,28,0
64.332,t2_squeezenet,1750.987,29.849,28,0
64.412,t2_squeezenet,1814.225,79.839,28,0
64.495,t2_squeezenet,1871.586,83.810,29,0
64.525,t2_squeezenet,1868.146,29.817,28,0
64.604,t2_squeezenet,1838.865,78.563,28,0
64.634,t2_squeezenet,1834.434,30.001,28,0
64.717,t2_squeezenet,1875.687,82.855,30,0
64.799,t2_squeezenet,1694.307,81.789,31,0
64.828,t2_squeezenet,1699.659,29.789,30,0
64.910,t2_squeezenet,1776.119,81.705,33,0
64.993,t2_squeezenet,1856.112,83.338,34,0
65.023,t2_squeezenet,1843.277,29.645,34,0
65.107,t2_squeezenet,1914.538,83.509,34,0
65.195,t2_squeezenet,1772.613,88.277,34,0
65.225,t2_squeezenet,1637.791,29.712,34,0
65.308,t2_squeezenet,1713.567,83.169,34,0
65.341,t2_squeezenet,1743.224,32.914,33,0
65.421,t2_squeezenet,1814.356,80.319,33,0
65.503,t2_squeezenet,1884.005,82.218,34,0
65.534,t2_squeezenet,1892.552,30.096,33,0
65.616,t2_squeezenet,1970.069,82.566,33,0
65.700,t2_squeezenet,2034.601,84.007,33,0
65.730,t2_squeezenet,1909.968,29.610,32,0
65.809,t2_squeezenet,1941.765,78.902,31,0
65.841,t2_squeezenet,1848.706,32.076,30,0
65.921,t2_squeezenet,1828.063,80.217,33,0
66.005,t2_squeezenet,1812.513,83.562,32,0
66.035,t2_squeezenet,1769.675,29.963,33,0
66.131,t2_squeezenet,1809.827,96.262,34,0
66.215,t2_squeezenet,1816.772,83.584,35,0
66.295,t2_squeezenet,1844.586,80.244,34,0
66.325,t2_squeezenet,1836.979,29.728,33,0
66.408,t2_squeezenet,1813.710,83.629,34,0
66.440,t2_squeezenet,1832.876,31.942,33,0
66.518,t2_squeezenet,1882.932,77.474,34,0
66.601,t2_squeezenet,1960.086,83.009,35,0
66.631,t2_squeezenet,1922.965,30.322,35,0
66.711,t2_squeezenet,1956.431,79.509,37,0
66.794,t2_squeezenet,2000.894,82.908,36,0
66.823,t2_squeezenet,1993.430,29.323,36,0
66.904,t2_squeezenet,2014.433,80.627,37,0
66.934,t2_squeezenet,2040.950,30.585,36,0
67.016,t2_squeezenet,2116.315,82.110,36,0
67.102,t2_squeezenet,2190.603,86.048,38,0
67.145,t2_squeezenet,2175.474,42.458,37,0
67.222,t2_squeezenet,2205.029,76.560,37,0
67.306,t2_squeezenet,2248.361,84.229,39,0
67.336,t2_squeezenet,2143.705,30.056,38,0
67.414,t2_squeezenet,2197.151,78.369,38,0
67.498,t2_squeezenet,2207.111,83.585,38,0
67.528,t2_squeezenet,2154.865,29.875,39,0
67.609,t2_squeezenet,2150.267,80.822,39,0
67.639,t2_squeezenet,2151.772,30.208,38,0
67.719,t2_squeezenet,2115.969,80.541,37,0
67.801,t2_squeezenet,2182.931,81.940,37,0
67.832,t2_squeezenet,1982.264,30.308,36,0
67.915,t2_squeezenet,2059.741,83.170,35,0
67.997,t2_squeezenet,2141.634,82.038,34,0
68.027,t2_squeezenet,2150.229,29.855,33,0
68.116,t2_squeezenet,2108.051,89.118,33,0
68.203,t2_squeezenet,2181.593,86.908,33,0
68.233,t2_squeezenet,2167.255,29.874,32,0
68.315,t2_squeezenet,2209.108,82.185,33,0
68.399,t2_squeezenet,2223.531,83.650,34,0
68.429,t2_squeezenet,2224.581,29.894,33,0
68.512,t2_squeezenet,2159.049,83.641,34,0
68.595,t2_squeezenet,2222.518,82.223,35,0
68.624,t2_squeezenet,2160.369,29.471,36,0
68.705,t2_squeezenet,2188.438,80.896,36,0
68.735,t2_squeezenet,2180.996,30.194,37,0
68.819,t2_squeezenet,2244.925,83.379,36,0
68.902,t2_squeezenet,2275.692,83.224,36,0
68.932,t2_squeezenet,2300.685,30.468,38,0
69.015,t2_squeezenet,2373.330,82.327,40,0
69.101,t2_squeezenet,2450.887,86.223,41,0
69.144,t2_squeezenet,2339.199,42.965,41,0
69.221,t2_squeezenet,2385.571,76.826,41,0
69.304,t2_squeezenet,2446.124,83.468,41,0
69.334,t2_squeezenet,2340.093,29.934,40,0
69.414,t2_squeezenet,2373.014,79.525,41,0
69.498,t2_squeezenet,2445.268,83.977,40,0
69.528,t2_squeezenet,2455.411,29.949,39,0
69.607,t2_squeezenet,2415.184,79.472,38,0
69.638,t2_squeezenet,2403.108,30.253,39,0
69.719,t2_squeezenet,2442.178,81.292,40,0
69.800,t2_squeezenet,2505.259,81.099,41,0
69.830,t2_squeezenet,2467.784,30.294,40,0
69.913,t2_squeezenet,2453.753,82.730,39,0
69.996,t2_squeezenet,2496.096,83.276,39,0
70.026,t2_squeezenet,2524.543,29.746,39,0
70.111,t2_squeezenet,2520.110,85.001,40,0
70.199,t2_squeezenet,2405.378,87.207,40,0
70.228,t2_squeezenet,2151.332,29.938,40,0
70.311,t2_squeezenet,2119.093,82.757,42,0
70.393,t2_squeezenet,2145.710,81.316,41,0
70.422,t2_squeezenet,2119.575,29.450,40,0
70.504,t2_squeezenet,2172.230,81.935,40,0
70.534,t2_squeezenet,2137.630,30.409,39,0
70.617,t2_squeezenet,2109.160,82.307,39,0
70.699,t2_squeezenet,2186.597,81.866,42,0
70.728,t2_squeezenet,2214.046,29.458,41,0
70.810,t2_squeezenet,2286.061,82.196,42,0
70.844,t2_squeezenet,2235.367,33.396,42,0
70.921,t2_squeezenet,2299.350,76.938,43,0
71.004,t2_squeezenet,2325.294,83.394,44,0
71.034,t2_squeezenet,2327.763,29.843,44,0
71.130,t2_squeezenet,2414.564,95.745,46,0
71.211,t2_squeezenet,2381.926,80.728,46,0
71.294,t2_squeezenet,2386.388,83.175,46,0
71.324,t2_squeezenet,2412.074,29.645,45,0
71.407,t2_squeezenet,2488.109,83.058,45,0
71.438,t2_squeezenet,2498.583,31.619,45,0
71.517,t2_squeezenet,2519.806,78.791,44,0
71.601,t2_squeezenet,2601.842,83.519,43,0
71.631,t2_squeezenet,2613.375,29.884,42,0
71.710,t2_squeezenet,2682.239,79.598,42,0
71.793,t2_squeezenet,2691.191,83.178,41,0
71.823,t2_squeezenet,2609.493,29.239,42,0
71.903,t2_squeezenet,2607.701,80.634,45,0
71.934,t2_squeezenet,2584.114,30.601,44,0
72.016,t2_squeezenet,2664.951,82.086,43,0
72.102,t2_squeezenet,2481.801,85.594,44,0
72.143,t2_squeezenet,2519.628,41.327,43,0
72.220,t2_squeezenet,2555.490,76.670,43,0
72.304,t2_squeezenet,2601.375,83.888,43,0
72.334,t2_squeezenet,2593.436,30.232,42,0
72.415,t2_squeezenet,2671.430,81.472,44,0
72.499,t2_squeezenet,2578.339,83.098,45,0
72.529,t2_squeezenet,2523.339,29.898,44,0
72.612,t2_squeezenet,2525.582,83.735,46,0
72.644,t2_squeezenet,2555.835,31.872,46,0
72.721,t2_squeezenet,2597.217,76.317,46,0
72.804,t2_squeezenet,2577.175,83.389,47,0
72.835,t2_squeezenet,2602.933,30.693,47,0
72.917,t2_squeezenet,2640.604,82.132,49,0
72.999,t2_squeezenet,2701.967,81.876,48,0
73.029,t2_squeezenet,2549.146,29.808,49,0
73.120,t2_squeezenet,2538.941,91.519,50,0
73.206,t2_squeezenet,2558.805,85.851,50,0
73.236,t2_squeezenet,2568.435,29.592,49,0
73.319,t2_squeezenet,2646.160,83.337,50,0
73.402,t2_squeezenet,2704.524,83.328,49,0
73.433,t2_squeezenet,2689.400,30.619,49,0
73.515,t2_squeezenet,2753.540,82.340,49,0
73.598,t2_squeezenet,2754.416,82.154,48,0
73.627,t2_squeezenet,2735.265,29.887,47,0
73.707,t2_squeezenet,2802.090,79.786,47,0
73.739,t2_squeezenet,2805.562,31.664,48,0
73.820,t2_squeezenet,2857.468,80.718,47,0
73.903,t2_squeezenet,2892.213,82.928,47,0
73.933,t2_squeezenet,2862.030,30.379,47,0
74.015,t2_squeezenet,2921.749,82.045,47,0
74.100,t2_squeezenet,2999.605,84.706,46,0
74.143,t2_squeezenet,2962.923,43.211,45,0
74.220,t2_squeezenet,2943.062,76.801,45,0
74.304,t2_squeezenet,2939.223,83.976,44,0
74.334,t2_squeezenet,2901.102,30.071,43,0
74.415,t2_squeezenet,2767.622,81.331,45,0
74.499,t2_squeezenet,2704.275,83.703,46,0
74.530,t2_squeezenet,2712.698,30.379,47,0
74.613,t2_squeezenet,2780.148,83.425,48,0
74.644,t2_squeezenet,2810.741,30.991,47,0
74.720,t2_squeezenet,2822.910,76.127,48,0
74.803,t2_squeezenet,2904.294,83.041,47,0
74.834,t2_squeezenet,2805.996,30.846,47,0
74.916,t2_squeezenet,2863.378,82.238,48,0
74.998,t2_squeezenet,2785.915,81.812,48,0
75.028,t2_squeezenet,2754.295,29.530,47,0
75.119,t2_squeezenet,2755.685,90.846,46,0
75.208,t2_squeezenet,2842.575,89.141,46,0
75.239,t2_squeezenet,2824.988,31.089,46,0
75.320,t2_squeezenet,2876.264,81.075,47,0
75.403,t2_squeezenet,2956.026,82.998,48,0
75.434,t2_squeezenet,2896.348,30.884,48,0
75.516,t2_squeezenet,2955.181,82.120,48,0
75.599,t2_squeezenet,3033.473,82.474,48,0
75.629,t2_squeezenet,2989.340,29.881,47,0
75.711,t2_squeezenet,3035.921,82.138,47,0
75.794,t2_squeezenet,3033.072,83.049,47,0
75.823,t2_squeezenet,3030.958,29.223,46,0
75.906,t2_squeezenet,3101.268,82.935,50,0
75.937,t2_squeezenet,3091.545,31.045,50,0
76.019,t2_squeezenet,3155.257,81.667,51,0
76.108,t2_squeezenet,3208.501,88.981,57,0
76.198,t2_squeezenet,3190.913,90.241,56,0
76.228,t2_squeezenet,3206.024,30.062,56,0
76.311,t2_squeezenet,3272.687,83.064,55,0
76.394,t2_squeezenet,3328.191,82.277,55,0
76.423,t2_squeezenet,3295.895,29.449,56,0
76.507,t2_squeezenet,3270.675,83.844,58,0
76.539,t2_squeezenet,3292.670,31.881,58,0
76.620,t2_squeezenet,3206.552,81.302,59,0
76.702,t2_squeezenet,3211.198,81.986,59,0
76.732,t2_squeezenet,3097.902,29.739,58,0
76.815,t2_squeezenet,3098.841,82.806,59,0
76.900,t2_squeezenet,3177.018,84.590,60,0
76.929,t2_squeezenet,3051.276,29.401,59,0
77.011,t2_squeezenet,3085.773,82.161,59,0
77.100,t2_squeezenet,3152.174,89.087,59,0
77.145,t2_squeezenet,2952.698,44.572,58,0
77.221,t2_squeezenet,2880.536,76.449,60,0
77.307,t2_squeezenet,2955.813,85.178,61,0
77.338,t2_squeezenet,2960.452,31.240,62,0
77.419,t2_squeezenet,2929.020,81.044,63,0
77.503,t2_squeezenet,3010.808,83.878,65,0
77.532,t2_squeezenet,3026.493,29.569,65,0
77.616,t2_squeezenet,3108.017,83.325,66,0
77.699,t2_squeezenet,3124.505,83.287,67,0
77.729,t2_squeezenet,3116.881,30.361,68,0
77.812,t2_squeezenet,3133.237,82.249,68,0
77.895,t2_squeezenet,3201.534,83.098,68,0
77.925,t2_squeezenet,3099.998,29.711,68,0
78.008,t2_squeezenet,3156.396,83.129,67,0
78.039,t2_squeezenet,3162.948,31.489,67,0
78.132,t2_squeezenet,3175.926,92.209,67,0
78.215,t2_squeezenet,3093.300,83.483,67,0
78.299,t2_squeezenet,3068.608,83.481,66,0
78.328,t2_squeezenet,3069.825,29.800,65,0
78.410,t2_squeezenet,3135.671,81.759,65,0
78.493,t2_squeezenet,3170.565,82.692,65,0
78.522,t2_squeezenet,3189.301,29.375,64,0
78.606,t2_squeezenet,3183.903,83.709,64,0
78.636,t2_squeezenet,3125.979,30.396,63,0
78.718,t2_squeezenet,3138.304,81.232,63,0
78.801,t2_squeezenet,3156.736,83.061,64,0
78.831,t2_squeezenet,3085.802,30.366,64,0
78.914,t2_squeezenet,3084.738,82.617,64,0
78.996,t2_squeezenet,3137.140,82.280,67,0
79.026,t2_squeezenet,3159.923,29.422,67,0
79.118,t2_squeezenet,3248.379,92.799,66,0
79.206,t2_squeezenet,3321.948,87.325,66,0
79.235,t2_squeezenet,3317.346,29.664,66,0
79.319,t2_squeezenet,3312.750,83.033,67,0
79.402,t2_squeezenet,3383.435,83.288,66,0
79.432,t2_squeezenet,3411.428,30.524,66,0
79.514,t2_squeezenet,3473.419,82.050,66,0
79.598,t2_squeezenet,3546.288,83.838,70,0
79.628,t2_squeezenet,3571.089,29.945,69,0
79.711,t2_squeezenet,3629.788,82.867,68,0
79.794,t2_squeezenet,3692.101,82.781,68,0
79.823,t2_squeezenet,3720.157,29.242,68,0
79.907,t2_squeezenet,3689.710,83.685,68,0
79.938,t2_squeezenet,3626.504,31.317,67,0
80.020,t2_squeezenet,3606.576,81.285,67,0
80.109,t2_squeezenet,3685.933,88.906,68,0
80.198,t2_squeezenet,3742.672,89.225,69,0
80.228,t2_squeezenet,3747.523,30.189,68,0
80.311,t2_squeezenet,3807.246,83.236,68,0
80.397,t2_squeezenet,3878.797,85.553,68,0
80.427,t2_squeezenet,3824.048,29.469,67,0
80.509,t2_squeezenet,3902.545,82.557,67,0
80.594,t2_squeezenet,3960.774,84.576,67,0
80.623,t2_squeezenet,3829.423,29.358,67,0
80.706,t2_squeezenet,3901.792,83.352,69,0
80.737,t2_squeezenet,3881.824,30.450,69,0
80.821,t2_squeezenet,3930.217,84.176,69,0
80.905,t2_squeezenet,3952.239,84.202,69,0
80.936,t2_squeezenet,3904.274,30.168,68,0
81.021,t2_squeezenet,3828.619,85.169,70,0
81.107,t2_squeezenet,3910.135,85.938,70,0
81.198,t2_squeezenet,3977.129,91.388,70,0
81.228,t2_squeezenet,3931.262,29.296,69,0
81.310,t2_squeezenet,4007.409,82.857,68,0
81.344,t2_squeezenet,4023.457,33.746,67,0
81.421,t2_squeezenet,4084.543,76.495,68,0
81.504,t2_squeezenet,4148.745,83.309,69,0
81.534,t2_squeezenet,4154.876,29.541,68,0
81.616,t2_squeezenet,4197.099,82.588,69,0
81.698,t2_squeezenet,4219.072,81.355,69,0
81.728,t2_squeezenet,4230.296,29.969,68,0
81.810,t2_squeezenet,4282.048,82.566,67,0
81.844,t2_squeezenet,4300.970,33.543,67,0
81.921,t2_squeezenet,4324.086,76.859,68,0
82.004,t2_squeezenet,4368.475,83.587,68,0
82.035,t2_squeezenet,4359.825,30.714,67,0
82.124,t2_squeezenet,4418.473,89.276,68,0
82.207,t2_squeezenet,4498.655,82.367,68,0
82.239,t2_squeezenet,4451.929,31.794,67,0
82.320,t2_squeezenet,4457.893,81.756,68,0
82.402,t2_squeezenet,4493.721,81.877,68,0
82.433,t2_squeezenet,4419.312,30.249,67,0
82.515,t2_squeezenet,4390.471,82.435,68,0
82.598,t2_squeezenet,4401.045,83.403,68,0
82.628,t2_squeezenet,4280.618,29.419,68,0
82.710,t2_squeezenet,4245.532,81.708,69,0
82.793,t2_squeezenet,4222.367,83.309,70,0
82.823,t2_squeezenet,4138.972,29.651,69,0
82.904,t2_squeezenet,4176.997,81.406,71,0
82.934,t2_squeezenet,4161.444,29.520,70,0
83.016,t2_squeezenet,4186.291,81.916,71,0
83.103,t2_squeezenet,4238.134,87.880,71,0
83.194,t2_squeezenet,4269.245,90.247,71,0
83.223,t2_squeezenet,4296.715,29.388,71,0
83.306,t2_squeezenet,4352.636,82.942,71,0
83.337,t2_squeezenet,4381.565,31.108,71,0
83.416,t2_squeezenet,4400.585,79.177,74,0
83.501,t2_squeezenet,4308.619,84.284,75,0
83.531,t2_squeezenet,4307.280,29.691,74,0
83.613,t2_squeezenet,4335.027,82.194,73,0
83.693,t2_squeezenet,4411.448,80.386,73,0
83.723,t2_squeezenet,4300.345,29.369,73,0
83.806,t2_squeezenet,4296.151,83.660,74,0
83.837,t2_squeezenet,4318.825,30.833,73,0
83.916,t2_squeezenet,4386.750,79.062,74,0
84.000,t2_squeezenet,4459.297,84.020,74,0
84.030,t2_squeezenet,4475.937,29.471,74,0
84.120,t2_squeezenet,4529.264,90.253,75,0
84.207,t2_squeezenet,4458.802,86.713,75,0
84.239,t2_squeezenet,4426.262,31.890,74,0
84.319,t2_squeezenet,4413.031,80.600,73,0
84.401,t2_squeezenet,4431.163,81.391,72,0
84.431,t2_squeezenet,4404.379,30.119,72,0
84.514,t2_squeezenet,4478.550,82.828,71,0
84.594,t2_squeezenet,4475.246,79.986,71,0
84.623,t2_squeezenet,4431.375,29.210,71,0
84.706,t2_squeezenet,4454.448,83.309,71,0
84.738,t2_squeezenet,4356.468,32.051,71,0
84.818,t2_squeezenet,4388.848,79.400,71,0
84.901,t2_squeezenet,4366.734,83.620,70,0
84.931,t2_squeezenet,4328.737,29.681,69,0
85.014,t2_squeezenet,4377.119,82.818,70,0
85.096,t2_squeezenet,4403.102,81.643,72,0
85.138,t2_squeezenet,4432.671,42.447,71,0
85.216,t2_squeezenet,4489.322,77.465,70,0
85.296,t2_squeezenet,4513.984,80.434,69,0
85.326,t2_squeezenet,4486.411,29.952,68,0
85.409,t2_squeezenet,4445.544,83.315,69,0
85.440,t2_squeezenet,4455.399,30.425,69,0
85.520,t2_squeezenet,4524.330,80.247,68,0
85.601,t2_squeezenet,4564.537,80.959,68,0
85.632,t2_squeezenet,4439.551,30.488,68,0
85.715,t2_squeezenet,4368.117,83.016,67,0
85.794,t2_squeezenet,4385.744,78.820,68,0
85.823,t2_squeezenet,4373.624,29.567,68,0
85.907,t2_squeezenet,4411.722,83.356,69,0
85.938,t2_squeezenet,4354.893,31.407,68,0
86.019,t2_squeezenet,4409.478,81.409,69,0
86.101,t2_squeezenet,4433.644,81.562,68,0
86.196,t2_squeezenet,4369.561,94.563,68,0
86.225,t2_squeezenet,4330.406,29.709,67,0
86.309,t2_squeezenet,4389.023,83.639,68,0
86.341,t2_squeezenet,4375.339,32.162,69,0
86.422,t2_squeezenet,4386.441,80.252,68,0
86.505,t2_squeezenet,4459.720,83.738,67,0
86.535,t2_squeezenet,4343.204,30.002,66,0
86.618,t2_squeezenet,4352.745,82.763,66,0
86.702,t2_squeezenet,4398.769,83.494,70,0
86.732,t2_squeezenet,4398.350,30.412,71,0
86.814,t2_squeezenet,4379.996,82.203,71,0
86.897,t2_squeezenet,4402.927,82.889,72,0
86.927,t2_squeezenet,4370.502,29.483,72,0
87.010,t2_squeezenet,4399.430,83.479,72,0
87.094,t2_squeezenet,4432.764,83.783,72,0
87.137,t2_squeezenet,4447.923,42.377,72,0
87.218,t2_squeezenet,4466.156,81.736,72,0
87.303,t2_squeezenet,4540.496,84.642,73,0
87.334,t2_squeezenet,4505.564,30.926,72,0
87.416,t2_squeezenet,4553.339,82.513,75,0
87.499,t2_squeezenet,4604.290,82.196,75,0
87.529,t2_squeezenet,4576.753,30.054,76,0
87.612,t2_squeezenet,4622.499,83.296,75,0
87.696,t2_squeezenet,4668.105,83.926,75,0
87.725,t2_squeezenet,4533.229,29.294,74,0
87.807,t2_squeezenet,4610.136,81.971,73,0
87.840,t2_squeezenet,4561.379,32.359,74,0
87.921,t2_squeezenet,4601.410,80.703,75,0
88.007,t2_squeezenet,4666.159,86.221,76,0
88.037,t2_squeezenet,4649.638,30.020,76,0
88.132,t2_squeezenet,4738.935,94.973,76,0
88.216,t2_squeezenet,4809.477,83.756,77,0
88.297,t2_squeezenet,4877.366,81.246,79,0
88.326,t2_squeezenet,4874.769,29.571,80,0
88.409,t2_squeezenet,4754.317,82.780,79,0
88.493,t2_squeezenet,4793.499,83.234,79,0
88.522,t2_squeezenet,4758.809,29.344,78,0
88.606,t2_squeezenet,4826.624,83.801,78,0
88.636,t2_squeezenet,4776.092,29.917,77,0
88.718,t2_squeezenet,4826.101,82.527,77,0
88.802,t2_squeezenet,4816.819,83.529,76,0
88.832,t2_squeezenet,4806.434,30.025,75,0
88.912,t2_squeezenet,4877.968,80.371,76,0
88.995,t2_squeezenet,4889.118,83.010,76,0
89.025,t2_squeezenet,4850.619,29.818,77,0
89.117,t2_squeezenet,4706.166,91.549,76,0
89.200,t2_squeezenet,4632.673,83.462,79,0
89.230,t2_squeezenet,4614.989,30.032,80,0
89.314,t2_squeezenet,4622.818,83.469,81,0
89.397,t2_squeezenet,4681.357,83.567,80,0
89.427,t2_squeezenet,4677.726,29.297,79,0
89.509,t2_squeezenet,4569.886,82.330,80,0
89.593,t2_squeezenet,4582.596,83.788,83,0
89.623,t2_squeezenet,4566.734,29.681,82,0
89.705,t2_squeezenet,4646.805,82.762,83,0
89.735,t2_squeezenet,4653.180,29.682,82,0
89.815,t2_squeezenet,4487.432,79.992,82,0
89.898,t2_squeezenet,4530.891,83.257,81,0
89.928,t2_squeezenet,4518.037,29.970,80,0
90.011,t2_squeezenet,4424.205,82.749,80,0
90.094,t2_squeezenet,4476.838,82.942,81,0
90.136,t2_squeezenet,4404.223,42.259,81,0
90.218,t2_squeezenet,4447.373,81.209,81,0
90.301,t2_squeezenet,4481.350,83.350,81,0
90.331,t2_squeezenet,4498.711,29.859,80,0
90.413,t2_squeezenet,4553.054,81.861,79,0
90.497,t2_squeezenet,4546.660,84.462,80,0
90.527,t2_squeezenet,4555.979,29.559,79,0
90.609,t2_squeezenet,4416.904,82.185,79,0
90.641,t2_squeezenet,4376.552,31.493,78,0
90.718,t2_squeezenet,4424.668,77.351,81,0
90.802,t2_squeezenet,4492.037,84.451,81,0
90.832,t2_squeezenet,4492.275,29.493,81,0
90.914,t2_squeezenet,4354.334,82.345,82,0
90.997,t2_squeezenet,4370.261,82.543,82,0
91.027,t2_squeezenet,4392.400,29.975,81,0
91.117,t2_squeezenet,4480.401,89.786,81,0
91.204,t2_squeezenet,4541.865,87.534,83,0
91.235,t2_squeezenet,4552.123,30.395,82,0
91.318,t2_squeezenet,4605.294,83.154,81,0
91.401,t2_squeezenet,4678.251,83.499,80,0
91.431,t2_squeezenet,4698.640,29.453,79,0
91.513,t2_squeezenet,4697.127,82.252,79,0
91.597,t2_squeezenet,4772.277,83.360,78,0
91.627,t2_squeezenet,4718.352,29.974,78,0
91.709,t2_squeezenet,4719.696,82.120,80,0
91.740,t2_squeezenet,4670.573,30.967,80,0
91.820,t2_squeezenet,4698.501,80.512,81,0
91.904,t2_squeezenet,4738.280,83.836,82,0
91.935,t2_squeezenet,4711.080,30.565,82,0
92.017,t2_squeezenet,4792.840,82.711,81,0
92.103,t2_squeezenet,4760.911,85.547,82,0
92.193,t2_squeezenet,4848.870,90.189,82,0
92.223,t2_squeezenet,4875.550,29.295,83,0
92.308,t2_squeezenet,4901.087,85.572,84,0
92.339,t2_squeezenet,4898.572,30.527,83,0
92.419,t2_squeezenet,4904.935,80.616,83,0
92.504,t2_squeezenet,4980.016,84.182,83,0
92.534,t2_squeezenet,4909.478,30.191,82,0
92.617,t2_squeezenet,4795.224,83.279,82,0
92.700,t2_squeezenet,4868.842,82.891,85,0
92.730,t2_squeezenet,4879.961,30.263,84,0
92.813,t2_squeezenet,4920.827,82.653,87,0
92.896,t2_squeezenet,4952.981,83.405,89,0
92.926,t2_squeezenet,4934.383,29.520,90,0
93.009,t2_squeezenet,4991.488,82.523,90,0
93.041,t2_squeezenet,4993.195,31.987,90,0
93.133,t2_squeezenet,4993.782,92.288,91,0
93.212,t2_squeezenet,5060.705,79.519,91,0
93.299,t2_squeezenet,5066.620,86.635,93,0
93.329,t2_squeezenet,5053.426,30.326,92,0
93.412,t2_squeezenet,5135.314,82.960,92,0
93.494,t2_squeezenet,5181.060,81.650,92,0
93.524,t2_squeezenet,5203.329,29.425,91,0
93.608,t2_squeezenet,5123.507,83.989,93,0
93.639,t2_squeezenet,5079.587,31.741,92,0
93.721,t2_squeezenet,5006.620,81.148,93,0
93.803,t2_squeezenet,4969.656,82.005,94,0
93.833,t2_squeezenet,4977.910,30.279,93,0
93.916,t2_squeezenet,4925.289,82.827,94,0
94.000,t2_squeezenet,4998.243,84.352,93,0
94.029,t2_squeezenet,5020.928,29.379,93,0
94.122,t2_squeezenet,4995.962,92.270,97,0
94.205,t2_squeezenet,5062.044,83.322,97,0
94.236,t2_squeezenet,5052.210,30.439,96,0
94.321,t2_squeezenet,5128.790,85.303,96,0
94.404,t2_squeezenet,5198.894,82.911,97,0
94.434,t2_squeezenet,5217.268,30.488,98,0
94.517,t2_squeezenet,5222.799,82.077,98,0
94.600,t2_squeezenet,5292.411,83.591,98,0
94.630,t2_squeezenet,5188.816,29.626,98,0
94.712,t2_squeezenet,5259.295,82.255,97,0
94.795,t2_squeezenet,5281.937,83.073,98,0
94.825,t2_squeezenet,5284.745,29.658,98,0
94.908,t2_squeezenet,5334.642,82.783,101,0
94.938,t2_squeezenet,5353.069,30.630,100,0
95.019,t2_squeezenet,5392.680,80.805,100,0
95.107,t2_squeezenet,5411.458,87.907,101,0
95.199,t2_squeezenet,5422.326,91.520,101,0
95.228,t2_squeezenet,5278.467,29.562,100,0
95.311,t2_squeezenet,5270.232,83.154,103,0
95.395,t2_squeezenet,5311.391,83.967,105,0
95.425,t2_squeezenet,5301.744,29.312,104,0
95.507,t2_squeezenet,5310.932,82.054,104,0
95.538,t2_squeezenet,5275.718,30.824,105,0
95.619,t2_squeezenet,5188.300,81.197,106,0
95.704,t2_squeezenet,5251.484,85.186,106,0
95.734,t2_squeezenet,5127.899,29.654,106,0
95.816,t2_squeezenet,5162.244,82.298,107,0
95.899,t2_squeezenet,5226.671,82.775,109,0
95.929,t2_squeezenet,5248.047,30.193,108,0
96.013,t2_squeezenet,5303.525,83.520,108,0
96.095,t2_squeezenet,5359.723,82.388,107,0
96.139,t2_squeezenet,5330.865,43.745,108,0
96.218,t2_squeezenet,5328.971,78.538,107,0
96.301,t2_squeezenet,5403.795,83.644,108,0
96.331,t2_squeezenet,5374.125,29.535,108,0
96.414,t2_squeezenet,5379.250,83.090,107,0
96.498,t2_squeezenet,5376.945,83.679,109,0
96.527,t2_squeezenet,5397.699,29.884,109,0
96.610,t2_squeezenet,5420.706,82.796,109,0
96.645,t2_squeezenet,5148.031,34.194,111,0
96.721,t2_squeezenet,5106.649,76.502,112,0
96.805,t2_squeezenet,5160.610,83.874,112,0
96.835,t2_squeezenet,5179.442,30.478,112,0
96.918,t2_squeezenet,5246.596,82.105,111,0
97.001,t2_squeezenet,5285.588,83.807,111,0
97.032,t2_squeezenet,5284.579,30.188,111,0
97.118,t2_squeezenet,5329.286,86.467,113,0
97.176,t2_squeezenet,5316.259,58.029,112,0
97.215,t2_squeezenet,5335.823,38.747,111,0
97.298,t2_squeezenet,5392.292,83.028,114,0
97.328,t2_squeezenet,5297.879,29.947,113,0
97.411,t2_squeezenet,5351.274,83.111,115,0
97.494,t2_squeezenet,5301.940,82.922,117,0
97.523,t2_squeezenet,5329.698,29.349,117,0
97.607,t2_squeezenet,5395.724,83.214,117,0
97.638,t2_squeezenet,5389.091,31.291,118,0
97.717,t2_squeezenet,5445.077,78.481,119,0
97.800,t2_squeezenet,5412.484,82.943,120,0
97.829,t2_squeezenet,5406.959,29.700,120,0
97.912,t2_squeezenet,5361.072,82.375,119,0
97.995,t2_squeezenet,5371.505,83.559,119,0
98.025,t2_squeezenet,5396.307,29.298,119,0
98.111,t2_squeezenet,5421.142,86.599,120,0
98.199,t2_squeezenet,5508.195,87.715,122,0
98.229,t2_squeezenet,5468.187,30.273,121,0
98.313,t2_squeezenet,5527.493,83.625,121,0
98.395,t2_squeezenet,5595.685,81.737,121,0
98.424,t2_squeezenet,5625.045,29.620,120,0
98.508,t2_squeezenet,5648.593,83.618,121,0
98.539,t2_squeezenet,5661.542,31.483,120,0
98.621,t2_squeezenet,5737.597,81.064,120,0
98.700,t2_squeezenet,5794.164,78.981,121,0
98.730,t2_squeezenet,5810.251,29.956,120,0
98.812,t2_squeezenet,5861.230,82.353,121,0
98.896,t2_squeezenet,5883.684,84.268,121,0
98.926,t2_squeezenet,5877.439,29.407,121,0
99.008,t2_squeezenet,5942.674,82.166,120,0
99.039,t2_squeezenet,5847.225,31.446,119,0
99.133,t2_squeezenet,5897.914,93.536,122,0
99.216,t2_squeezenet,5945.454,82.858,122,0
99.298,t2_squeezenet,6002.571,82.472,122,0
99.328,t2_squeezenet,5978.854,29.933,121,0
99.411,t2_squeezenet,5938.704,82.946,121,0
99.494,t2_squeezenet,5966.509,82.356,122,0
99.523,t2_squeezenet,5959.888,29.387,122,0
99.607,t2_squeezenet,6036.522,84.185,123,0
99.640,t2_squeezenet,5975.762,32.864,123,0
99.721,t2_squeezenet,6004.952,80.718,122,0
99.803,t2_squeezenet,6075.512,81.986,121,0
99.833,t2_squeezenet,6070.381,29.976,121,0
99.916,t2_squeezenet,6081.285,83.198,122,0
100.001,t2_squeezenet,6141.653,84.647,121,0
100.030,t2_squeezenet,6022.546,29.547,121,0
100.122,t2_squeezenet,6088.144,91.211,121,0
100.205,t2_squeezenet,6139.017,82.890,121,0
100.235,t2_squeezenet,6164.200,30.830,122,0
100.320,t2_squeezenet,6243.847,85.015,121,0
100.403,t2_squeezenet,6317.497,82.649,122,0
100.434,t2_squeezenet,6241.560,30.522,122,0
100.519,t2_squeezenet,6200.557,84.913,121,0
100.603,t2_squeezenet,6257.864,83.845,120,0
100.632,t2_squeezenet,6251.740,29.549,120,0
100.715,t2_squeezenet,6298.061,82.809,120,0
100.798,t2_squeezenet,6376.791,83.456,121,0
100.829,t2_squeezenet,6369.747,30.077,120,0
100.914,t2_squeezenet,6339.149,85.476,122,0
100.997,t2_squeezenet,6368.950,82.709,123,0
101.026,t2_squeezenet,6289.138,29.581,123,0
101.119,t2_squeezenet,6326.586,92.517,123,0
101.209,t2_squeezenet,6388.511,89.784,122,0
101.240,t2_squeezenet,6400.208,31.060,122,0
101.320,t2_squeezenet,6460.934,80.347,122,0
101.406,t2_squeezenet,6546.001,85.916,122,0
101.493,t2_squeezenet,6613.937,86.441,122,0
101.522,t2_squeezenet,6505.893,29.294,121,0
101.605,t2_squeezenet,6572.146,82.983,122,0
101.635,t2_squeezenet,6564.341,30.474,122,0
101.720,t2_squeezenet,6601.149,84.301,122,0
101.803,t2_squeezenet,6529.056,83.234,123,0
101.833,t2_squeezenet,6551.736,29.549,122,0
101.918,t2_squeezenet,6632.753,85.212,124,0
102.002,t2_squeezenet,6699.751,83.930,124,0
102.032,t2_squeezenet,6700.614,30.558,124,0
102.128,t2_squeezenet,6787.257,96.031,124,0
102.209,t2_squeezenet,6855.997,80.450,125,0
102.295,t2_squeezenet,6810.800,86.143,125,0
102.325,t2_squeezenet,6807.026,29.666,124,0
102.408,t2_squeezenet,6871.002,83.413,125,0
102.494,t2_squeezenet,6950.928,85.251,125,0
102.523,t2_squeezenet,6963.794,29.560,124,0
102.607,t2_squeezenet,6968.116,83.411,123,0
102.638,t2_squeezenet,6930.892,31.442,122,0
102.720,t2_squeezenet,6954.717,82.290,125,0
102.804,t2_squeezenet,7013.250,83.152,126,0
102.834,t2_squeezenet,6992.833,30.646,126,0
102.919,t2_squeezenet,7060.932,84.450,127,0
103.003,t2_squeezenet,7125.621,84.154,127,0
103.033,t2_squeezenet,7020.443,29.770,126,0
103.129,t2_squeezenet,7017.603,96.748,125,0
103.212,t2_squeezenet,7074.271,82.146,125,0
103.297,t2_squeezenet,7037.848,85.453,125,0
103.327,t2_squeezenet,7066.740,29.795,125,0
103.409,t2_squeezenet,7106.659,82.233,124,0
103.496,t2_squeezenet,7069.872,86.715,123,0
103.526,t2_squeezenet,7056.973,29.866,122,0
103.608,t2_squeezenet,7127.060,82.127,121,0
103.639,t2_squeezenet,7126.216,30.547,120,0
103.719,t2_squeezenet,7127.433,80.727,121,0
103.804,t2_squeezenet,7187.968,84.414,122,0
103.834,t2_squeezenet,7207.666,30.191,122,0
103.919,t2_squeezenet,7290.347,84.839,124,0
104.002,t2_squeezenet,7323.350,82.571,125,0
104.032,t2_squeezenet,7348.970,30.261,124,0
104.124,t2_squeezenet,7323.328,91.836,125,0
104.209,t2_squeezenet,7398.304,84.866,126,0
104.241,t2_squeezenet,7298.411,32.167,125,0
104.321,t2_squeezenet,7312.571,80.685,124,0
104.408,t2_squeezenet,7362.052,86.228,125,0
104.493,t2_squeezenet,7397.642,84.910,126,0
104.522,t2_squeezenet,7415.303,29.410,126,0
104.606,t2_squeezenet,7390.586,84.294,127,0
104.693,t2_squeezenet,7442.679,86.400,128,0
104.722,t2_squeezenet,7468.459,29.312,127,0
104.804,t2_squeezenet,7541.682,81.920,126,0
104.834,t2_squeezenet,7491.385,29.952,125,0
104.919,t2_squeezenet,7538.923,84.689,124,0
105.004,t2_squeezenet,7601.135,85.321,126,0
105.034,t2_squeezenet,7605.173,29.488,125,0
105.130,t2_squeezenet,7675.254,96.280,126,0
105.211,t2_squeezenet,7756.440,81.429,125,0
105.298,t2_squeezenet,7774.320,86.199,124,0
105.327,t2_squeezenet,7768.131,29.477,124,0
105.410,t2_squeezenet,7779.666,82.756,125,0
105.496,t2_squeezenet,7861.372,86.030,126,0
105.526,t2_squeezenet,7852.268,29.838,126,0
105.609,t2_squeezenet,7907.884,82.916,127,0
105.639,t2_squeezenet,7879.913,30.230,126,0
105.720,t2_squeezenet,7938.187,80.523,127,0
105.803,t2_squeezenet,7986.160,83.453,127,0
105.834,t2_squeezenet,7909.666,30.814,126,0
105.919,t2_squeezenet,7921.760,84.907,126,0
106.001,t2_squeezenet,7937.935,81.798,126,0
106.031,t2_squeezenet,7922.745,29.803,125,0
106.123,t2_squeezenet,7988.401,91.853,125,0
106.209,t2_squeezenet,8059.743,86.873,125,0
106.241,t2_squeezenet,8059.705,31.525,125,0
106.322,t2_squeezenet,8011.852,80.506,126,0
106.404,t2_squeezenet,8039.750,82.810,126,0
106.435,t2_squeezenet,7947.810,30.680,125,0
106.519,t2_squeezenet,8019.428,84.311,125,0
106.603,t2_squeezenet,8055.923,83.164,125,0
106.633,t2_squeezenet,7998.135,30.547,125,0
106.715,t2_squeezenet,8042.666,82.193,125,0
106.802,t2_squeezenet,8019.458,86.296,125,0
106.831,t2_squeezenet,8043.714,29.543,126,0
106.914,t2_squeezenet,8025.196,82.808,126,0
106.998,t2_squeezenet,8096.131,83.780,128,0
107.028,t2_squeezenet,7968.387,29.967,128,0
107.123,t2_squeezenet,8046.821,95.186,130,0
107.208,t2_squeezenet,8125.198,84.531,129,0
107.241,t2_squeezenet,8137.451,33.221,129,0
107.321,t2_squeezenet,8149.891,80.494,131,0
107.405,t2_squeezenet,8135.150,83.297,134,0
107.435,t2_squeezenet,8067.476,29.769,133,0
107.516,t2_squeezenet,8100.171,81.515,133,0
107.601,t2_squeezenet,8151.033,84.555,134,0
107.631,t2_squeezenet,8124.020,29.918,134,0
107.713,t2_squeezenet,8152.897,82.623,133,0
107.796,t2_squeezenet,8220.058,82.154,134,0
107.825,t2_squeezenet,8209.790,29.652,133,0
107.909,t2_squeezenet,8101.944,84.001,133,0
107.993,t2_squeezenet,8133.857,83.652,134,0
108.022,t2_squeezenet,8107.141,29.412,133,0
108.110,t2_squeezenet,8094.371,87.312,135,0
108.203,t2_squeezenet,8148.277,93.054,138,0
108.232,t2_squeezenet,8040.276,29.601,137,0
108.314,t2_squeezenet,8106.172,81.902,136,0
108.398,t2_squeezenet,8168.583,83.371,138,0
108.428,t2_squeezenet,8091.448,29.862,137,0
108.511,t2_squeezenet,8153.280,83.149,137,0
108.592,t2_squeezenet,8167.024,81.465,139,0
108.622,t2_squeezenet,8018.077,29.413,138,0
108.706,t2_squeezenet,8030.965,84.222,139,0
108.738,t2_squeezenet,7999.962,32.097,138,0
108.820,t2_squeezenet,8079.893,81.504,139,0
108.902,t2_squeezenet,8065.939,82.160,138,0
108.932,t2_squeezenet,8039.949,30.201,138,0
109.015,t2_squeezenet,8113.797,82.988,141,0
109.100,t2_squeezenet,8178.310,85.149,141,0
109.142,t2_squeezenet,8175.485,41.849,140,0
109.219,t2_squeezenet,8193.498,76.853,140,0
109.302,t2_squeezenet,8238.224,83.025,139,0
109.333,t2_squeezenet,8109.796,30.974,139,0
109.416,t2_squeezenet,8148.821,82.765,139,0
109.499,t2_squeezenet,8154.411,82.865,138,0
109.529,t2_squeezenet,8118.966,29.949,137,0
109.611,t2_squeezenet,8078.946,82.496,136,0
109.645,t2_squeezenet,8040.701,33.455,135,0
109.721,t2_squeezenet,8107.449,76.310,136,0
109.804,t2_squeezenet,8092.804,83.269,137,0
109.835,t2_squeezenet,8058.309,30.292,137,0
109.917,t2_squeezenet,8115.300,82.427,137,0
110.000,t2_squeezenet,8163.975,83.203,136,0
110.030,t2_squeezenet,8169.726,29.695,135,0
110.119,t2_squeezenet,8258.160,88.904,136,0
110.207,t2_squeezenet,8286.280,88.007,139,0
110.237,t2_squeezenet,8224.018,30.260,138,0
110.319,t2_squeezenet,8230.574,81.102,138,0
110.402,t2_squeezenet,8209.974,83.503,140,0
110.433,t2_squeezenet,8229.775,30.639,139,0
110.515,t2_squeezenet,8266.179,82.639,141,0
110.597,t2_squeezenet,8270.437,81.680,142,0
110.627,t2_squeezenet,8271.586,29.514,141,0
110.707,t2_squeezenet,8241.518,80.760,140,0
110.740,t2_squeezenet,8068.747,32.485,139,0
110.821,t2_squeezenet,8142.408,80.489,139,0
110.903,t2_squeezenet,8212.971,82.001,141,0
110.933,t2_squeezenet,8232.050,30.302,140,0
111.015,t2_squeezenet,8292.307,82.245,142,0
111.101,t2_squeezenet,8352.038,85.706,141,0
111.143,t2_squeezenet,8309.671,41.718,141,0
111.219,t2_squeezenet,8346.258,76.635,140,0
111.303,t2_squeezenet,8393.056,83.265,141,0
111.334,t2_squeezenet,8408.128,30.929,141,0
111.415,t2_squeezenet,8222.417,80.930,140,0
111.498,t2_squeezenet,8271.913,82.961,140,0
111.527,t2_squeezenet,8203.377,29.738,140,0
111.607,t2_squeezenet,7936.725,79.914,139,0
111.640,t2_squeezenet,7924.378,32.962,138,0
111.721,t2_squeezenet,7919.320,80.292,139,0
111.801,t2_squeezenet,7997.770,80.335,138,0
111.831,t2_squeezenet,7997.974,30.098,137,0
111.914,t2_squeezenet,8071.965,82.490,136,0
111.997,t2_squeezenet,8152.170,83.728,138,0
112.027,t2_squeezenet,8131.074,29.443,137,0
112.111,t2_squeezenet,8172.235,83.846,139,0
112.202,t2_squeezenet,8245.159,90.889,141,0
112.231,t2_squeezenet,8160.239,29.540,140,0
112.313,t2_squeezenet,8228.866,81.733,141,0
112.394,t2_squeezenet,8261.909,81.124,143,0
112.424,t2_squeezenet,8261.689,29.617,142,0
112.507,t2_squeezenet,8158.827,83.528,143,0
112.537,t2_squeezenet,8186.671,29.947,142,0
112.616,t2_squeezenet,8179.169,78.336,143,0
112.701,t2_squeezenet,8229.005,84.904,143,0
112.731,t2_squeezenet,8229.556,30.245,142,0
112.811,t2_squeezenet,8230.087,80.488,142,0
112.893,t2_squeezenet,8302.557,81.773,144,0
112.923,t2_squeezenet,8268.865,29.531,144,0
113.006,t2_squeezenet,8327.720,83.231,144,0
113.037,t2_squeezenet,8114.693,30.996,143,0
113.126,t2_squeezenet,8161.093,88.730,144,0
113.207,t2_squeezenet,8227.204,81.057,144,0
113.239,t2_squeezenet,8189.715,32.185,145,0
113.321,t2_squeezenet,8269.926,81.387,145,0
113.404,t2_squeezenet,8086.428,83.720,144,0
113.434,t2_squeezenet,8101.271,29.918,143,0
113.516,t2_squeezenet,8106.587,81.439,143,0
113.599,t2_squeezenet,8141.663,83.772,144,0
113.629,t2_squeezenet,8152.036,29.881,143,0
113.710,t2_squeezenet,8194.247,80.322,143,0
113.741,t2_squeezenet,8189.595,31.374,142,0
113.821,t2_squeezenet,8233.021,80.219,142,0
113.905,t2_squeezenet,8248.729,83.571,142,0
113.935,t2_squeezenet,8256.304,29.801,141,0
114.018,t2_squeezenet,8270.521,83.454,142,0
114.104,t2_squeezenet,8213.564,85.384,142,0
114.196,t2_squeezenet,8277.022,92.332,142,0
114.225,t2_squeezenet,8125.824,29.354,142,0
114.308,t2_squeezenet,8146.706,82.105,143,0
114.340,t2_squeezenet,8113.578,31.943,143,0
114.420,t2_squeezenet,8173.090,80.405,144,0
114.504,t2_squeezenet,8204.051,83.757,143,0
114.533,t2_squeezenet,8144.926,29.533,142,0
114.615,t2_squeezenet,8096.233,81.886,142,0
114.696,t2_squeezenet,8171.287,80.937,141,0
114.726,t2_squeezenet,8100.719,29.956,141,0
114.809,t2_squeezenet,8145.311,82.615,143,0
114.840,t2_squeezenet,8070.355,30.603,142,0
114.920,t2_squeezenet,8115.392,80.628,143,0
115.003,t2_squeezenet,8177.166,83.296,143,0
115.034,t2_squeezenet,8158.720,30.478,142,0
115.127,t2_squeezenet,8203.521,93.065,142,0
115.208,t2_squeezenet,8273.581,80.723,142,0
115.240,t2_squeezenet,8296.181,32.115,142,0
115.322,t2_squeezenet,8308.317,81.523,142,0
115.401,t2_squeezenet,8356.862,79.243,141,0
115.431,t2_squeezenet,8338.382,29.791,140,0
115.513,t2_squeezenet,8407.125,82.094,144,0
115.595,t2_squeezenet,8366.031,81.848,143,0
115.624,t2_squeezenet,8379.730,29.724,142,0
115.707,t2_squeezenet,8443.746,82.360,142,0
115.737,t2_squeezenet,8416.698,30.335,141,0
115.816,t2_squeezenet,8482.111,78.792,140,0
115.901,t2_squeezenet,8561.908,85.161,140,0
115.931,t2_squeezenet,8586.052,29.513,139,0
116.013,t2_squeezenet,8610.725,82.165,139,0
116.093,t2_squeezenet,8629.731,80.184,140,0
116.136,t2_squeezenet,8610.379,43.219,139,0
116.213,t2_squeezenet,8625.709,77.075,139,0
116.296,t2_squeezenet,8678.001,82.516,141,0
116.326,t2_squeezenet,8577.519,30.036,141,0
116.408,t2_squeezenet,8637.439,82.290,140,0
116.440,t2_squeezenet,8568.860,31.747,139,0
116.520,t2_squeezenet,8594.205,80.272,138,0
116.603,t2_squeezenet,8611.162,82.690,137,0
116.633,t2_squeezenet,8584.994,30.240,136,0
116.713,t2_squeezenet,8663.548,79.573,137,0
116.796,t2_squeezenet,8734.452,82.892,137,0
116.825,t2_squeezenet,8703.159,29.441,136,0
116.908,t2_squeezenet,8775.032,82.559,135,0
116.940,t2_squeezenet,8790.325,31.643,134,0
117.020,t2_squeezenet,8829.852,80.303,133,0
117.106,t2_squeezenet,8781.113,86.145,136,0
117.149,t2_squeezenet,8785.569,42.543,135,0
117.221,t2_squeezenet,8852.599,72.584,135,0
117.305,t2_squeezenet,8829.645,83.798,137,0
117.335,t2_squeezenet,8810.966,29.856,136,0
117.414,t2_squeezenet,8869.574,78.686,139,0
117.498,t2_squeezenet,8951.773,84.555,139,0
117.529,t2_squeezenet,8868.436,30.117,139,0
117.609,t2_squeezenet,8937.682,80.024,140,0
117.639,t2_squeezenet,8854.939,30.303,140,0
117.720,t2_squeezenet,8905.008,80.601,140,0
117.804,t2_squeezenet,8877.277,84.865,141,0
117.835,t2_squeezenet,8865.649,30.511,140,0
117.915,t2_squeezenet,8944.694,80.331,139,0
117.998,t2_squeezenet,9001.158,82.266,141,0
118.027,t2_squeezenet,9017.027,29.769,140,0
118.113,t2_squeezenet,9092.025,85.230,141,0
118.200,t2_squeezenet,9007.884,87.309,141,0
118.230,t2_squeezenet,8911.174,29.787,142,0
118.309,t2_squeezenet,8963.406,79.078,144,0
118.343,t2_squeezenet,8676.675,33.909,145,0
118.420,t2_squeezenet,8739.929,77.389,147,0
118.503,t2_squeezenet,8776.183,82.242,148,0
118.533,t2_squeezenet,8740.766,29.915,147,0
118.612,t2_squeezenet,8793.891,79.165,147,0
118.693,t2_squeezenet,8829.294,81.624,147,0
118.723,t2_squeezenet,8678.308,29.304,146,0
118.805,t2_squeezenet,8687.257,82.377,145,0
118.836,t2_squeezenet,8711.003,30.375,145,0
118.915,t2_squeezenet,8723.651,78.988,144,0
118.999,t2_squeezenet,8799.789,84.311,144,0
119.028,t2_squeezenet,8822.382,29.449,144,0
119.112,t2_squeezenet,8803.989,83.714,145,0
119.202,t2_squeezenet,8840.445,89.838,146,0
119.232,t2_squeezenet,8843.171,30.068,145,0
119.314,t2_squeezenet,8924.250,82.222,145,0
119.395,t2_squeezenet,8905.396,80.684,144,0
119.425,t2_squeezenet,8930.453,29.675,144,0
119.508,t2_squeezenet,8993.589,82.981,144,0
119.539,t2_squeezenet,9002.465,30.954,143,0
119.617,t2_squeezenet,9040.519,78.408,142,0
119.700,t2_squeezenet,8943.450,83.244,143,0
119.731,t2_squeezenet,8873.289,30.401,144,0
119.811,t2_squeezenet,8950.420,79.801,144,0
119.893,t2_squeezenet,9011.312,82.034,144,0
119.922,t2_squeezenet,8980.966,29.386,145,0
120.005,t2_squeezenet,9034.775,83.193,145,0
120.036,t2_squeezenet,9024.879,30.903,144,0
120.125,t2_squeezenet,8995.051,88.309,143,0
120.206,t2_squeezenet,8986.279,81.266,145,0
120.237,t2_squeezenet,8991.258,31.185,145,0
120.319,t2_squeezenet,9000.193,81.980,144,0
120.400,t2_squeezenet,8914.485,80.871,143,0
120.430,t2_squeezenet,8905.525,29.499,142,0
120.511,t2_squeezenet,8849.244,81.743,142,0
120.593,t2_squeezenet,8925.223,81.964,143,0
120.623,t2_squeezenet,8678.590,29.532,143,0
120.707,t2_squeezenet,8753.372,83.842,143,0
120.737,t2_squeezenet,8782.381,30.274,142,0
120.815,t2_squeezenet,8771.927,78.115,142,0
120.900,t2_squeezenet,8852.742,84.584,143,0
120.930,t2_squeezenet,8839.851,29.980,142,0
121.013,t2_squeezenet,8872.667,83.177,142,0
121.045,t2_squeezenet,8890.838,31.810,142,0
121.137,t2_squeezenet,8949.027,91.895,144,0
121.216,t2_squeezenet,8946.357,78.873,144,0
121.298,t2_squeezenet,9018.273,82.147,143,0
121.328,t2_squeezenet,8997.789,29.932,143,0
121.409,t2_squeezenet,9072.299,80.993,145,0
121.441,t2_squeezenet,9089.482,32.251,144,0
121.521,t2_squeezenet,9034.739,80.103,146,0
121.601,t2_squeezenet,9095.097,80.050,146,0
121.632,t2_squeezenet,9078.598,30.108,147,0
121.715,t2_squeezenet,9105.011,83.067,150,0
121.798,t2_squeezenet,9160.992,83.348,150,0
121.827,t2_squeezenet,9020.099,29.272,149,0
121.908,t2_squeezenet,9062.531,80.908,148,0
121.941,t2_squeezenet,9089.344,32.572,148,0
122.021,t2_squeezenet,9162.993,80.550,147,0
122.104,t2_squeezenet,9187.910,82.427,147,0
122.193,t2_squeezenet,9232.750,89.538,147,0
122.223,t2_squeezenet,9185.245,29.711,147,0
122.307,t2_squeezenet,9227.458,84.228,146,0
122.339,t2_squeezenet,9147.143,31.808,145,0
122.417,t2_squeezenet,9205.537,77.631,147,0
122.500,t2_squeezenet,9281.699,82.572,148,0
122.530,t2_squeezenet,9247.670,30.354,147,0
122.611,t2_squeezenet,9168.478,81.280,147,0
122.694,t2_squeezenet,9167.423,82.677,148,0
122.723,t2_squeezenet,9145.456,29.320,147,0
122.803,t2_squeezenet,9141.083,79.542,147,0
122.834,t2_squeezenet,9073.758,30.802,146,0
122.916,t2_squeezenet,9069.085,82.576,145,0
122.999,t2_squeezenet,9053.636,82.709,144,0
123.029,t2_squeezenet,9036.578,29.628,144,0
123.116,t2_squeezenet,9059.718,87.359,145,0
123.202,t2_squeezenet,9010.304,86.268,149,0
123.232,t2_squeezenet,9029.151,29.526,148,0
123.315,t2_squeezenet,9028.978,82.819,149,0
123.399,t2_squeezenet,9094.295,84.066,148,0
123.429,t2_squeezenet,9090.113,30.169,147,0
123.511,t2_squeezenet,9169.718,82.267,148,0
123.594,t2_squeezenet,9189.305,82.179,148,0
123.623,t2_squeezenet,9083.699,29.454,151,0
123.704,t2_squeezenet,8989.255,80.601,150,0
123.734,t2_squeezenet,8997.048,30.334,149,0
123.816,t2_squeezenet,9041.032,82.354,150,0
123.899,t2_squeezenet,9092.817,82.403,150,0
123.929,t2_squeezenet,9037.798,30.077,149,0
124.013,t2_squeezenet,9101.266,83.521,151,0
124.096,t2_squeezenet,9150.954,82.929,150,0
124.139,t2_squeezenet,9026.512,43.248,149,0
124.217,t2_squeezenet,9042.371,77.987,149,0
124.301,t2_squeezenet,9064.302,83.917,149,0
124.331,t2_squeezenet,9014.960,30.055,148,0
124.413,t2_squeezenet,8948.769,81.801,150,0
124.495,t2_squeezenet,9026.366,82.363,152,0
124.525,t2_squeezenet,9034.034,29.995,152,0
124.608,t2_squeezenet,9104.078,83.336,151,0
124.639,t2_squeezenet,9131.323,30.613,150,0
124.718,t2_squeezenet,9067.218,78.777,153,0
124.801,t2_squeezenet,8980.984,83.100,152,0
124.831,t2_squeezenet,8890.132,30.362,151,0
124.914,t2_squeezenet,8840.698,82.385,152,0
124.997,t2_squeezenet,8905.555,83.111,151,0
125.027,t2_squeezenet,8834.447,29.572,151,0
125.118,t2_squeezenet,8865.989,91.192,151,0
125.204,t2_squeezenet,8938.896,85.954,151,0
125.233,t2_squeezenet,8949.187,29.535,150,0
125.315,t2_squeezenet,9014.994,81.983,150,0
125.399,t2_squeezenet,8707.933,83.310,149,0
125.429,t2_squeezenet,8721.694,30.326,150,0
125.511,t2_squeezenet,8715.693,82.323,149,0
125.594,t2_squeezenet,8560.946,82.173,152,0
125.623,t2_squeezenet,8582.991,29.449,151,0
125.704,t2_squeezenet,8629.302,80.804,151,0
125.734,t2_squeezenet,8650.485,30.368,150,0
125.817,t2_squeezenet,8625.060,82.859,150,0
125.900,t2_squeezenet,8672.142,82.554,149,0
125.930,t2_squeezenet,8699.617,30.134,149,0
126.013,t2_squeezenet,8755.017,83.107,150,0
126.097,t2_squeezenet,8748.472,83.465,149,0
126.140,t2_squeezenet,8784.221,43.383,148,0
126.218,t2_squeezenet,8823.850,77.617,149,0
126.302,t2_squeezenet,8894.557,84.203,149,0
126.332,t2_squeezenet,8842.095,29.601,148,0
126.411,t2_squeezenet,8893.365,79.215,148,0
126.493,t2_squeezenet,8949.188,82.365,147,0
126.523,t2_squeezenet,8921.491,29.576,146,0
126.604,t2_squeezenet,8967.330,81.524,145,0
126.634,t2_squeezenet,8918.106,29.569,144,0
126.716,t2_squeezenet,8984.407,81.671,143,0
126.795,t2_squeezenet,9054.891,79.568,144,0
126.825,t2_squeezenet,8908.050,29.676,144,0
126.908,t2_squeezenet,8960.353,82.967,143,0
126.938,t2_squeezenet,8977.915,30.065,142,0
127.020,t2_squeezenet,8964.189,81.601,142,0
127.101,t2_squeezenet,9003.795,81.792,143,0
127.194,t2_squeezenet,9041.492,92.309,144,0
127.223,t2_squeezenet,9007.148,29.333,145,0
127.304,t2_squeezenet,9083.249,80.908,145,0
127.335,t2_squeezenet,9094.182,30.398,144,0
127.418,t2_squeezenet,9147.609,83.042,146,0
127.497,t2_squeezenet,9199.536,79.501,146,0
127.527,t2_squeezenet,9212.631,29.389,145,0
127.607,t2_squeezenet,9278.488,80.803,145,0
127.640,t2_squeezenet,9240.517,32.263,144,0
127.720,t2_squeezenet,9305.105,80.596,144,0
127.800,t2_squeezenet,9380.513,79.307,144,0
127.829,t2_squeezenet,9386.450,29.738,143,0
127.911,t2_squeezenet,9436.335,81.213,142,0
127.994,t2_squeezenet,9407.876,83.346,142,0
128.023,t2_squeezenet,9330.172,29.322,142,0
128.104,t2_squeezenet,9271.031,80.271,142,0
128.149,t2_squeezenet,9210.925,45.005,142,0
128.221,t2_squeezenet,9212.936,72.397,143,0
128.303,t2_squeezenet,9244.237,81.408,142,0
128.332,t2_squeezenet,9221.148,29.700,141,0
128.411,t2_squeezenet,9294.654,78.869,141,0
128.495,t2_squeezenet,9374.248,83.557,140,0
128.525,t2_squeezenet,9246.959,29.788,140,0
128.604,t2_squeezenet,9187.106,79.301,139,0
128.634,t2_squeezenet,9208.719,29.834,138,0
128.716,t2_squeezenet,9073.428,81.658,140,0
128.797,t2_squeezenet,9122.900,81.116,140,0
128.827,t2_squeezenet,9125.495,29.963,140,0
128.905,t2_squeezenet,9189.921,78.541,139,0
128.935,t2_squeezenet,9186.714,29.970,138,0
129.017,t2_squeezenet,9142.359,81.746,140,0
129.099,t2_squeezenet,9203.459,82.305,140,0
129.140,t2_squeezenet,9233.794,40.358,140,0
129.215,t2_squeezenet,9259.367,75.274,139,0
129.295,t2_squeezenet,9153.725,80.368,139,0
129.326,t2_squeezenet,9147.854,30.059,139,0
129.410,t2_squeezenet,9218.790,84.671,139,0
129.442,t2_squeezenet,9229.617,32.018,139,0
129.519,t2_squeezenet,9036.103,76.711,139,0
129.600,t2_squeezenet,9084.394,80.859,139,0
129.630,t2_squeezenet,9048.115,30.218,138,0
129.714,t2_squeezenet,9113.910,84.075,137,0
129.793,t2_squeezenet,9153.235,78.756,139,0
129.822,t2_squeezenet,9067.106,29.321,139,0
129.904,t2_squeezenet,9072.052,81.163,139,0
129.934,t2_squeezenet,9083.412,30.654,138,0
130.018,t2_squeezenet,9021.038,83.657,138,0
130.097,t2_squeezenet,9078.244,79.093,138,0
130.144,t2_squeezenet,9045.970,46.583,137,0
130.218,t2_squeezenet,9108.187,74.661,137,0
130.302,t2_squeezenet,9171.130,83.781,137,0
130.332,t2_squeezenet,9123.239,30.249,136,0
130.415,t2_squeezenet,9097.683,82.692,135,0
130.499,t2_squeezenet,9161.361,83.960,135,0
130.529,t2_squeezenet,9149.021,29.803,135,0
130.614,t2_squeezenet,9227.521,84.819,136,0
130.694,t2_squeezenet,9232.697,80.553,138,0
130.731,t2_squeezenet,9257.368,36.112,139,0
130.811,t2_squeezenet,9334.550,80.172,138,0
130.842,t2_squeezenet,9241.832,31.318,137,0
130.919,t2_squeezenet,9317.626,77.002,136,0
131.004,t2_squeezenet,9401.597,84.573,136,0
131.035,t2_squeezenet,9371.186,30.998,135,0
131.127,t2_squeezenet,9454.417,92.341,135,0
131.203,t2_squeezenet,9523.169,75.762,134,0
131.233,t2_squeezenet,9536.947,30.307,133,0
131.313,t2_squeezenet,9579.280,79.998,132,0
131.397,t2_squeezenet,9460.925,84.156,132,0
131.427,t2_squeezenet,9334.849,29.508,131,0
131.506,t2_squeezenet,9314.066,79.190,131,0
131.538,t2_squeezenet,9334.232,31.398,130,0
131.619,t2_squeezenet,9233.730,81.406,129,0
131.701,t2_squeezenet,9315.056,81.552,129,0
131.731,t2_squeezenet,9341.806,29.854,128,0
131.813,t2_squeezenet,9390.362,82.819,130,0
131.897,t2_squeezenet,9399.399,83.561,129,0
131.927,t2_squeezenet,9341.725,30.072,129,0
132.007,t2_squeezenet,9349.479,79.735,129,0
132.038,t2_squeezenet,9370.996,31.106,129,0
132.133,t2_squeezenet,9329.884,94.629,129,0
132.207,t2_squeezenet,9199.509,74.679,130,0
132.238,t2_squeezenet,9196.759,30.809,129,0
132.320,t2_squeezenet,9274.963,81.696,130,0
132.402,t2_squeezenet,9272.993,81.630,130,0
132.432,t2_squeezenet,9300.694,30.518,129,0
132.512,t2_squeezenet,9366.263,79.493,129,0
132.595,t2_squeezenet,9433.448,83.246,129,0
132.625,t2_squeezenet,9461.070,29.758,129,0
132.707,t2_squeezenet,9410.202,81.793,129,0
132.737,t2_squeezenet,9430.982,30.556,128,0
132.816,t2_squeezenet,9350.280,78.538,129,0
132.900,t2_squeezenet,9394.517,84.101,128,0
132.930,t2_squeezenet,9348.488,30.010,127,0
133.010,t2_squeezenet,9411.322,80.281,127,0
133.094,t2_squeezenet,9491.330,83.647,128,0
133.139,t2_squeezenet,9529.607,45.580,129,0
133.211,t2_squeezenet,9594.755,71.824,130,0
133.293,t2_squeezenet,9543.896,81.924,131,0
133.324,t2_squeezenet,9537.307,30.305,130,0
133.405,t2_squeezenet,9510.880,81.806,129,0
133.436,t2_squeezenet,9503.717,30.266,128,0
133.515,t2_squeezenet,9577.686,79.456,127,0
133.596,t2_squeezenet,9608.213,81.078,130,0
133.626,t2_squeezenet,9433.570,29.372,130,0
133.708,t2_squeezenet,9409.084,81.825,130,0
133.741,t2_squeezenet,9387.718,33.505,130,0
133.819,t2_squeezenet,9416.867,77.682,129,0
133.900,t2_squeezenet,9492.375,81.198,128,0
133.930,t2_squeezenet,9495.566,29.515,127,0
134.009,t2_squeezenet,9556.890,79.057,130,0
134.041,t2_squeezenet,9572.546,32.084,129,0
134.136,t2_squeezenet,9624.338,95.077,134,0
134.211,t2_squeezenet,9568.100,75.194,135,0
134.244,t2_squeezenet,9590.375,32.691,134,0
134.321,t2_squeezenet,9637.504,76.628,134,0
134.401,t2_squeezenet,9709.925,80.309,133,0
134.431,t2_squeezenet,9558.850,29.985,133,0
134.514,t2_squeezenet,9630.792,83.005,134,0
134.593,t2_squeezenet,9581.052,79.477,135,0
134.623,t2_squeezenet,9515.124,29.678,135,0
134.704,t2_squeezenet,9568.657,80.792,136,0
134.734,t2_squeezenet,9432.410,29.726,135,0
134.816,t2_squeezenet,9398.434,81.863,136,0
134.896,t2_squeezenet,9467.055,79.984,135,0
134.925,t2_squeezenet,9410.297,29.736,135,0
135.009,t2_squeezenet,9485.886,83.188,136,0
135.039,t2_squeezenet,9497.336,30.353,135,0
135.126,t2_squeezenet,9583.009,86.722,134,0
135.209,t2_squeezenet,9509.274,82.670,133,0
135.240,t2_squeezenet,9476.165,31.462,134,0
135.318,t2_squeezenet,9392.542,77.583,135,0
135.399,t2_squeezenet,9436.773,80.956,134,0
135.428,t2_squeezenet,9450.158,29.845,133,0
135.512,t2_squeezenet,9319.409,83.085,134,0
135.543,t2_squeezenet,9338.822,31.658,135,0
135.620,t2_squeezenet,9338.844,77.100,135,0
135.702,t2_squeezenet,9307.186,81.079,136,0
135.732,t2_squeezenet,9013.325,30.413,135,0
135.814,t2_squeezenet,9039.458,82.254,135,0
135.894,t2_squeezenet,9083.145,79.256,137,0
135.923,t2_squeezenet,8952.712,29.339,136,0
136.006,t2_squeezenet,8981.556,83.587,137,0
136.038,t2_squeezenet,8994.216,31.809,136,0
136.126,t2_squeezenet,9011.444,87.410,136,0
136.205,t2_squeezenet,9063.919,78.662,137,0
136.236,t2_squeezenet,9035.903,31.166,137,0
136.316,t2_squeezenet,9105.941,79.991,137,0
136.397,t2_squeezenet,9135.063,80.840,140,0
136.426,t2_squeezenet,9085.081,29.404,139,0
136.508,t2_squeezenet,9162.384,82.224,140,0
136.541,t2_squeezenet,9150.840,32.793,139,0
136.619,t2_squeezenet,9136.691,78.043,139,0
136.699,t2_squeezenet,9168.510,79.485,139,0
136.729,t2_squeezenet,9045.693,29.678,138,0
136.811,t2_squeezenet,9031.900,82.693,139,0
136.892,t2_squeezenet,8944.285,80.995,138,0
136.922,t2_squeezenet,8914.106,29.774,137,0
137.004,t2_squeezenet,8948.353,82.168,136,0
137.034,t2_squeezenet,8915.909,29.958,135,0
137.123,t2_squeezenet,8969.098,88.719,135,0
137.206,t2_squeezenet,9027.315,82.469,136,0
137.235,t2_squeezenet,8845.839,29.713,135,0
137.315,t2_squeezenet,8797.964,79.452,134,0
137.395,t2_squeezenet,8756.055,79.902,135,0
137.424,t2_squeezenet,8765.590,29.765,134,0
137.508,t2_squeezenet,8821.538,83.954,135,0
137.539,t2_squeezenet,8761.628,30.709,134,0
137.618,t2_squeezenet,8799.060,78.905,137,0
137.699,t2_squeezenet,8749.781,80.346,137,0
137.728,t2_squeezenet,8736.280,29.902,137,0
137.812,t2_squeezenet,8795.017,83.091,138,0
137.844,t2_squeezenet,8774.862,32.694,138,0
137.921,t2_squeezenet,8794.297,76.444,138,0
138.004,t2_squeezenet,8788.971,83.293,141,0
138.034,t2_squeezenet,8721.877,30.133,140,0
138.122,t2_squeezenet,8730.951,87.268,139,0
138.205,t2_squeezenet,8768.277,83.380,139,0
138.236,t2_squeezenet,8736.424,30.929,140,0
138.315,t2_squeezenet,8725.582,79.248,140,0
138.395,t2_squeezenet,8678.760,79.632,139,0
138.425,t2_squeezenet,8689.699,29.781,139,0
138.505,t2_squeezenet,8712.628,80.736,139,0
138.536,t2_squeezenet,8722.030,30.674,138,0
138.615,t2_squeezenet,8735.344,79.107,139,0
138.696,t2_squeezenet,8688.618,80.298,138,0
138.725,t2_squeezenet,8631.911,29.690,137,0
138.806,t2_squeezenet,8613.686,80.534,139,0
138.837,t2_squeezenet,8562.552,30.858,138,0
138.915,t2_squeezenet,8457.400,78.114,138,0
138.996,t2_squeezenet,8472.037,80.727,138,0
139.025,t2_squeezenet,8478.312,29.711,138,0
139.114,t2_squeezenet,8518.939,88.693,139,0
139.196,t2_squeezenet,8580.341,81.382,140,0
139.225,t2_squeezenet,8606.046,29.903,140,0
139.306,t2_squeezenet,8662.784,80.549,140,0
139.338,t2_squeezenet,8641.449,31.941,141,0
139.417,t2_squeezenet,8686.841,78.671,142,0
139.497,t2_squeezenet,8576.368,80.259,143,0
139.527,t2_squeezenet,8414.428,29.808,144,0
139.608,t2_squeezenet,8215.931,81.245,144,0
139.639,t2_squeezenet,8200.909,31.214,143,0
139.717,t2_squeezenet,8075.886,77.539,142,0
139.798,t2_squeezenet,8005.852,81.093,145,0
139.828,t2_squeezenet,8024.577,29.792,145,0
139.908,t2_squeezenet,8100.436,80.508,147,0
139.939,t2_squeezenet,8034.654,30.924,146,0
140.020,t2_squeezenet,8027.567,80.372,149,0
140.102,t2_squeezenet,8076.173,82.470,151,0
140.148,t2_squeezenet,8055.702,45.769,151,0
140.221,t2_squeezenet,8028.739,72.803,151,0
140.300,t2_squeezenet,8102.184,79.201,150,0
140.330,t2_squeezenet,8038.087,30.097,150,0
140.411,t2_squeezenet,8103.632,81.162,150,0
140.445,t2_squeezenet,8117.414,33.317,149,0
140.521,t2_squeezenet,8028.766,76.112,148,0
140.601,t2_squeezenet,8008.789,79.994,149,0
140.631,t2_squeezenet,8028.289,29.974,148,0
140.712,t2_squeezenet,8072.750,80.995,149,0
140.744,t2_squeezenet,7951.309,32.214,149,0
140.820,t2_squeezenet,8017.485,76.163,151,0
140.901,t2_squeezenet,7897.691,80.631,152,0
140.931,t2_squeezenet,7872.829,30.282,151,0
141.012,t2_squeezenet,7927.806,80.302,151,0
141.093,t2_squeezenet,7992.462,81.363,150,0
141.136,t2_squeezenet,8003.568,43.108,150,0
141.212,t2_squeezenet,8040.306,76.024,150,0
141.294,t2_squeezenet,8120.493,82.072,150,0
141.324,t2_squeezenet,8087.347,29.419,149,0
141.407,t2_squeezenet,8124.597,82.655,150,0
141.438,t2_squeezenet,7917.580,31.142,149,0
141.517,t2_squeezenet,7980.754,79.059,149,0
141.599,t2_squeezenet,8021.651,82.028,149,0
141.628,t2_squeezenet,8041.786,29.547,148,0
141.711,t2_squeezenet,8089.527,82.821,147,0
141.745,t2_squeezenet,8093.862,33.262,146,0
141.821,t2_squeezenet,8092.160,76.605,145,0
141.903,t2_squeezenet,7945.725,81.251,145,0
141.932,t2_squeezenet,7963.719,29.971,147,0
142.014,t2_squeezenet,8022.298,81.922,146,0
142.095,t2_squeezenet,8090.141,80.928,146,0
142.135,t2_squeezenet,8062.297,39.432,146,0
142.213,t2_squeezenet,8134.045,78.009,151,0
142.297,t2_squeezenet,8215.081,83.878,151,0
142.327,t2_squeezenet,8228.523,30.078,152,0
142.407,t2_squeezenet,8298.815,80.061,153,0
142.438,t2_squeezenet,8308.164,30.592,152,0
142.519,t2_squeezenet,8362.581,81.542,153,0
142.600,t2_squeezenet,8412.991,81.062,153,0
142.631,t2_squeezenet,8353.579,30.348,154,0
142.713,t2_squeezenet,8286.411,82.118,155,0
142.796,t2_squeezenet,8320.949,82.756,155,0
142.825,t2_squeezenet,8331.517,29.794,154,0
142.907,t2_squeezenet,8361.086,81.341,154,0
142.939,t2_squeezenet,8379.648,31.887,153,0
143.019,t2_squeezenet,8400.534,80.510,154,0
143.102,t2_squeezenet,8470.032,83.100,153,0
143.146,t2_squeezenet,8488.827,44.076,152,0
143.220,t2_squeezenet,8461.671,73.484,152,0
143.303,t2_squeezenet,8510.554,82.712,152,0
143.333,t2_squeezenet,8420.736,30.021,152,0
143.412,t2_squeezenet,8480.734,79.349,151,0
143.497,t2_squeezenet,8548.985,84.502,153,0
143.526,t2_squeezenet,8311.678,29.375,152,0
143.605,t2_squeezenet,8369.766,78.663,151,0
143.635,t2_squeezenet,8371.477,30.263,150,0
143.717,t2_squeezenet,8448.632,81.860,151,0
143.800,t2_squeezenet,8362.799,82.639,153,0
143.829,t2_squeezenet,8323.910,29.450,152,0
143.912,t2_squeezenet,8391.361,82.469,154,0
143.995,t2_squeezenet,8470.227,82.962,157,0
144.024,t2_squeezenet,8421.404,29.787,158,0
144.107,t2_squeezenet,8484.437,83.069,158,0
144.193,t2_squeezenet,8505.598,85.171,158,0
144.222,t2_squeezenet,8470.613,29.723,157,0
144.305,t2_squeezenet,8476.489,82.890,157,0
144.336,t2_squeezenet,8483.649,30.822,156,0
144.419,t2_squeezenet,8526.547,82.462,156,0
144.502,t2_squeezenet,8564.185,83.469,159,0
144.532,t2_squeezenet,8565.909,30.120,158,0
144.615,t2_squeezenet,8561.092,82.816,159,0
144.695,t2_squeezenet,8553.630,80.015,159,0
144.725,t2_squeezenet,8530.279,29.485,158,0
144.807,t2_squeezenet,8599.554,82.582,159,0
144.839,t2_squeezenet,8597.667,31.795,158,0
144.920,t2_squeezenet,8587.755,80.539,158,0
145.003,t2_squeezenet,8668.911,82.828,159,0
145.033,t2_squeezenet,8660.462,30.075,160,0
145.122,t2_squeezenet,8732.010,88.789,160,0
145.206,t2_squeezenet,8762.923,84.206,160,0
145.236,t2_squeezenet,8777.279,29.787,159,0
145.320,t2_squeezenet,8775.205,84.359,160,0
145.404,t2_squeezenet,8742.500,84.018,161,0
145.435,t2_squeezenet,8688.806,30.672,160,0
145.518,t2_squeezenet,8726.004,83.337,163,0
145.600,t2_squeezenet,8557.308,82.272,163,0
145.631,t2_squeezenet,8484.179,30.134,163,0
145.713,t2_squeezenet,8518.808,82.588,162,0
145.798,t2_squeezenet,8425.656,85.027,162,0
145.828,t2_squeezenet,8451.418,29.372,161,0
145.910,t2_squeezenet,8483.799,82.065,160,0
145.993,t2_squeezenet,8494.590,82.898,160,0
146.022,t2_squeezenet,8452.888,29.378,160,0
146.110,t2_squeezenet,8536.773,87.813,159,0
146.196,t2_squeezenet,8608.135,86.221,159,0
146.226,t2_squeezenet,8635.511,29.887,159,0
146.309,t2_squeezenet,8620.466,82.999,159,0
146.341,t2_squeezenet,8630.843,32.115,158,0
146.421,t2_squeezenet,8657.491,29.306,157,0
146.507,t2_squeezenet,8732.486,85.487,159,0
146.538,t2_squeezenet,8699.315,31.359,158,0
146.619,t2_squeezenet,8710.001,80.785,158,0
146.703,t2_squeezenet,8744.946,83.796,162,0
146.733,t2_squeezenet,8772.694,29.715,162,0
146.815,t2_squeezenet,8851.648,81.843,162,0
146.901,t2_squeezenet,8924.023,86.272,162,0
146.931,t2_squeezenet,8795.538,30.265,162,0
147.014,t2_squeezenet,8795.748,83.128,162,0
147.097,t2_squeezenet,8863.121,82.154,162,0
147.141,t2_squeezenet,8896.231,44.912,163,0
147.219,t2_squeezenet,8796.619,77.215,162,0
147.305,t2_squeezenet,8803.339,86.249,161,0
147.335,t2_squeezenet,8797.139,29.955,160,0
147.418,t2_squeezenet,8839.359,82.540,161,0
147.504,t2_squeezenet,8755.245,86.521,163,0
147.535,t2_squeezenet,8762.964,30.533,162,0
147.616,t2_squeezenet,8837.352,81.455,163,0
147.702,t2_squeezenet,8821.609,86.038,163,0
147.732,t2_squeezenet,8764.897,30.157,162,0
147.816,t2_squeezenet,8809.129,83.285,163,0
147.902,t2_squeezenet,8833.705,86.710,162,0
147.932,t2_squeezenet,8858.021,29.788,162,0
148.014,t2_squeezenet,8873.201,82.146,162,0
148.103,t2_squeezenet,8945.868,88.385,162,0
148.145,t2_squeezenet,8928.162,42.135,162,0
148.222,t2_squeezenet,8958.096,76.575,164,0
148.307,t2_squeezenet,8999.228,85.585,165,0
148.394,t2_squeezenet,9081.881,86.217,165,0
148.423,t2_squeezenet,9038.780,29.330,165,0
148.505,t2_squeezenet,9092.479,82.340,168,0
148.535,t2_squeezenet,9074.688,29.901,167,0
148.620,t2_squeezenet,9138.807,84.788,167,0
148.707,t2_squeezenet,9203.820,87.127,166,0
148.793,t2_squeezenet,9274.165,85.573,166,0
148.822,t2_squeezenet,9286.848,29.339,165,0
148.905,t2_squeezenet,9183.421,83.127,164,0
148.936,t2_squeezenet,9211.607,30.813,163,0
149.022,t2_squeezenet,9289.579,85.250,164,0
149.110,t2_squeezenet,9365.367,88.760,167,0
149.199,t2_squeezenet,9378.519,88.694,167,0
149.229,t2_squeezenet,9336.914,29.999,166,0
149.315,t2_squeezenet,9418.529,85.497,166,0
149.401,t2_squeezenet,9497.727,86.694,169,0
149.431,t2_squeezenet,9481.557,29.774,168,0
149.513,t2_squeezenet,9531.493,82.159,169,0
149.600,t2_squeezenet,9587.183,86.848,170,0
149.630,t2_squeezenet,9613.549,30.250,169,0
149.715,t2_squeezenet,9624.367,84.680,169,0
149.801,t2_squeezenet,9704.618,85.859,172,0
149.831,t2_squeezenet,9731.255,30.058,173,0
149.914,t2_squeezenet,9805.429,83.011,175,0
150.001,t2_squeezenet,9844.277,86.295,176,0
150.030,t2_squeezenet,9729.782,29.587,175,0
150.125,t2_squeezenet,9759.426,95.243,176,0
150.209,t2_squeezenet,9664.955,83.078,176,0
150.294,t2_squeezenet,9734.618,85.585,176,0
150.324,t2_squeezenet,9651.236,29.423,175,0
150.409,t2_squeezenet,9727.000,85.205,174,0
150.495,t2_squeezenet,9770.653,86.491,175,0
150.525,t2_squeezenet,9761.279,29.655,175,0
150.611,t2_squeezenet,9828.429,85.673,177,0
150.696,t2_squeezenet,9904.302,85.346,176,0
150.726,t2_squeezenet,9878.661,29.760,176,0
150.811,t2_squeezenet,9962.238,85.528,175,0
150.898,t2_squeezenet,9946.674,86.656,175,0
150.928,t2_squeezenet,9822.323,29.388,176,0
151.013,t2_squeezenet,9822.078,85.174,177,0
151.099,t2_squeezenet,9855.111,86.240,179,0
151.195,t2_squeezenet,9841.240,95.520,180,0
151.224,t2_squeezenet,9857.319,29.514,179,0
151.310,t2_squeezenet,9860.159,85.631,178,0
151.396,t2_squeezenet,9859.734,86.359,178,0
151.426,t2_squeezenet,9552.128,29.889,177,0
151.512,t2_squeezenet,9595.470,85.491,176,0
151.597,t2_squeezenet,9677.183,85.026,177,0
151.626,t2_squeezenet,9706.546,29.792,176,0
151.715,t2_squeezenet,9625.131,88.892,176,0
151.802,t2_squeezenet,9691.647,86.665,176,0
151.832,t2_squeezenet,9675.576,29.542,177,0
151.917,t2_squeezenet,9745.002,85.103,177,0
152.003,t2_squeezenet,9816.705,86.288,177,0
152.034,t2_squeezenet,9830.721,30.843,176,0
152.129,t2_squeezenet,9924.556,94.774,177,0
152.209,t2_squeezenet,10000.472,79.849,176,0
152.298,t2_squeezenet,10061.969,89.317,176,0
152.328,t2_squeezenet,10014.669,30.001,176,0
152.414,t2_squeezenet,10091.449,85.851,177,0
152.499,t2_squeezenet,10168.236,85.007,176,0
152.528,t2_squeezenet,10131.408,29.565,176,0
152.614,t2_squeezenet,10121.740,85.570,176,0
152.704,t2_squeezenet,10185.555,89.979,175,0
152.734,t2_squeezenet,10176.012,30.297,176,0
152.819,t2_squeezenet,10216.854,84.532,176,0
152.905,t2_squeezenet,10301.652,85.858,176,0
152.936,t2_squeezenet,10303.981,30.621,175,0
153.020,t2_squeezenet,10322.830,84.459,175,0
153.109,t2_squeezenet,10336.498,89.471,175,0
153.198,t2_squeezenet,10317.842,88.839,175,0
153.229,t2_squeezenet,10274.021,30.197,174,0
153.317,t2_squeezenet,10352.561,88.665,175,0
153.404,t2_squeezenet,10190.575,86.486,177,0
153.434,t2_squeezenet,10185.492,29.864,176,0
153.519,t2_squeezenet,10190.241,84.957,175,0
153.606,t2_squeezenet,10184.500,87.002,175,0
153.695,t2_squeezenet,10262.850,89.452,175,0
153.725,t2_squeezenet,10279.131,29.405,174,0
153.810,t2_squeezenet,10164.951,85.584,174,0
153.897,t2_squeezenet,10239.043,86.815,175,0
153.927,t2_squeezenet,10208.051,29.954,174,0
154.013,t2_squeezenet,10285.668,85.842,174,0
154.099,t2_squeezenet,10318.086,86.526,175,0
154.133,t2_squeezenet,10293.673,33.491,175,0
154.204,t2_squeezenet,10312.995,71.462,175,0
154.235,t2_squeezenet,10329.461,30.952,174,0
154.318,t2_squeezenet,10406.024,82.437,174,0
154.404,t2_squeezenet,10485.234,86.219,176,0
154.494,t2_squeezenet,10542.904,89.325,178,0
154.523,t2_squeezenet,10536.312,29.528,177,0
154.609,t2_squeezenet,10606.193,86.009,176,0
154.694,t2_squeezenet,10679.919,85.032,176,0
154.724,t2_squeezenet,10639.431,29.430,176,0
154.810,t2_squeezenet,10617.682,86.194,178,0
154.897,t2_squeezenet,10591.515,86.656,178,0
154.926,t2_squeezenet,10554.880,29.433,177,0
155.015,t2_squeezenet,10588.049,88.671,180,0
155.102,t2_squeezenet,10637.045,87.381,180,0
155.198,t2_squeezenet,10710.816,96.303,183,0
155.228,t2_squeezenet,10739.017,29.446,183,0
155.313,t2_squeezenet,10776.899,84.952,182,0
155.399,t2_squeezenet,10813.609,85.931,181,0
155.429,t2_squeezenet,10783.962,30.113,180,0
155.515,t2_squeezenet,10769.762,86.248,181,0
155.601,t2_squeezenet,10835.465,85.681,181,0
155.631,t2_squeezenet,10730.088,29.809,180,0
155.719,t2_squeezenet,10731.476,88.058,181,0
155.805,t2_squeezenet,10810.534,86.469,184,0
155.836,t2_squeezenet,10809.581,30.194,185,0
155.920,t2_squeezenet,10893.145,84.738,184,0
156.007,t2_squeezenet,10926.435,86.244,183,0
156.093,t2_squeezenet,10900.982,86.469,183,0
156.134,t2_squeezenet,10891.833,40.358,184,0
156.216,t2_squeezenet,10918.604,82.857,184,0
156.302,t2_squeezenet,10964.998,85.806,184,0
156.333,t2_squeezenet,10958.962,30.585,183,0
156.421,t2_squeezenet,10977.358,88.249,185,0
156.507,t2_squeezenet,11044.532,86.138,186,0
156.596,t2_squeezenet,11125.190,88.815,185,0
156.626,t2_squeezenet,11149.302,29.920,185,0
156.712,t2_squeezenet,11167.782,85.604,185,0
156.798,t2_squeezenet,11176.912,86.316,184,0
156.828,t2_squeezenet,11082.719,29.405,183,0
156.916,t2_squeezenet,10959.889,88.330,182,0
157.002,t2_squeezenet,10983.289,86.522,184,0
157.033,t2_squeezenet,10897.324,30.661,183,0
157.128,t2_squeezenet,10924.256,94.782,184,0
157.214,t2_squeezenet,10918.121,85.951,184,0
157.301,t2_squeezenet,10855.644,87.075,183,0
157.332,t2_squeezenet,10863.145,30.976,186,0
157.420,t2_squeezenet,10935.237,88.072,185,0
157.505,t2_squeezenet,10894.508,85.090,186,0
157.594,t2_squeezenet,10936.321,88.910,185,0
157.624,t2_squeezenet,10965.832,29.836,184,0
157.710,t2_squeezenet,11025.894,85.942,183,0
157.796,t2_squeezenet,11109.912,85.690,183,0
157.825,t2_squeezenet,11126.378,29.394,182,0
157.914,t2_squeezenet,11197.696,88.668,181,0
158.001,t2_squeezenet,11257.368,86.674,181,0
158.031,t2_squeezenet,11200.990,30.082,181,0
158.130,t2_squeezenet,11228.771,99.451,180,0
158.210,t2_squeezenet,11226.489,80.011,180,0
158.300,t2_squeezenet,11284.260,89.972,182,0
158.330,t2_squeezenet,11205.269,30.159,182,0
158.416,t2_squeezenet,11287.987,85.921,183,0
158.502,t2_squeezenet,11155.085,85.869,182,0
158.533,t2_squeezenet,11162.079,30.530,181,0
158.618,t2_squeezenet,11147.900,84.688,180,0
158.708,t2_squeezenet,11233.411,90.052,182,0
158.793,t2_squeezenet,11305.048,85.040,183,0
158.823,t2_squeezenet,11236.844,29.751,184,0
158.908,t2_squeezenet,11318.918,85.905,184,0
158.995,t2_squeezenet,11300.028,86.266,183,0
159.024,t2_squeezenet,11225.970,29.372,183,0
159.114,t2_squeezenet,11307.404,90.089,185,0
159.202,t2_squeezenet,11274.497,87.580,186,0
159.232,t2_squeezenet,11278.046,30.527,186,0
159.318,t2_squeezenet,11282.800,85.228,186,0
159.403,t2_squeezenet,11276.752,85.439,186,0
159.434,t2_squeezenet,11281.893,30.663,186,0
159.519,t2_squeezenet,11327.034,85.045,185,0
159.605,t2_squeezenet,11399.039,86.543,185,0
159.694,t2_squeezenet,11467.341,88.459,186,0
159.723,t2_squeezenet,11432.849,29.304,186,0
159.807,t2_squeezenet,11433.167,83.669,189,0
159.894,t2_squeezenet,11483.005,86.913,189,0
159.923,t2_squeezenet,11485.276,29.291,188,0
160.008,t2_squeezenet,11546.488,85.098,187,0
160.094,t2_squeezenet,11607.275,85.295,187,0
160.138,t2_squeezenet,11643.914,44.609,187,0
160.217,t2_squeezenet,11659.184,78.552,186,0
160.303,t2_squeezenet,11550.286,85.562,187,0
160.333,t2_squeezenet,11364.841,30.094,188,0
160.418,t2_squeezenet,11441.828,85.521,187,0
160.503,t2_squeezenet,11481.195,84.594,189,0
160.532,t2_squeezenet,11503.617,29.533,188,0
160.617,t2_squeezenet,11578.301,84.860,187,0
160.703,t2_squeezenet,11602.743,85.722,189,0
160.734,t2_squeezenet,11562.173,30.597,188,0
160.818,t2_squeezenet,11536.783,84.781,188,0
160.902,t2_squeezenet,11579.347,83.707,190,0
160.932,t2_squeezenet,11569.823,29.869,189,0
161.017,t2_squeezenet,11648.942,84.794,190,0
161.106,t2_squeezenet,11716.951,89.083,191,0
161.194,t2_squeezenet,11723.683,88.281,190,0
161.224,t2_squeezenet,11746.345,29.427,189,0
161.307,t2_squeezenet,11767.448,83.465,188,0
161.394,t2_squeezenet,11810.333,86.778,188,0
161.423,t2_squeezenet,11790.703,29.347,188,0
161.508,t2_squeezenet,11789.751,85.009,187,0
161.540,t2_squeezenet,11787.150,31.222,186,0
161.620,t2_squeezenet,11843.370,80.636,186,0
161.708,t2_squeezenet,11908.375,87.148,185,0
161.739,t2_squeezenet,11934.899,31.124,184,0
161.820,t2_squeezenet,12008.220,80.810,186,0
161.905,t2_squeezenet,12067.827,85.620,186,0
161.936,t2_squeezenet,12070.922,30.730,185,0
162.018,t2_squeezenet,12116.526,82.457,185,0
162.108,t2_squeezenet,12164.973,89.465,185,0
162.196,t2_squeezenet,12230.836,88.336,185,0
162.226,t2_squeezenet,12181.341,29.880,184,0
162.310,t2_squeezenet,12230.487,83.461,183,0
162.395,t2_squeezenet,12202.563,84.973,182,0
162.424,t2_squeezenet,12182.023,29.445,181,0
162.511,t2_squeezenet,12081.915,86.327,184,0
162.595,t2_squeezenet,12110.655,83.947,184,0
162.624,t2_squeezenet,12117.015,29.281,183,0
162.709,t2_squeezenet,12180.905,85.071,184,0
162.740,t2_squeezenet,12180.565,31.267,184,0
162.821,t2_squeezenet,12240.588,80.406,185,0
162.907,t2_squeezenet,12183.118,86.603,185,0
162.937,t2_squeezenet,12043.115,29.992,185,0
163.019,t2_squeezenet,12107.657,82.059,186,0
163.108,t2_squeezenet,12193.722,88.962,188,0
163.196,t2_squeezenet,12223.211,87.718,188,0
163.226,t2_squeezenet,12227.849,29.463,187,0
163.311,t2_squeezenet,12279.429,85.440,187,0
163.395,t2_squeezenet,12352.428,83.713,187,0
163.425,t2_squeezenet,12373.446,29.901,186,0
163.511,t2_squeezenet,12411.837,86.516,189,0
163.593,t2_squeezenet,12479.126,81.464,189,0
163.622,t2_squeezenet,12262.651,29.332,190,0
163.706,t2_squeezenet,12166.253,83.898,191,0
163.740,t2_squeezenet,12166.535,33.406,192,0
163.821,t2_squeezenet,12172.064,80.845,191,0
163.906,t2_squeezenet,12125.660,85.256,193,0
163.936,t2_squeezenet,12123.589,30.493,192,0
164.018,t2_squeezenet,12202.312,82.076,192,0
164.107,t2_squeezenet,12260.118,88.872,192,0
164.149,t2_squeezenet,12188.014,41.136,191,0
164.221,t2_squeezenet,12143.056,72.837,191,0
164.308,t2_squeezenet,12220.894,86.221,191,0
164.339,t2_squeezenet,12046.996,31.446,190,0
164.420,t2_squeezenet,12115.471,80.617,190,0
164.506,t2_squeezenet,12122.927,85.913,192,0
164.537,t2_squeezenet,12142.249,30.776,192,0
164.619,t2_squeezenet,12106.860,82.334,193,0
164.703,t2_squeezenet,12141.998,83.602,192,0
164.732,t2_squeezenet,12018.402,29.610,191,0
164.815,t2_squeezenet,12093.599,82.301,193,0
164.902,t2_squeezenet,12146.183,87.112,192,0
164.932,t2_squeezenet,12081.762,30.628,193,0
165.014,t2_squeezenet,12054.377,82.041,192,0
165.097,t2_squeezenet,12025.896,82.130,193,0
165.138,t2_squeezenet,11946.147,41.754,194,0
165.215,t2_squeezenet,11963.042,76.687,195,0
165.299,t2_squeezenet,11981.970,83.654,195,0
165.328,t2_squeezenet,11985.679,29.579,194,0
165.414,t2_squeezenet,12061.333,85.348,194,0
165.500,t2_squeezenet,12106.151,86.329,196,0
165.530,t2_squeezenet,11999.173,30.158,195,0
165.613,t2_squeezenet,12005.709,82.618,196,0
165.698,t2_squeezenet,11940.975,85.456,195,0
165.728,t2_squeezenet,11857.841,29.840,194,0
165.811,t2_squeezenet,11930.992,83.080,194,0
165.897,t2_squeezenet,11890.770,85.911,193,0
165.927,t2_squeezenet,11871.381,29.325,192,0
166.010,t2_squeezenet,11930.364,82.891,191,0
166.096,t2_squeezenet,11984.091,86.752,190,0
166.137,t2_squeezenet,11969.942,40.143,189,0
166.217,t2_squeezenet,11919.412,80.397,189,0
166.300,t2_squeezenet,11937.518,83.332,190,0
166.331,t2_squeezenet,11955.486,30.323,191,0
166.416,t2_squeezenet,12023.845,85.406,192,0
166.502,t2_squeezenet,12085.505,86.201,192,0
166.532,t2_squeezenet,12090.466,29.869,193,0
166.614,t2_squeezenet,12138.606,82.106,193,0
166.701,t2_squeezenet,12059.798,86.671,195,0
166.731,t2_squeezenet,12016.004,30.047,194,0
166.813,t2_squeezenet,12088.698,81.634,194,0
166.899,t2_squeezenet,12124.580,85.821,195,0
166.929,t2_squeezenet,12141.544,29.887,194,0
167.012,t2_squeezenet,12172.275,83.662,193,0
167.099,t2_squeezenet,12167.814,86.312,193,0
167.141,t2_squeezenet,12209.315,42.503,192,0
167.219,t2_squeezenet,12261.220,77.461,192,0
167.303,t2_squeezenet,12324.069,84.701,192,0
167.333,t2_squeezenet,12303.825,30.162,191,0
167.419,t2_squeezenet,12294.207,85.225,190,0
167.505,t2_squeezenet,12374.315,85.923,191,0
167.536,t2_squeezenet,12379.568,30.815,190,0
167.618,t2_squeezenet,12427.515,81.978,190,0
167.704,t2_squeezenet,12503.814,86.128,190,0
167.734,t2_squeezenet,12280.206,29.849,189,0
167.816,t2_squeezenet,12342.584,81.928,190,0
167.903,t2_squeezenet,12374.621,87.018,190,0
167.933,t2_squeezenet,12283.436,30.472,189,0
168.015,t2_squeezenet,12323.242,81.432,191,0
168.101,t2_squeezenet,12378.408,86.520,195,0
168.192,t2_squeezenet,12464.308,91.182,196,0
168.222,t2_squeezenet,12490.438,29.662,195,0
168.304,t2_squeezenet,12531.038,82.413,195,0
168.335,t2_squeezenet,12525.156,30.061,195,0
168.419,t2_squeezenet,12600.183,84.399,195,0
168.506,t2_squeezenet,12439.916,86.842,196,0
168.536,t2_squeezenet,12440.636,30.044,195,0
168.618,t2_squeezenet,12504.424,82.235,198,0
168.704,t2_squeezenet,12507.072,85.948,199,0
168.735,t2_squeezenet,12512.673,30.626,198,0
168.817,t2_squeezenet,12466.914,82.102,198,0
168.903,t2_squeezenet,12547.068,86.331,201,0
168.933,t2_squeezenet,12548.282,29.915,200,0
169.016,t2_squeezenet,12517.662,82.267,200,0
169.103,t2_squeezenet,12604.661,87.249,202,0
169.145,t2_squeezenet,12548.947,42.413,201,0
169.222,t2_squeezenet,12526.281,76.325,202,0
169.305,t2_squeezenet,12385.165,83.679,202,0
169.337,t2_squeezenet,12363.985,31.614,203,0
169.421,t2_squeezenet,12442.068,84.391,205,0
169.507,t2_squeezenet,12393.868,85.275,204,0
169.537,t2_squeezenet,12418.191,30.793,203,0
169.619,t2_squeezenet,12454.082,81.223,202,0
169.706,t2_squeezenet,12393.106,86.857,203,0
169.735,t2_squeezenet,12413.702,29.572,203,0
169.818,t2_squeezenet,12493.666,82.348,204,0
169.904,t2_squeezenet,12578.250,86.448,204,0
169.935,t2_squeezenet,12499.949,30.819,203,0
170.017,t2_squeezenet,12524.414,82.310,202,0
170.107,t2_squeezenet,12367.309,89.278,202,0
170.194,t2_squeezenet,12204.802,87.305,202,0
170.224,t2_squeezenet,12211.119,29.574,202,0
170.308,t2_squeezenet,12116.222,84.778,205,0
170.393,t2_squeezenet,12146.026,85.064,205,0
170.423,t2_squeezenet,12141.393,29.413,206,0
170.509,t2_squeezenet,12215.702,85.652,206,0
170.592,t2_squeezenet,12283.927,83.578,207,0
170.622,t2_squeezenet,12243.027,29.365,206,0
170.707,t2_squeezenet,12318.559,85.433,206,0
170.738,t2_squeezenet,12087.363,31.166,206,0
170.819,t2_squeezenet,12136.277,80.791,205,0
170.906,t2_squeezenet,12210.119,86.656,205,0
170.935,t2_squeezenet,12226.425,29.668,206,0
171.018,t2_squeezenet,12289.253,82.218,205,0
171.106,t2_squeezenet,12298.242,88.534,206,0
171.197,t2_squeezenet,12379.719,90.715,207,0
171.226,t2_squeezenet,12396.669,29.438,206,0
171.311,t2_squeezenet,12290.835,84.952,209,0
171.394,t2_squeezenet,12322.782,82.790,210,0
171.424,t2_squeezenet,12317.425,29.637,209,0
171.510,t2_squeezenet,12401.462,86.421,208,0
171.593,t2_squeezenet,12453.106,82.719,208,0
171.623,t2_squeezenet,12427.173,29.380,207,0
171.708,t2_squeezenet,12483.881,85.642,208,0
171.740,t2_squeezenet,12480.757,32.143,209,0
171.821,t2_squeezenet,12474.572,80.520,211,0
171.906,t2_squeezenet,12475.199,85.155,211,0
171.938,t2_squeezenet,12357.234,32.024,210,0
172.019,t2_squeezenet,12389.238,80.945,211,0
172.108,t2_squeezenet,12459.706,88.288,213,0
172.195,t2_squeezenet,12497.484,87.671,215,0
172.225,t2_squeezenet,12491.476,29.839,216,0
172.311,t2_squeezenet,12537.380,86.016,215,0
172.396,t2_squeezenet,12621.058,84.713,219,0
172.425,t2_squeezenet,12624.302,29.272,218,0
172.511,t2_squeezenet,12623.567,85.994,220,0
172.594,t2_squeezenet,12530.860,82.733,219,0
172.623,t2_squeezenet,12528.455,29.518,219,0
172.710,t2_squeezenet,12417.760,86.402,219,0
172.793,t2_squeezenet,12494.753,82.957,219,0
172.822,t2_squeezenet,12513.119,29.435,218,0
172.909,t2_squeezenet,12584.778,86.269,220,0
172.941,t2_squeezenet,12462.892,32.237,219,0
173.021,t2_squeezenet,12538.295,80.149,220,0
173.109,t2_squeezenet,12616.001,87.799,219,0
173.197,t2_squeezenet,12555.464,87.810,219,0
173.227,t2_squeezenet,12584.032,29.890,218,0
173.311,t2_squeezenet,12663.802,83.760,218,0
173.396,t2_squeezenet,12639.000,85.326,218,0
173.426,t2_squeezenet,12565.872,29.820,217,0
173.511,t2_squeezenet,12650.719,85.506,221,0
173.595,t2_squeezenet,12694.174,83.851,221,0
173.625,t2_squeezenet,12687.855,29.287,221,0
173.710,t2_squeezenet,12768.957,85.068,223,0
173.793,t2_squeezenet,12755.642,83.006,222,0
173.822,t2_squeezenet,12736.513,29.485,221,0
173.908,t2_squeezenet,12516.228,86.217,221,0
173.940,t2_squeezenet,12534.051,31.421,222,0
174.021,t2_squeezenet,12452.749,80.984,221,0
174.110,t2_squeezenet,12327.855,88.990,222,0
174.200,t2_squeezenet,12411.631,90.183,222,0
174.230,t2_squeezenet,12428.920,29.527,221,0
174.315,t2_squeezenet,12435.961,84.937,222,0
174.398,t2_squeezenet,12414.883,83.590,223,0
174.429,t2_squeezenet,12382.921,30.236,224,0
174.514,t2_squeezenet,12386.716,85.606,224,0
174.597,t2_squeezenet,12128.318,82.678,225,0
174.627,t2_squeezenet,12147.902,29.884,224,0
174.712,t2_squeezenet,12215.553,85.371,223,0
174.796,t2_squeezenet,12291.319,83.321,223,0
174.825,t2_squeezenet,12271.825,29.266,222,0
174.911,t2_squeezenet,12233.474,85.582,222,0
174.994,t2_squeezenet,12296.822,83.689,226,0
175.024,t2_squeezenet,12307.919,29.553,225,0
175.114,t2_squeezenet,12358.750,89.754,224,0
175.200,t2_squeezenet,12443.579,86.662,224,0
175.231,t2_squeezenet,12408.179,30.267,223,0
175.314,t2_squeezenet,12397.036,83.538,223,0
175.402,t2_squeezenet,12433.320,87.416,224,0
175.431,t2_squeezenet,12448.084,29.559,224,0
175.516,t2_squeezenet,12487.139,84.772,224,0
175.599,t2_squeezenet,12566.187,83.412,225,0
175.630,t2_squeezenet,12533.697,30.459,225,0
175.715,t2_squeezenet,12523.057,85.260,224,0
175.798,t2_squeezenet,12564.034,82.398,224,0
175.828,t2_squeezenet,12473.765,29.854,223,0
175.913,t2_squeezenet,12485.006,85.396,222,0
175.996,t2_squeezenet,12564.637,83.393,223,0
176.026,t2_squeezenet,12582.119,29.337,223,0
176.116,t2_squeezenet,12645.860,90.697,223,0
176.202,t2_squeezenet,12624.065,85.774,223,0
176.233,t2_squeezenet,12635.844,30.628,222,0
176.318,t2_squeezenet,12710.456,85.203,223,0
176.404,t2_squeezenet,12769.258,85.656,222,0
176.434,t2_squeezenet,12751.034,30.497,224,0
176.516,t2_squeezenet,12803.395,82.044,225,0
176.603,t2_squeezenet,12873.547,86.874,227,0
176.634,t2_squeezenet,12807.664,30.181,226,0
176.718,t2_squeezenet,12888.857,84.931,226,0
176.805,t2_squeezenet,12929.363,86.648,228,0
176.836,t2_squeezenet,12878.418,30.883,227,0
176.918,t2_squeezenet,12890.154,81.894,226,0
177.003,t2_squeezenet,12811.197,85.336,227,0
177.034,t2_squeezenet,12777.793,30.661,226,0
177.127,t2_squeezenet,12774.792,92.988,225,0
177.207,t2_squeezenet,12769.858,79.529,225,0
177.236,t2_squeezenet,12745.997,29.784,224,0
177.321,t2_squeezenet,12822.766,84.675,224,0
177.404,t2_squeezenet,12892.720,82.879,225,0
177.435,t2_squeezenet,12895.064,30.924,224,0
177.520,t2_squeezenet,12947.604,84.736,227,0
177.603,t2_squeezenet,12827.094,83.591,228,0
177.634,t2_squeezenet,12855.111,31.051,229,0
177.717,t2_squeezenet,12935.719,82.207,230,0
177.800,t2_squeezenet,12886.990,83.611,229,0
177.830,t2_squeezenet,12910.587,29.580,230,0
177.915,t2_squeezenet,12870.364,85.050,229,0
177.999,t2_squeezenet,12907.276,84.378,230,0
178.030,t2_squeezenet,12922.511,30.457,229,0
178.123,t2_squeezenet,12990.278,92.818,229,0
178.200,t2_squeezenet,13039.131,77.082,228,0
178.230,t2_squeezenet,13052.895,30.280,229,0
178.316,t2_squeezenet,13047.892,85.460,228,0
178.400,t2_squeezenet,13023.605,84.236,229,0
178.429,t2_squeezenet,12955.819,29.449,228,0
178.511,t2_squeezenet,13025.535,81.929,228,0
178.594,t2_squeezenet,13096.207,82.994,229,0
178.624,t2_squeezenet,13064.808,29.897,231,0
178.708,t2_squeezenet,13144.947,83.657,232,0
178.739,t2_squeezenet,12943.499,30.525,231,0
178.819,t2_squeezenet,12626.970,80.527,232,0
178.903,t2_squeezenet,12648.305,83.349,233,0
178.933,t2_squeezenet,12654.892,30.656,233,0
179.017,t2_squeezenet,12712.084,83.959,236,0
179.101,t2_squeezenet,12780.226,83.422,237,0
179.147,t2_squeezenet,12775.255,46.064,236,0
179.217,t2_squeezenet,12844.098,70.242,236,0
179.304,t2_squeezenet,12844.714,86.879,235,0
179.334,t2_squeezenet,12802.079,29.868,235,0
179.416,t2_squeezenet,12884.006,82.319,234,0
179.500,t2_squeezenet,12913.547,84.214,233,0
179.530,t2_squeezenet,12907.484,30.062,232,0
179.613,t2_squeezenet,12981.888,82.807,232,0
179.696,t2_squeezenet,13012.885,82.415,232,0
179.725,t2_squeezenet,12972.654,29.529,231,0
179.810,t2_squeezenet,12994.180,84.696,233,0
179.893,t2_squeezenet,13011.703,83.307,233,0
179.923,t2_squeezenet,12897.893,29.252,232,0
180.005,t2_squeezenet,12812.856,82.305,232,0
180.035,t2_squeezenet,12755.757,30.258,231,0
180.127,t2_squeezenet,12699.018,91.333,230,0
180.203,t2_squeezenet,12765.426,76.679,229,0
180.233,t2_squeezenet,12682.197,29.894,228,0
180.319,t2_squeezenet,12667.880,85.458,229,0
180.403,t2_squeezenet,12654.254,84.166,229,0
180.433,t2_squeezenet,12636.255,30.243,229,0
180.518,t2_squeezenet,12657.254,84.628,233,0
180.601,t2_squeezenet,12630.247,83.302,233,0
180.631,t2_squeezenet,12644.275,30.188,233,0
180.715,t2_squeezenet,12709.553,83.218,234,0
180.797,t2_squeezenet,12766.121,82.248,234,0
180.827,t2_squeezenet,12792.697,29.574,234,0
180.912,t2_squeezenet,12828.333,85.331,236,0
180.997,t2_squeezenet,12903.930,84.948,236,0
181.027,t2_squeezenet,12928.175,29.576,235,0
181.116,t2_squeezenet,12995.563,89.251,236,0
181.198,t2_squeezenet,13067.987,81.803,236,0
181.228,t2_squeezenet,12975.250,30.318,235,0
181.314,t2_squeezenet,13004.144,85.739,236,0
181.396,t2_squeezenet,13005.365,82.599,238,0
181.426,t2_squeezenet,12997.670,29.576,237,0
181.509,t2_squeezenet,13077.494,83.476,236,0
181.593,t2_squeezenet,13036.032,83.630,235,0
181.623,t2_squeezenet,13051.887,29.301,235,0
181.705,t2_squeezenet,13110.831,82.055,234,0
181.734,t2_squeezenet,13117.732,29.849,233,0
181.817,t2_squeezenet,13170.244,82.666,234,0
181.902,t2_squeezenet,13254.514,84.402,234,0
181.931,t2_squeezenet,13176.218,29.516,233,0
182.013,t2_squeezenet,13181.242,81.734,233,0
182.092,t2_squeezenet,13248.886,79.301,234,0
182.160,t2_squeezenet,13297.911,67.590,235,0
182.216,t2_squeezenet,13350.367,56.056,235,0
182.279,t2_squeezenet,13305.533,63.436,235,0
182.334,t2_squeezenet,13310.842,54.259,235,0
182.400,t2_squeezenet,13359.945,66.043,236,0
182.457,t2_squeezenet,13367.165,56.990,235,0
182.515,t2_squeezenet,13313.044,57.841,234,0
182.575,t2_squeezenet,13373.084,60.245,234,0
182.637,t2_squeezenet,13373.071,62.132,234,0
182.684,t2_squeezenet,13376.880,46.336,234,0
182.725,t2_squeezenet,13409.581,41.523,234,0
182.769,t2_squeezenet,13418.710,43.933,235,0
182.814,t2_squeezenet,13396.669,44.380,234,0
182.859,t2_squeezenet,13438.360,44.925,234,0
182.900,t2_squeezenet,13273.351,40.653,233,0
182.942,t2_squeezenet,13307.761,42.112,232,0
182.987,t2_squeezenet,13259.213,45.686,232,0
183.034,t2_squeezenet,13275.116,46.945,231,0
183.077,t2_squeezenet,13283.686,42.775,232,0
183.120,t2_squeezenet,13296.753,42.747,232,0
183.164,t2_squeezenet,13125.996,43.869,233,0
183.212,t2_squeezenet,13019.889,48.075,232,0
183.254,t2_squeezenet,13054.180,42.358,231,0
183.296,t2_squeezenet,13059.287,41.163,231,0
183.340,t2_squeezenet,13094.458,43.721,230,0
183.385,t2_squeezenet,13113.334,45.396,230,0
183.430,t2_squeezenet,13138.975,45.161,229,0
183.472,t2_squeezenet,13152.829,41.561,228,0
183.516,t2_squeezenet,13115.894,43.985,229,0
183.562,t2_squeezenet,13149.883,45.713,229,0
183.607,t2_squeezenet,13163.704,45.702,229,0
183.650,t2_squeezenet,13136.538,42.412,233,0
183.692,t2_squeezenet,13103.387,42.630,234,0
183.737,t2_squeezenet,13039.494,44.597,235,0
183.783,t2_squeezenet,13058.180,45.827,234,0
183.825,t2_squeezenet,12964.116,42.050,235,0
183.868,t2_squeezenet,12951.668,42.838,234,0
183.913,t2_squeezenet,12988.953,44.771,234,0
183.959,t2_squeezenet,12909.227,46.189,234,0
184.004,t2_squeezenet,12920.211,44.577,234,0
184.045,t2_squeezenet,12907.546,41.686,234,0
184.089,t2_squeezenet,12931.052,43.607,233,0
184.133,t2_squeezenet,12901.715,44.404,232,0
184.178,t2_squeezenet,12944.530,44.919,233,0
184.219,t2_squeezenet,12981.162,40.580,235,0
184.263,t2_squeezenet,13008.672,43.535,234,0
184.309,t2_squeezenet,12988.105,45.889,233,0
184.355,t2_squeezenet,13009.912,46.523,234,0
184.397,t2_squeezenet,12853.561,41.761,233,0
184.440,t2_squeezenet,12787.951,42.691,232,0
184.484,t2_squeezenet,12830.836,44.194,233,0
184.531,t2_squeezenet,12807.876,46.762,233,0
184.573,t2_squeezenet,12841.723,42.689,233,0
184.614,t2_squeezenet,12869.712,40.634,232,0
184.658,t2_squeezenet,12866.043,43.953,232,0
184.704,t2_squeezenet,12900.293,45.254,232,0
184.748,t2_squeezenet,12860.830,44.749,231,0
184.790,t2_squeezenet,12843.220,41.714,230,0
184.834,t2_squeezenet,12816.776,44.102,230,0
184.880,t2_squeezenet,12851.107,45.288,229,0
184.925,t2_squeezenet,12876.316,45.673,230,0
184.966,t2_squeezenet,12905.219,40.582,230,0
185.007,t2_squeezenet,12886.966,40.786,230,0
