t_s,tenant,latency_ms,service_ms,qdepth,warmup
0.135,t2_squeezenet,40.823,35.968,1,1
0.166,t2_squeezenet,41.163,31.277,1,1
0.211,t2_squeezenet,71.082,44.897,1,1
0.257,t2_squeezenet,71.393,46.010,1,1
0.299,t2_squeezenet,62.671,41.723,0,1
0.402,t2_squeezenet,50.823,47.379,0,1
0.562,t2_squeezenet,35.332,32.209,1,1
0.600,t2_squeezenet,47.210,38.193,0,1
0.681,t2_squeezenet,35.496,35.355,0,1
0.769,t2_squeezenet,32.405,32.345,1,1
0.801,t2_squeezenet,41.980,31.973,0,1
0.864,t2_squeezenet,39.057,37.143,0,1
0.933,t2_squeezenet,48.710,44.345,0,1
1.000,t2_squeezenet,45.723,41.080,0,1
1.048,t2_squeezenet,41.892,37.382,1,1
1.089,t2_squeezenet,64.440,41.417,1,1
1.126,t2_squeezenet,76.723,36.486,1,1
1.162,t2_squeezenet,71.512,35.872,2,1
1.198,t2_squeezenet,69.559,36.074,2,1
1.229,t2_squeezenet,74.094,30.945,4,1
1.261,t2_squeezenet,88.899,32.046,3,1
1.294,t2_squeezenet,91.551,32.853,3,1
1.323,t2_squeezenet,119.330,29.376,4,1
1.356,t2_squeezenet,134.178,33.110,3,1
1.390,t2_squeezenet,122.823,34.004,2,1
1.426,t2_squeezenet,124.946,35.698,2,1
1.461,t2_squeezenet,156.818,35.470,1,1
1.498,t2_squeezenet,82.583,36.763,0,1
1.556,t2_squeezenet,45.532,42.614,0,1
1.614,t2_squeezenet,40.429,38.008,0,1
1.744,t2_squeezenet,48.214,48.077,0,1
1.941,t2_squeezenet,39.403,35.026,1,1
1.971,t2_squeezenet,59.312,30.718,0,1
2.153,t2_squeezenet,39.814,35.562,0,1
2.415,t2_squeezenet,43.553,39.124,1,1
2.456,t2_squeezenet,82.836,40.525,1,1
2.500,t2_squeezenet,84.358,43.988,0,1
2.811,t2_squeezenet,37.277,32.362,2,1
2.843,t2_squeezenet,65.333,32.237,2,1
2.876,t2_squeezenet,69.866,32.329,2,1
2.907,t2_squeezenet,92.684,31.315,1,1
2.946,t2_squeezenet,85.968,38.825,1,1
2.993,t2_squeezenet,50.231,47.541,1,1
3.038,t2_squeezenet,75.106,44.188,0,1
3.111,t2_squeezenet,36.748,32.799,0,1
3.161,t2_squeezenet,45.407,45.307,0,1
3.207,t2_squeezenet,34.099,30.640,2,1
3.240,t2_squeezenet,65.806,32.523,1,1
3.273,t2_squeezenet,70.266,32.797,0,1
3.319,t2_squeezenet,38.270,35.963,1,1
3.358,t2_squeezenet,46.974,38.919,1,1
3.390,t2_squeezenet,60.447,32.552,1,1
3.427,t2_squeezenet,47.145,36.958,2,1
3.471,t2_squeezenet,70.760,43.949,2,1
3.516,t2_squeezenet,98.062,44.362,2,1
3.548,t2_squeezenet,119.442,31.688,2,1
3.592,t2_squeezenet,120.872,44.828,1,1
3.641,t2_squeezenet,112.419,48.733,0,1
3.797,t2_squeezenet,51.836,48.920,1,1
3.833,t2_squeezenet,42.109,36.256,0,1
3.980,t2_squeezenet,43.495,41.232,0,1
4.068,t2_squeezenet,49.623,47.182,0,1
4.171,t2_squeezenet,40.460,36.753,1,1
4.207,t2_squeezenet,36.537,35.791,1,1
4.242,t2_squeezenet,55.512,35.384,0,1
4.294,t2_squeezenet,41.332,36.621,0,1
4.405,t2_squeezenet,37.460,34.981,0,1
4.444,t2_squeezenet,36.865,33.915,1,1
4.479,t2_squeezenet,50.624,35.205,0,1
4.525,t2_squeezenet,39.685,35.834,0,1
4.582,t2_squeezenet,42.940,40.958,0,1
4.630,t2_squeezenet,44.832,42.591,1,1
4.678,t2_squeezenet,73.401,48.342,1,1
4.721,t2_squeezenet,83.837,43.191,1,1
4.764,t2_squeezenet,60.544,42.626,0,1
4.839,t2_squeezenet,46.286,44.855,1,1
4.886,t2_squeezenet,54.848,46.290,1,1
4.932,t2_squeezenet,73.836,46.051,2,1
4.973,t2_squeezenet,58.110,41.597,2,1
5.016,t2_squeezenet,99.166,42.828,2,1
5.062,t2_squeezenet,110.218,45.511,1,1
5.108,t2_squeezenet,123.563,46.126,2,1
5.149,t2_squeezenet,78.065,41.247,1,1
5.195,t2_squeezenet,97.093,45.999,3,1
5.241,t2_squeezenet,58.242,45.414,2,1
5.289,t2_squeezenet,104.895,47.832,2,1
5.333,t2_squeezenet,142.848,44.279,2,1
5.375,t2_squeezenet,114.600,41.864,2,1
5.421,t2_squeezenet,121.679,45.579,3,1
5.468,t2_squeezenet,125.425,47.232,3,1
5.510,t2_squeezenet,99.107,42.007,3,1
5.553,t2_squeezenet,138.736,43.193,4,1
5.599,t2_squeezenet,131.796,45.554,3,1
5.645,t2_squeezenet,168.448,45.997,2,1
5.681,t2_squeezenet,146.762,36.550,1,1
5.713,t2_squeezenet,169.185,31.193,0,1
5.796,t2_squeezenet,45.053,43.147,1,1
5.834,t2_squeezenet,53.243,37.813,1,1
5.863,t2_squeezenet,58.349,29.209,2,1
5.892,t2_squeezenet,39.528,29.125,1,1
5.922,t2_squeezenet,62.506,29.092,1,1
5.955,t2_squeezenet,58.443,33.188,1,1
5.986,t2_squeezenet,62.203,31.030,0,1
6.085,t2_squeezenet,52.430,48.774,1,1
6.128,t2_squeezenet,63.786,42.838,0,1
6.304,t2_squeezenet,38.330,33.989,0,1
6.351,t2_squeezenet,34.199,31.527,1,1
6.385,t2_squeezenet,35.067,34.681,2,1
6.416,t2_squeezenet,59.274,30.691,1,1
6.446,t2_squeezenet,84.821,29.705,1,1
6.475,t2_squeezenet,55.697,29.615,1,1
6.505,t2_squeezenet,53.944,29.094,0,1
6.571,t2_squeezenet,39.351,35.933,0,1
6.642,t2_squeezenet,39.370,35.358,1,1
6.684,t2_squeezenet,54.118,42.472,3,1
6.724,t2_squeezenet,73.057,39.679,3,1
6.765,t2_squeezenet,107.303,41.156,2,1
6.811,t2_squeezenet,152.374,45.446,1,1
6.858,t2_squeezenet,149.108,46.942,0,1
7.048,t2_squeezenet,33.957,33.595,0,1
7.168,t2_squeezenet,41.399,38.396,1,1
7.211,t2_squeezenet,67.743,43.029,0,1
7.409,t2_squeezenet,48.256,45.972,1,1
7.449,t2_squeezenet,63.698,40.206,0,1
7.525,t2_squeezenet,49.341,45.632,3,1
7.572,t2_squeezenet,84.490,46.771,2,1
7.609,t2_squeezenet,106.829,36.908,1,1
7.645,t2_squeezenet,126.992,36.146,0,1
7.696,t2_squeezenet,40.696,35.686,0,1
7.777,t2_squeezenet,38.321,35.166,3,1
7.812,t2_squeezenet,71.971,35.435,2,1
7.849,t2_squeezenet,104.056,36.800,1,1
7.887,t2_squeezenet,127.229,37.455,0,1
8.024,t2_squeezenet,37.555,35.473,1,1
8.058,t2_squeezenet,72.138,34.770,0,1
8.125,t2_squeezenet,40.756,36.116,2,1
8.160,t2_squeezenet,62.762,34.725,2,1
8.195,t2_squeezenet,97.756,35.390,1,1
8.232,t2_squeezenet,84.892,36.563,0,1
8.311,t2_squeezenet,35.713,34.027,3,1
8.341,t2_squeezenet,63.542,29.631,4,1
8.371,t2_squeezenet,80.970,29.511,3,1
8.402,t2_squeezenet,101.577,31.810,4,1
8.436,t2_squeezenet,103.710,33.362,3,1
8.465,t2_squeezenet,129.947,29.564,3,1
8.495,t2_squeezenet,118.998,29.561,2,1
8.529,t2_squeezenet,149.769,34.119,1,1
8.560,t2_squeezenet,101.243,30.767,2,1
8.594,t2_squeezenet,48.585,33.760,4,1
8.626,t2_squeezenet,72.189,32.719,4,1
8.659,t2_squeezenet,88.430,32.061,3,1
8.700,t2_squeezenet,130.046,41.681,2,1
8.733,t2_squeezenet,158.093,32.290,1,1
8.776,t2_squeezenet,163.297,43.060,1,1
8.822,t2_squeezenet,49.882,46.009,2,1
8.860,t2_squeezenet,83.071,37.724,2,1
8.891,t2_squeezenet,87.738,31.532,3,1
8.923,t2_squeezenet,93.452,31.860,2,1
8.955,t2_squeezenet,82.975,32.259,2,1
8.988,t2_squeezenet,110.376,32.470,1,1
9.019,t2_squeezenet,92.650,31.337,1,1
9.051,t2_squeezenet,35.233,31.365,1,1
9.083,t2_squeezenet,58.406,32.453,0,1
9.161,t2_squeezenet,35.096,32.452,0,1
9.256,t2_squeezenet,35.448,33.777,2,1
9.285,t2_squeezenet,48.085,29.503,1,1
9.321,t2_squeezenet,65.596,35.430,0,1
9.392,t2_squeezenet,47.715,46.386,0,1
9.685,t2_squeezenet,31.936,29.248,1,1
9.714,t2_squeezenet,39.349,29.131,0,1
9.762,t2_squeezenet,37.130,32.870,0,1
10.052,t2_squeezenet,47.724,46.103,1,1
10.091,t2_squeezenet,84.031,38.612,0,1
10.156,t2_squeezenet,32.826,29.917,0,1
10.200,t2_squeezenet,34.232,33.006,1,1
10.236,t2_squeezenet,62.198,36.219,2,1
10.272,t2_squeezenet,59.595,35.820,2,1
10.307,t2_squeezenet,75.958,35.040,2,1
10.342,t2_squeezenet,81.718,35.478,1,1
10.373,t2_squeezenet,89.562,31.042,1,1
10.404,t2_squeezenet,44.245,30.957,1,1
10.435,t2_squeezenet,38.741,30.457,1,1
10.466,t2_squeezenet,43.647,31.218,0,1
10.712,t2_squeezenet,47.457,42.933,0,1
10.770,t2_squeezenet,34.361,32.799,3,1
10.803,t2_squeezenet,47.927,32.439,3,1
10.847,t2_squeezenet,88.028,44.443,4,1
10.893,t2_squeezenet,124.738,46.068,4,1
10.938,t2_squeezenet,138.726,44.864,3,1
10.983,t2_squeezenet,173.219,45.269,2,1
11.023,t2_squeezenet,203.693,39.200,1,1
11.059,t2_squeezenet,174.469,35.957,0,1
11.104,t2_squeezenet,35.693,35.617,1,1
11.138,t2_squeezenet,63.148,33.111,1,1
11.171,t2_squeezenet,65.576,33.461,0,1
11.233,t2_squeezenet,40.775,36.127,3,1
11.274,t2_squeezenet,73.188,41.549,2,1
11.307,t2_squeezenet,90.214,33.283,1,1
11.338,t2_squeezenet,114.595,30.377,0,1
11.443,t2_squeezenet,32.787,29.216,1,1
11.472,t2_squeezenet,54.752,29.045,2,1
11.501,t2_squeezenet,43.281,29.109,1,1
11.531,t2_squeezenet,61.638,29.907,0,1
11.566,t2_squeezenet,31.274,29.295,0,1
11.616,t2_squeezenet,38.948,34.785,0,1
11.668,t2_squeezenet,35.360,31.967,0,1
11.729,t2_squeezenet,37.311,35.470,0,1
11.775,t2_squeezenet,39.811,36.442,1,1
11.812,t2_squeezenet,45.235,36.868,0,1
11.867,t2_squeezenet,36.421,34.663,0,1
12.070,t2_squeezenet,40.446,36.313,1,1
12.106,t2_squeezenet,38.752,35.044,1,1
12.135,t2_squeezenet,34.812,29.156,0,1
12.173,t2_squeezenet,33.687,33.522,2,1
12.210,t2_squeezenet,56.817,36.670,2,1
12.251,t2_squeezenet,88.129,40.760,2,1
12.293,t2_squeezenet,109.087,42.007,2,1
12.330,t2_squeezenet,89.720,37.472,1,1
12.363,t2_squeezenet,85.403,32.674,0,1
12.430,t2_squeezenet,33.146,31.395,0,1
12.535,t2_squeezenet,46.518,44.503,3,1
12.574,t2_squeezenet,77.693,38.589,2,1
12.612,t2_squeezenet,106.867,37.718,1,1
12.653,t2_squeezenet,131.789,41.573,1,1
12.697,t2_squeezenet,54.064,43.565,1,1
12.743,t2_squeezenet,89.140,45.892,0,1
12.868,t2_squeezenet,48.250,43.456,0,1
12.965,t2_squeezenet,51.442,46.539,2,1
12.996,t2_squeezenet,66.583,30.714,1,1
13.027,t2_squeezenet,63.127,31.715,1,1
13.076,t2_squeezenet,72.656,48.847,1,1
13.110,t2_squeezenet,80.519,34.064,1,1
13.141,t2_squeezenet,31.251,30.542,2,1
13.172,t2_squeezenet,52.810,30.998,1,1
13.218,t2_squeezenet,87.105,45.915,1,1
13.264,t2_squeezenet,72.212,46.182,1,1
13.307,t2_squeezenet,60.167,42.856,2,1
13.353,t2_squeezenet,64.829,46.424,1,1
13.397,t2_squeezenet,91.727,44.061,1,1
13.444,t2_squeezenet,64.560,46.581,0,1
13.494,t2_squeezenet,47.152,44.852,2,1
13.536,t2_squeezenet,80.440,41.529,1,1
13.580,t2_squeezenet,94.911,44.178,0,1
13.639,t2_squeezenet,47.297,43.522,1,1
13.681,t2_squeezenet,87.539,42.532,2,1
13.726,t2_squeezenet,78.329,44.543,2,1
13.771,t2_squeezenet,109.925,44.838,2,1
13.817,t2_squeezenet,124.075,45.930,2,1
13.864,t2_squeezenet,94.682,47.373,3,1
13.897,t2_squeezenet,87.185,32.914,4,1
13.929,t2_squeezenet,105.650,31.334,3,1
13.973,t2_squeezenet,116.052,44.672,2,1
14.021,t2_squeezenet,141.829,47.666,1,1
14.062,t2_squeezenet,181.535,41.030,1,1
14.101,t2_squeezenet,43.476,38.961,1,1
14.134,t2_squeezenet,33.530,33.077,1,1
14.167,t2_squeezenet,41.080,32.519,0,1
14.214,t2_squeezenet,33.314,31.818,0,1
14.322,t2_squeezenet,48.220,46.901,2,1
14.366,t2_squeezenet,83.983,44.600,2,1
14.409,t2_squeezenet,118.907,42.253,2,1
14.452,t2_squeezenet,125.626,43.605,3,1
14.501,t2_squeezenet,126.859,48.314,3,1
14.537,t2_squeezenet,114.034,35.686,2,1
14.576,t2_squeezenet,149.923,39.232,1,1
14.620,t2_squeezenet,159.526,44.543,1,1
14.660,t2_squeezenet,76.663,39.070,1,1
14.694,t2_squeezenet,49.246,34.385,0,1
14.781,t2_squeezenet,44.645,41.776,0,1
14.908,t2_squeezenet,34.959,29.985,0,1
15.001,t2_squeezenet,37.442,33.028,2,1
15.047,t2_squeezenet,50.822,46.124,2,1
15.081,t2_squeezenet,80.231,33.107,2,1
15.110,t2_squeezenet,84.458,29.114,2,1
15.139,t2_squeezenet,60.491,29.778,2,1
15.174,t2_squeezenet,72.435,34.590,2,1
15.205,t2_squeezenet,86.896,30.926,1,1
15.234,t2_squeezenet,74.781,29.143,0,1
15.281,t2_squeezenet,31.710,31.417,0,1
15.427,t2_squeezenet,33.890,29.482,0,1
15.486,t2_squeezenet,29.500,29.128,1,1
15.520,t2_squeezenet,39.301,33.811,0,1
15.623,t2_squeezenet,44.604,42.317,0,1
15.687,t2_squeezenet,42.119,38.404,0,1
15.754,t2_squeezenet,41.690,41.410,1,1
15.798,t2_squeezenet,51.545,44.694,1,1
15.833,t2_squeezenet,44.356,35.150,1,1
15.866,t2_squeezenet,39.036,32.115,0,1
15.931,t2_squeezenet,31.622,29.850,0,1
15.980,t2_squeezenet,33.514,29.099,1,1
16.009,t2_squeezenet,56.080,29.135,0,1
16.096,t2_squeezenet,38.885,35.651,0,1
16.166,t2_squeezenet,36.394,34.791,1,1
16.195,t2_squeezenet,45.424,29.264,0,1
16.229,t2_squeezenet,30.391,29.111,0,1
16.274,t2_squeezenet,33.411,29.795,0,1
16.396,t2_squeezenet,33.559,31.005,1,1
16.433,t2_squeezenet,45.195,36.248,0,1
16.477,t2_squeezenet,32.620,29.080,0,1
16.522,t2_squeezenet,36.059,35.236,0,1
16.569,t2_squeezenet,37.879,36.605,1,1
16.604,t2_squeezenet,52.057,35.188,0,1
16.695,t2_squeezenet,31.657,29.665,0,1
16.729,t2_squeezenet,31.599,29.204,0,1
16.822,t2_squeezenet,33.434,31.687,1,1
16.854,t2_squeezenet,35.950,31.874,1,1
16.892,t2_squeezenet,59.690,37.876,0,1
16.961,t2_squeezenet,45.537,44.113,0,1
17.072,t2_squeezenet,47.807,44.681,0,1
17.194,t2_squeezenet,48.105,45.493,1,1
17.225,t2_squeezenet,56.951,31.744,2,1
17.256,t2_squeezenet,40.937,30.671,2,1
17.288,t2_squeezenet,69.104,31.621,4,1
17.332,t2_squeezenet,105.320,44.682,4,1
17.378,t2_squeezenet,119.151,45.511,3,1
17.419,t2_squeezenet,159.535,41.087,2,1
17.465,t2_squeezenet,195.296,45.763,1,1
17.510,t2_squeezenet,209.925,45.172,0,1
17.571,t2_squeezenet,44.487,40.117,2,1
17.607,t2_squeezenet,70.396,35.913,1,1
17.640,t2_squeezenet,82.875,33.258,1,1
17.674,t2_squeezenet,40.656,34.443,0,1
17.892,t2_squeezenet,39.623,35.113,1,1
17.926,t2_squeezenet,36.538,34.406,0,1
18.049,t2_squeezenet,43.664,42.240,2,1
18.084,t2_squeezenet,73.727,34.712,1,1
18.130,t2_squeezenet,119.094,45.988,0,1
18.190,t2_squeezenet,46.024,44.188,0,1
18.293,t2_squeezenet,46.965,42.159,0,1
18.358,t2_squeezenet,40.909,39.934,0,1
18.434,t2_squeezenet,38.800,35.260,1,1
18.471,t2_squeezenet,38.291,37.330,0,1
18.541,t2_squeezenet,33.404,29.107,1,1
18.570,t2_squeezenet,38.368,29.654,0,1
18.641,t2_squeezenet,36.691,35.365,1,1
18.676,t2_squeezenet,56.707,34.941,1,1
18.712,t2_squeezenet,42.423,35.875,0,1
18.922,t2_squeezenet,45.763,42.765,0,1
19.035,t2_squeezenet,32.741,31.312,0,1
19.160,t2_squeezenet,37.256,33.806,1,1
19.193,t2_squeezenet,57.441,32.928,0,1
19.356,t2_squeezenet,39.230,36.692,0,1
19.429,t2_squeezenet,44.804,42.523,0,1
19.537,t2_squeezenet,37.716,32.693,4,1
19.576,t2_squeezenet,72.046,38.769,3,1
19.621,t2_squeezenet,94.983,45.002,2,1
19.665,t2_squeezenet,135.010,43.874,2,1
19.707,t2_squeezenet,175.661,41.903,3,1
19.740,t2_squeezenet,107.893,32.559,2,1
19.782,t2_squeezenet,94.233,42.300,2,1
19.821,t2_squeezenet,128.321,38.932,3,1
19.863,t2_squeezenet,111.761,42.307,2,1
19.896,t2_squeezenet,84.499,32.247,1,1
19.931,t2_squeezenet,118.913,35.723,0,1
20.003,t2_squeezenet,36.938,36.199,1,0
20.034,t2_squeezenet,44.096,30.754,1,0
20.063,t2_squeezenet,58.157,29.280,0,0
20.130,t2_squeezenet,37.780,36.108,1,0
20.175,t2_squeezenet,63.170,45.670,0,0
20.248,t2_squeezenet,50.194,46.770,0,0
20.343,t2_squeezenet,29.418,29.172,1,0
20.373,t2_squeezenet,44.490,30.033,2,0
20.405,t2_squeezenet,48.807,32.475,1,0
20.436,t2_squeezenet,71.376,30.735,1,0
20.467,t2_squeezenet,58.485,31.459,2,0
20.513,t2_squeezenet,56.724,45.667,1,0
20.560,t2_squeezenet,102.694,47.151,0,0
20.693,t2_squeezenet,33.481,31.443,1,0
20.722,t2_squeezenet,55.136,29.294,2,0
20.755,t2_squeezenet,51.226,32.946,1,0
20.797,t2_squeezenet,76.490,42.125,0,0
20.844,t2_squeezenet,43.025,41.363,0,0
20.984,t2_squeezenet,47.164,43.471,1,0
21.030,t2_squeezenet,60.929,46.062,5,0
21.066,t2_squeezenet,65.908,36.362,5,0
21.099,t2_squeezenet,92.352,32.710,4,0
21.137,t2_squeezenet,126.706,37.746,4,0
21.174,t2_squeezenet,158.825,37.368,3,0
21.205,t2_squeezenet,184.212,30.734,2,0
21.234,t2_squeezenet,171.639,29.145,2,0
21.264,t2_squeezenet,152.625,30.026,1,0
21.301,t2_squeezenet,68.947,36.263,1,0
21.335,t2_squeezenet,61.928,34.456,0,0
21.480,t2_squeezenet,35.684,34.152,0,0
21.586,t2_squeezenet,37.330,34.411,0,0
21.648,t2_squeezenet,36.299,31.696,0,0
21.724,t2_squeezenet,38.047,35.578,1,0
21.758,t2_squeezenet,49.826,34.117,1,0
21.792,t2_squeezenet,62.139,34.225,1,0
21.823,t2_squeezenet,34.416,30.926,0,0
21.960,t2_squeezenet,32.107,30.651,1,0
21.997,t2_squeezenet,51.835,36.455,0,0
22.059,t2_squeezenet,51.069,47.167,1,0
22.097,t2_squeezenet,82.446,37.341,2,0
22.128,t2_squeezenet,61.109,30.961,1,0
22.173,t2_squeezenet,105.656,45.048,1,0
22.219,t2_squeezenet,76.494,46.008,0,0
22.342,t2_squeezenet,43.891,41.995,1,0
22.374,t2_squeezenet,71.434,31.686,0,0
22.442,t2_squeezenet,33.351,33.079,0,0
22.496,t2_squeezenet,34.506,33.594,0,0
22.574,t2_squeezenet,44.002,42.499,0,0
22.650,t2_squeezenet,48.823,45.391,1,0
22.699,t2_squeezenet,75.114,48.746,1,0
22.742,t2_squeezenet,49.092,42.694,0,0
22.787,t2_squeezenet,31.464,30.075,0,0
22.854,t2_squeezenet,42.796,42.243,0,0
22.914,t2_squeezenet,49.408,44.742,0,0
22.972,t2_squeezenet,49.301,47.461,0,0
23.075,t2_squeezenet,41.530,36.543,1,0
23.108,t2_squeezenet,69.141,32.638,0,0
23.152,t2_squeezenet,38.257,34.722,1,0
23.184,t2_squeezenet,63.460,31.158,2,0
23.213,t2_squeezenet,60.091,29.782,2,0
23.247,t2_squeezenet,72.311,33.590,2,0
23.282,t2_squeezenet,90.967,34.486,2,0
23.319,t2_squeezenet,78.866,37.669,1,0
23.353,t2_squeezenet,84.752,33.982,2,0
23.389,t2_squeezenet,66.413,35.240,2,0
23.425,t2_squeezenet,79.950,36.726,3,0
23.462,t2_squeezenet,82.590,36.792,2,0
23.497,t2_squeezenet,100.808,35.277,1,0
23.532,t2_squeezenet,131.255,34.876,0,0
23.619,t2_squeezenet,36.458,35.789,0,0
23.699,t2_squeezenet,32.314,30.020,0,0
23.820,t2_squeezenet,34.344,29.790,2,0
23.854,t2_squeezenet,65.286,33.576,1,0
23.894,t2_squeezenet,83.931,40.238,0,0
23.968,t2_squeezenet,35.064,33.017,0,0
24.084,t2_squeezenet,34.067,30.528,0,0
24.130,t2_squeezenet,33.126,30.289,1,0
24.165,t2_squeezenet,50.077,35.832,1,0
24.203,t2_squeezenet,42.213,37.412,1,0
24.238,t2_squeezenet,46.449,34.929,0,0
24.297,t2_squeezenet,42.032,38.857,2,0
24.331,t2_squeezenet,67.961,33.704,2,0
24.375,t2_squeezenet,96.896,44.219,1,0
24.421,t2_squeezenet,118.029,45.678,2,0
24.466,t2_squeezenet,87.206,45.267,1,0
24.502,t2_squeezenet,95.473,35.397,2,0
24.537,t2_squeezenet,67.304,35.290,1,0
24.573,t2_squeezenet,71.689,35.836,0,0
24.666,t2_squeezenet,45.774,43.056,2,0
24.712,t2_squeezenet,82.649,45.735,2,0
24.748,t2_squeezenet,93.509,35.325,5,0
24.790,t2_squeezenet,105.603,42.269,4,0
24.833,t2_squeezenet,118.499,42.645,3,0
24.877,t2_squeezenet,147.026,44.170,2,0
24.920,t2_squeezenet,186.361,43.092,1,0
24.966,t2_squeezenet,220.972,46.088,2,0
25.010,t2_squeezenet,83.818,43.662,3,0
25.055,t2_squeezenet,125.809,44.643,4,0
25.103,t2_squeezenet,120.611,47.983,3,0
25.148,t2_squeezenet,161.824,45.730,2,0
25.191,t2_squeezenet,176.650,42.137,1,0
25.235,t2_squeezenet,200.627,44.460,1,0
25.279,t2_squeezenet,47.670,44.184,1,0
25.324,t2_squeezenet,56.808,44.272,0,0
25.441,t2_squeezenet,39.198,35.863,0,0
25.550,t2_squeezenet,44.471,43.407,2,0
25.597,t2_squeezenet,89.576,46.567,2,0
25.643,t2_squeezenet,135.463,46.805,5,0
25.684,t2_squeezenet,118.429,40.337,6,0
25.728,t2_squeezenet,117.656,44.114,5,0
25.773,t2_squeezenet,161.136,45.091,5,0
25.821,t2_squeezenet,208.148,47.819,4,0
25.865,t2_squeezenet,233.927,44.288,5,0
25.910,t2_squeezenet,235.111,44.827,6,0
25.955,t2_squeezenet,278.636,44.689,6,0
26.003,t2_squeezenet,255.030,48.421,7,0
26.042,t2_squeezenet,217.760,38.944,7,0
26.077,t2_squeezenet,246.950,34.875,9,0
26.113,t2_squeezenet,227.088,35.566,8,0
26.155,t2_squeezenet,257.734,42.215,7,0
26.198,t2_squeezenet,269.802,42.359,6,0
26.244,t2_squeezenet,285.879,46.235,5,0
26.291,t2_squeezenet,318.621,47.397,5,0
26.337,t2_squeezenet,306.774,45.618,5,0
26.372,t2_squeezenet,312.026,35.028,7,0
26.404,t2_squeezenet,334.772,32.189,7,0
26.436,t2_squeezenet,360.286,31.982,6,0
26.468,t2_squeezenet,218.231,32.044,5,0
26.500,t2_squeezenet,194.139,31.655,4,0
26.532,t2_squeezenet,183.418,31.492,3,0
26.564,t2_squeezenet,213.337,32.212,2,0
26.606,t2_squeezenet,239.675,42.628,1,0
26.641,t2_squeezenet,251.891,34.864,0,0
26.716,t2_squeezenet,33.424,29.203,1,0
26.752,t2_squeezenet,39.558,35.543,0,0
26.798,t2_squeezenet,40.449,36.082,0,0
26.870,t2_squeezenet,39.405,36.622,0,0
26.935,t2_squeezenet,29.655,29.397,2,0
26.964,t2_squeezenet,46.194,29.136,1,0
27.000,t2_squeezenet,74.903,35.778,0,0
27.054,t2_squeezenet,29.629,29.391,1,0
27.088,t2_squeezenet,53.274,33.127,0,0
27.156,t2_squeezenet,37.682,33.316,1,0
27.186,t2_squeezenet,36.805,29.175,1,0
27.217,t2_squeezenet,59.539,31.682,0,0
27.293,t2_squeezenet,32.591,29.975,1,0
27.322,t2_squeezenet,30.257,29.168,0,0
27.541,t2_squeezenet,34.149,31.391,1,0
27.581,t2_squeezenet,49.227,39.879,0,0
27.639,t2_squeezenet,45.765,42.236,2,0
27.680,t2_squeezenet,54.759,40.939,1,0
27.712,t2_squeezenet,75.607,32.081,0,0
27.752,t2_squeezenet,36.134,34.819,2,0
27.786,t2_squeezenet,42.458,34.131,2,0
27.819,t2_squeezenet,67.601,33.325,2,0
27.853,t2_squeezenet,79.743,34.194,1,0
27.887,t2_squeezenet,89.593,33.792,0,0
27.948,t2_squeezenet,35.702,35.409,1,0
27.984,t2_squeezenet,45.467,35.730,2,0
28.020,t2_squeezenet,66.141,35.941,2,0
28.055,t2_squeezenet,72.993,35.471,1,0
28.093,t2_squeezenet,97.515,37.386,0,0
28.189,t2_squeezenet,47.379,45.551,2,0
28.234,t2_squeezenet,67.927,45.039,2,0
28.276,t2_squeezenet,97.486,42.186,2,0
28.312,t2_squeezenet,103.921,35.838,1,0
28.346,t2_squeezenet,108.997,33.369,0,0
28.477,t2_squeezenet,39.111,35.281,0,0
28.616,t2_squeezenet,42.348,42.245,3,0
28.658,t2_squeezenet,80.436,42.265,3,0
28.704,t2_squeezenet,116.310,46.087,2,0
28.751,t2_squeezenet,140.620,46.634,2,0
28.794,t2_squeezenet,149.531,43.537,1,0
28.839,t2_squeezenet,93.035,44.534,1,0
28.881,t2_squeezenet,67.008,42.392,0,0
28.966,t2_squeezenet,46.717,43.489,0,0
29.020,t2_squeezenet,38.364,33.725,0,0
29.095,t2_squeezenet,32.499,29.972,0,0
29.139,t2_squeezenet,37.419,33.357,0,0
29.194,t2_squeezenet,30.787,29.751,1,0
29.228,t2_squeezenet,36.193,33.547,1,0
29.262,t2_squeezenet,36.848,34.127,0,0
29.349,t2_squeezenet,39.209,36.947,2,0
29.384,t2_squeezenet,71.501,34.253,2,0
29.428,t2_squeezenet,92.748,44.068,1,0
29.460,t2_squeezenet,102.741,32.439,0,0
29.549,t2_squeezenet,48.513,43.491,2,0
29.586,t2_squeezenet,72.978,36.456,1,0
29.619,t2_squeezenet,75.037,33.311,0,0
29.711,t2_squeezenet,37.262,35.624,0,0
29.756,t2_squeezenet,31.233,30.344,0,0
29.811,t2_squeezenet,31.842,29.888,0,0
29.896,t2_squeezenet,30.444,29.313,1,0
29.926,t2_squeezenet,54.293,29.693,1,0
29.962,t2_squeezenet,59.650,36.244,1,0
29.998,t2_squeezenet,53.154,35.887,0,0
30.099,t2_squeezenet,31.837,30.151,1,0
30.128,t2_squeezenet,34.453,29.074,0,0
30.284,t2_squeezenet,39.363,39.267,0,0
30.370,t2_squeezenet,42.285,40.346,0,0
30.456,t2_squeezenet,45.809,45.378,0,0
30.758,t2_squeezenet,51.692,48.263,0,0
30.899,t2_squeezenet,36.571,34.948,1,0
30.931,t2_squeezenet,37.977,31.688,0,0
30.995,t2_squeezenet,33.605,33.557,0,0
31.043,t2_squeezenet,45.696,43.209,0,0
31.123,t2_squeezenet,29.709,29.378,0,0
31.180,t2_squeezenet,35.569,31.757,0,0
31.256,t2_squeezenet,37.717,35.472,2,0
31.297,t2_squeezenet,70.511,40.599,1,0
31.340,t2_squeezenet,99.396,43.310,0,0
31.423,t2_squeezenet,38.362,36.817,0,0
31.492,t2_squeezenet,38.703,37.844,1,0
31.531,t2_squeezenet,51.638,39.663,0,0
31.602,t2_squeezenet,30.666,30.096,0,0
31.662,t2_squeezenet,38.397,34.343,1,0
31.697,t2_squeezenet,67.144,35.141,0,0
31.792,t2_squeezenet,35.465,34.532,1,0
31.829,t2_squeezenet,68.140,36.698,0,0
31.891,t2_squeezenet,33.790,31.293,0,0
31.940,t2_squeezenet,32.644,29.203,1,0
31.970,t2_squeezenet,55.564,30.107,0,0
32.031,t2_squeezenet,40.402,35.363,1,0
32.074,t2_squeezenet,49.227,43.235,1,0
32.118,t2_squeezenet,85.585,43.608,1,0
32.162,t2_squeezenet,53.563,43.869,1,0
32.208,t2_squeezenet,55.117,46.250,0,0
32.296,t2_squeezenet,33.066,32.241,0,0
32.353,t2_squeezenet,40.985,36.199,2,0
32.389,t2_squeezenet,76.507,35.991,1,0
32.423,t2_squeezenet,103.873,34.623,0,0
32.503,t2_squeezenet,36.920,33.947,0,0
32.680,t2_squeezenet,50.333,45.567,0,0
33.030,t2_squeezenet,34.631,30.279,1,0
33.065,t2_squeezenet,52.315,35.518,0,0
33.192,t2_squeezenet,38.297,35.177,0,0
33.237,t2_squeezenet,34.029,30.165,0,0
33.277,t2_squeezenet,37.670,34.616,1,0
33.310,t2_squeezenet,63.571,33.173,1,0
33.347,t2_squeezenet,46.278,37.135,1,0
33.382,t2_squeezenet,36.754,34.776,1,0
33.418,t2_squeezenet,55.974,35.836,0,0
33.462,t2_squeezenet,37.984,34.270,0,0
33.503,t2_squeezenet,38.681,36.302,1,0
33.539,t2_squeezenet,46.735,35.467,0,0
33.632,t2_squeezenet,39.600,37.292,0,0
33.714,t2_squeezenet,44.791,41.684,0,0
33.881,t2_squeezenet,42.594,40.259,0,0
33.954,t2_squeezenet,42.708,42.399,0,0
34.011,t2_squeezenet,44.038,41.744,2,0
34.041,t2_squeezenet,60.498,29.793,1,0
34.070,t2_squeezenet,85.012,29.377,0,0
34.206,t2_squeezenet,42.517,40.224,1,0
34.253,t2_squeezenet,59.473,46.486,0,0
34.371,t2_squeezenet,37.708,37.000,1,0
34.407,t2_squeezenet,59.791,36.258,2,0
34.442,t2_squeezenet,69.152,35.029,2,0
34.477,t2_squeezenet,79.258,34.657,1,0
34.511,t2_squeezenet,78.170,34.248,0,0
34.556,t2_squeezenet,37.294,34.218,1,0
34.586,t2_squeezenet,57.383,30.475,0,0
34.712,t2_squeezenet,40.523,39.939,0,0
34.790,t2_squeezenet,37.208,36.719,0,0
34.827,t2_squeezenet,31.881,31.766,0,0
34.896,t2_squeezenet,43.857,43.655,1,0
34.943,t2_squeezenet,76.250,46.685,1,0
34.980,t2_squeezenet,46.882,37.161,1,0
35.012,t2_squeezenet,63.746,32.000,0,0
35.120,t2_squeezenet,50.218,47.161,1,0
35.157,t2_squeezenet,40.674,37.283,1,0
35.193,t2_squeezenet,56.033,36.250,1,0
35.228,t2_squeezenet,52.450,35.017,0,0
35.270,t2_squeezenet,37.641,36.649,0,0
35.329,t2_squeezenet,41.223,38.423,2,0
35.371,t2_squeezenet,74.639,42.154,2,0
35.406,t2_squeezenet,80.908,34.873,1,0
35.439,t2_squeezenet,98.017,32.912,1,0
35.471,t2_squeezenet,42.233,32.053,1,0
35.505,t2_squeezenet,47.463,34.013,0,0
35.552,t2_squeezenet,34.264,32.153,0,0
35.630,t2_squeezenet,34.413,32.294,0,0
35.758,t2_squeezenet,45.604,41.892,2,0
35.798,t2_squeezenet,50.176,40.255,2,0
35.832,t2_squeezenet,81.417,33.201,2,0
35.864,t2_squeezenet,79.129,32.297,1,0
35.896,t2_squeezenet,66.750,32.235,0,0
35.964,t2_squeezenet,34.991,32.128,0,0
36.080,t2_squeezenet,48.390,45.005,0,0
36.152,t2_squeezenet,51.469,46.521,0,0
36.224,t2_squeezenet,46.104,41.495,1,0
36.265,t2_squeezenet,79.769,41.236,2,0
36.312,t2_squeezenet,61.147,46.992,2,0
36.358,t2_squeezenet,104.766,46.118,1,0
36.401,t2_squeezenet,90.932,42.351,2,0
36.445,t2_squeezenet,82.300,44.283,1,0
36.490,t2_squeezenet,90.375,44.515,1,0
36.537,t2_squeezenet,59.489,47.469,0,0
36.682,t2_squeezenet,53.893,48.855,1,0
36.727,t2_squeezenet,44.764,44.176,1,0
36.762,t2_squeezenet,58.343,35.217,1,0
36.799,t2_squeezenet,65.053,36.928,0,0
36.938,t2_squeezenet,32.842,32.480,1,0
36.978,t2_squeezenet,47.391,40.759,1,0
37.022,t2_squeezenet,61.015,43.434,0,0
37.112,t2_squeezenet,47.366,44.424,1,0
37.155,t2_squeezenet,62.185,42.849,2,0
37.200,t2_squeezenet,80.541,45.193,2,0
37.246,t2_squeezenet,110.825,45.350,1,0
37.289,t2_squeezenet,96.839,43.207,1,0
37.334,t2_squeezenet,87.490,44.501,2,0
37.378,t2_squeezenet,81.308,44.728,1,0
37.425,t2_squeezenet,122.533,46.515,0,0
37.488,t2_squeezenet,43.442,42.182,0,0
37.533,t2_squeezenet,43.367,40.701,0,0
37.622,t2_squeezenet,52.356,47.680,0,0
37.755,t2_squeezenet,51.835,46.857,1,0
37.790,t2_squeezenet,70.268,35.019,0,0
37.876,t2_squeezenet,46.520,44.748,0,0
37.987,t2_squeezenet,33.902,30.682,0,0
38.034,t2_squeezenet,35.834,31.265,1,0
38.063,t2_squeezenet,39.817,29.404,1,0
38.095,t2_squeezenet,42.466,31.904,0,0
38.139,t2_squeezenet,35.957,33.557,0,0
38.211,t2_squeezenet,47.590,46.808,1,0
38.257,t2_squeezenet,48.909,45.920,0,0
38.389,t2_squeezenet,55.045,49.572,0,0
38.471,t2_squeezenet,37.527,36.596,1,0
38.508,t2_squeezenet,59.534,37.128,0,0
38.650,t2_squeezenet,30.454,30.406,1,0
38.679,t2_squeezenet,44.612,29.110,0,0
38.744,t2_squeezenet,35.663,34.254,0,0
38.803,t2_squeezenet,34.699,34.328,0,0
38.844,t2_squeezenet,37.698,35.737,0,0
38.941,t2_squeezenet,31.824,30.914,0,0
38.993,t2_squeezenet,36.084,32.483,0,0
39.163,t2_squeezenet,40.037,37.909,0,0
39.205,t2_squeezenet,40.175,36.997,0,0
39.270,t2_squeezenet,49.329,45.083,1,0
39.313,t2_squeezenet,76.244,42.701,1,0
39.359,t2_squeezenet,87.306,45.402,0,0
39.405,t2_squeezenet,38.360,35.781,1,0
39.437,t2_squeezenet,33.202,32.009,1,0
39.467,t2_squeezenet,45.249,30.522,1,0
39.500,t2_squeezenet,58.361,32.579,1,0
39.533,t2_squeezenet,64.731,33.516,1,0
39.573,t2_squeezenet,63.162,39.751,1,0
39.608,t2_squeezenet,59.221,35.022,2,0
39.645,t2_squeezenet,54.849,36.602,1,0
39.680,t2_squeezenet,87.640,34.785,0,0
39.746,t2_squeezenet,43.580,41.209,1,0
39.789,t2_squeezenet,60.219,43.250,0,0
39.976,t2_squeezenet,38.995,34.980,0,0
40.027,t2_squeezenet,48.370,45.575,4,0
40.071,t2_squeezenet,89.635,44.090,4,0
40.116,t2_squeezenet,131.172,44.582,3,0
40.166,t2_squeezenet,177.023,49.778,3,0
40.211,t2_squeezenet,202.910,44.982,2,0
40.252,t2_squeezenet,203.319,41.515,3,0
40.299,t2_squeezenet,153.990,46.908,2,0
40.344,t2_squeezenet,131.469,44.414,3,0
40.391,t2_squeezenet,155.546,46.857,2,0
40.434,t2_squeezenet,109.143,43.572,2,0
40.466,t2_squeezenet,139.593,32.088,2,0
40.499,t2_squeezenet,85.099,32.390,2,0
40.537,t2_squeezenet,101.182,38.604,3,0
40.580,t2_squeezenet,91.852,42.432,2,0
40.622,t2_squeezenet,120.175,42.167,2,0
40.668,t2_squeezenet,135.357,46.202,2,0
40.717,t2_squeezenet,135.604,48.776,2,0
40.761,t2_squeezenet,112.382,43.763,3,0
40.807,t2_squeezenet,101.639,45.607,2,0
40.851,t2_squeezenet,113.429,44.015,3,0
40.896,t2_squeezenet,134.857,45.065,2,0
40.937,t2_squeezenet,112.509,41.555,4,0
40.977,t2_squeezenet,149.086,39.604,3,0
41.020,t2_squeezenet,114.069,43.165,2,0
41.069,t2_squeezenet,146.748,48.829,4,0
41.112,t2_squeezenet,175.958,42.341,5,0
41.145,t2_squeezenet,119.860,33.314,4,0
41.182,t2_squeezenet,155.809,36.690,5,0
41.218,t2_squeezenet,190.709,36.459,4,0
41.254,t2_squeezenet,184.071,35.928,4,0
41.289,t2_squeezenet,213.548,34.775,3,0
41.326,t2_squeezenet,176.938,37.280,2,0
41.358,t2_squeezenet,184.820,31.494,2,0
41.387,t2_squeezenet,146.390,29.105,1,0
41.416,t2_squeezenet,79.901,29.068,0,0
41.456,t2_squeezenet,32.955,29.689,0,0
41.490,t2_squeezenet,29.467,29.148,0,0
41.691,t2_squeezenet,39.007,34.034,3,0
41.738,t2_squeezenet,82.237,46.734,3,0
41.784,t2_squeezenet,121.832,45.831,3,0
41.817,t2_squeezenet,151.268,32.978,2,0
41.847,t2_squeezenet,125.901,30.087,1,0
41.876,t2_squeezenet,118.839,29.169,0,0
41.920,t2_squeezenet,35.727,34.207,2,0
41.957,t2_squeezenet,51.869,36.505,1,0
41.988,t2_squeezenet,81.137,30.833,0,0
42.074,t2_squeezenet,33.265,30.628,1,0
42.107,t2_squeezenet,60.583,32.637,0,0
42.249,t2_squeezenet,36.352,35.860,0,0
42.320,t2_squeezenet,31.512,31.120,3,0
42.350,t2_squeezenet,40.227,29.580,3,0
42.379,t2_squeezenet,68.652,29.148,3,0
42.415,t2_squeezenet,97.399,35.525,2,0
42.452,t2_squeezenet,121.197,36.911,2,0
42.483,t2_squeezenet,114.361,31.290,1,0
42.512,t2_squeezenet,83.158,29.129,0,0
42.687,t2_squeezenet,34.737,32.955,0,0
42.728,t2_squeezenet,39.541,35.856,0,0
42.768,t2_squeezenet,40.125,35.090,3,0
42.807,t2_squeezenet,72.423,39.020,2,0
42.852,t2_squeezenet,116.781,45.123,2,0
42.886,t2_squeezenet,141.673,33.490,1,0
42.918,t2_squeezenet,104.841,32.181,1,0
42.950,t2_squeezenet,45.861,32.350,0,0
42.996,t2_squeezenet,44.976,41.194,0,0
43.100,t2_squeezenet,51.449,48.147,1,0
43.143,t2_squeezenet,86.183,42.694,1,0
43.173,t2_squeezenet,51.358,30.105,0,0
43.273,t2_squeezenet,31.712,29.216,0,0
43.372,t2_squeezenet,34.917,32.664,1,0
43.417,t2_squeezenet,75.519,44.857,0,0
43.558,t2_squeezenet,43.280,39.729,1,0
43.600,t2_squeezenet,49.430,42.669,0,0
43.682,t2_squeezenet,31.082,30.689,0,0
43.771,t2_squeezenet,43.901,38.860,0,0
43.827,t2_squeezenet,30.688,30.303,0,0
43.880,t2_squeezenet,33.906,32.274,1,0
43.909,t2_squeezenet,39.778,29.129,1,0
43.938,t2_squeezenet,48.636,29.078,0,0
44.010,t2_squeezenet,41.614,36.747,0,0
44.166,t2_squeezenet,45.547,44.658,0,0
44.401,t2_squeezenet,34.273,31.694,1,0
44.435,t2_squeezenet,55.126,33.990,0,0
44.482,t2_squeezenet,43.726,42.569,1,0
44.516,t2_squeezenet,43.574,33.367,1,0
44.558,t2_squeezenet,73.578,42.199,2,0
44.596,t2_squeezenet,71.240,38.053,1,0
44.644,t2_squeezenet,90.393,47.334,2,0
44.687,t2_squeezenet,74.536,43.472,1,0
44.730,t2_squeezenet,112.590,42.922,1,0
44.775,t2_squeezenet,82.153,45.407,1,0
44.821,t2_squeezenet,78.058,45.590,0,0
44.889,t2_squeezenet,39.085,37.345,1,0
44.921,t2_squeezenet,43.723,31.717,1,0
44.950,t2_squeezenet,52.805,29.059,1,0
44.984,t2_squeezenet,41.332,34.086,0,0
45.139,t2_squeezenet,44.861,43.884,2,0
45.178,t2_squeezenet,73.628,38.792,1,0
45.209,t2_squeezenet,92.307,31.370,2,0
45.242,t2_squeezenet,60.166,33.081,2,0
45.275,t2_squeezenet,81.001,32.324,2,0
45.304,t2_squeezenet,86.594,29.209,2,0
45.334,t2_squeezenet,79.221,30.308,1,0
45.365,t2_squeezenet,83.093,31.163,0,0
45.506,t2_squeezenet,33.547,29.729,0,0
45.704,t2_squeezenet,43.307,40.951,0,0
45.755,t2_squeezenet,47.206,45.642,0,0
45.839,t2_squeezenet,46.530,42.992,0,0
45.967,t2_squeezenet,40.067,36.407,0,0
46.093,t2_squeezenet,46.889,45.453,2,0
46.129,t2_squeezenet,79.827,35.285,1,0
46.160,t2_squeezenet,86.278,31.065,1,0
46.191,t2_squeezenet,50.246,31.209,0,0
46.370,t2_squeezenet,36.918,35.992,1,0
46.418,t2_squeezenet,58.021,47.641,2,0
46.456,t2_squeezenet,67.441,37.652,2,0
46.486,t2_squeezenet,95.775,30.721,2,0
46.521,t2_squeezenet,84.738,34.719,1,0
46.553,t2_squeezenet,85.967,32.012,0,0
46.587,t2_squeezenet,34.158,29.246,0,0
46.710,t2_squeezenet,33.379,31.696,1,0
46.752,t2_squeezenet,62.781,41.605,1,0
46.788,t2_squeezenet,39.373,36.383,0,0
46.859,t2_squeezenet,38.888,35.428,1,0
46.896,t2_squeezenet,53.401,37.127,1,0
46.932,t2_squeezenet,46.425,36.139,2,0
46.967,t2_squeezenet,49.154,34.780,1,0
47.002,t2_squeezenet,73.485,34.755,0,0
47.279,t2_squeezenet,41.292,38.343,1,0
47.323,t2_squeezenet,75.391,44.114,1,0
47.365,t2_squeezenet,45.088,41.743,1,0
47.409,t2_squeezenet,74.295,44.690,0,0
47.563,t2_squeezenet,40.407,36.938,2,0
47.598,t2_squeezenet,74.919,34.682,1,0
47.632,t2_squeezenet,95.974,34.565,1,0
47.669,t2_squeezenet,42.180,36.816,2,0
47.712,t2_squeezenet,72.921,42.732,1,0
47.755,t2_squeezenet,108.481,43.134,0,0
47.815,t2_squeezenet,46.778,44.639,0,0
47.898,t2_squeezenet,45.133,42.825,1,0
47.944,t2_squeezenet,74.625,45.683,1,0
47.989,t2_squeezenet,67.553,45.092,2,0
48.037,t2_squeezenet,70.778,47.584,1,0
48.077,t2_squeezenet,101.482,39.580,0,0
48.147,t2_squeezenet,34.320,30.357,0,0
48.212,t2_squeezenet,31.284,29.661,0,0
48.363,t2_squeezenet,45.052,44.014,2,0
48.397,t2_squeezenet,62.567,34.615,2,0
48.431,t2_squeezenet,70.274,33.154,1,0
48.473,t2_squeezenet,100.507,42.675,1,0
48.507,t2_squeezenet,55.404,33.915,1,0
48.539,t2_squeezenet,49.491,31.866,0,0
48.578,t2_squeezenet,34.282,33.508,0,0
48.637,t2_squeezenet,33.785,29.152,0,0
48.698,t2_squeezenet,37.411,35.121,1,0
48.734,t2_squeezenet,70.874,35.849,0,0
48.820,t2_squeezenet,36.574,36.213,0,0
48.920,t2_squeezenet,35.596,33.817,1,0
48.955,t2_squeezenet,66.617,34.724,0,0
48.989,t2_squeezenet,30.046,29.280,0,0
49.158,t2_squeezenet,32.964,31.562,1,0
49.191,t2_squeezenet,54.425,32.796,1,0
49.237,t2_squeezenet,58.851,45.944,1,0
49.279,t2_squeezenet,52.481,42.480,1,0
49.324,t2_squeezenet,77.573,44.889,0,0
49.376,t2_squeezenet,51.488,46.944,1,0
49.423,t2_squeezenet,74.221,46.680,1,0
49.468,t2_squeezenet,76.282,44.780,0,0
49.559,t2_squeezenet,47.611,45.696,1,0
49.606,t2_squeezenet,49.743,46.730,3,0
49.649,t2_squeezenet,75.342,43.266,4,0
49.686,t2_squeezenet,94.864,36.973,3,0
49.719,t2_squeezenet,119.323,33.224,3,0
49.766,t2_squeezenet,156.054,46.849,2,0
49.812,t2_squeezenet,185.975,45.471,2,0
49.855,t2_squeezenet,157.970,43.289,1,0
49.900,t2_squeezenet,118.970,44.730,1,0
49.945,t2_squeezenet,83.156,45.349,1,0
49.992,t2_squeezenet,53.239,46.262,1,0
50.034,t2_squeezenet,85.394,42.578,0,0
50.100,t2_squeezenet,46.907,45.069,1,0
50.138,t2_squeezenet,54.058,38.555,1,0
50.170,t2_squeezenet,54.044,31.720,0,0
50.277,t2_squeezenet,45.445,40.766,1,0
50.309,t2_squeezenet,56.716,32.258,0,0
50.366,t2_squeezenet,33.766,31.893,0,0
50.427,t2_squeezenet,46.539,45.364,1,0
50.473,t2_squeezenet,90.905,45.895,0,0
50.528,t2_squeezenet,48.231,45.328,1,0
50.573,t2_squeezenet,54.269,44.833,2,0
50.614,t2_squeezenet,85.665,41.297,1,0
50.655,t2_squeezenet,112.647,40.586,0,0
50.811,t2_squeezenet,37.108,35.013,1,0
50.853,t2_squeezenet,49.084,41.639,1,0
50.897,t2_squeezenet,49.391,43.501,1,0
50.943,t2_squeezenet,84.222,45.781,0,0
51.021,t2_squeezenet,32.737,32.630,0,0
51.277,t2_squeezenet,34.453,33.572,0,0
51.386,t2_squeezenet,35.029,32.522,0,0
51.598,t2_squeezenet,36.716,33.408,1,0
51.639,t2_squeezenet,55.240,40.826,0,0
51.698,t2_squeezenet,37.843,33.932,3,0
51.733,t2_squeezenet,61.130,34.587,3,0
51.775,t2_squeezenet,95.840,41.891,2,0
51.822,t2_squeezenet,136.748,46.932,1,0
51.869,t2_squeezenet,169.290,46.680,2,0
51.913,t2_squeezenet,51.737,44.093,3,0
51.957,t2_squeezenet,88.151,43.800,4,0
52.001,t2_squeezenet,108.029,44.428,5,0
52.048,t2_squeezenet,137.503,47.315,6,0
52.092,t2_squeezenet,164.748,43.931,6,0
52.133,t2_squeezenet,203.853,40.897,5,0
52.178,t2_squeezenet,206.540,44.389,4,0
52.224,t2_squeezenet,241.496,46.100,4,0
52.257,t2_squeezenet,244.596,33.504,3,0
52.288,t2_squeezenet,270.421,30.327,2,0
52.331,t2_squeezenet,266.198,42.798,1,0
52.367,t2_squeezenet,144.424,36.126,1,0
52.399,t2_squeezenet,40.263,32.411,0,0
52.499,t2_squeezenet,49.170,44.198,1,0
52.546,t2_squeezenet,91.687,46.355,0,0
52.606,t2_squeezenet,48.551,44.719,0,0
52.679,t2_squeezenet,35.502,32.913,1,0
52.716,t2_squeezenet,70.323,36.368,0,0
52.787,t2_squeezenet,33.901,30.985,1,0
52.825,t2_squeezenet,59.505,38.189,1,0
52.871,t2_squeezenet,71.595,45.938,0,0
52.958,t2_squeezenet,41.524,40.543,0,0
53.075,t2_squeezenet,37.898,36.195,1,0
53.107,t2_squeezenet,52.063,32.032,0,0
53.151,t2_squeezenet,32.689,29.187,1,0
53.183,t2_squeezenet,54.703,31.401,1,0
53.220,t2_squeezenet,53.173,37.563,0,0
53.381,t2_squeezenet,48.728,43.876,2,0
53.425,t2_squeezenet,51.908,43.861,2,0
53.473,t2_squeezenet,97.244,47.713,2,0
53.517,t2_squeezenet,133.498,43.607,2,0
53.552,t2_squeezenet,98.953,35.099,3,0
53.587,t2_squeezenet,103.805,35.222,2,0
53.620,t2_squeezenet,95.328,32.237,2,0
53.649,t2_squeezenet,98.953,29.126,3,0
53.683,t2_squeezenet,79.087,34.199,3,0
53.714,t2_squeezenet,94.149,30.943,2,0
53.744,t2_squeezenet,117.368,29.683,3,0
53.773,t2_squeezenet,95.703,29.252,3,0
53.802,t2_squeezenet,64.523,29.217,2,0
53.831,t2_squeezenet,91.174,29.120,1,0
53.862,t2_squeezenet,115.032,30.266,2,0
53.891,t2_squeezenet,49.941,29.410,3,0
53.920,t2_squeezenet,60.328,29.099,2,0
53.949,t2_squeezenet,81.680,29.097,1,0
53.981,t2_squeezenet,92.508,32.180,2,0
54.013,t2_squeezenet,52.019,31.639,2,0
54.045,t2_squeezenet,73.030,31.605,1,0
54.077,t2_squeezenet,65.651,32.427,0,0
54.118,t2_squeezenet,33.429,31.116,0,0
54.203,t2_squeezenet,30.207,29.158,1,0
54.235,t2_squeezenet,43.899,31.600,0,0
54.276,t2_squeezenet,34.873,31.205,1,0
54.320,t2_squeezenet,63.115,43.751,1,0
54.355,t2_squeezenet,71.345,34.847,0,0
54.391,t2_squeezenet,34.839,30.985,1,0
54.420,t2_squeezenet,31.751,29.093,1,0
54.449,t2_squeezenet,56.351,29.092,1,0
54.481,t2_squeezenet,44.322,31.876,0,0
54.582,t2_squeezenet,44.336,39.991,0,0
54.641,t2_squeezenet,35.745,32.739,1,0
54.671,t2_squeezenet,52.803,30.554,0,0
54.789,t2_squeezenet,35.601,31.667,2,0
54.820,t2_squeezenet,37.315,31.055,1,0
54.864,t2_squeezenet,79.091,43.920,2,0
54.911,t2_squeezenet,87.713,47.007,2,0
54.954,t2_squeezenet,129.847,43.416,1,0
54.997,t2_squeezenet,89.187,42.443,0,0
55.160,t2_squeezenet,39.691,35.401,1,0
55.192,t2_squeezenet,35.145,31.455,1,0
55.225,t2_squeezenet,55.340,32.708,2,0
55.258,t2_squeezenet,61.289,33.726,1,0
55.290,t2_squeezenet,79.978,31.066,1,0
55.321,t2_squeezenet,32.019,31.261,2,0
55.353,t2_squeezenet,59.415,31.780,1,0
55.386,t2_squeezenet,89.759,33.793,0,0
55.447,t2_squeezenet,36.422,34.975,0,0
55.494,t2_squeezenet,33.424,32.354,1,0
55.534,t2_squeezenet,70.137,39.860,1,0
55.575,t2_squeezenet,69.067,40.294,1,0
55.607,t2_squeezenet,42.820,32.671,1,0
55.639,t2_squeezenet,31.841,31.373,1,0
55.671,t2_squeezenet,46.666,32.128,1,0
55.703,t2_squeezenet,53.822,31.995,0,0
55.925,t2_squeezenet,45.166,44.543,1,0
55.959,t2_squeezenet,39.836,34.436,0,0
56.043,t2_squeezenet,34.900,33.305,0,0
56.079,t2_squeezenet,32.636,30.797,2,0
56.110,t2_squeezenet,60.518,31.047,1,0
56.143,t2_squeezenet,80.191,33.084,2,0
56.177,t2_squeezenet,55.420,33.241,2,0
56.207,t2_squeezenet,81.948,30.651,1,0
56.250,t2_squeezenet,98.371,43.013,0,0
56.393,t2_squeezenet,45.747,41.684,0,0
56.637,t2_squeezenet,38.077,36.344,0,0
56.774,t2_squeezenet,33.840,29.830,0,0
56.861,t2_squeezenet,32.452,31.869,1,0
56.895,t2_squeezenet,43.174,34.106,0,0
57.039,t2_squeezenet,32.999,32.562,2,0
57.071,t2_squeezenet,62.978,31.631,1,0
57.103,t2_squeezenet,86.675,32.160,0,0
57.151,t2_squeezenet,34.155,33.416,1,0
57.183,t2_squeezenet,39.524,31.099,2,0
57.214,t2_squeezenet,51.683,31.135,1,0
57.259,t2_squeezenet,94.939,44.889,0,0
57.409,t2_squeezenet,44.342,44.150,1,0
57.452,t2_squeezenet,48.575,43.158,0,0
57.536,t2_squeezenet,48.084,43.447,0,0
57.600,t2_squeezenet,33.327,32.949,0,0
57.652,t2_squeezenet,43.167,41.481,1,0
57.696,t2_squeezenet,51.009,44.577,0,0
57.811,t2_squeezenet,46.045,43.489,0,0
57.881,t2_squeezenet,48.503,44.665,0,0
57.952,t2_squeezenet,45.689,41.058,1,0
57.986,t2_squeezenet,62.479,33.495,0,0
58.132,t2_squeezenet,30.433,29.181,1,0
58.161,t2_squeezenet,47.657,29.223,0,0
58.218,t2_squeezenet,41.125,36.505,0,0
58.348,t2_squeezenet,36.046,34.658,0,0
58.443,t2_squeezenet,39.509,39.077,2,0
58.474,t2_squeezenet,63.001,30.740,1,0
58.507,t2_squeezenet,66.235,32.903,0,0
58.606,t2_squeezenet,38.512,33.626,1,0
58.637,t2_squeezenet,47.475,30.575,1,0
58.669,t2_squeezenet,31.862,31.688,0,0
58.803,t2_squeezenet,43.178,42.882,0,0
58.853,t2_squeezenet,46.281,45.135,0,0
58.943,t2_squeezenet,35.832,34.344,0,0
59.001,t2_squeezenet,36.846,32.533,2,0
59.034,t2_squeezenet,52.577,32.691,1,0
59.065,t2_squeezenet,78.761,31.492,1,0
59.097,t2_squeezenet,42.362,31.888,0,0
59.164,t2_squeezenet,40.582,36.853,0,0
59.417,t2_squeezenet,46.371,44.600,1,0
59.454,t2_squeezenet,62.224,37.463,1,0
59.486,t2_squeezenet,61.965,31.872,0,0
59.708,t2_squeezenet,42.595,38.271,2,0
59.741,t2_squeezenet,67.166,33.810,2,0
59.777,t2_squeezenet,80.640,35.180,1,0
59.811,t2_squeezenet,69.658,33.895,1,0
59.845,t2_squeezenet,45.771,34.426,0,0
59.920,t2_squeezenet,32.637,29.134,1,0
59.949,t2_squeezenet,40.035,29.788,0,0
59.994,t2_squeezenet,29.633,29.235,0,0
60.028,t2_squeezenet,30.571,29.126,0,0
60.100,t2_squeezenet,32.956,31.876,0,0
60.223,t2_squeezenet,46.523,46.233,1,0
60.258,t2_squeezenet,77.244,35.837,0,0
60.325,t2_squeezenet,33.322,31.255,1,0
60.359,t2_squeezenet,40.352,33.339,1,0
60.400,t2_squeezenet,66.725,41.260,0,0
60.495,t2_squeezenet,52.534,49.333,3,0
60.531,t2_squeezenet,78.486,36.070,3,0
60.561,t2_squeezenet,77.070,30.138,2,0
60.596,t2_squeezenet,111.880,35.115,1,0
60.632,t2_squeezenet,116.072,35.965,0,0
60.773,t2_squeezenet,45.942,44.878,0,0
60.839,t2_squeezenet,30.889,29.540,0,0
60.890,t2_squeezenet,34.831,31.489,2,0
60.931,t2_squeezenet,68.599,41.040,1,0
60.977,t2_squeezenet,104.785,45.237,1,0
61.014,t2_squeezenet,72.095,37.191,0,0
61.074,t2_squeezenet,41.178,40.006,2,0
61.109,t2_squeezenet,55.988,35.355,1,0
61.152,t2_squeezenet,80.453,42.058,1,0
61.194,t2_squeezenet,60.228,42.486,1,0
61.236,t2_squeezenet,83.928,41.753,0,0
61.319,t2_squeezenet,34.499,32.515,0,0
61.374,t2_squeezenet,44.998,40.224,0,0
61.586,t2_squeezenet,36.670,34.082,0,0
61.736,t2_squeezenet,47.865,43.644,2,0
61.780,t2_squeezenet,87.864,43.864,1,0
61.824,t2_squeezenet,103.051,43.792,0,0
61.962,t2_squeezenet,33.092,31.897,0,0
62.037,t2_squeezenet,40.776,38.826,1,0
62.071,t2_squeezenet,74.306,34.394,1,0
62.110,t2_squeezenet,42.465,39.120,1,0
62.151,t2_squeezenet,45.887,40.952,0,0
62.188,t2_squeezenet,36.392,31.450,0,0
62.258,t2_squeezenet,40.143,39.946,0,0
62.305,t2_squeezenet,35.798,31.353,0,0
62.357,t2_squeezenet,32.531,31.775,1,0
62.391,t2_squeezenet,48.867,33.715,0,0
62.452,t2_squeezenet,35.891,30.935,1,0
62.483,t2_squeezenet,51.369,31.206,0,0
62.551,t2_squeezenet,33.456,31.934,0,0
62.659,t2_squeezenet,34.365,31.847,1,0
62.694,t2_squeezenet,68.511,35.635,1,0
62.736,t2_squeezenet,74.707,41.816,2,0
62.777,t2_squeezenet,80.476,40.439,1,0
62.823,t2_squeezenet,111.962,46.154,2,0
62.870,t2_squeezenet,76.143,47.348,1,0
62.907,t2_squeezenet,89.535,36.899,1,0
62.943,t2_squeezenet,51.473,35.875,0,0
63.201,t2_squeezenet,47.937,44.638,0,0
63.345,t2_squeezenet,46.978,42.535,0,0
63.458,t2_squeezenet,46.105,41.932,0,0
63.677,t2_squeezenet,39.836,36.648,1,0
63.710,t2_squeezenet,47.425,32.973,0,0
63.785,t2_squeezenet,30.765,29.752,2,0
63.815,t2_squeezenet,41.017,29.692,3,0
63.850,t2_squeezenet,67.292,34.854,3,0
63.881,t2_squeezenet,78.707,30.660,4,0
63.912,t2_squeezenet,108.262,31.397,4,0
63.951,t2_squeezenet,131.289,38.476,3,0
63.993,t2_squeezenet,138.390,42.242,2,0
64.039,t2_squeezenet,163.756,45.508,1,0
64.085,t2_squeezenet,186.452,46.566,1,0
64.121,t2_squeezenet,80.693,35.924,0,0
64.319,t2_squeezenet,37.500,35.241,0,0
64.425,t2_squeezenet,39.093,35.558,0,0
64.467,t2_squeezenet,40.262,36.312,0,0
64.528,t2_squeezenet,31.504,30.588,0,0
64.571,t2_squeezenet,34.277,33.277,2,0
64.604,t2_squeezenet,60.073,33.340,2,0
64.642,t2_squeezenet,72.479,37.886,1,0
64.680,t2_squeezenet,94.301,37.728,3,0
64.714,t2_squeezenet,48.275,33.543,3,0
64.759,t2_squeezenet,87.365,45.072,2,0
64.806,t2_squeezenet,126.848,47.581,2,0
64.851,t2_squeezenet,144.002,44.115,1,0
64.894,t2_squeezenet,128.727,43.648,0,0
64.943,t2_squeezenet,37.653,33.477,1,0
64.976,t2_squeezenet,37.369,32.935,1,0
65.007,t2_squeezenet,33.226,30.619,0,0
65.231,t2_squeezenet,49.231,47.406,1,0
65.277,t2_squeezenet,79.378,45.697,0,0
65.388,t2_squeezenet,46.377,45.166,1,0
65.431,t2_squeezenet,45.864,43.275,1,0
65.471,t2_squeezenet,63.509,39.118,0,0
65.628,t2_squeezenet,32.140,30.814,0,0
65.717,t2_squeezenet,37.145,33.185,0,0
65.796,t2_squeezenet,33.623,29.310,0,0
65.855,t2_squeezenet,37.771,32.331,0,0
65.962,t2_squeezenet,32.495,31.946,0,0
66.027,t2_squeezenet,37.350,33.926,0,0
66.098,t2_squeezenet,32.970,30.973,1,0
66.131,t2_squeezenet,62.562,32.689,3,0
66.162,t2_squeezenet,62.103,31.033,3,0
66.194,t2_squeezenet,77.316,32.145,2,0
66.240,t2_squeezenet,112.547,46.008,2,0
66.273,t2_squeezenet,119.701,33.150,2,0
66.313,t2_squeezenet,88.093,40.007,2,0
66.348,t2_squeezenet,104.297,35.018,1,0
66.393,t2_squeezenet,116.117,44.835,0,0
66.454,t2_squeezenet,44.770,40.897,0,0
66.630,t2_squeezenet,44.703,43.458,0,0
66.849,t2_squeezenet,46.311,45.640,0,0
66.955,t2_squeezenet,36.424,35.118,1,0
66.991,t2_squeezenet,38.372,36.533,0,0
67.108,t2_squeezenet,36.489,35.950,1,0
67.145,t2_squeezenet,43.622,36.377,0,0
67.217,t2_squeezenet,34.945,31.544,0,0
67.299,t2_squeezenet,36.880,31.835,0,0
67.377,t2_squeezenet,46.683,43.046,0,0
67.442,t2_squeezenet,41.086,38.244,0,0
67.495,t2_squeezenet,39.048,37.753,0,0
67.601,t2_squeezenet,35.145,30.212,0,0
67.646,t2_squeezenet,32.889,29.775,0,0
67.728,t2_squeezenet,36.436,31.949,4,0
67.765,t2_squeezenet,70.092,36.813,4,0
67.801,t2_squeezenet,88.347,35.435,3,0
67.835,t2_squeezenet,119.859,34.110,2,0
67.872,t2_squeezenet,152.392,36.873,1,0
67.909,t2_squeezenet,164.634,36.823,2,0
67.940,t2_squeezenet,53.915,31.096,2,0
67.974,t2_squeezenet,76.140,34.359,1,0
68.006,t2_squeezenet,68.898,31.506,2,0
68.047,t2_squeezenet,65.326,41.250,1,0
68.079,t2_squeezenet,95.164,32.322,1,0
68.118,t2_squeezenet,53.423,39.091,1,0
68.158,t2_squeezenet,46.508,40.124,1,0
68.191,t2_squeezenet,37.268,32.007,0,0
68.388,t2_squeezenet,38.869,35.982,0,0
68.553,t2_squeezenet,36.553,33.301,0,0
68.624,t2_squeezenet,38.304,34.942,0,0
68.706,t2_squeezenet,44.871,41.511,1,0
68.743,t2_squeezenet,47.837,37.273,1,0
68.773,t2_squeezenet,30.535,30.149,0,0
68.862,t2_squeezenet,34.090,32.759,0,0
68.900,t2_squeezenet,37.714,33.309,0,0
68.975,t2_squeezenet,32.966,29.150,0,0
69.040,t2_squeezenet,38.319,34.497,1,0
69.075,t2_squeezenet,64.197,35.409,0,0
69.314,t2_squeezenet,41.003,36.609,0,0
69.381,t2_squeezenet,33.811,31.475,1,0
69.425,t2_squeezenet,68.651,43.981,0,0
69.520,t2_squeezenet,49.346,44.479,1,0
69.556,t2_squeezenet,81.563,35.753,0,0
69.626,t2_squeezenet,29.835,29.112,0,0
69.701,t2_squeezenet,31.865,29.645,0,0
69.860,t2_squeezenet,43.276,38.805,0,0
69.897,t2_squeezenet,33.680,31.565,0,0
70.049,t2_squeezenet,39.789,35.309,1,0
70.081,t2_squeezenet,56.592,32.240,1,0
70.113,t2_squeezenet,53.005,32.324,0,0
70.151,t2_squeezenet,35.467,32.264,1,0
70.192,t2_squeezenet,44.353,40.951,2,0
70.234,t2_squeezenet,79.044,41.982,3,0
70.278,t2_squeezenet,113.486,43.895,2,0
70.326,t2_squeezenet,129.486,48.734,2,0
70.370,t2_squeezenet,166.669,43.154,1,0
70.400,t2_squeezenet,84.947,30.823,0,0
70.458,t2_squeezenet,47.814,47.047,0,0
70.602,t2_squeezenet,49.209,47.540,2,0
70.636,t2_squeezenet,74.634,33.485,2,0
70.668,t2_squeezenet,80.796,31.940,3,0
70.708,t2_squeezenet,83.638,40.447,2,0
70.746,t2_squeezenet,106.414,37.967,1,0
70.778,t2_squeezenet,127.481,32.180,1,0
70.810,t2_squeezenet,58.579,31.366,0,0
70.844,t2_squeezenet,32.662,29.659,0,0
71.113,t2_squeezenet,42.302,40.794,0,0
71.190,t2_squeezenet,34.587,31.036,1,0
71.222,t2_squeezenet,37.915,32.647,0,0
71.265,t2_squeezenet,33.283,32.898,0,0
71.312,t2_squeezenet,35.062,31.613,1,0
71.346,t2_squeezenet,49.829,33.675,0,0
71.448,t2_squeezenet,32.663,30.995,0,0
71.565,t2_squeezenet,49.790,46.813,0,0
71.611,t2_squeezenet,41.679,40.281,0,0
71.696,t2_squeezenet,46.795,44.234,0,0
71.749,t2_squeezenet,38.332,38.274,0,0
71.821,t2_squeezenet,45.184,41.366,2,0
71.858,t2_squeezenet,47.939,36.655,1,0
71.905,t2_squeezenet,91.846,47.370,2,0
71.949,t2_squeezenet,68.395,43.435,4,0
71.983,t2_squeezenet,100.667,34.097,3,0
72.020,t2_squeezenet,93.546,37.308,2,0
72.066,t2_squeezenet,128.178,45.991,1,0
72.112,t2_squeezenet,171.452,46.129,0,0
72.213,t2_squeezenet,44.860,39.967,3,0
72.261,t2_squeezenet,75.909,47.842,4,0
72.301,t2_squeezenet,114.489,39.533,5,0
72.341,t2_squeezenet,148.692,40.253,4,0
72.387,t2_squeezenet,158.010,46.087,3,0
72.430,t2_squeezenet,170.986,43.135,2,0
72.473,t2_squeezenet,204.685,43.254,2,0
72.511,t2_squeezenet,218.875,37.821,4,0
72.545,t2_squeezenet,99.134,33.699,3,0
72.580,t2_squeezenet,97.441,35.012,2,0
72.617,t2_squeezenet,118.986,37.165,1,0
72.654,t2_squeezenet,149.748,36.760,0,0
72.708,t2_squeezenet,33.868,33.632,3,0
72.750,t2_squeezenet,70.702,42.196,4,0
72.794,t2_squeezenet,111.675,43.807,3,0
72.838,t2_squeezenet,137.825,43.537,3,0
72.885,t2_squeezenet,145.988,47.636,2,0
72.931,t2_squeezenet,181.487,45.132,3,0
72.969,t2_squeezenet,171.379,38.595,4,0
73.002,t2_squeezenet,96.663,32.312,3,0
73.044,t2_squeezenet,131.287,42.886,2,0
73.086,t2_squeezenet,154.517,41.321,2,0
73.120,t2_squeezenet,152.295,34.423,1,0
73.158,t2_squeezenet,103.765,37.656,2,0
73.193,t2_squeezenet,47.444,34.438,1,0
73.228,t2_squeezenet,74.789,35.136,0,0
73.273,t2_squeezenet,42.603,40.342,0,0
73.592,t2_squeezenet,35.801,35.514,2,0
73.627,t2_squeezenet,67.804,35.105,2,0
73.673,t2_squeezenet,81.646,45.811,1,0
73.711,t2_squeezenet,91.792,37.297,0,0
73.783,t2_squeezenet,48.710,46.996,0,0
73.880,t2_squeezenet,39.171,36.120,2,0
73.918,t2_squeezenet,65.348,38.208,1,0
73.955,t2_squeezenet,95.058,36.986,1,0
73.986,t2_squeezenet,50.998,30.546,0,0
74.133,t2_squeezenet,33.590,30.828,2,0
74.169,t2_squeezenet,63.256,35.877,1,0
74.201,t2_squeezenet,94.121,31.622,1,0
74.230,t2_squeezenet,46.359,29.137,1,0
74.263,t2_squeezenet,55.952,33.801,1,0
74.295,t2_squeezenet,37.643,31.760,1,0
74.325,t2_squeezenet,47.839,29.697,0,0
74.384,t2_squeezenet,32.858,29.063,0,0
74.530,t2_squeezenet,30.866,29.642,0,0
74.717,t2_squeezenet,49.531,44.697,0,0
74.940,t2_squeezenet,38.436,36.211,1,0
74.983,t2_squeezenet,47.983,42.484,1,0
75.023,t2_squeezenet,70.667,40.094,1,0
75.068,t2_squeezenet,81.352,45.000,1,0
75.114,t2_squeezenet,68.944,46.587,0,0
75.325,t2_squeezenet,48.153,43.461,1,0
75.368,t2_squeezenet,54.629,42.373,0,0
75.585,t2_squeezenet,38.759,33.596,1,0
75.627,t2_squeezenet,61.683,41.792,1,0
75.659,t2_squeezenet,40.722,32.472,1,0
75.692,t2_squeezenet,33.200,32.676,0,0
75.768,t2_squeezenet,39.875,34.869,2,0
75.802,t2_squeezenet,49.654,34.631,2,0
75.840,t2_squeezenet,85.705,37.536,1,0
75.874,t2_squeezenet,87.186,33.749,0,0
75.921,t2_squeezenet,40.417,37.224,0,0
76.101,t2_squeezenet,32.369,31.652,0,0
76.227,t2_squeezenet,45.614,44.745,0,0
76.461,t2_squeezenet,50.803,46.962,1,0
76.497,t2_squeezenet,81.887,35.989,0,0
76.553,t2_squeezenet,35.269,30.662,1,0
76.585,t2_squeezenet,43.648,32.167,1,0
76.618,t2_squeezenet,59.631,33.030,0,0
76.684,t2_squeezenet,34.640,30.468,0,0
76.904,t2_squeezenet,33.003,32.927,1,0
76.934,t2_squeezenet,37.523,29.314,0,0
77.024,t2_squeezenet,32.769,29.372,0,0
77.201,t2_squeezenet,46.971,45.513,2,0
77.250,t2_squeezenet,81.023,49.138,3,0
77.286,t2_squeezenet,95.927,36.067,2,0
77.321,t2_squeezenet,118.100,34.508,1,0
77.356,t2_squeezenet,146.659,35.038,0,0
77.421,t2_squeezenet,37.048,34.443,1,0
77.456,t2_squeezenet,65.516,35.042,0,0
77.491,t2_squeezenet,31.605,30.506,0,0
77.557,t2_squeezenet,36.244,35.286,0,0
77.831,t2_squeezenet,38.270,34.956,1,0
77.867,t2_squeezenet,55.907,36.401,1,0
77.902,t2_squeezenet,47.750,34.600,0,0
78.105,t2_squeezenet,39.196,36.414,0,0
78.303,t2_squeezenet,40.063,35.763,0,0
78.375,t2_squeezenet,33.829,32.005,1,0
78.411,t2_squeezenet,52.302,35.844,2,0
78.444,t2_squeezenet,68.680,33.215,4,0
78.480,t2_squeezenet,99.347,35.826,4,0
78.516,t2_squeezenet,101.052,35.496,3,0
78.551,t2_squeezenet,128.810,34.912,2,0
78.585,t2_squeezenet,159.144,34.121,2,0
78.628,t2_squeezenet,170.419,43.193,1,0
78.671,t2_squeezenet,94.473,42.521,2,0
78.714,t2_squeezenet,65.380,43.089,4,0
78.754,t2_squeezenet,99.594,40.510,3,0
78.791,t2_squeezenet,109.458,36.816,3,0
78.832,t2_squeezenet,132.573,41.072,2,0
78.877,t2_squeezenet,168.289,44.569,2,0
78.911,t2_squeezenet,152.509,34.094,1,0
78.944,t2_squeezenet,92.103,32.533,0,0
79.039,t2_squeezenet,36.983,33.145,0,0
79.124,t2_squeezenet,41.646,39.729,0,0
79.202,t2_squeezenet,34.975,32.364,0,0
79.260,t2_squeezenet,43.130,42.441,0,0
79.296,t2_squeezenet,32.093,31.728,0,0
79.392,t2_squeezenet,46.314,45.251,1,0
79.436,t2_squeezenet,79.535,43.332,2,0
79.472,t2_squeezenet,73.018,36.588,1,0
79.517,t2_squeezenet,85.510,44.527,0,0
79.688,t2_squeezenet,59.820,59.273,0,0
79.839,t2_squeezenet,63.239,62.500,1,0
79.874,t2_squeezenet,93.542,35.016,2,0
79.906,t2_squeezenet,52.385,31.944,1,0
79.950,t2_squeezenet,89.289,44.586,0,0
80.003,t2_squeezenet,34.909,32.164,0,0
80.134,t2_squeezenet,39.852,35.632,0,0
80.216,t2_squeezenet,43.579,41.640,0,0
80.285,t2_squeezenet,35.969,33.394,0,0
80.322,t2_squeezenet,32.665,32.029,0,0
80.447,t2_squeezenet,52.324,47.938,1,0
80.481,t2_squeezenet,55.415,33.888,0,0
80.576,t2_squeezenet,32.928,29.403,1,0
80.605,t2_squeezenet,61.498,29.150,2,0
80.634,t2_squeezenet,52.664,29.151,1,0
80.664,t2_squeezenet,61.887,29.988,0,0
80.748,t2_squeezenet,33.705,33.674,3,0
80.785,t2_squeezenet,69.712,36.415,3,0
80.818,t2_squeezenet,100.768,32.836,2,0
80.858,t2_squeezenet,112.697,40.542,2,0
80.902,t2_squeezenet,135.093,44.062,2,0
80.935,t2_squeezenet,107.707,32.746,1,0
80.968,t2_squeezenet,103.690,32.611,1,0
80.999,t2_squeezenet,42.986,31.652,0,0
81.068,t2_squeezenet,33.325,33.102,2,0
81.101,t2_squeezenet,52.177,32.644,3,0
81.136,t2_squeezenet,79.811,34.985,2,0
81.179,t2_squeezenet,99.617,42.856,2,0
81.220,t2_squeezenet,134.002,41.822,1,0
81.264,t2_squeezenet,110.790,43.848,3,0
81.298,t2_squeezenet,73.357,33.644,2,0
81.340,t2_squeezenet,82.471,42.364,1,0
81.383,t2_squeezenet,122.134,42.162,1,0
81.429,t2_squeezenet,79.601,45.972,1,0
81.466,t2_squeezenet,75.754,37.113,1,0
81.498,t2_squeezenet,53.013,32.410,0,0
81.654,t2_squeezenet,29.410,29.240,0,0
81.733,t2_squeezenet,34.343,34.021,0,0
81.798,t2_squeezenet,39.354,34.725,2,0
81.828,t2_squeezenet,57.477,29.611,2,0
81.857,t2_squeezenet,68.530,29.179,1,0
81.887,t2_squeezenet,66.379,30.182,1,0
81.917,t2_squeezenet,30.300,29.731,0,0
81.963,t2_squeezenet,37.839,35.561,0,0
82.012,t2_squeezenet,37.758,34.050,1,0
82.048,t2_squeezenet,69.362,35.780,1,0
82.086,t2_squeezenet,46.041,37.879,1,0
82.128,t2_squeezenet,76.873,42.486,0,0
82.190,t2_squeezenet,49.048,45.886,1,0
82.225,t2_squeezenet,66.686,35.790,2,0
82.260,t2_squeezenet,68.693,34.678,1,0
82.293,t2_squeezenet,68.249,32.852,0,0
82.416,t2_squeezenet,36.831,36.553,1,0
82.450,t2_squeezenet,65.456,34.422,0,0
82.535,t2_squeezenet,32.686,29.142,0,0
82.664,t2_squeezenet,38.110,37.776,0,0
82.864,t2_squeezenet,37.778,36.496,1,0
82.898,t2_squeezenet,59.268,34.806,0,0
83.006,t2_squeezenet,35.245,31.280,6,0
83.035,t2_squeezenet,64.440,29.526,5,0
83.079,t2_squeezenet,107.120,44.171,4,0
83.123,t2_squeezenet,150.035,43.876,3,0
83.169,t2_squeezenet,179.770,45.255,2,0
83.218,t2_squeezenet,217.516,49.372,1,0
83.263,t2_squeezenet,258.472,45.144,2,0
83.305,t2_squeezenet,43.758,41.912,3,0
83.350,t2_squeezenet,87.781,45.329,3,0
83.390,t2_squeezenet,118.910,39.751,3,0
83.423,t2_squeezenet,137.689,32.383,2,0
83.454,t2_squeezenet,107.790,31.244,3,0
83.487,t2_squeezenet,111.395,33.219,2,0
83.532,t2_squeezenet,101.096,44.978,2,0
83.581,t2_squeezenet,148.304,48.222,3,0
83.625,t2_squeezenet,105.600,44.562,5,0
83.669,t2_squeezenet,116.194,43.318,4,0
83.715,t2_squeezenet,144.192,45.864,5,0
83.761,t2_squeezenet,163.011,46.470,5,0
83.805,t2_squeezenet,207.006,44.209,4,0
83.849,t2_squeezenet,237.819,43.331,4,0
83.892,t2_squeezenet,190.776,42.778,4,0
83.938,t2_squeezenet,223.710,46.042,4,0
83.980,t2_squeezenet,240.630,41.997,3,0
84.010,t2_squeezenet,163.388,30.517,2,0
84.039,t2_squeezenet,167.813,29.233,2,0
84.070,t2_squeezenet,177.348,31.011,1,0
84.101,t2_squeezenet,74.348,30.008,1,0
84.130,t2_squeezenet,38.757,29.851,0,0
84.222,t2_squeezenet,40.018,35.582,2,0
84.259,t2_squeezenet,71.225,37.673,1,0
84.301,t2_squeezenet,105.714,41.409,1,0
84.332,t2_squeezenet,58.743,31.085,0,0
84.517,t2_squeezenet,48.222,47.524,0,0
84.600,t2_squeezenet,37.688,37.637,0,0
84.686,t2_squeezenet,45.758,44.711,0,0
84.800,t2_squeezenet,45.325,43.075,0,0
84.918,t2_squeezenet,43.243,42.332,0,0
84.997,t2_squeezenet,51.685,48.567,1,0
85.046,t2_squeezenet,58.861,48.014,1,0
85.080,t2_squeezenet,73.166,34.154,1,0
85.112,t2_squeezenet,45.233,32.399,1,0
85.145,t2_squeezenet,43.631,33.120,0,0
85.210,t2_squeezenet,45.665,44.429,1,0
85.257,t2_squeezenet,75.648,46.528,3,0
85.299,t2_squeezenet,68.017,42.311,2,0
85.343,t2_squeezenet,110.693,44.359,1,0
85.378,t2_squeezenet,124.909,34.098,1,0
85.416,t2_squeezenet,60.230,38.366,1,0
85.455,t2_squeezenet,53.670,38.646,1,0
85.488,t2_squeezenet,53.421,33.405,0,0
85.545,t2_squeezenet,33.940,31.563,0,0
85.588,t2_squeezenet,37.917,37.802,1,0
85.633,t2_squeezenet,60.397,45.109,0,0
85.707,t2_squeezenet,46.552,43.861,0,0
85.772,t2_squeezenet,41.824,39.118,0,0
86.060,t2_squeezenet,48.063,45.148,0,0
86.200,t2_squeezenet,35.974,33.431,0,0
86.302,t2_squeezenet,35.277,30.746,0,0
86.413,t2_squeezenet,51.195,50.622,1,0
86.454,t2_squeezenet,51.867,40.343,1,0
86.495,t2_squeezenet,49.252,41.831,1,0
86.542,t2_squeezenet,56.312,46.799,0,0
86.701,t2_squeezenet,47.267,46.807,1,0
86.747,t2_squeezenet,48.262,45.796,1,0
86.786,t2_squeezenet,49.675,39.315,1,0
86.822,t2_squeezenet,72.357,36.144,1,0
86.857,t2_squeezenet,45.705,34.801,0,0
86.903,t2_squeezenet,36.228,36.191,1,0
86.944,t2_squeezenet,41.293,40.481,0,0
87.158,t2_squeezenet,35.233,31.538,0,0
87.224,t2_squeezenet,32.830,30.927,2,0
87.255,t2_squeezenet,52.809,31.244,1,0
87.289,t2_squeezenet,76.074,33.979,1,0
87.322,t2_squeezenet,61.944,32.831,0,0
87.392,t2_squeezenet,30.664,29.182,2,0
87.427,t2_squeezenet,52.523,35.145,1,0
87.463,t2_squeezenet,77.129,36.288,0,0
87.604,t2_squeezenet,36.707,34.519,1,0
87.635,t2_squeezenet,45.863,30.595,1,0
87.664,t2_squeezenet,53.315,29.651,0,0
87.793,t2_squeezenet,33.225,32.413,0,0
87.865,t2_squeezenet,34.810,32.061,0,0
87.939,t2_squeezenet,44.321,43.495,2,0
87.985,t2_squeezenet,80.355,46.061,1,0
88.031,t2_squeezenet,106.403,46.043,0,0
88.244,t2_squeezenet,43.543,40.302,0,0
88.333,t2_squeezenet,48.943,47.806,1,0
88.366,t2_squeezenet,69.991,33.600,1,0
88.396,t2_squeezenet,49.251,29.193,0,0
88.496,t2_squeezenet,39.260,34.391,1,0
88.531,t2_squeezenet,63.316,35.086,1,0
88.563,t2_squeezenet,54.599,32.040,0,0
88.628,t2_squeezenet,40.029,39.866,0,0
88.726,t2_squeezenet,40.609,36.870,0,0
88.833,t2_squeezenet,49.656,45.361,0,0
89.060,t2_squeezenet,30.737,30.024,1,0
89.090,t2_squeezenet,54.821,29.698,1,0
89.121,t2_squeezenet,54.202,31.207,1,0
89.152,t2_squeezenet,53.434,30.609,1,0
89.191,t2_squeezenet,60.509,39.519,1,0
89.236,t2_squeezenet,67.545,45.293,1,0
89.283,t2_squeezenet,46.272,46.106,1,0
89.324,t2_squeezenet,67.232,41.006,2,0
89.368,t2_squeezenet,79.454,44.250,2,0
89.413,t2_squeezenet,92.320,45.071,2,0
89.462,t2_squeezenet,131.862,49.013,2,0
89.505,t2_squeezenet,130.162,42.546,1,0
89.547,t2_squeezenet,131.864,42.634,0,0
89.615,t2_squeezenet,48.583,47.020,0,0
89.678,t2_squeezenet,45.245,42.578,0,0
89.763,t2_squeezenet,44.218,44.158,1,0
89.808,t2_squeezenet,74.741,45.464,0,0
89.879,t2_squeezenet,46.609,45.006,1,0
89.924,t2_squeezenet,85.876,44.433,1,0
89.972,t2_squeezenet,76.917,47.930,1,0
90.017,t2_squeezenet,59.621,45.340,2,0
90.052,t2_squeezenet,78.892,35.194,1,0
90.090,t2_squeezenet,104.520,37.532,1,0
90.132,t2_squeezenet,66.804,42.060,2,0
90.173,t2_squeezenet,59.233,41.264,2,0
90.218,t2_squeezenet,98.649,44.619,2,0
90.264,t2_squeezenet,92.194,46.284,1,0
90.309,t2_squeezenet,122.453,45.070,1,0
90.341,t2_squeezenet,62.906,31.505,1,0
90.374,t2_squeezenet,58.916,33.422,0,0
90.487,t2_squeezenet,44.539,42.018,0,0
90.585,t2_squeezenet,34.240,32.004,0,0
90.646,t2_squeezenet,33.140,30.114,0,0
91.080,t2_squeezenet,29.828,29.188,0,0
91.167,t2_squeezenet,33.954,31.023,1,0
91.198,t2_squeezenet,44.981,31.615,0,0
91.261,t2_squeezenet,49.291,47.168,1,0
91.297,t2_squeezenet,39.803,36.469,0,0
91.369,t2_squeezenet,37.822,36.699,1,0
91.401,t2_squeezenet,56.568,32.070,0,0
91.494,t2_squeezenet,32.441,32.155,0,0
91.687,t2_squeezenet,44.831,41.028,2,0
91.725,t2_squeezenet,77.958,37.270,2,0
91.765,t2_squeezenet,86.452,39.940,1,0
91.797,t2_squeezenet,102.711,32.216,0,0
91.917,t2_squeezenet,41.028,39.339,2,0
91.956,t2_squeezenet,51.090,38.704,2,0
91.989,t2_squeezenet,76.607,32.508,1,0
92.023,t2_squeezenet,69.794,34.759,1,0
92.065,t2_squeezenet,65.500,41.747,1,0
92.098,t2_squeezenet,48.840,32.533,1,0
92.144,t2_squeezenet,63.047,46.171,2,0
92.189,t2_squeezenet,63.759,44.601,2,0
92.224,t2_squeezenet,87.649,35.481,1,0
92.259,t2_squeezenet,110.890,34.557,1,0
92.292,t2_squeezenet,56.864,33.533,0,0
92.388,t2_squeezenet,32.711,29.691,0,0
92.452,t2_squeezenet,31.634,29.313,1,0
92.482,t2_squeezenet,31.485,29.141,1,0
92.517,t2_squeezenet,45.169,35.208,0,0
92.607,t2_squeezenet,37.847,34.104,2,0
92.643,t2_squeezenet,59.886,36.591,3,0
92.675,t2_squeezenet,82.088,31.631,2,0
92.706,t2_squeezenet,86.394,30.668,2,0
92.737,t2_squeezenet,93.640,31.200,1,0
92.780,t2_squeezenet,79.261,43.581,1,0
92.828,t2_squeezenet,50.803,47.259,0,0
92.975,t2_squeezenet,34.287,31.032,0,0
93.049,t2_squeezenet,38.054,37.973,1,0
93.091,t2_squeezenet,69.938,42.057,1,0
93.136,t2_squeezenet,86.097,45.084,3,0
93.184,t2_squeezenet,79.586,47.819,3,0
93.230,t2_squeezenet,105.507,45.715,3,0
93.264,t2_squeezenet,131.854,34.799,2,0
93.300,t2_squeezenet,135.575,35.673,2,0
93.336,t2_squeezenet,107.680,35.554,1,0
93.370,t2_squeezenet,104.943,34.641,0,0
93.465,t2_squeezenet,45.336,43.886,0,0
93.533,t2_squeezenet,35.530,32.274,0,0
93.570,t2_squeezenet,37.074,32.031,0,0
93.681,t2_squeezenet,47.863,45.781,1,0
93.725,t2_squeezenet,44.345,43.818,1,0
93.768,t2_squeezenet,63.080,43.037,0,0
93.831,t2_squeezenet,50.873,47.646,2,0
93.878,t2_squeezenet,85.353,46.986,2,0
93.921,t2_squeezenet,94.794,42.647,1,0
93.957,t2_squeezenet,102.627,35.967,2,0
93.989,t2_squeezenet,67.515,32.104,1,0
94.029,t2_squeezenet,102.231,39.982,1,0
94.074,t2_squeezenet,72.912,44.679,1,0
94.113,t2_squeezenet,72.576,38.769,0,0
94.155,t2_squeezenet,41.390,36.986,1,0
94.200,t2_squeezenet,63.239,45.311,0,0
94.293,t2_squeezenet,36.914,32.049,2,0
94.327,t2_squeezenet,38.492,34.450,1,0
94.360,t2_squeezenet,70.044,32.314,2,0
94.390,t2_squeezenet,52.979,30.616,2,0
94.422,t2_squeezenet,66.709,31.427,1,0
94.456,t2_squeezenet,80.060,33.961,1,0
94.488,t2_squeezenet,41.742,32.041,2,0
94.521,t2_squeezenet,52.540,33.138,1,0
94.556,t2_squeezenet,73.146,35.237,0,0
94.621,t2_squeezenet,31.601,29.246,0,0
94.656,t2_squeezenet,30.861,30.019,1,0
94.699,t2_squeezenet,61.868,43.414,2,0
94.732,t2_squeezenet,74.777,32.105,1,0
94.763,t2_squeezenet,99.329,31.731,2,0
94.796,t2_squeezenet,57.274,32.456,2,0
94.834,t2_squeezenet,92.799,38.455,1,0
94.871,t2_squeezenet,82.160,36.246,1,0
94.906,t2_squeezenet,36.662,34.858,0,0
94.953,t2_squeezenet,39.878,37.066,2,0
94.989,t2_squeezenet,68.082,36.189,3,0
95.021,t2_squeezenet,97.311,31.911,2,0
95.057,t2_squeezenet,83.213,35.572,1,0
95.097,t2_squeezenet,111.687,40.209,1,0
95.139,t2_squeezenet,61.763,41.872,0,0
95.351,t2_squeezenet,52.032,49.985,1,0
95.388,t2_squeezenet,63.396,37.428,0,0
95.434,t2_squeezenet,36.822,35.328,0,0
95.673,t2_squeezenet,43.705,41.719,2,0
95.718,t2_squeezenet,83.148,45.083,1,0
95.764,t2_squeezenet,99.161,46.168,1,0
95.804,t2_squeezenet,66.788,39.616,0,0
95.907,t2_squeezenet,45.629,42.799,2,0
95.945,t2_squeezenet,71.314,37.163,2,0
95.979,t2_squeezenet,97.667,33.972,2,0
96.014,t2_squeezenet,74.144,35.293,1,0
96.051,t2_squeezenet,98.799,37.125,0,0
96.206,t2_squeezenet,41.642,38.395,0,0
96.441,t2_squeezenet,34.609,31.495,0,0
96.551,t2_squeezenet,35.265,33.813,0,0
96.717,t2_squeezenet,31.211,29.916,0,0
96.793,t2_squeezenet,32.874,29.963,0,0
96.869,t2_squeezenet,31.443,30.516,0,0
96.938,t2_squeezenet,32.278,29.247,0,0
97.089,t2_squeezenet,38.920,34.703,0,0
97.256,t2_squeezenet,34.263,29.885,2,0
97.285,t2_squeezenet,48.252,29.243,1,0
97.314,t2_squeezenet,67.665,29.171,1,0
97.345,t2_squeezenet,54.374,30.306,0,0
97.495,t2_squeezenet,50.040,48.835,2,0
97.538,t2_squeezenet,73.382,42.577,1,0
97.582,t2_squeezenet,97.967,43.690,1,0
97.628,t2_squeezenet,61.135,46.202,0,0
97.685,t2_squeezenet,42.908,42.160,0,0
97.732,t2_squeezenet,35.894,30.934,2,0
97.762,t2_squeezenet,63.674,30.755,2,0
97.792,t2_squeezenet,66.725,29.322,1,0
97.821,t2_squeezenet,65.090,29.412,0,0
97.927,t2_squeezenet,35.630,34.775,1,0
97.958,t2_squeezenet,46.682,31.090,0,0
98.005,t2_squeezenet,44.186,41.856,1,0
98.049,t2_squeezenet,56.866,43.957,0,0
98.100,t2_squeezenet,45.833,45.729,1,0
98.149,t2_squeezenet,76.193,48.919,2,0
98.185,t2_squeezenet,76.500,36.469,1,0
98.225,t2_squeezenet,83.344,39.862,1,0
98.270,t2_squeezenet,82.395,45.413,0,0
98.341,t2_squeezenet,47.820,44.734,0,0
98.399,t2_squeezenet,35.531,33.525,1,0
98.432,t2_squeezenet,51.224,32.587,1,0
98.471,t2_squeezenet,67.568,39.366,2,0
98.515,t2_squeezenet,67.354,43.382,2,0
98.557,t2_squeezenet,91.401,42.537,2,0
98.602,t2_squeezenet,108.026,44.504,4,0
98.650,t2_squeezenet,94.946,47.999,4,0
98.695,t2_squeezenet,136.481,44.900,3,0
98.738,t2_squeezenet,158.385,42.973,3,0
98.785,t2_squeezenet,198.882,46.785,2,0
98.831,t2_squeezenet,215.626,46.385,1,0
98.871,t2_squeezenet,152.140,39.204,0,0
99.103,t2_squeezenet,49.153,44.333,1,0
99.148,t2_squeezenet,75.519,44.612,2,0
99.194,t2_squeezenet,86.510,46.296,1,0
99.231,t2_squeezenet,101.959,37.085,2,0
99.262,t2_squeezenet,41.758,31.226,1,0
99.308,t2_squeezenet,80.339,45.686,0,0
99.359,t2_squeezenet,48.875,46.246,1,0
99.401,t2_squeezenet,52.996,41.858,0,0
99.583,t2_squeezenet,35.717,34.776,0,0
99.646,t2_squeezenet,45.279,42.235,1,0
99.688,t2_squeezenet,58.591,41.835,0,0
99.910,t2_squeezenet,45.953,45.230,1,0
99.959,t2_squeezenet,57.433,49.240,1,0
99.996,t2_squeezenet,46.661,36.986,0,0
100.210,t2_squeezenet,49.729,46.712,1,0
100.259,t2_squeezenet,84.967,48.302,1,0
100.302,t2_squeezenet,75.815,43.770,0,0
100.399,t2_squeezenet,48.669,45.568,2,0
100.448,t2_squeezenet,90.599,48.528,2,0
100.485,t2_squeezenet,116.754,37.149,4,0
100.520,t2_squeezenet,79.464,34.936,3,0
100.561,t2_squeezenet,105.610,41.404,3,0
100.605,t2_squeezenet,149.165,43.787,2,0
100.650,t2_squeezenet,183.712,44.400,1,0
100.693,t2_squeezenet,146.178,43.664,0,0
100.787,t2_squeezenet,47.616,42.713,1,0
100.828,t2_squeezenet,87.265,41.434,0,0
100.906,t2_squeezenet,33.406,31.702,0,0
100.975,t2_squeezenet,34.092,33.385,0,0
101.033,t2_squeezenet,34.694,32.454,1,0
101.063,t2_squeezenet,38.383,30.430,0,0
101.106,t2_squeezenet,36.896,32.455,0,0
101.347,t2_squeezenet,35.895,33.571,1,0
101.389,t2_squeezenet,70.899,42.557,0,0
101.467,t2_squeezenet,35.164,32.503,0,0
101.573,t2_squeezenet,34.020,29.238,0,0
101.624,t2_squeezenet,39.289,36.200,1,0
101.659,t2_squeezenet,50.275,35.203,0,0
101.709,t2_squeezenet,32.206,29.087,3,0
101.740,t2_squeezenet,63.201,31.649,5,0
101.781,t2_squeezenet,97.244,41.140,7,0
101.817,t2_squeezenet,109.831,35.629,7,0
101.858,t2_squeezenet,137.880,40.734,6,0
101.901,t2_squeezenet,178.867,43.527,5,0
101.936,t2_squeezenet,197.827,34.419,4,0
101.971,t2_squeezenet,222.269,35.294,3,0
102.008,t2_squeezenet,249.257,37.089,2,0
102.043,t2_squeezenet,277.720,34.718,3,0
102.075,t2_squeezenet,278.302,32.021,2,0
102.104,t2_squeezenet,92.233,29.136,1,0
102.135,t2_squeezenet,108.783,30.660,1,0
102.164,t2_squeezenet,49.986,29.242,1,0
102.200,t2_squeezenet,50.982,35.821,2,0
102.230,t2_squeezenet,42.599,29.873,2,0
102.266,t2_squeezenet,72.707,36.370,2,0
102.299,t2_squeezenet,96.469,32.669,1,0
102.334,t2_squeezenet,99.800,34.411,0,0
102.391,t2_squeezenet,41.412,37.111,1,0
102.426,t2_squeezenet,50.280,34.778,1,0
102.458,t2_squeezenet,47.319,32.181,0,0
102.546,t2_squeezenet,38.295,36.957,1,0
102.581,t2_squeezenet,38.389,35.720,0,0
102.643,t2_squeezenet,36.130,31.244,0,0
102.713,t2_squeezenet,33.039,29.365,1,0
102.749,t2_squeezenet,58.195,36.248,1,0
102.786,t2_squeezenet,57.298,36.502,1,0
102.821,t2_squeezenet,44.112,35.760,0,0
102.882,t2_squeezenet,31.318,30.056,0,0
102.968,t2_squeezenet,35.507,35.463,0,0
103.074,t2_squeezenet,36.828,35.709,1,0
103.110,t2_squeezenet,54.735,35.404,0,0
103.170,t2_squeezenet,32.090,29.721,0,0
103.286,t2_squeezenet,38.451,34.667,2,0
103.320,t2_squeezenet,68.984,34.453,1,0
103.355,t2_squeezenet,82.612,35.115,0,0
103.616,t2_squeezenet,46.650,42.071,0,0
103.710,t2_squeezenet,47.831,43.795,0,0
103.824,t2_squeezenet,41.210,37.486,1,0
103.867,t2_squeezenet,76.169,42.817,1,0
103.901,t2_squeezenet,46.492,33.866,0,0
104.008,t2_squeezenet,40.207,36.499,1,0
104.053,t2_squeezenet,70.199,44.544,2,0
104.087,t2_squeezenet,73.527,33.429,1,0
104.119,t2_squeezenet,71.070,32.340,0,0
104.254,t2_squeezenet,36.902,32.103,0,0
104.373,t2_squeezenet,46.384,43.596,0,0
104.451,t2_squeezenet,36.201,32.469,1,0
104.485,t2_squeezenet,46.109,34.007,1,0
104.517,t2_squeezenet,34.830,31.350,0,0
104.685,t2_squeezenet,35.322,31.097,0,0
104.762,t2_squeezenet,33.140,31.476,0,0
105.068,t2_squeezenet,47.518,42.850,0,0
105.171,t2_squeezenet,47.811,47.122,2,0
105.212,t2_squeezenet,54.925,40.170,1,0
105.244,t2_squeezenet,75.024,32.371,1,0
105.273,t2_squeezenet,36.550,29.100,0,0
105.319,t2_squeezenet,33.325,30.832,0,0
105.360,t2_squeezenet,34.413,30.725,0,0
105.451,t2_squeezenet,53.789,50.081,1,0
105.487,t2_squeezenet,66.373,36.584,0,0
105.575,t2_squeezenet,40.222,37.225,2,0
105.610,t2_squeezenet,45.202,34.919,1,0
105.645,t2_squeezenet,76.450,34.859,0,0
105.835,t2_squeezenet,41.490,37.823,1,0
105.870,t2_squeezenet,50.811,35.833,1,0
105.905,t2_squeezenet,44.538,34.976,0,0
105.951,t2_squeezenet,34.073,30.326,0,0
106.014,t2_squeezenet,39.188,37.459,0,0
106.051,t2_squeezenet,35.024,32.404,1,0
106.084,t2_squeezenet,35.346,32.848,1,0
106.116,t2_squeezenet,50.483,31.854,0,0
106.173,t2_squeezenet,33.952,31.952,1,0
106.203,t2_squeezenet,39.673,29.642,1,0
106.232,t2_squeezenet,53.641,29.266,1,0
106.262,t2_squeezenet,44.173,29.405,0,0
106.305,t2_squeezenet,36.408,32.632,0,0
106.396,t2_squeezenet,31.896,30.789,0,0
106.440,t2_squeezenet,34.953,33.748,2,0
106.472,t2_squeezenet,54.883,31.659,1,0
106.502,t2_squeezenet,73.398,30.791,1,0
106.534,t2_squeezenet,33.227,31.580,1,0
106.578,t2_squeezenet,53.720,43.835,3,0
106.612,t2_squeezenet,74.852,34.271,2,0
106.647,t2_squeezenet,108.874,35.023,1,0
106.684,t2_squeezenet,112.306,36.918,0,0
106.729,t2_squeezenet,34.245,29.692,1,0
106.758,t2_squeezenet,47.280,29.174,0,0
106.798,t2_squeezenet,31.975,29.806,1,0
106.834,t2_squeezenet,35.987,35.889,0,0
106.894,t2_squeezenet,35.683,34.893,2,0
106.931,t2_squeezenet,49.697,36.514,1,0
106.968,t2_squeezenet,78.758,36.835,1,0
107.005,t2_squeezenet,50.614,36.759,0,0
107.080,t2_squeezenet,43.390,40.106,1,0
107.120,t2_squeezenet,65.131,39.442,0,0
107.253,t2_squeezenet,34.008,31.560,0,0
107.477,t2_squeezenet,51.322,47.366,1,0
107.525,t2_squeezenet,97.096,47.451,0,0
107.565,t2_squeezenet,33.675,29.716,0,0
107.756,t2_squeezenet,46.930,44.600,0,0
107.900,t2_squeezenet,37.410,32.611,0,0
108.063,t2_squeezenet,51.044,46.405,2,0
108.096,t2_squeezenet,64.566,32.957,1,0
108.128,t2_squeezenet,94.182,31.590,4,0
108.159,t2_squeezenet,57.746,31.443,6,0
108.191,t2_squeezenet,89.503,31.846,5,0
108.225,t2_squeezenet,111.922,34.013,4,0
108.257,t2_squeezenet,143.471,31.916,5,0
108.288,t2_squeezenet,144.356,30.992,5,0
108.320,t2_squeezenet,175.426,32.223,5,0
108.355,t2_squeezenet,208.630,34.437,4,0
108.387,t2_squeezenet,148.762,31.538,3,0
108.428,t2_squeezenet,171.804,41.788,2,0
108.475,t2_squeezenet,193.792,46.444,1,0
108.523,t2_squeezenet,210.383,48.101,2,0
108.568,t2_squeezenet,82.785,45.094,1,0
108.612,t2_squeezenet,96.219,43.467,0,0
108.667,t2_squeezenet,47.378,44.813,2,0
108.714,t2_squeezenet,84.175,46.973,1,0
108.762,t2_squeezenet,122.522,48.063,0,0
108.856,t2_squeezenet,35.421,33.107,1,0
108.903,t2_squeezenet,78.442,47.366,2,0
108.935,t2_squeezenet,42.608,32.154,1,0
108.966,t2_squeezenet,64.424,30.804,0,0
109.139,t2_squeezenet,33.620,30.579,0,0
109.203,t2_squeezenet,30.024,29.381,1,0
109.240,t2_squeezenet,45.520,36.503,1,0
109.278,t2_squeezenet,46.731,38.177,1,0
109.313,t2_squeezenet,35.244,34.655,1,0
109.353,t2_squeezenet,53.122,39.926,0,0
109.402,t2_squeezenet,35.366,34.216,0,0
109.455,t2_squeezenet,45.741,42.513,0,0
109.520,t2_squeezenet,47.059,44.474,2,0
109.553,t2_squeezenet,78.461,33.045,1,0
109.596,t2_squeezenet,117.946,43.681,0,0
109.636,t2_squeezenet,34.457,29.844,1,0
109.666,t2_squeezenet,45.172,29.596,1,0
109.697,t2_squeezenet,34.549,30.454,1,0
109.737,t2_squeezenet,51.093,40.487,0,0
109.811,t2_squeezenet,34.467,33.236,0,0
109.892,t2_squeezenet,32.622,30.643,1,0
109.922,t2_squeezenet,52.036,29.771,0,0
110.008,t2_squeezenet,38.647,35.978,0,0
110.099,t2_squeezenet,37.687,34.642,0,0
110.256,t2_squeezenet,38.918,36.119,1,0
110.292,t2_squeezenet,66.252,35.878,0,0
110.413,t2_squeezenet,35.898,34.976,2,0
110.448,t2_squeezenet,40.978,34.776,1,0
110.484,t2_squeezenet,76.339,35.480,0,0
110.586,t2_squeezenet,40.076,36.153,3,0
110.621,t2_squeezenet,72.992,35.483,2,0
110.658,t2_squeezenet,105.953,37.036,1,0
110.689,t2_squeezenet,132.004,30.502,0,0
110.724,t2_squeezenet,30.682,30.020,0,0
110.829,t2_squeezenet,30.613,29.516,1,0
110.858,t2_squeezenet,31.620,29.129,0,0
110.953,t2_squeezenet,31.822,29.208,1,0
110.983,t2_squeezenet,40.090,29.102,1,0
111.012,t2_squeezenet,42.072,29.670,0,0
111.082,t2_squeezenet,33.507,29.432,1,0
111.111,t2_squeezenet,57.741,29.140,1,0
111.142,t2_squeezenet,33.862,31.187,0,0
111.234,t2_squeezenet,44.267,40.674,0,0
111.323,t2_squeezenet,38.539,37.608,1,0
111.359,t2_squeezenet,58.824,35.889,1,0
111.395,t2_squeezenet,62.897,35.861,0,0
111.441,t2_squeezenet,44.923,41.060,2,0
111.483,t2_squeezenet,83.344,41.968,1,0
111.527,t2_squeezenet,97.556,44.323,2,0
111.573,t2_squeezenet,75.913,46.071,3,0
111.618,t2_squeezenet,96.479,44.656,3,0
111.654,t2_squeezenet,117.719,35.622,2,0
111.692,t2_squeezenet,143.659,38.117,2,0
111.735,t2_squeezenet,124.463,42.854,2,0
111.778,t2_squeezenet,92.859,43.441,1,0
111.827,t2_squeezenet,123.458,48.178,0,0
111.964,t2_squeezenet,38.664,35.845,1,0
111.999,t2_squeezenet,68.192,35.535,0,0
112.227,t2_squeezenet,39.454,35.709,1,0
112.263,t2_squeezenet,63.626,35.137,1,0
112.299,t2_squeezenet,48.752,36.369,1,0
112.342,t2_squeezenet,53.986,42.572,1,0
112.380,t2_squeezenet,70.123,38.582,0,0
112.502,t2_squeezenet,37.248,35.464,0,0
112.723,t2_squeezenet,35.516,34.220,0,0
112.886,t2_squeezenet,40.677,36.420,1,0
112.923,t2_squeezenet,47.127,37.247,0,0
112.959,t2_squeezenet,33.960,30.183,0,0
113.003,t2_squeezenet,29.223,29.176,1,0
113.033,t2_squeezenet,32.672,29.911,1,0
113.063,t2_squeezenet,29.966,29.775,1,0
113.097,t2_squeezenet,36.083,33.809,1,0
113.139,t2_squeezenet,70.765,42.713,1,0
113.185,t2_squeezenet,46.984,45.632,2,0
113.227,t2_squeezenet,55.240,41.945,2,0
113.260,t2_squeezenet,84.172,32.616,1,0
113.290,t2_squeezenet,63.804,30.707,0,0
113.344,t2_squeezenet,45.350,43.281,0,0
113.392,t2_squeezenet,42.900,42.607,2,0
113.438,t2_squeezenet,75.734,45.826,2,0
113.487,t2_squeezenet,107.772,49.065,2,0
113.530,t2_squeezenet,124.920,43.357,1,0
113.574,t2_squeezenet,120.040,43.718,1,0
113.618,t2_squeezenet,84.561,43.905,2,0
113.658,t2_squeezenet,60.744,39.943,1,0
113.695,t2_squeezenet,82.035,37.203,2,0
113.735,t2_squeezenet,69.934,39.491,3,0
113.775,t2_squeezenet,94.054,40.821,2,0
113.813,t2_squeezenet,100.704,37.713,2,0
113.847,t2_squeezenet,118.995,33.500,1,0
113.885,t2_squeezenet,94.947,38.309,1,0
113.928,t2_squeezenet,73.402,42.628,1,0
113.970,t2_squeezenet,77.854,42.460,0,0
114.052,t2_squeezenet,31.279,30.806,3,0
114.085,t2_squeezenet,61.766,33.890,2,0
114.119,t2_squeezenet,80.932,33.302,2,0
114.151,t2_squeezenet,109.588,32.603,2,0
114.183,t2_squeezenet,77.151,31.838,1,0
114.229,t2_squeezenet,105.969,45.234,1,0
114.262,t2_squeezenet,72.542,33.222,1,0
114.294,t2_squeezenet,51.692,32.306,0,0
114.372,t2_squeezenet,40.667,36.800,0,0
114.458,t2_squeezenet,38.395,35.363,1,0
114.494,t2_squeezenet,41.213,36.202,1,0
114.530,t2_squeezenet,65.144,36.217,1,0
114.566,t2_squeezenet,66.170,35.733,0,0
114.687,t2_squeezenet,38.809,35.034,0,0
114.728,t2_squeezenet,37.528,36.044,0,0
114.889,t2_squeezenet,32.640,29.441,1,0
114.918,t2_squeezenet,56.500,29.183,1,0
114.947,t2_squeezenet,29.654,29.088,0,0
114.987,t2_squeezenet,34.323,29.821,0,0
115.027,t2_squeezenet,32.548,29.348,1,0
115.056,t2_squeezenet,40.846,29.146,0,0
115.104,t2_squeezenet,39.422,37.656,0,0
115.144,t2_squeezenet,35.446,35.344,0,0
115.336,t2_squeezenet,34.647,30.050,1,0
115.366,t2_squeezenet,52.901,30.268,1,0
115.403,t2_squeezenet,41.134,36.241,0,0
115.579,t2_squeezenet,34.146,29.236,1,0
115.609,t2_squeezenet,31.496,30.396,0,0
115.668,t2_squeezenet,36.903,33.552,0,0
115.763,t2_squeezenet,31.254,29.305,1,0
115.792,t2_squeezenet,57.344,29.126,1,0
115.826,t2_squeezenet,48.370,34.271,0,0
115.933,t2_squeezenet,40.234,35.724,1,0
115.970,t2_squeezenet,41.735,36.677,0,0
116.041,t2_squeezenet,39.921,35.640,1,0
116.077,t2_squeezenet,61.661,36.263,2,0
116.114,t2_squeezenet,54.035,36.408,2,0
116.151,t2_squeezenet,75.424,37.368,1,0
116.187,t2_squeezenet,104.520,35.910,0,0
116.233,t2_squeezenet,40.219,35.481,2,0
116.271,t2_squeezenet,77.231,38.463,2,0
116.302,t2_squeezenet,86.111,30.396,2,0
116.333,t2_squeezenet,72.298,31.426,2,0
116.380,t2_squeezenet,96.036,47.336,1,0
116.415,t2_squeezenet,100.564,34.276,0,0
116.477,t2_squeezenet,36.016,32.197,0,0
116.622,t2_squeezenet,36.227,33.288,1,0
116.665,t2_squeezenet,48.454,43.408,1,0
116.713,t2_squeezenet,53.173,47.148,0,0
116.796,t2_squeezenet,34.735,31.492,0,0
116.884,t2_squeezenet,37.569,32.803,1,0
116.915,t2_squeezenet,58.402,31.140,0,0
117.000,t2_squeezenet,37.598,34.036,0,0
117.070,t2_squeezenet,41.846,40.150,2,0
117.109,t2_squeezenet,60.267,38.693,1,0
117.150,t2_squeezenet,85.768,40.367,1,0
117.191,t2_squeezenet,60.532,41.831,0,0
117.330,t2_squeezenet,39.780,36.345,1,0
117.366,t2_squeezenet,65.261,35.738,0,0
117.634,t2_squeezenet,49.590,45.614,2,0
117.680,t2_squeezenet,76.505,45.531,2,0
117.717,t2_squeezenet,84.488,37.366,1,0
117.749,t2_squeezenet,95.499,31.528,1,0
117.781,t2_squeezenet,35.514,31.925,1,0
117.813,t2_squeezenet,57.698,32.605,3,0
117.846,t2_squeezenet,54.108,32.852,2,0
117.885,t2_squeezenet,78.866,39.397,3,0
117.927,t2_squeezenet,115.819,41.900,3,0
117.971,t2_squeezenet,123.961,43.631,2,0
118.017,t2_squeezenet,152.068,45.403,3,0
118.063,t2_squeezenet,137.923,46.192,2,0
118.105,t2_squeezenet,128.393,42.408,1,0
118.152,t2_squeezenet,145.855,46.878,1,0
118.187,t2_squeezenet,78.621,34.548,0,0
118.303,t2_squeezenet,43.804,40.386,0,0
118.344,t2_squeezenet,36.368,35.969,2,0
118.385,t2_squeezenet,61.971,41.188,2,0
118.429,t2_squeezenet,101.116,43.761,3,0
118.473,t2_squeezenet,127.179,43.131,2,0
118.516,t2_squeezenet,119.142,43.164,2,0
118.563,t2_squeezenet,154.394,47.698,2,0
118.607,t2_squeezenet,133.012,43.069,1,0
118.640,t2_squeezenet,102.251,33.199,1,0
118.683,t2_squeezenet,65.610,43.443,0,0
118.753,t2_squeezenet,44.616,44.495,1,0
118.797,t2_squeezenet,52.496,44.057,1,0
118.843,t2_squeezenet,67.112,45.239,0,0
118.885,t2_squeezenet,32.591,32.330,0,0
118.971,t2_squeezenet,36.210,35.507,1,0
119.014,t2_squeezenet,69.465,42.827,0,0
119.106,t2_squeezenet,50.677,46.073,1,0
119.144,t2_squeezenet,64.547,37.637,0,0
119.197,t2_squeezenet,35.804,32.849,0,0
119.289,t2_squeezenet,42.919,41.519,1,0
119.324,t2_squeezenet,70.855,34.274,0,0
119.620,t2_squeezenet,43.397,42.941,0,0
119.742,t2_squeezenet,40.354,35.569,1,0
119.777,t2_squeezenet,59.805,34.401,0,0
119.846,t2_squeezenet,45.578,44.148,0,0
119.894,t2_squeezenet,47.388,42.717,0,0
120.025,t2_squeezenet,43.530,39.413,1,0
120.069,t2_squeezenet,59.785,43.367,3,0
120.116,t2_squeezenet,89.331,47.844,3,0
120.161,t2_squeezenet,131.102,44.539,2,0
120.198,t2_squeezenet,155.007,37.174,1,0
120.230,t2_squeezenet,152.410,32.193,1,0
120.263,t2_squeezenet,50.373,32.066,0,0
120.357,t2_squeezenet,44.252,43.885,0,0
120.420,t2_squeezenet,34.992,32.624,1,0
120.458,t2_squeezenet,53.522,38.307,0,0
120.521,t2_squeezenet,35.361,32.701,0,0
120.582,t2_squeezenet,47.743,45.080,6,0
120.625,t2_squeezenet,89.396,43.142,6,0
120.666,t2_squeezenet,113.483,41.256,7,0
120.698,t2_squeezenet,141.252,31.826,7,0
120.729,t2_squeezenet,171.578,30.815,7,0
120.765,t2_squeezenet,186.771,35.635,8,0
120.800,t2_squeezenet,220.270,35.646,7,0
120.839,t2_squeezenet,228.043,38.109,7,0
120.876,t2_squeezenet,217.805,37.157,6,0
120.911,t2_squeezenet,244.515,34.983,6,0
120.947,t2_squeezenet,271.541,36.331,5,0
120.983,t2_squeezenet,284.112,36.190,5,0
121.018,t2_squeezenet,278.142,34.797,4,0
121.052,t2_squeezenet,293.591,33.432,3,0
121.087,t2_squeezenet,283.121,35.406,3,0
121.119,t2_squeezenet,221.184,31.832,3,0
121.148,t2_squeezenet,186.240,29.161,2,0
121.177,t2_squeezenet,124.209,29.117,1,0
121.209,t2_squeezenet,92.600,32.220,0,0
121.431,t2_squeezenet,32.961,29.515,0,0
121.581,t2_squeezenet,33.412,33.382,0,0
121.708,t2_squeezenet,37.917,35.685,2,0
121.744,t2_squeezenet,64.223,35.644,1,0
121.773,t2_squeezenet,88.476,29.193,0,0
121.918,t2_squeezenet,31.495,29.300,0,0
121.987,t2_squeezenet,34.736,33.486,2,0
122.021,t2_squeezenet,48.040,33.700,1,0
122.050,t2_squeezenet,66.056,29.121,0,0
122.091,t2_squeezenet,38.843,35.428,1,0
122.122,t2_squeezenet,48.560,31.357,1,0
122.163,t2_squeezenet,70.610,40.730,1,0
122.197,t2_squeezenet,70.445,34.404,0,0
122.297,t2_squeezenet,46.588,43.392,0,0
122.336,t2_squeezenet,38.620,34.679,0,0
122.465,t2_squeezenet,38.999,37.721,1,0
122.498,t2_squeezenet,36.963,32.750,1,0
122.530,t2_squeezenet,37.049,32.376,0,0
122.612,t2_squeezenet,45.568,40.614,0,0
122.760,t2_squeezenet,41.130,36.857,0,0
122.889,t2_squeezenet,35.044,32.588,1,0
122.920,t2_squeezenet,64.044,31.000,1,0
122.952,t2_squeezenet,50.080,32.171,1,0
122.985,t2_squeezenet,39.858,33.373,0,0
123.120,t2_squeezenet,46.696,42.995,1,0
123.166,t2_squeezenet,69.743,45.896,3,0
123.208,t2_squeezenet,83.707,42.356,2,0
123.252,t2_squeezenet,108.743,43.636,2,0
123.297,t2_squeezenet,148.861,45.051,1,0
123.343,t2_squeezenet,122.059,45.927,3,0
123.387,t2_squeezenet,69.026,44.260,3,0
123.429,t2_squeezenet,107.673,41.711,5,0
123.472,t2_squeezenet,136.302,43.256,4,0
123.520,t2_squeezenet,150.605,47.887,4,0
123.565,t2_squeezenet,175.668,45.179,4,0
123.607,t2_squeezenet,214.223,41.903,3,0
123.654,t2_squeezenet,235.571,46.424,4,0
123.698,t2_squeezenet,225.108,44.800,3,0
123.744,t2_squeezenet,211.975,45.444,2,0
123.783,t2_squeezenet,166.639,38.905,1,0
123.826,t2_squeezenet,190.570,42.900,0,0
123.883,t2_squeezenet,48.622,46.666,1,0
123.931,t2_squeezenet,61.789,47.946,1,0
123.973,t2_squeezenet,82.678,41.864,2,0
124.017,t2_squeezenet,77.697,44.382,2,0
124.063,t2_squeezenet,119.805,45.993,3,0
124.109,t2_squeezenet,113.836,46.280,2,0
124.153,t2_squeezenet,135.221,43.524,2,0
124.195,t2_squeezenet,151.993,41.833,2,0
124.240,t2_squeezenet,129.194,44.663,4,0
124.287,t2_squeezenet,106.835,47.622,3,0
124.332,t2_squeezenet,120.009,44.815,3,0
124.374,t2_squeezenet,160.539,41.747,3,0
124.420,t2_squeezenet,187.699,46.076,2,0
124.458,t2_squeezenet,158.949,37.930,2,0
124.490,t2_squeezenet,130.805,32.340,1,0
124.522,t2_squeezenet,98.663,31.357,0,0
124.564,t2_squeezenet,32.622,32.547,1,0
124.610,t2_squeezenet,46.964,45.157,0,0
124.669,t2_squeezenet,46.190,44.232,0,0
124.811,t2_squeezenet,55.593,50.761,0,0
124.994,t2_squeezenet,44.875,40.873,1,0
125.039,t2_squeezenet,56.104,44.737,0,0
125.123,t2_squeezenet,45.633,43.458,0,0
125.254,t2_squeezenet,39.759,35.360,0,0
125.301,t2_squeezenet,41.199,36.680,0,0
125.363,t2_squeezenet,37.251,35.961,0,0
125.418,t2_squeezenet,32.229,29.664,0,0
125.487,t2_squeezenet,30.360,29.252,1,0
125.523,t2_squeezenet,43.993,35.772,1,0
125.567,t2_squeezenet,46.864,43.889,2,0
125.609,t2_squeezenet,60.032,42.286,2,0
125.652,t2_squeezenet,95.375,42.308,1,0
125.686,t2_squeezenet,91.795,33.888,0,0
125.766,t2_squeezenet,32.740,29.073,1,0
125.795,t2_squeezenet,61.235,29.608,0,0
125.905,t2_squeezenet,36.285,33.528,0,0
126.016,t2_squeezenet,40.290,35.708,1,0
126.054,t2_squeezenet,59.398,38.103,0,0
126.135,t2_squeezenet,39.245,34.935,0,0
126.246,t2_squeezenet,31.914,29.160,1,0
126.281,t2_squeezenet,56.905,34.714,0,0
126.357,t2_squeezenet,42.239,40.657,1,0
126.401,t2_squeezenet,77.641,43.814,1,0
126.446,t2_squeezenet,65.130,45.152,1,0
126.492,t2_squeezenet,70.036,46.152,1,0
126.528,t2_squeezenet,80.556,35.588,0,0
126.583,t2_squeezenet,38.255,33.575,0,0
126.657,t2_squeezenet,31.173,29.067,0,0
126.717,t2_squeezenet,31.896,29.307,0,0
126.966,t2_squeezenet,41.108,40.724,0,0
127.034,t2_squeezenet,40.545,38.121,3,0
127.067,t2_squeezenet,61.280,33.184,3,0
127.100,t2_squeezenet,89.318,32.510,2,0
127.129,t2_squeezenet,99.168,29.116,1,0
127.162,t2_squeezenet,113.143,32.940,0,0
127.238,t2_squeezenet,39.573,35.364,1,0
127.272,t2_squeezenet,53.121,34.459,2,0
127.307,t2_squeezenet,68.439,34.158,3,0
127.336,t2_squeezenet,76.598,29.660,3,0
127.367,t2_squeezenet,80.326,30.955,2,0
127.398,t2_squeezenet,92.747,30.679,3,0
127.430,t2_squeezenet,119.567,32.300,3,0
127.464,t2_squeezenet,95.886,33.243,2,0
127.498,t2_squeezenet,125.845,34.378,2,0
127.531,t2_squeezenet,106.348,32.961,2,0
127.561,t2_squeezenet,70.951,29.549,1,0
127.590,t2_squeezenet,88.377,29.480,0,0
127.631,t2_squeezenet,37.529,35.479,0,0
127.670,t2_squeezenet,33.925,29.093,1,0
127.700,t2_squeezenet,45.496,30.009,0,0
127.923,t2_squeezenet,39.799,35.547,1,0
127.953,t2_squeezenet,65.286,30.011,0,0
128.028,t2_squeezenet,35.334,34.843,0,0
128.066,t2_squeezenet,35.540,32.315,0,0
128.111,t2_squeezenet,40.477,35.513,0,0
128.283,t2_squeezenet,31.743,30.116,2,0
128.320,t2_squeezenet,67.382,36.542,1,0
128.350,t2_squeezenet,95.878,29.947,0,0
128.404,t2_squeezenet,30.228,29.099,0,0
128.444,t2_squeezenet,33.756,29.751,0,0
128.525,t2_squeezenet,34.885,30.741,0,0
128.625,t2_squeezenet,36.206,34.269,2,0
128.671,t2_squeezenet,74.604,45.539,2,0
128.701,t2_squeezenet,85.543,30.227,2,0
128.731,t2_squeezenet,88.712,29.536,3,0
128.760,t2_squeezenet,83.417,29.215,3,0
128.793,t2_squeezenet,86.540,32.774,2,0
128.830,t2_squeezenet,114.880,37.452,2,0
128.862,t2_squeezenet,129.838,31.439,2,0
128.893,t2_squeezenet,79.003,31.553,3,0
128.925,t2_squeezenet,70.325,32.135,2,0
128.958,t2_squeezenet,83.470,33.013,4,0
128.988,t2_squeezenet,102.900,29.502,3,0
129.018,t2_squeezenet,72.693,30.166,2,0
129.054,t2_squeezenet,106.532,35.517,1,0
129.084,t2_squeezenet,135.073,30.002,0,0
129.125,t2_squeezenet,37.015,36.274,0,0
129.206,t2_squeezenet,37.452,35.643,1,0
129.243,t2_squeezenet,71.890,36.860,1,0
129.279,t2_squeezenet,49.309,35.935,0,0
129.319,t2_squeezenet,32.419,29.181,0,0
129.434,t2_squeezenet,39.936,34.981,2,0
129.471,t2_squeezenet,49.312,36.360,4,0
129.503,t2_squeezenet,79.808,32.443,4,0
129.537,t2_squeezenet,97.489,33.492,3,0
129.572,t2_squeezenet,123.262,35.145,3,0
129.609,t2_squeezenet,145.797,37.063,2,0
129.643,t2_squeezenet,169.184,33.496,1,0
129.684,t2_squeezenet,121.276,41.656,0,0
129.919,t2_squeezenet,34.907,32.426,1,0
129.951,t2_squeezenet,31.927,31.612,0,0
130.008,t2_squeezenet,41.833,37.140,0,0
130.055,t2_squeezenet,37.638,36.806,2,0
130.093,t2_squeezenet,74.229,37.154,3,0
130.126,t2_squeezenet,83.040,33.617,2,0
130.156,t2_squeezenet,94.682,29.190,1,0
130.188,t2_squeezenet,119.414,31.961,1,0
130.222,t2_squeezenet,62.036,33.974,1,0
130.251,t2_squeezenet,51.655,29.541,1,0
130.286,t2_squeezenet,57.822,35.358,0,0
130.407,t2_squeezenet,32.495,29.324,1,0
130.440,t2_squeezenet,34.535,33.121,0,0
130.477,t2_squeezenet,31.948,31.573,0,0
130.709,t2_squeezenet,32.702,30.262,0,0
130.819,t2_squeezenet,38.155,33.680,0,0
130.975,t2_squeezenet,39.314,34.810,1,0
131.011,t2_squeezenet,45.604,36.272,0,0
131.069,t2_squeezenet,36.852,31.866,0,0
131.139,t2_squeezenet,29.700,29.670,0,0
131.262,t2_squeezenet,39.900,37.233,1,0
131.305,t2_squeezenet,72.256,43.547,1,0
131.348,t2_squeezenet,85.687,42.982,0,0
131.425,t2_squeezenet,48.110,45.669,0,0
131.510,t2_squeezenet,46.345,44.324,2,0
131.553,t2_squeezenet,68.393,42.645,1,0
131.597,t2_squeezenet,96.651,43.636,0,0
131.659,t2_squeezenet,50.107,47.243,0,0
131.779,t2_squeezenet,50.131,48.548,2,0
131.824,t2_squeezenet,63.472,45.016,1,0
131.866,t2_squeezenet,93.582,41.975,0,0
131.921,t2_squeezenet,47.472,44.354,0,0
131.967,t2_squeezenet,44.068,41.239,0,0
132.037,t2_squeezenet,48.389,44.595,0,0
132.158,t2_squeezenet,53.599,49.477,1,0
132.201,t2_squeezenet,53.091,42.754,1,0
132.243,t2_squeezenet,74.088,42.423,0,0
132.306,t2_squeezenet,47.398,47.322,2,0
132.352,t2_squeezenet,69.128,46.491,1,0
132.392,t2_squeezenet,89.514,39.622,0,0
132.566,t2_squeezenet,33.611,32.912,1,0
132.599,t2_squeezenet,45.542,32.117,0,0
132.734,t2_squeezenet,44.964,43.715,1,0
132.768,t2_squeezenet,57.214,33.706,0,0
132.860,t2_squeezenet,33.509,31.241,1,0
132.902,t2_squeezenet,67.219,41.419,0,0
132.945,t2_squeezenet,42.852,37.857,0,0
133.087,t2_squeezenet,40.349,35.992,1,0
133.119,t2_squeezenet,51.137,31.366,0,0
133.223,t2_squeezenet,48.849,48.227,2,0
133.268,t2_squeezenet,75.679,45.106,1,0
133.301,t2_squeezenet,92.719,33.479,0,0
133.571,t2_squeezenet,37.576,36.395,0,0
133.645,t2_squeezenet,41.648,38.488,1,0
133.687,t2_squeezenet,83.021,41.509,2,0
133.719,t2_squeezenet,72.578,31.851,1,0
133.749,t2_squeezenet,94.173,30.607,0,0
133.818,t2_squeezenet,41.254,38.908,2,0
133.865,t2_squeezenet,83.438,46.166,1,0
133.906,t2_squeezenet,90.882,40.976,1,0
133.937,t2_squeezenet,37.392,31.187,0,0
134.021,t2_squeezenet,41.525,38.266,0,0
134.136,t2_squeezenet,33.006,29.248,2,0
134.165,t2_squeezenet,49.190,29.064,1,0
134.201,t2_squeezenet,71.373,35.473,0,0
134.323,t2_squeezenet,48.731,45.924,0,0
134.406,t2_squeezenet,45.097,42.153,1,0
134.442,t2_squeezenet,41.719,36.892,0,0
134.539,t2_squeezenet,42.898,40.855,1,0
134.570,t2_squeezenet,60.908,30.458,1,0
134.602,t2_squeezenet,52.142,32.767,0,0
134.698,t2_squeezenet,45.929,44.780,0,0
134.775,t2_squeezenet,36.160,35.867,0,0
134.844,t2_squeezenet,51.622,48.629,1,0
134.886,t2_squeezenet,57.452,42.572,0,0
135.034,t2_squeezenet,45.842,41.346,3,0
135.076,t2_squeezenet,60.039,41.778,2,0
135.123,t2_squeezenet,101.002,47.153,3,0
135.170,t2_squeezenet,143.630,46.740,2,0
135.215,t2_squeezenet,134.077,44.936,1,0
135.260,t2_squeezenet,158.952,44.893,2,0
135.303,t2_squeezenet,74.834,42.501,1,0
135.348,t2_squeezenet,92.519,45.269,2,0
135.395,t2_squeezenet,82.667,47.073,3,0
135.435,t2_squeezenet,103.385,40.156,2,0
135.480,t2_squeezenet,99.413,44.235,3,0
135.526,t2_squeezenet,132.654,46.517,4,0
135.573,t2_squeezenet,134.955,47.340,4,0
135.618,t2_squeezenet,171.582,44.915,3,0
135.653,t2_squeezenet,136.634,34.304,2,0
135.684,t2_squeezenet,162.293,31.518,1,0
135.728,t2_squeezenet,178.159,43.565,2,0
135.771,t2_squeezenet,77.371,42.611,1,0
135.809,t2_squeezenet,112.612,38.210,1,0
135.851,t2_squeezenet,66.272,41.681,0,0
135.918,t2_squeezenet,49.138,46.547,1,0
135.965,t2_squeezenet,52.540,47.167,0,0
136.140,t2_squeezenet,47.112,43.266,1,0
136.174,t2_squeezenet,72.061,33.783,0,0
136.406,t2_squeezenet,36.013,33.885,0,0
136.471,t2_squeezenet,34.612,30.448,0,0
136.506,t2_squeezenet,31.785,29.903,0,0
136.578,t2_squeezenet,37.261,35.990,1,0
136.610,t2_squeezenet,39.638,32.318,0,0
136.672,t2_squeezenet,41.760,41.144,2,0
136.704,t2_squeezenet,51.504,31.961,2,0
136.736,t2_squeezenet,67.991,32.273,1,0
136.768,t2_squeezenet,95.734,31.624,0,0
136.888,t2_squeezenet,40.291,38.839,1,0
136.923,t2_squeezenet,41.327,34.892,0,0
136.999,t2_squeezenet,36.546,35.323,0,0
137.060,t2_squeezenet,38.997,35.780,0,0
137.131,t2_squeezenet,38.899,35.349,1,0
137.163,t2_squeezenet,67.675,31.972,0,0
137.215,t2_squeezenet,46.619,41.940,1,0
137.249,t2_squeezenet,38.038,34.829,0,0
137.307,t2_squeezenet,38.549,37.434,0,0
137.526,t2_squeezenet,40.331,36.349,0,0
137.616,t2_squeezenet,36.291,34.799,3,0
137.650,t2_squeezenet,62.299,33.765,2,0
137.680,t2_squeezenet,79.754,29.550,1,0
137.709,t2_squeezenet,106.804,29.157,2,0
137.738,t2_squeezenet,37.701,29.583,1,0
137.770,t2_squeezenet,62.076,31.116,1,0
137.804,t2_squeezenet,44.859,34.323,2,0
137.849,t2_squeezenet,68.143,44.868,2,0
137.882,t2_squeezenet,92.602,32.894,1,0
137.920,t2_squeezenet,73.768,37.986,0,0
137.966,t2_squeezenet,39.692,35.756,2,0
138.001,t2_squeezenet,73.244,35.091,1,0
138.037,t2_squeezenet,107.661,35.813,0,0
138.094,t2_squeezenet,46.068,42.256,1,0
138.138,t2_squeezenet,55.792,43.362,1,0
138.184,t2_squeezenet,74.797,46.618,2,0
138.221,t2_squeezenet,73.508,36.570,1,0
138.252,t2_squeezenet,97.317,31.395,1,0
138.285,t2_squeezenet,44.486,32.783,2,0
138.330,t2_squeezenet,74.031,45.246,1,0
138.363,t2_squeezenet,79.620,32.915,1,0
138.394,t2_squeezenet,52.838,30.334,0,0
138.429,t2_squeezenet,30.900,29.860,0,0
138.480,t2_squeezenet,31.665,30.933,1,0
138.515,t2_squeezenet,42.593,34.808,2,0
138.551,t2_squeezenet,69.815,36.472,2,0
138.587,t2_squeezenet,76.805,35.655,2,0
138.623,t2_squeezenet,75.244,36.100,2,0
138.654,t2_squeezenet,74.390,30.537,2,0
138.692,t2_squeezenet,92.007,38.555,1,0
138.735,t2_squeezenet,96.215,42.989,1,0
138.773,t2_squeezenet,44.988,37.904,0,0
138.852,t2_squeezenet,38.429,33.483,1,0
138.883,t2_squeezenet,64.250,30.386,0,0
139.137,t2_squeezenet,36.964,36.276,2,0
139.181,t2_squeezenet,71.404,44.005,1,0
139.229,t2_squeezenet,97.292,48.456,0,0
139.283,t2_squeezenet,46.678,43.236,1,0
139.327,t2_squeezenet,51.607,44.058,1,0
139.375,t2_squeezenet,90.270,47.625,0,0
139.483,t2_squeezenet,33.724,32.813,1,0
139.516,t2_squeezenet,58.097,32.453,0,0
139.624,t2_squeezenet,39.084,37.558,1,0
139.670,t2_squeezenet,71.015,45.717,2,0
139.717,t2_squeezenet,51.784,46.478,2,0
139.760,t2_squeezenet,93.633,43.585,2,0
139.804,t2_squeezenet,118.400,44.192,1,0
139.853,t2_squeezenet,106.244,48.241,1,0
139.900,t2_squeezenet,64.290,47.251,1,0
139.941,t2_squeezenet,58.462,41.148,3,0
139.988,t2_squeezenet,79.046,46.792,2,0
140.032,t2_squeezenet,102.650,43.594,1,0
140.077,t2_squeezenet,146.176,44.884,0,0
140.139,t2_squeezenet,34.072,32.352,0,0
140.176,t2_squeezenet,35.447,31.916,1,0
140.209,t2_squeezenet,37.952,32.131,0,0
140.288,t2_squeezenet,45.272,43.533,3,0
140.331,t2_squeezenet,57.928,43.770,3,0
140.383,t2_squeezenet,96.560,51.437,4,0
140.419,t2_squeezenet,132.324,35.956,3,0
140.452,t2_squeezenet,155.733,33.431,2,0
140.489,t2_squeezenet,138.224,36.782,1,0
140.526,t2_squeezenet,146.098,37.192,0,0
140.632,t2_squeezenet,40.099,39.357,0,0
140.714,t2_squeezenet,37.340,36.896,0,0
140.909,t2_squeezenet,41.269,37.153,1,0
140.938,t2_squeezenet,40.012,29.125,2,0
140.967,t2_squeezenet,44.072,29.067,1,0
141.004,t2_squeezenet,66.919,36.552,0,0
141.058,t2_squeezenet,33.850,29.165,0,0
141.116,t2_squeezenet,32.548,31.887,2,0
141.161,t2_squeezenet,77.435,45.564,3,0
141.195,t2_squeezenet,97.901,33.970,3,0
141.227,t2_squeezenet,98.989,31.222,3,0
141.257,t2_squeezenet,124.187,30.045,4,0
141.291,t2_squeezenet,100.909,34.823,3,0
141.322,t2_squeezenet,114.833,30.681,2,0
141.351,t2_squeezenet,117.313,29.077,1,0
141.381,t2_squeezenet,139.204,29.980,2,0
141.411,t2_squeezenet,55.677,30.050,2,0
141.447,t2_squeezenet,68.841,35.755,3,0
141.483,t2_squeezenet,78.133,35.674,2,0
141.520,t2_squeezenet,88.542,37.296,1,0
141.556,t2_squeezenet,110.537,35.370,0,0
141.592,t2_squeezenet,32.545,31.234,0,0
141.687,t2_squeezenet,33.764,29.626,1,0
141.723,t2_squeezenet,36.678,35.430,0,0
141.763,t2_squeezenet,33.746,30.175,0,0
141.838,t2_squeezenet,32.093,29.472,0,0
141.901,t2_squeezenet,33.280,32.269,0,0
141.952,t2_squeezenet,31.609,31.199,1,0
141.981,t2_squeezenet,51.872,29.058,1,0
142.019,t2_squeezenet,65.470,37.638,0,0
142.074,t2_squeezenet,36.242,34.798,1,0
142.107,t2_squeezenet,54.695,32.823,0,0
142.184,t2_squeezenet,39.198,36.648,0,0
142.293,t2_squeezenet,36.618,32.185,1,0
142.322,t2_squeezenet,38.491,29.168,4,0
142.351,t2_squeezenet,54.315,29.073,3,0
142.383,t2_squeezenet,86.266,32.096,2,0
142.419,t2_squeezenet,117.987,35.906,2,0
142.454,t2_squeezenet,141.019,35.529,3,0
142.487,t2_squeezenet,94.544,32.966,3,0
142.523,t2_squeezenet,97.373,35.393,3,0
142.558,t2_squeezenet,120.760,35.029,3,0
142.593,t2_squeezenet,126.736,35.246,2,0
142.622,t2_squeezenet,111.156,29.063,1,0
142.656,t2_squeezenet,121.614,33.559,0,0
142.744,t2_squeezenet,35.807,32.591,0,0
142.788,t2_squeezenet,34.537,33.332,0,0
142.864,t2_squeezenet,39.522,35.437,0,0
142.904,t2_squeezenet,31.184,29.914,1,0
142.933,t2_squeezenet,56.435,29.589,1,0
142.962,t2_squeezenet,30.182,29.110,1,0
142.992,t2_squeezenet,31.266,29.082,0,0
143.090,t2_squeezenet,44.655,42.922,1,0
143.126,t2_squeezenet,72.227,35.921,0,0
143.186,t2_squeezenet,36.473,34.365,1,0
143.226,t2_squeezenet,66.354,39.671,0,0
143.262,t2_squeezenet,31.373,31.139,1,0
143.295,t2_squeezenet,37.508,33.271,1,0
143.328,t2_squeezenet,37.027,32.999,2,0
143.360,t2_squeezenet,61.651,31.396,2,0
143.390,t2_squeezenet,87.779,30.666,2,0
143.431,t2_squeezenet,78.757,40.623,1,0
143.471,t2_squeezenet,104.393,39.575,1,0
143.503,t2_squeezenet,49.219,32.154,1,0
143.534,t2_squeezenet,43.469,30.977,0,0
143.580,t2_squeezenet,41.447,40.987,1,0
143.625,t2_squeezenet,58.985,44.629,1,0
143.669,t2_squeezenet,62.069,43.985,2,0
143.705,t2_squeezenet,59.724,36.449,2,0
143.739,t2_squeezenet,91.369,33.741,3,0
143.774,t2_squeezenet,96.394,35.281,3,0
143.820,t2_squeezenet,94.834,45.198,4,0
143.862,t2_squeezenet,132.716,42.479,3,0
143.906,t2_squeezenet,157.999,43.988,2,0
143.954,t2_squeezenet,174.070,48.147,1,0
143.993,t2_squeezenet,180.396,38.795,0,0
144.040,t2_squeezenet,43.676,41.567,2,0
144.075,t2_squeezenet,51.235,35.292,1,0
144.108,t2_squeezenet,76.222,32.728,1,0
144.140,t2_squeezenet,49.576,32.524,4,0
144.171,t2_squeezenet,49.294,30.259,3,0
144.203,t2_squeezenet,76.842,32.629,3,0
144.236,t2_squeezenet,102.778,32.465,3,0
144.275,t2_squeezenet,139.479,38.792,2,0
144.311,t2_squeezenet,137.396,36.352,1,0
144.352,t2_squeezenet,126.616,40.446,3,0
144.394,t2_squeezenet,68.059,42.341,4,0
144.439,t2_squeezenet,99.523,45.464,4,0
144.487,t2_squeezenet,137.708,48.014,4,0
144.522,t2_squeezenet,168.672,34.182,4,0
144.553,t2_squeezenet,180.562,31.715,3,0
144.588,t2_squeezenet,170.244,34.648,2,0
144.625,t2_squeezenet,158.329,36.702,2,0
144.655,t2_squeezenet,146.839,30.160,1,0
144.684,t2_squeezenet,68.400,29.082,0,0
144.903,t2_squeezenet,46.130,41.899,0,0
144.972,t2_squeezenet,48.362,47.889,0,0
145.035,t2_squeezenet,39.833,38.028,0,0
145.071,t2_squeezenet,35.174,30.598,1,0
145.116,t2_squeezenet,64.967,45.212,0,0
145.197,t2_squeezenet,47.021,45.385,0,0
145.278,t2_squeezenet,48.085,44.975,1,0
145.321,t2_squeezenet,73.950,43.725,0,0
145.375,t2_squeezenet,49.105,48.652,0,0
145.452,t2_squeezenet,44.304,40.842,0,0
145.579,t2_squeezenet,44.466,41.353,0,0
145.795,t2_squeezenet,37.086,32.699,0,0
145.836,t2_squeezenet,31.518,31.236,0,0
145.895,t2_squeezenet,37.072,32.987,0,0
145.997,t2_squeezenet,39.943,36.563,1,0
146.029,t2_squeezenet,70.036,31.962,0,0
146.126,t2_squeezenet,34.803,31.478,1,0
146.158,t2_squeezenet,48.914,31.859,1,0
146.191,t2_squeezenet,45.401,32.188,1,0
146.223,t2_squeezenet,40.816,32.295,0,0
146.290,t2_squeezenet,36.009,31.679,0,0
146.344,t2_squeezenet,46.526,43.958,0,0
146.402,t2_squeezenet,46.050,42.761,0,0
146.812,t2_squeezenet,43.167,40.229,2,0
146.848,t2_squeezenet,69.404,35.848,2,0
146.880,t2_squeezenet,74.437,31.893,2,0
146.915,t2_squeezenet,73.926,34.751,2,0
146.960,t2_squeezenet,103.167,44.947,1,0
146.995,t2_squeezenet,103.678,35.285,2,0
147.026,t2_squeezenet,59.104,30.723,1,0
147.058,t2_squeezenet,67.082,32.152,1,0
147.092,t2_squeezenet,61.199,34.269,2,0
147.128,t2_squeezenet,57.193,35.982,1,0
147.158,t2_squeezenet,85.050,29.520,1,0
147.187,t2_squeezenet,52.952,29.174,0,0
147.258,t2_squeezenet,34.166,30.531,0,0
147.490,t2_squeezenet,41.482,39.868,1,0
147.537,t2_squeezenet,61.395,47.189,1,0
147.576,t2_squeezenet,76.662,38.409,0,0
147.854,t2_squeezenet,35.819,35.107,0,0
148.035,t2_squeezenet,50.569,47.014,1,0
148.077,t2_squeezenet,50.774,41.861,1,0
148.121,t2_squeezenet,86.069,44.418,0,0
148.201,t2_squeezenet,47.109,44.054,0,0
148.308,t2_squeezenet,49.821,46.154,2,0
148.345,t2_squeezenet,76.010,37.043,1,0
148.377,t2_squeezenet,84.179,32.243,0,0
148.443,t2_squeezenet,49.961,45.329,2,0
148.488,t2_squeezenet,70.041,45.244,2,0
148.537,t2_squeezenet,104.229,48.967,4,0
148.580,t2_squeezenet,135.886,42.451,5,0
148.623,t2_squeezenet,126.643,42.629,4,0
148.669,t2_squeezenet,163.359,46.135,4,0
148.715,t2_squeezenet,191.204,46.035,5,0
148.750,t2_squeezenet,211.761,34.723,6,0
148.788,t2_squeezenet,218.976,38.182,6,0
148.826,t2_squeezenet,182.045,38.139,5,0
148.857,t2_squeezenet,172.113,31.050,4,0
148.889,t2_squeezenet,182.202,32.012,3,0
148.923,t2_squeezenet,188.950,34.134,2,0
148.955,t2_squeezenet,206.189,31.583,2,0
148.998,t2_squeezenet,232.236,42.741,2,0
149.032,t2_squeezenet,94.122,34.493,2,0
149.065,t2_squeezenet,77.734,33.028,2,0
149.099,t2_squeezenet,81.343,33.507,1,0
149.141,t2_squeezenet,86.376,41.862,1,0
149.180,t2_squeezenet,67.517,39.193,1,0
149.222,t2_squeezenet,69.884,41.785,2,0
149.258,t2_squeezenet,67.554,35.956,1,0
149.291,t2_squeezenet,86.979,33.190,1,0
149.327,t2_squeezenet,44.564,36.102,1,0
149.357,t2_squeezenet,49.870,30.170,1,0
149.393,t2_squeezenet,47.909,35.826,0,0
149.512,t2_squeezenet,39.461,36.879,2,0
149.545,t2_squeezenet,67.749,32.733,3,0
149.574,t2_squeezenet,86.104,29.673,2,0
149.604,t2_squeezenet,66.171,29.194,2,0
149.638,t2_squeezenet,96.459,34.211,3,0
149.669,t2_squeezenet,92.869,31.519,2,0
149.699,t2_squeezenet,76.167,29.644,3,0
149.728,t2_squeezenet,98.248,29.165,5,0
149.760,t2_squeezenet,88.297,31.929,4,0
149.797,t2_squeezenet,115.496,36.642,3,0
149.831,t2_squeezenet,125.510,34.201,2,0
149.866,t2_squeezenet,145.171,35.222,1,0
149.907,t2_squeezenet,181.644,40.999,0,0
150.089,t2_squeezenet,48.190,43.836,1,0
150.123,t2_squeezenet,54.434,33.555,0,0
150.178,t2_squeezenet,47.352,45.449,0,0
150.245,t2_squeezenet,35.536,31.123,1,0
150.274,t2_squeezenet,44.152,29.091,1,0
150.304,t2_squeezenet,37.617,29.737,1,0
150.334,t2_squeezenet,56.509,29.594,0,0
150.398,t2_squeezenet,29.663,29.140,0,0
150.483,t2_squeezenet,30.164,29.321,0,0
150.628,t2_squeezenet,37.276,33.650,0,0
150.718,t2_squeezenet,35.919,33.692,2,0
150.761,t2_squeezenet,63.190,43.394,2,0
150.807,t2_squeezenet,104.888,45.726,2,0
150.854,t2_squeezenet,110.130,47.509,2,0
150.891,t2_squeezenet,106.532,36.077,2,0
150.925,t2_squeezenet,85.144,34.620,1,0
150.962,t2_squeezenet,85.128,36.709,0,0
151.094,t2_squeezenet,30.821,30.522,0,0
151.144,t2_squeezenet,37.178,35.481,0,0
151.210,t2_squeezenet,39.469,35.632,0,0
151.316,t2_squeezenet,39.090,34.374,0,0
151.490,t2_squeezenet,41.310,36.636,5,0
151.523,t2_squeezenet,71.216,32.525,4,0
151.554,t2_squeezenet,101.716,31.633,4,0
151.586,t2_squeezenet,129.993,31.412,3,0
151.618,t2_squeezenet,145.971,31.806,3,0
151.650,t2_squeezenet,168.866,32.111,2,0
151.694,t2_squeezenet,162.200,44.068,3,0
151.739,t2_squeezenet,134.210,45.395,3,0
151.782,t2_squeezenet,114.437,42.672,3,0
151.818,t2_squeezenet,136.451,35.933,2,0
151.860,t2_squeezenet,147.056,41.751,2,0
151.903,t2_squeezenet,139.052,43.101,2,0
151.945,t2_squeezenet,92.539,42.440,3,0
151.989,t2_squeezenet,99.720,43.772,2,0
152.034,t2_squeezenet,121.669,44.297,2,0
152.067,t2_squeezenet,148.151,33.438,1,0
152.098,t2_squeezenet,64.885,31.294,1,0
152.130,t2_squeezenet,36.821,31.605,1,0
152.169,t2_squeezenet,55.043,39.225,2,0
152.216,t2_squeezenet,64.408,46.795,2,0
152.256,t2_squeezenet,87.373,40.101,2,0
152.287,t2_squeezenet,113.729,30.674,1,0
152.318,t2_squeezenet,69.070,31.455,0,0
152.509,t2_squeezenet,36.635,33.307,1,0
152.549,t2_squeezenet,41.970,40.036,0,0
152.618,t2_squeezenet,47.788,43.813,2,0
152.665,t2_squeezenet,71.948,46.799,1,0
152.710,t2_squeezenet,97.622,44.281,4,0
152.754,t2_squeezenet,84.730,44.001,6,0
152.798,t2_squeezenet,106.559,44.672,6,0
152.844,t2_squeezenet,145.637,45.264,6,0
152.892,t2_squeezenet,185.443,47.992,6,0
152.934,t2_squeezenet,212.507,42.179,5,0
152.976,t2_squeezenet,238.741,41.886,5,0
153.022,t2_squeezenet,277.206,46.144,5,0
153.068,t2_squeezenet,302.382,45.712,4,0
153.112,t2_squeezenet,268.292,43.690,4,0
153.156,t2_squeezenet,299.709,44.491,3,0
153.189,t2_squeezenet,237.177,32.540,3,0
153.235,t2_squeezenet,217.926,45.646,3,0
153.284,t2_squeezenet,195.283,49.637,3,0
153.327,t2_squeezenet,157.542,42.283,4,0
153.370,t2_squeezenet,167.212,43.125,4,0
153.416,t2_squeezenet,163.401,46.335,4,0
153.463,t2_squeezenet,155.744,46.625,3,0
153.506,t2_squeezenet,184.074,42.989,3,0
153.550,t2_squeezenet,191.314,44.023,3,0
153.592,t2_squeezenet,206.110,42.052,3,0
153.639,t2_squeezenet,171.872,46.656,2,0
153.686,t2_squeezenet,168.791,46.986,1,0
153.728,t2_squeezenet,158.907,42.342,0,0
153.921,t2_squeezenet,49.533,46.023,0,0
153.977,t2_squeezenet,45.964,45.760,1,0
154.011,t2_squeezenet,71.234,33.799,1,0
154.051,t2_squeezenet,50.633,40.226,0,0
154.112,t2_squeezenet,46.662,45.357,0,0
154.284,t2_squeezenet,49.348,44.988,1,0
154.316,t2_squeezenet,64.318,32.824,1,0
154.347,t2_squeezenet,41.152,30.085,0,0
154.398,t2_squeezenet,32.948,31.458,0,0
154.443,t2_squeezenet,33.552,29.747,0,0
154.498,t2_squeezenet,29.858,29.102,0,0
154.604,t2_squeezenet,37.863,35.854,1,0
154.638,t2_squeezenet,45.489,33.422,1,0
154.668,t2_squeezenet,49.490,29.924,0,0
154.888,t2_squeezenet,35.403,33.075,0,0
154.938,t2_squeezenet,32.458,29.904,0,0
155.222,t2_squeezenet,33.585,31.199,0,0
155.265,t2_squeezenet,35.550,32.471,0,0
155.333,t2_squeezenet,33.195,32.861,0,0
155.383,t2_squeezenet,35.448,34.557,0,0
155.448,t2_squeezenet,34.986,34.794,0,0
155.513,t2_squeezenet,31.840,29.757,0,0
155.552,t2_squeezenet,36.752,33.490,1,0
155.587,t2_squeezenet,36.122,34.622,0,0
155.728,t2_squeezenet,39.291,35.227,1,0
155.759,t2_squeezenet,53.448,31.350,1,0
155.791,t2_squeezenet,37.099,31.533,0,0
155.854,t2_squeezenet,36.964,32.433,2,0
155.887,t2_squeezenet,60.408,33.616,2,0
155.918,t2_squeezenet,72.405,30.509,1,0
155.947,t2_squeezenet,66.794,29.198,0,0
156.175,t2_squeezenet,47.192,44.765,1,0
156.214,t2_squeezenet,46.379,38.677,0,0
156.307,t2_squeezenet,33.738,32.515,0,0
156.398,t2_squeezenet,45.961,45.842,0,0
156.460,t2_squeezenet,35.874,35.823,0,0
156.505,t2_squeezenet,36.475,34.975,1,0
156.538,t2_squeezenet,62.381,33.110,1,0
156.575,t2_squeezenet,42.621,36.374,2,0
156.604,t2_squeezenet,65.163,29.857,3,0
156.634,t2_squeezenet,78.998,29.499,2,0
156.674,t2_squeezenet,71.660,39.970,2,0
156.717,t2_squeezenet,114.643,43.051,1,0
156.758,t2_squeezenet,110.288,40.720,0,0
156.887,t2_squeezenet,47.001,42.445,2,0
156.932,t2_squeezenet,81.884,45.681,2,0
156.976,t2_squeezenet,92.683,44.101,4,0
157.008,t2_squeezenet,81.676,31.926,4,0
157.039,t2_squeezenet,74.143,30.620,3,0
157.071,t2_squeezenet,97.785,32.365,2,0
157.107,t2_squeezenet,132.155,35.221,1,0
157.152,t2_squeezenet,160.165,44.967,0,0
157.216,t2_squeezenet,48.635,44.152,0,0
157.262,t2_squeezenet,39.586,35.614,0,0
157.365,t2_squeezenet,36.630,31.674,2,0
157.397,t2_squeezenet,67.500,32.065,2,0
157.429,t2_squeezenet,98.379,32.222,2,0
157.461,t2_squeezenet,69.195,32.531,2,0
157.492,t2_squeezenet,86.210,31.013,2,0
157.524,t2_squeezenet,89.581,31.491,1,0
157.556,t2_squeezenet,93.877,32.220,0,0
157.599,t2_squeezenet,32.259,32.223,1,0
157.630,t2_squeezenet,32.521,31.001,0,0
157.713,t2_squeezenet,45.939,42.862,0,0
157.753,t2_squeezenet,31.162,30.150,0,0
157.815,t2_squeezenet,39.805,35.866,0,0
157.914,t2_squeezenet,34.393,33.795,1,0
157.949,t2_squeezenet,59.320,35.315,1,0
157.985,t2_squeezenet,59.411,35.872,1,0
158.020,t2_squeezenet,64.787,34.707,0,0
158.077,t2_squeezenet,37.780,36.642,0,0
158.142,t2_squeezenet,38.617,34.446,0,0
158.309,t2_squeezenet,49.626,45.865,1,0
158.349,t2_squeezenet,67.190,39.984,0,0
158.395,t2_squeezenet,38.460,35.450,2,0
158.424,t2_squeezenet,51.769,29.087,1,0
158.454,t2_squeezenet,69.472,29.570,0,0
158.494,t2_squeezenet,31.150,29.756,0,0
158.563,t2_squeezenet,36.433,33.982,1,0
158.601,t2_squeezenet,68.290,38.210,1,0
158.642,t2_squeezenet,53.010,40.715,0,0
158.865,t2_squeezenet,39.343,34.869,0,0
158.921,t2_squeezenet,35.752,31.026,0,0
158.958,t2_squeezenet,35.083,31.608,0,0
159.018,t2_squeezenet,41.776,40.646,1,0
159.053,t2_squeezenet,44.036,34.712,0,0
159.146,t2_squeezenet,39.485,36.940,2,0
159.189,t2_squeezenet,74.413,43.406,1,0
159.236,t2_squeezenet,111.069,46.636,0,0
159.352,t2_squeezenet,36.032,35.309,2,0
159.389,t2_squeezenet,52.868,36.446,2,0
159.423,t2_squeezenet,85.319,34.641,2,0
159.458,t2_squeezenet,75.553,34.383,2,0
159.494,t2_squeezenet,80.848,35.903,3,0
159.529,t2_squeezenet,84.930,35.560,2,0
159.565,t2_squeezenet,100.363,35.460,2,0
159.595,t2_squeezenet,103.769,30.183,1,0
159.628,t2_squeezenet,65.385,33.026,2,0
159.664,t2_squeezenet,40.435,35.769,2,0
159.698,t2_squeezenet,72.724,34.125,1,0
159.730,t2_squeezenet,79.406,31.886,0,0
159.768,t2_squeezenet,34.696,32.936,2,0
159.797,t2_squeezenet,37.020,29.182,1,0
159.833,t2_squeezenet,71.477,35.811,1,0
159.869,t2_squeezenet,52.013,35.840,2,0
159.901,t2_squeezenet,60.671,31.589,3,0
159.935,t2_squeezenet,65.875,34.072,2,0
159.969,t2_squeezenet,84.060,34.531,1,0
160.002,t2_squeezenet,103.077,32.454,0,0
160.117,t2_squeezenet,30.283,29.735,2,0
160.149,t2_squeezenet,36.430,31.534,1,0
160.180,t2_squeezenet,63.256,30.573,0,0
160.236,t2_squeezenet,41.857,41.147,1,0
160.284,t2_squeezenet,63.818,48.070,1,0
160.320,t2_squeezenet,57.636,35.363,0,0
160.402,t2_squeezenet,35.892,32.077,0,0
160.504,t2_squeezenet,46.197,41.498,1,0
160.537,t2_squeezenet,71.877,32.049,1,0
160.567,t2_squeezenet,47.800,30.775,0,0
160.636,t2_squeezenet,34.861,33.742,1,0
160.671,t2_squeezenet,35.771,34.180,0,0
160.803,t2_squeezenet,39.001,36.348,1,0
160.834,t2_squeezenet,68.802,30.793,0,0
160.900,t2_squeezenet,32.813,30.226,0,0
161.119,t2_squeezenet,33.900,31.671,1,0
161.152,t2_squeezenet,65.418,33.877,0,0
161.290,t2_squeezenet,48.183,46.283,0,0
161.598,t2_squeezenet,39.609,34.854,0,0
161.645,t2_squeezenet,41.055,36.744,1,0
161.677,t2_squeezenet,45.613,31.417,2,0
161.712,t2_squeezenet,52.691,35.472,2,0
161.741,t2_squeezenet,78.285,29.123,2,0
161.771,t2_squeezenet,64.888,29.802,2,0
161.808,t2_squeezenet,83.226,36.619,1,0
161.841,t2_squeezenet,88.533,32.853,0,0
161.877,t2_squeezenet,31.861,30.922,0,0
161.972,t2_squeezenet,47.894,44.081,0,0
162.089,t2_squeezenet,41.230,40.735,0,0
162.176,t2_squeezenet,51.383,46.747,0,0
162.262,t2_squeezenet,39.993,39.570,0,0
162.360,t2_squeezenet,35.577,32.874,0,0
162.454,t2_squeezenet,36.912,32.524,0,0
162.504,t2_squeezenet,50.200,45.372,1,0
162.540,t2_squeezenet,55.295,35.640,0,0
162.607,t2_squeezenet,32.016,31.837,1,0
162.651,t2_squeezenet,69.707,44.139,0,0
162.706,t2_squeezenet,33.404,29.752,0,0
162.767,t2_squeezenet,30.469,30.081,0,0
162.806,t2_squeezenet,38.845,34.364,0,0
162.841,t2_squeezenet,32.105,29.358,0,0
162.884,t2_squeezenet,33.429,33.309,0,0
162.971,t2_squeezenet,32.625,30.877,0,0
163.086,t2_squeezenet,36.650,33.782,0,0
163.210,t2_squeezenet,38.330,33.573,0,0
163.270,t2_squeezenet,41.248,39.491,0,0
163.402,t2_squeezenet,35.499,31.099,1,0
163.432,t2_squeezenet,51.510,30.145,0,0
163.511,t2_squeezenet,39.209,38.002,3,0
163.548,t2_squeezenet,71.351,37.278,2,0
163.582,t2_squeezenet,103.402,33.735,2,0
163.614,t2_squeezenet,131.990,32.446,1,0
163.644,t2_squeezenet,72.840,29.218,0,0
163.735,t2_squeezenet,39.513,35.671,2,0
163.777,t2_squeezenet,79.051,42.143,1,0
163.820,t2_squeezenet,87.596,42.896,1,0
163.865,t2_squeezenet,77.569,45.150,0,0
163.976,t2_squeezenet,34.555,34.167,0,0
164.052,t2_squeezenet,34.997,30.958,2,0
164.083,t2_squeezenet,52.085,30.677,1,0
164.112,t2_squeezenet,78.291,29.200,1,0
164.144,t2_squeezenet,41.368,32.048,0,0
164.241,t2_squeezenet,36.333,35.983,1,0
164.277,t2_squeezenet,38.891,35.739,1,0
164.314,t2_squeezenet,66.171,36.784,0,0
164.368,t2_squeezenet,36.217,33.852,0,0
164.482,t2_squeezenet,46.626,42.987,1,0
164.526,t2_squeezenet,70.615,43.247,1,0
164.561,t2_squeezenet,53.003,35.199,0,0
164.616,t2_squeezenet,34.679,29.877,1,0
164.652,t2_squeezenet,35.791,35.416,1,0
164.682,t2_squeezenet,45.436,29.979,0,0
164.821,t2_squeezenet,35.305,32.940,0,0
164.968,t2_squeezenet,49.048,45.697,3,0
165.001,t2_squeezenet,49.343,33.315,2,0
165.033,t2_squeezenet,78.611,31.345,3,0
165.062,t2_squeezenet,102.242,29.347,3,0
165.103,t2_squeezenet,91.932,41.473,2,0
165.137,t2_squeezenet,112.057,33.449,2,0
165.168,t2_squeezenet,128.292,31.254,1,0
165.212,t2_squeezenet,104.319,43.995,0,0
165.305,t2_squeezenet,42.106,41.784,1,0
165.344,t2_squeezenet,80.970,39.619,0,0
165.491,t2_squeezenet,45.141,44.785,0,0
165.729,t2_squeezenet,38.606,35.607,1,0
165.767,t2_squeezenet,68.580,37.585,0,0
165.859,t2_squeezenet,40.610,36.465,0,0
166.026,t2_squeezenet,37.339,35.969,0,0
166.086,t2_squeezenet,38.925,34.582,0,0
166.144,t2_squeezenet,41.709,37.526,0,0
166.215,t2_squeezenet,32.548,30.452,1,0
166.244,t2_squeezenet,30.518,29.612,0,0
166.314,t2_squeezenet,30.219,29.207,3,0
166.343,t2_squeezenet,55.869,29.053,3,0
166.373,t2_squeezenet,80.295,29.725,2,0
166.402,t2_squeezenet,104.879,29.408,1,0
166.432,t2_squeezenet,113.404,29.158,0,0
166.470,t2_squeezenet,34.880,33.038,1,0
166.503,t2_squeezenet,35.714,33.512,1,0
166.535,t2_squeezenet,52.743,32.059,0,0
166.571,t2_squeezenet,34.085,30.881,0,0
166.625,t2_squeezenet,35.857,33.063,0,0
166.715,t2_squeezenet,37.027,34.786,1,0
166.749,t2_squeezenet,66.961,33.546,0,0
166.866,t2_squeezenet,38.628,36.109,0,0
166.962,t2_squeezenet,50.255,45.607,2,0
167.009,t2_squeezenet,63.016,47.374,3,0
167.047,t2_squeezenet,99.055,37.928,3,0
167.078,t2_squeezenet,79.480,31.055,2,0
167.119,t2_squeezenet,110.064,40.799,2,0
167.169,t2_squeezenet,144.962,49.403,3,0
167.213,t2_squeezenet,124.017,43.948,4,0
167.250,t2_squeezenet,95.295,36.917,6,0
167.283,t2_squeezenet,118.963,33.138,6,0
167.324,t2_squeezenet,143.386,41.299,5,0
167.364,t2_squeezenet,170.340,39.553,6,0
167.406,t2_squeezenet,190.227,42.159,7,0
167.442,t2_squeezenet,224.112,36.280,7,0
167.474,t2_squeezenet,234.984,32.081,6,0
167.506,t2_squeezenet,234.346,31.947,5,0
167.538,t2_squeezenet,187.648,31.899,4,0
167.578,t2_squeezenet,218.840,39.927,7,0
167.622,t2_squeezenet,253.445,44.094,6,0
167.670,t2_squeezenet,287.373,47.829,5,0
167.713,t2_squeezenet,281.085,42.853,4,0
167.755,t2_squeezenet,204.612,41.550,5,0
167.800,t2_squeezenet,242.632,45.384,4,0
167.848,t2_squeezenet,276.384,48.006,4,0
167.893,t2_squeezenet,317.450,44.790,3,0
167.936,t2_squeezenet,214.433,42.656,2,0
167.973,t2_squeezenet,242.346,37.235,3,0
168.005,t2_squeezenet,174.212,32.132,2,0
168.050,t2_squeezenet,102.551,45.020,1,0
168.085,t2_squeezenet,120.274,34.502,0,0
168.219,t2_squeezenet,33.524,32.746,0,0
168.318,t2_squeezenet,46.384,43.193,0,0
168.373,t2_squeezenet,35.153,34.620,0,0
168.424,t2_squeezenet,37.139,36.115,0,0
168.491,t2_squeezenet,49.816,46.551,0,0
168.549,t2_squeezenet,43.670,42.149,0,0
168.617,t2_squeezenet,37.007,32.672,0,0
168.663,t2_squeezenet,33.717,31.445,1,0
168.702,t2_squeezenet,50.654,38.578,0,0
168.756,t2_squeezenet,35.788,33.754,0,0
168.886,t2_squeezenet,41.628,38.944,0,0
169.028,t2_squeezenet,35.900,35.038,1,0
169.059,t2_squeezenet,50.994,30.697,0,0
169.114,t2_squeezenet,49.650,45.576,1,0
169.150,t2_squeezenet,43.005,35.537,0,0
169.236,t2_squeezenet,37.942,35.233,3,0
169.278,t2_squeezenet,70.784,41.783,2,0
169.319,t2_squeezenet,104.098,41.500,3,0
169.366,t2_squeezenet,130.873,46.713,5,0
169.413,t2_squeezenet,126.055,46.825,5,0
169.451,t2_squeezenet,158.569,38.376,5,0
169.489,t2_squeezenet,167.504,37.195,4,0
169.531,t2_squeezenet,189.814,42.519,4,0
169.573,t2_squeezenet,222.561,42.115,4,0
169.620,t2_squeezenet,252.269,46.396,3,0
169.665,t2_squeezenet,218.743,45.070,6,0
169.704,t2_squeezenet,184.718,39.275,5,0
169.741,t2_squeezenet,194.866,36.690,4,0
169.770,t2_squeezenet,149.535,29.105,4,0
169.799,t2_squeezenet,171.322,29.096,4,0
169.834,t2_squeezenet,191.725,34.482,4,0
169.871,t2_squeezenet,212.061,36.886,3,0
169.905,t2_squeezenet,152.361,34.647,2,0
169.940,t2_squeezenet,143.101,34.421,1,0
169.974,t2_squeezenet,144.963,34.336,0,0
170.122,t2_squeezenet,42.706,41.629,1,0
170.164,t2_squeezenet,61.665,42.064,0,0
170.225,t2_squeezenet,32.763,30.138,2,0
170.255,t2_squeezenet,58.658,30.666,1,0
170.290,t2_squeezenet,78.497,35.028,0,0
170.325,t2_squeezenet,31.492,29.064,0,0
170.364,t2_squeezenet,34.564,34.020,1,0
170.399,t2_squeezenet,44.539,35.277,0,0
170.458,t2_squeezenet,41.653,39.203,2,0
170.502,t2_squeezenet,78.905,43.835,3,0
170.545,t2_squeezenet,119.057,42.606,3,0
170.589,t2_squeezenet,115.770,44.146,3,0
170.638,t2_squeezenet,155.132,48.470,2,0
170.672,t2_squeezenet,155.643,33.779,2,0
170.706,t2_squeezenet,122.635,34.825,1,0
170.743,t2_squeezenet,100.972,36.512,0,0
170.878,t2_squeezenet,39.984,38.183,0,0
171.038,t2_squeezenet,33.407,29.325,3,0
171.067,t2_squeezenet,62.400,29.093,2,0
171.097,t2_squeezenet,88.426,29.057,1,0
171.136,t2_squeezenet,121.624,39.569,0,0
171.280,t2_squeezenet,47.683,47.125,0,0
171.342,t2_squeezenet,47.016,42.378,0,0
171.384,t2_squeezenet,40.944,36.409,0,0
171.475,t2_squeezenet,38.502,35.227,0,0
171.549,t2_squeezenet,46.559,43.757,1,0
171.592,t2_squeezenet,86.806,43.568,1,0
171.627,t2_squeezenet,73.792,34.869,0,0
171.687,t2_squeezenet,48.749,44.878,0,0
171.754,t2_squeezenet,40.166,35.952,0,0
171.874,t2_squeezenet,30.193,29.250,1,0
171.910,t2_squeezenet,44.689,36.273,0,0
171.976,t2_squeezenet,31.049,30.466,0,0
172.036,t2_squeezenet,31.673,29.635,1,0
172.065,t2_squeezenet,55.409,29.136,2,0
172.095,t2_squeezenet,58.088,29.247,1,0
172.124,t2_squeezenet,72.134,29.090,0,0
172.164,t2_squeezenet,34.174,29.720,1,0
172.195,t2_squeezenet,45.335,31.601,1,0
172.229,t2_squeezenet,62.670,33.671,1,0
172.259,t2_squeezenet,30.070,29.678,0,0
172.404,t2_squeezenet,44.008,43.717,1,0
172.449,t2_squeezenet,68.199,45.658,2,0
172.495,t2_squeezenet,90.723,45.913,1,0
172.532,t2_squeezenet,123.426,36.890,0,0
172.634,t2_squeezenet,40.006,35.400,0,0
172.826,t2_squeezenet,38.091,35.595,0,0
172.866,t2_squeezenet,35.259,34.920,2,0
172.901,t2_squeezenet,65.809,34.482,1,0
172.943,t2_squeezenet,78.097,42.456,0,0
173.012,t2_squeezenet,47.055,43.455,1,0
173.060,t2_squeezenet,93.643,47.903,0,0
173.262,t2_squeezenet,45.822,44.483,0,0
173.404,t2_squeezenet,32.651,30.700,0,0
173.504,t2_squeezenet,29.514,29.231,1,0
173.539,t2_squeezenet,37.280,35.417,1,0
173.576,t2_squeezenet,40.587,36.768,1,0
173.611,t2_squeezenet,63.458,34.958,1,0
173.645,t2_squeezenet,61.895,33.849,0,0
173.777,t2_squeezenet,36.086,35.679,1,0
173.812,t2_squeezenet,69.898,34.663,1,0
173.847,t2_squeezenet,53.152,35.658,1,0
173.882,t2_squeezenet,41.882,34.326,0,0
173.982,t2_squeezenet,47.199,44.055,0,0
174.048,t2_squeezenet,45.705,45.611,1,0
174.096,t2_squeezenet,74.088,48.750,0,0
174.159,t2_squeezenet,46.411,41.965,1,0
174.205,t2_squeezenet,71.208,46.640,1,0
174.248,t2_squeezenet,76.964,42.686,1,0
174.280,t2_squeezenet,32.230,31.823,3,0
174.322,t2_squeezenet,72.893,42.371,2,0
174.357,t2_squeezenet,106.772,34.986,2,0
174.390,t2_squeezenet,122.409,32.395,2,0
174.421,t2_squeezenet,94.040,31.564,1,0
174.451,t2_squeezenet,84.214,29.905,1,0
174.481,t2_squeezenet,48.854,29.753,1,0
174.512,t2_squeezenet,39.170,31.266,1,0
174.547,t2_squeezenet,45.583,34.795,0,0
174.599,t2_squeezenet,50.546,46.980,0,0
174.659,t2_squeezenet,43.974,43.907,1,0
174.693,t2_squeezenet,45.463,34.621,1,0
174.730,t2_squeezenet,44.304,36.694,0,0
174.835,t2_squeezenet,43.397,39.057,0,0
174.993,t2_squeezenet,44.969,40.276,0,0
175.097,t2_squeezenet,47.832,43.572,0,0
175.187,t2_squeezenet,38.860,34.339,0,0
175.276,t2_squeezenet,42.283,37.876,0,0
175.367,t2_squeezenet,53.202,50.378,1,0
175.410,t2_squeezenet,94.187,42.969,3,0
175.454,t2_squeezenet,72.855,43.648,5,0
175.502,t2_squeezenet,119.848,48.532,4,0
175.548,t2_squeezenet,161.187,45.461,4,0
175.590,t2_squeezenet,156.060,41.992,3,0
175.634,t2_squeezenet,193.281,43.755,4,0
175.677,t2_squeezenet,225.643,43.453,4,0
175.724,t2_squeezenet,219.798,46.842,3,0
175.763,t2_squeezenet,143.227,38.376,4,0
175.794,t2_squeezenet,165.346,30.967,4,0
175.827,t2_squeezenet,171.486,33.663,3,0
175.873,t2_squeezenet,144.640,45.434,3,0
175.918,t2_squeezenet,169.198,45.673,2,0
175.955,t2_squeezenet,165.452,36.745,1,0
175.999,t2_squeezenet,138.835,43.668,0,0
176.082,t2_squeezenet,44.645,42.105,1,0
176.117,t2_squeezenet,68.336,35.452,2,0
176.155,t2_squeezenet,71.014,37.983,1,0
176.185,t2_squeezenet,70.080,29.912,0,0
176.293,t2_squeezenet,39.783,37.247,1,0
176.327,t2_squeezenet,53.418,33.406,1,0
176.358,t2_squeezenet,41.938,31.404,0,0
176.454,t2_squeezenet,34.557,34.488,3,0
176.489,t2_squeezenet,63.572,35.149,2,0
176.520,t2_squeezenet,83.221,30.937,2,0
176.555,t2_squeezenet,103.166,35.494,1,0
176.590,t2_squeezenet,86.603,35.194,0,0
176.626,t2_squeezenet,32.107,30.595,1,0
176.656,t2_squeezenet,35.767,30.161,0,0
176.754,t2_squeezenet,33.098,31.884,2,0
176.786,t2_squeezenet,64.527,32.354,1,0
176.819,t2_squeezenet,90.445,32.981,0,0
176.879,t2_squeezenet,34.510,29.817,1,0
176.909,t2_squeezenet,45.444,29.493,0,0
176.969,t2_squeezenet,32.417,29.854,0,0
177.031,t2_squeezenet,33.756,31.337,0,0
177.097,t2_squeezenet,36.951,35.680,0,0
177.201,t2_squeezenet,35.675,32.688,0,0
177.463,t2_squeezenet,48.508,44.323,0,0
177.506,t2_squeezenet,32.981,32.343,1,0
177.548,t2_squeezenet,51.392,41.842,2,0
177.589,t2_squeezenet,61.239,41.096,1,0
177.629,t2_squeezenet,92.792,39.721,3,0
177.668,t2_squeezenet,75.911,39.666,4,0
177.714,t2_squeezenet,94.584,45.119,4,0
177.756,t2_squeezenet,133.790,42.034,5,0
177.801,t2_squeezenet,157.037,44.883,4,0
177.846,t2_squeezenet,199.471,45.075,3,0
177.893,t2_squeezenet,220.904,47.650,3,0
177.938,t2_squeezenet,216.078,44.767,2,0
177.980,t2_squeezenet,243.810,42.021,1,0
178.018,t2_squeezenet,143.930,37.893,0,0
178.092,t2_squeezenet,44.352,42.933,0,0
178.174,t2_squeezenet,47.188,46.833,2,0
178.221,t2_squeezenet,70.828,46.494,1,0
178.267,t2_squeezenet,103.737,46.001,2,0
178.311,t2_squeezenet,78.365,44.097,2,0
178.356,t2_squeezenet,118.418,44.842,1,0
178.400,t2_squeezenet,90.270,44.464,2,0
178.450,t2_squeezenet,89.886,49.933,1,0
178.491,t2_squeezenet,100.440,40.565,1,0
178.533,t2_squeezenet,56.808,42.053,1,0
178.580,t2_squeezenet,62.538,47.097,1,0
178.628,t2_squeezenet,77.489,47.484,1,0
178.671,t2_squeezenet,54.245,43.084,0,0
178.733,t2_squeezenet,33.062,31.774,0,0
178.860,t2_squeezenet,38.020,35.879,2,0
178.893,t2_squeezenet,69.017,32.444,1,0
178.923,t2_squeezenet,98.896,30.670,1,0
178.956,t2_squeezenet,59.869,32.488,0,0
179.021,t2_squeezenet,47.282,44.938,1,0
179.066,t2_squeezenet,87.505,44.569,0,0
179.121,t2_squeezenet,48.931,44.920,0,0
179.159,t2_squeezenet,33.962,33.153,0,0
179.221,t2_squeezenet,42.253,41.522,1,0
179.262,t2_squeezenet,47.505,40.895,0,0
179.333,t2_squeezenet,47.408,45.781,0,0
179.533,t2_squeezenet,35.276,31.748,2,0
179.573,t2_squeezenet,74.602,39.820,1,0
179.620,t2_squeezenet,115.607,47.291,0,0
179.705,t2_squeezenet,47.356,44.645,0,0
179.778,t2_squeezenet,36.918,32.080,0,0
179.889,t2_squeezenet,45.167,40.615,0,0
179.927,t2_squeezenet,32.499,32.040,0,0
180.013,t2_squeezenet,46.260,45.729,0,0
180.239,t2_squeezenet,35.717,33.336,0,0
180.325,t2_squeezenet,44.343,40.585,1,0
180.372,t2_squeezenet,54.315,46.228,1,0
180.418,t2_squeezenet,62.866,45.874,1,0
180.462,t2_squeezenet,73.045,44.665,0,0
180.570,t2_squeezenet,51.011,46.125,1,0
180.619,t2_squeezenet,75.936,48.757,1,0
180.664,t2_squeezenet,86.057,44.649,0,0
180.778,t2_squeezenet,49.830,49.102,0,0
180.853,t2_squeezenet,47.861,43.379,2,0
180.899,t2_squeezenet,62.947,46.070,2,0
180.945,t2_squeezenet,107.565,46.264,3,0
180.980,t2_squeezenet,123.564,35.121,2,0
181.010,t2_squeezenet,105.642,29.845,3,0
181.047,t2_squeezenet,136.308,37.354,2,0
181.089,t2_squeezenet,98.773,41.814,1,0
181.133,t2_squeezenet,129.640,43.614,1,0
181.179,t2_squeezenet,85.428,46.009,2,0
181.224,t2_squeezenet,78.003,45.268,2,0
181.261,t2_squeezenet,86.330,36.082,2,0
181.297,t2_squeezenet,81.301,36.835,1,0
181.334,t2_squeezenet,83.613,36.164,0,0
181.533,t2_squeezenet,37.467,37.322,0,0
181.630,t2_squeezenet,38.864,35.791,1,0
181.667,t2_squeezenet,55.609,37.257,0,0
181.729,t2_squeezenet,33.376,31.251,2,0
181.760,t2_squeezenet,45.582,30.631,2,0
181.792,t2_squeezenet,70.788,32.954,1,0
181.826,t2_squeezenet,67.376,33.028,1,0
181.869,t2_squeezenet,73.352,43.614,0,0
181.915,t2_squeezenet,38.172,35.967,0,0
182.034,t2_squeezenet,41.309,37.835,0,0
182.080,t2_squeezenet,40.426,35.411,0,0
182.141,t2_squeezenet,32.046,31.285,1,0
182.171,t2_squeezenet,42.521,29.795,1,0
182.201,t2_squeezenet,33.619,29.861,1,0
182.230,t2_squeezenet,57.929,29.278,0,0
182.384,t2_squeezenet,50.663,46.588,0,0
182.431,t2_squeezenet,32.324,32.104,0,0
182.522,t2_squeezenet,33.560,30.491,1,0
182.552,t2_squeezenet,62.994,30.114,1,0
182.594,t2_squeezenet,53.137,41.576,1,0
182.626,t2_squeezenet,50.620,32.310,0,0
182.713,t2_squeezenet,48.047,46.772,1,0
182.748,t2_squeezenet,78.159,34.253,0,0
182.939,t2_squeezenet,37.050,33.089,0,0
183.011,t2_squeezenet,35.673,32.384,0,0
183.058,t2_squeezenet,31.246,31.192,1,0
183.094,t2_squeezenet,36.239,35.963,1,0
183.133,t2_squeezenet,43.029,39.100,0,0
183.182,t2_squeezenet,46.149,44.200,0,0
183.225,t2_squeezenet,37.178,32.423,0,0
183.306,t2_squeezenet,35.076,30.167,1,0
183.335,t2_squeezenet,30.652,29.634,0,0
183.375,t2_squeezenet,29.473,29.223,2,0
183.404,t2_squeezenet,50.741,29.110,3,0
183.439,t2_squeezenet,83.404,34.938,3,0
183.473,t2_squeezenet,92.568,34.184,4,0
183.506,t2_squeezenet,103.112,33.217,4,0
183.538,t2_squeezenet,131.327,31.601,5,0
183.577,t2_squeezenet,129.252,38.768,6,0
183.621,t2_squeezenet,150.523,44.178,5,0
183.663,t2_squeezenet,175.042,42.040,5,0
183.700,t2_squeezenet,190.184,36.619,4,0
183.742,t2_squeezenet,226.817,41.908,3,0
183.779,t2_squeezenet,238.223,36.973,2,0
183.810,t2_squeezenet,250.604,31.525,1,0
183.856,t2_squeezenet,192.946,45.210,1,0
183.891,t2_squeezenet,58.743,35.857,2,0
183.926,t2_squeezenet,62.862,34.656,1,0
183.958,t2_squeezenet,86.176,31.905,1,0
183.990,t2_squeezenet,41.496,31.803,0,0
184.052,t2_squeezenet,45.374,42.238,1,0
184.100,t2_squeezenet,73.474,47.667,2,0
184.142,t2_squeezenet,77.428,42.290,1,0
184.179,t2_squeezenet,101.721,36.363,0,0
184.259,t2_squeezenet,46.864,44.307,0,0
184.330,t2_squeezenet,47.468,46.257,0,0
184.430,t2_squeezenet,38.769,34.022,0,0
184.541,t2_squeezenet,38.597,34.440,0,0
184.630,t2_squeezenet,40.173,38.110,0,0
184.774,t2_squeezenet,48.677,47.033,2,0
184.815,t2_squeezenet,86.066,41.550,1,0
184.851,t2_squeezenet,98.757,36.114,1,0
184.885,t2_squeezenet,62.233,33.093,1,0
184.917,t2_squeezenet,43.092,32.444,0,0
184.984,t2_squeezenet,32.870,31.960,0,0
