t_s,tenant,latency_ms,service_ms,qdepth,warmup
0.066,t2_squeezenet,47.202,45.589,0,1
0.185,t2_squeezenet,44.173,42.279,0,1
0.242,t2_squeezenet,47.108,46.943,1,1
0.289,t2_squeezenet,65.195,46.688,1,1
0.329,t2_squeezenet,49.726,40.793,1,1
0.368,t2_squeezenet,59.449,38.374,0,1
0.424,t2_squeezenet,48.433,45.928,1,1
0.463,t2_squeezenet,46.973,39.318,0,1
0.759,t2_squeezenet,35.388,32.136,2,1
0.792,t2_squeezenet,65.042,32.933,1,1
0.821,t2_squeezenet,77.128,29.019,0,1
0.887,t2_squeezenet,39.662,35.731,0,1
0.961,t2_squeezenet,36.548,34.312,0,1
1.077,t2_squeezenet,34.654,29.693,2,1
1.108,t2_squeezenet,56.403,30.661,1,1
1.143,t2_squeezenet,83.745,35.374,0,1
1.232,t2_squeezenet,39.109,38.016,0,1
1.438,t2_squeezenet,33.331,29.205,1,1
1.468,t2_squeezenet,46.416,30.200,2,1
1.503,t2_squeezenet,53.589,34.882,2,1
1.537,t2_squeezenet,83.479,33.901,1,1
1.573,t2_squeezenet,95.491,36.262,3,1
1.617,t2_squeezenet,79.206,43.180,2,1
1.660,t2_squeezenet,108.940,43.269,1,1
1.716,t2_squeezenet,159.344,56.397,1,1
1.771,t2_squeezenet,87.606,55.014,1,1
1.829,t2_squeezenet,72.135,57.552,1,1
1.883,t2_squeezenet,61.380,54.379,0,1
1.940,t2_squeezenet,47.437,46.329,0,1
1.999,t2_squeezenet,39.600,38.749,0,1
2.073,t2_squeezenet,66.319,63.441,1,1
2.117,t2_squeezenet,105.630,43.796,1,1
2.202,t2_squeezenet,107.364,85.577,0,1
2.273,t2_squeezenet,50.108,45.387,0,1
2.320,t2_squeezenet,42.905,41.804,1,1
2.400,t2_squeezenet,100.802,80.170,0,1
2.615,t2_squeezenet,45.603,42.234,0,1
2.673,t2_squeezenet,35.474,32.542,2,1
2.719,t2_squeezenet,70.891,46.351,3,1
2.806,t2_squeezenet,142.709,86.964,3,1
2.883,t2_squeezenet,209.182,77.232,3,1
2.929,t2_squeezenet,216.175,45.893,2,1
2.990,t2_squeezenet,242.895,60.787,1,1
3.072,t2_squeezenet,260.939,82.140,1,1
3.113,t2_squeezenet,52.258,41.028,1,1
3.190,t2_squeezenet,80.523,76.133,1,1
3.268,t2_squeezenet,88.056,78.831,1,1
3.316,t2_squeezenet,72.654,47.951,1,1
3.398,t2_squeezenet,127.894,81.175,1,1
3.478,t2_squeezenet,124.135,80.742,1,1
3.521,t2_squeezenet,90.287,42.621,0,1
3.719,t2_squeezenet,40.658,35.555,0,1
3.820,t2_squeezenet,35.423,35.364,0,1
3.877,t2_squeezenet,33.591,31.213,0,1
3.964,t2_squeezenet,36.821,36.534,3,1
3.999,t2_squeezenet,51.660,34.353,2,1
4.062,t2_squeezenet,105.782,63.626,2,1
4.097,t2_squeezenet,137.744,34.734,3,1
4.163,t2_squeezenet,125.290,65.718,3,1
4.199,t2_squeezenet,131.864,36.700,4,1
4.268,t2_squeezenet,179.350,68.556,3,1
4.305,t2_squeezenet,146.424,36.622,5,1
4.370,t2_squeezenet,201.951,65.366,4,1
4.411,t2_squeezenet,219.126,41.206,3,1
4.484,t2_squeezenet,189.785,72.747,3,1
4.527,t2_squeezenet,224.988,43.032,2,1
4.604,t2_squeezenet,300.728,76.789,1,1
4.676,t2_squeezenet,245.780,71.650,0,1
4.819,t2_squeezenet,47.613,47.233,0,1
4.877,t2_squeezenet,35.801,32.524,0,1
4.930,t2_squeezenet,46.406,42.648,0,1
5.136,t2_squeezenet,43.899,43.369,2,1
5.167,t2_squeezenet,39.471,30.956,2,1
5.204,t2_squeezenet,70.666,37.263,2,1
5.261,t2_squeezenet,110.192,57.049,1,1
5.293,t2_squeezenet,109.309,31.611,0,1
5.364,t2_squeezenet,32.422,30.560,1,1
5.393,t2_squeezenet,32.490,29.231,2,1
5.429,t2_squeezenet,60.506,35.382,1,1
5.477,t2_squeezenet,94.826,47.991,0,1
5.531,t2_squeezenet,33.988,29.045,1,1
5.562,t2_squeezenet,60.282,30.617,0,1
5.601,t2_squeezenet,29.761,29.546,1,1
5.636,t2_squeezenet,51.768,35.032,0,1
5.727,t2_squeezenet,31.633,29.919,1,1
5.756,t2_squeezenet,31.159,29.086,1,1
5.788,t2_squeezenet,51.480,32.098,2,1
5.825,t2_squeezenet,67.128,36.729,2,1
5.884,t2_squeezenet,119.708,58.552,1,1
5.916,t2_squeezenet,110.775,32.369,1,1
5.945,t2_squeezenet,58.158,28.991,0,1
6.293,t2_squeezenet,32.607,29.361,0,1
6.446,t2_squeezenet,49.854,46.104,0,1
6.535,t2_squeezenet,32.539,29.093,1,1
6.569,t2_squeezenet,36.929,33.198,0,1
6.664,t2_squeezenet,32.787,29.159,1,1
6.693,t2_squeezenet,35.263,29.028,0,1
6.728,t2_squeezenet,34.668,30.224,0,1
6.909,t2_squeezenet,35.594,34.345,0,1
6.949,t2_squeezenet,33.135,29.725,2,1
6.979,t2_squeezenet,57.989,30.105,1,1
7.008,t2_squeezenet,83.005,29.508,1,1
7.043,t2_squeezenet,54.743,34.355,1,1
7.091,t2_squeezenet,70.640,47.822,2,1
7.127,t2_squeezenet,73.398,36.736,2,1
7.171,t2_squeezenet,115.777,43.545,1,1
7.207,t2_squeezenet,92.185,35.619,0,1
7.254,t2_squeezenet,41.986,37.170,0,1
7.384,t2_squeezenet,44.105,44.039,0,1
7.481,t2_squeezenet,44.322,40.479,0,1
7.568,t2_squeezenet,44.021,41.691,2,1
7.602,t2_squeezenet,67.377,34.454,2,1
7.641,t2_squeezenet,77.291,38.631,1,1
7.686,t2_squeezenet,114.891,45.252,1,1
7.717,t2_squeezenet,55.934,30.828,0,1
7.766,t2_squeezenet,37.581,33.507,0,1
7.865,t2_squeezenet,41.045,37.974,1,1
7.902,t2_squeezenet,62.238,37.244,2,1
7.932,t2_squeezenet,44.228,30.061,1,1
7.961,t2_squeezenet,66.238,29.199,1,1
7.998,t2_squeezenet,63.997,36.340,0,1
8.042,t2_squeezenet,33.710,29.134,0,1
8.174,t2_squeezenet,43.323,40.140,1,1
8.206,t2_squeezenet,50.477,32.331,1,1
8.240,t2_squeezenet,58.052,34.023,0,1
8.324,t2_squeezenet,36.455,33.416,0,1
8.446,t2_squeezenet,31.176,30.344,0,1
8.529,t2_squeezenet,39.672,38.282,0,1
8.587,t2_squeezenet,35.198,31.691,1,1
8.620,t2_squeezenet,40.567,33.674,1,1
8.652,t2_squeezenet,37.954,31.834,2,1
8.691,t2_squeezenet,60.956,38.978,4,1
8.723,t2_squeezenet,92.220,32.318,4,1
8.764,t2_squeezenet,99.249,40.122,3,1
8.797,t2_squeezenet,120.293,33.650,3,1
8.841,t2_squeezenet,152.656,43.504,2,1
8.896,t2_squeezenet,193.647,55.315,1,1
8.941,t2_squeezenet,172.592,44.732,2,1
8.987,t2_squeezenet,86.195,45.960,1,1
9.033,t2_squeezenet,115.683,46.023,3,1
9.077,t2_squeezenet,64.697,44.030,4,1
9.124,t2_squeezenet,99.885,46.548,6,1
9.176,t2_squeezenet,144.472,51.938,6,1
9.221,t2_squeezenet,175.018,44.844,7,1
9.268,t2_squeezenet,201.626,47.364,6,1
9.312,t2_squeezenet,225.614,43.827,6,1
9.363,t2_squeezenet,272.435,51.145,5,1
9.403,t2_squeezenet,289.078,39.581,4,1
9.444,t2_squeezenet,305.510,40.959,3,1
9.480,t2_squeezenet,300.881,36.300,4,1
9.513,t2_squeezenet,328.155,32.775,4,1
9.546,t2_squeezenet,236.663,32.673,3,1
9.580,t2_squeezenet,132.814,34.731,3,1
9.609,t2_squeezenet,148.473,29.083,3,1
9.639,t2_squeezenet,150.701,29.555,2,1
9.674,t2_squeezenet,124.751,34.839,1,1
9.708,t2_squeezenet,103.761,34.113,0,1
9.763,t2_squeezenet,31.199,29.653,0,1
9.921,t2_squeezenet,38.528,36.976,0,1
10.069,t2_squeezenet,38.294,35.586,2,1
10.103,t2_squeezenet,47.680,34.226,2,1
10.135,t2_squeezenet,69.591,32.311,1,1
10.166,t2_squeezenet,72.522,30.400,0,1
10.207,t2_squeezenet,30.828,30.796,1,1
10.250,t2_squeezenet,63.659,43.382,0,1
10.314,t2_squeezenet,49.113,48.429,1,1
10.354,t2_squeezenet,54.919,39.984,0,1
10.406,t2_squeezenet,43.415,42.253,2,1
10.441,t2_squeezenet,72.533,34.770,1,1
10.473,t2_squeezenet,74.146,31.459,0,1
10.515,t2_squeezenet,35.605,32.721,1,1
10.546,t2_squeezenet,35.990,30.716,1,1
10.581,t2_squeezenet,34.947,34.865,1,1
10.612,t2_squeezenet,51.360,30.541,0,1
10.646,t2_squeezenet,32.539,29.032,1,1
10.675,t2_squeezenet,46.474,29.638,0,1
10.760,t2_squeezenet,38.082,33.729,0,1
10.857,t2_squeezenet,49.455,45.627,2,1
10.887,t2_squeezenet,69.113,30.131,1,1
10.917,t2_squeezenet,96.596,29.851,0,1
10.955,t2_squeezenet,37.661,32.740,0,1
11.046,t2_squeezenet,35.356,31.101,1,1
11.077,t2_squeezenet,51.185,30.437,0,1
11.260,t2_squeezenet,37.298,35.706,1,1
11.290,t2_squeezenet,58.881,30.700,1,1
11.320,t2_squeezenet,32.276,29.349,0,1
11.485,t2_squeezenet,31.363,29.267,0,1
11.728,t2_squeezenet,52.141,49.849,3,1
11.763,t2_squeezenet,67.924,35.339,2,1
11.801,t2_squeezenet,92.156,37.529,1,1
11.846,t2_squeezenet,120.403,44.998,1,1
11.890,t2_squeezenet,82.640,44.266,0,1
11.952,t2_squeezenet,50.597,46.800,1,1
12.000,t2_squeezenet,76.193,47.308,1,1
12.042,t2_squeezenet,76.759,42.630,2,1
12.090,t2_squeezenet,89.834,47.789,3,1
12.136,t2_squeezenet,113.170,45.650,3,1
12.182,t2_squeezenet,121.624,45.718,2,1
12.218,t2_squeezenet,155.836,36.723,2,1
12.260,t2_squeezenet,132.192,41.397,3,1
12.303,t2_squeezenet,118.919,43.037,3,1
12.347,t2_squeezenet,127.765,43.877,2,1
12.393,t2_squeezenet,145.413,46.520,1,1
12.440,t2_squeezenet,180.142,46.624,0,1
12.775,t2_squeezenet,30.668,30.510,1,1
12.810,t2_squeezenet,38.699,34.894,1,1
12.840,t2_squeezenet,62.473,29.771,0,1
12.900,t2_squeezenet,32.075,29.305,0,1
12.944,t2_squeezenet,37.416,33.616,0,1
13.015,t2_squeezenet,34.014,30.468,0,1
13.285,t2_squeezenet,40.334,36.380,0,1
13.399,t2_squeezenet,35.532,32.538,1,1
13.432,t2_squeezenet,57.142,32.958,0,1
13.480,t2_squeezenet,33.240,33.023,0,1
13.577,t2_squeezenet,33.487,30.751,0,1
13.640,t2_squeezenet,35.564,32.603,0,1
13.678,t2_squeezenet,34.887,32.819,2,1
13.709,t2_squeezenet,53.828,30.691,2,1
13.739,t2_squeezenet,72.022,30.252,2,1
13.775,t2_squeezenet,75.083,35.693,1,1
13.804,t2_squeezenet,84.652,29.783,1,1
13.833,t2_squeezenet,31.546,28.994,0,1
14.068,t2_squeezenet,46.652,42.086,0,1
14.119,t2_squeezenet,38.084,35.933,0,1
14.159,t2_squeezenet,39.364,34.953,2,1
14.193,t2_squeezenet,50.960,33.942,1,1
14.235,t2_squeezenet,88.572,42.177,0,1
14.365,t2_squeezenet,51.486,48.955,2,1
14.409,t2_squeezenet,87.425,43.835,1,1
14.445,t2_squeezenet,119.586,35.368,0,1
14.521,t2_squeezenet,48.273,45.882,0,1
14.577,t2_squeezenet,33.992,31.007,0,1
14.789,t2_squeezenet,37.507,34.190,0,1
14.940,t2_squeezenet,50.339,49.095,0,1
15.068,t2_squeezenet,45.115,41.920,1,1
15.115,t2_squeezenet,87.755,46.538,1,1
15.159,t2_squeezenet,70.029,43.816,0,1
15.317,t2_squeezenet,32.315,31.396,0,1
15.451,t2_squeezenet,46.414,43.073,0,1
15.506,t2_squeezenet,44.984,44.807,1,1
15.561,t2_squeezenet,80.905,55.247,0,1
15.663,t2_squeezenet,43.365,41.337,0,1
15.722,t2_squeezenet,33.765,32.942,0,1
15.818,t2_squeezenet,46.359,45.015,2,1
15.860,t2_squeezenet,77.992,42.708,1,1
15.907,t2_squeezenet,112.760,46.783,0,1
15.997,t2_squeezenet,45.835,44.066,0,1
16.097,t2_squeezenet,41.949,38.708,1,1
16.138,t2_squeezenet,73.072,41.149,0,1
16.190,t2_squeezenet,49.201,47.168,3,1
16.235,t2_squeezenet,78.802,45.125,4,1
16.282,t2_squeezenet,107.561,46.893,4,1
16.326,t2_squeezenet,147.316,43.676,3,1
16.357,t2_squeezenet,165.333,31.136,3,1
16.397,t2_squeezenet,181.340,39.886,3,1
16.448,t2_squeezenet,186.031,50.865,2,1
16.483,t2_squeezenet,139.408,34.971,1,1
16.516,t2_squeezenet,122.617,33.110,1,1
16.546,t2_squeezenet,36.533,29.876,1,1
16.587,t2_squeezenet,66.569,40.553,0,1
16.704,t2_squeezenet,49.052,46.840,3,1
16.734,t2_squeezenet,64.262,29.298,2,1
16.763,t2_squeezenet,69.747,29.185,1,1
16.792,t2_squeezenet,96.866,29.048,0,1
16.867,t2_squeezenet,33.413,29.224,1,1
16.896,t2_squeezenet,45.726,29.032,0,1
16.946,t2_squeezenet,32.128,30.068,1,1
16.977,t2_squeezenet,39.967,30.758,0,1
17.166,t2_squeezenet,33.865,31.582,0,1
17.221,t2_squeezenet,47.190,44.988,0,1
17.294,t2_squeezenet,44.735,42.265,0,1
17.369,t2_squeezenet,52.379,48.444,0,1
17.416,t2_squeezenet,42.597,42.519,1,1
17.462,t2_squeezenet,52.992,46.094,0,1
17.515,t2_squeezenet,52.035,47.488,4,1
17.562,t2_squeezenet,95.004,46.828,3,1
17.598,t2_squeezenet,118.517,36.141,2,1
17.630,t2_squeezenet,127.819,31.223,1,1
17.662,t2_squeezenet,147.357,32.181,0,1
17.711,t2_squeezenet,46.468,44.191,0,1
17.829,t2_squeezenet,50.858,46.624,2,1
17.869,t2_squeezenet,64.969,39.871,2,1
17.911,t2_squeezenet,84.639,42.631,1,1
17.952,t2_squeezenet,116.878,40.904,1,1
18.000,t2_squeezenet,55.779,47.925,0,1
18.090,t2_squeezenet,36.255,34.285,0,1
18.130,t2_squeezenet,39.399,34.363,1,1
18.162,t2_squeezenet,56.194,31.615,0,1
18.260,t2_squeezenet,47.812,42.966,2,1
18.305,t2_squeezenet,81.060,44.614,1,1
18.355,t2_squeezenet,102.881,49.736,2,1
18.394,t2_squeezenet,71.352,39.734,1,1
18.425,t2_squeezenet,87.779,30.995,1,1
18.457,t2_squeezenet,47.783,31.962,0,1
18.518,t2_squeezenet,42.201,39.916,1,1
18.553,t2_squeezenet,36.771,35.527,1,1
18.583,t2_squeezenet,47.433,29.676,0,1
18.683,t2_squeezenet,48.775,44.051,2,1
18.718,t2_squeezenet,80.418,34.756,2,1
18.751,t2_squeezenet,104.606,33.345,1,1
18.800,t2_squeezenet,88.694,48.410,0,1
18.848,t2_squeezenet,44.412,43.469,1,1
18.896,t2_squeezenet,63.936,47.505,1,1
18.941,t2_squeezenet,88.841,44.882,1,1
18.991,t2_squeezenet,83.199,50.012,0,1
19.105,t2_squeezenet,47.886,43.552,1,1
19.155,t2_squeezenet,97.210,49.669,1,1
19.201,t2_squeezenet,77.126,45.577,2,1
19.243,t2_squeezenet,79.195,42.321,1,1
19.289,t2_squeezenet,96.714,45.515,0,1
19.430,t2_squeezenet,48.308,45.107,0,1
19.510,t2_squeezenet,41.063,39.183,1,1
19.542,t2_squeezenet,34.689,31.910,1,1
19.585,t2_squeezenet,61.524,43.071,0,1
19.746,t2_squeezenet,36.457,34.551,1,1
19.783,t2_squeezenet,54.359,36.969,2,1
19.820,t2_squeezenet,44.948,37.063,2,1
19.856,t2_squeezenet,75.033,35.743,1,1
19.892,t2_squeezenet,106.006,35.962,0,1
19.934,t2_squeezenet,40.743,36.934,0,1
20.005,t2_squeezenet,36.009,35.279,1,0
20.043,t2_squeezenet,60.126,37.600,0,0
20.085,t2_squeezenet,41.158,36.978,1,0
20.122,t2_squeezenet,39.844,37.198,1,0
20.167,t2_squeezenet,81.500,44.851,1,0
20.211,t2_squeezenet,77.093,43.756,0,0
20.267,t2_squeezenet,49.229,46.248,0,0
20.407,t2_squeezenet,32.254,29.093,0,0
20.514,t2_squeezenet,38.930,35.726,2,0
20.548,t2_squeezenet,64.523,33.874,1,0
20.583,t2_squeezenet,85.222,35.319,0,0
20.658,t2_squeezenet,32.170,29.087,0,0
20.796,t2_squeezenet,37.764,36.366,2,0
20.832,t2_squeezenet,71.734,36.005,2,0
20.866,t2_squeezenet,78.603,34.850,2,0
20.907,t2_squeezenet,80.306,40.266,2,0
20.950,t2_squeezenet,107.611,43.330,2,0
20.982,t2_squeezenet,106.770,31.536,2,0
21.014,t2_squeezenet,80.130,32.635,1,0
21.048,t2_squeezenet,69.105,33.551,1,0
21.088,t2_squeezenet,61.388,40.194,0,0
21.167,t2_squeezenet,33.612,33.532,0,0
21.316,t2_squeezenet,50.206,47.183,3,0
21.354,t2_squeezenet,79.721,37.805,3,0
21.390,t2_squeezenet,110.090,35.993,4,0
21.429,t2_squeezenet,129.431,38.816,3,0
21.470,t2_squeezenet,142.269,41.159,3,0
21.516,t2_squeezenet,144.912,45.762,3,0
21.559,t2_squeezenet,187.884,43.307,2,0
21.595,t2_squeezenet,135.808,35.662,1,0
21.631,t2_squeezenet,133.767,35.945,1,0
21.660,t2_squeezenet,35.743,29.418,0,0
21.796,t2_squeezenet,29.974,29.107,0,0
22.032,t2_squeezenet,32.112,29.140,0,0
22.155,t2_squeezenet,37.135,36.929,0,0
22.220,t2_squeezenet,46.927,45.129,1,0
22.254,t2_squeezenet,72.971,33.904,0,0
22.332,t2_squeezenet,34.808,32.024,0,0
22.470,t2_squeezenet,38.775,36.814,1,0
22.501,t2_squeezenet,47.961,31.215,0,0
22.590,t2_squeezenet,34.853,32.678,1,0
22.624,t2_squeezenet,63.455,34.119,1,0
22.653,t2_squeezenet,47.656,29.113,1,0
22.692,t2_squeezenet,42.209,38.714,1,0
22.729,t2_squeezenet,65.149,37.746,1,0
22.772,t2_squeezenet,54.402,42.145,1,0
22.807,t2_squeezenet,71.905,35.390,0,0
22.958,t2_squeezenet,49.436,44.761,1,0
23.004,t2_squeezenet,92.568,46.050,1,0
23.040,t2_squeezenet,58.587,35.613,0,0
23.110,t2_squeezenet,50.139,45.125,0,0
23.178,t2_squeezenet,45.691,42.102,0,0
23.265,t2_squeezenet,47.653,46.608,1,0
23.308,t2_squeezenet,74.146,42.809,0,0
23.398,t2_squeezenet,53.762,48.827,0,0
23.534,t2_squeezenet,33.627,29.300,1,0
23.563,t2_squeezenet,58.215,28.951,0,0
23.599,t2_squeezenet,35.070,31.017,0,0
23.757,t2_squeezenet,36.875,36.827,1,0
23.793,t2_squeezenet,41.515,35.586,1,0
23.828,t2_squeezenet,47.302,35.245,0,0
23.889,t2_squeezenet,31.197,30.015,0,0
23.973,t2_squeezenet,30.776,29.076,0,0
24.031,t2_squeezenet,34.133,32.450,0,0
24.092,t2_squeezenet,37.490,35.823,0,0
24.141,t2_squeezenet,40.164,38.356,0,0
24.343,t2_squeezenet,38.041,35.460,1,0
24.374,t2_squeezenet,66.908,30.221,0,0
24.413,t2_squeezenet,33.194,29.181,0,0
24.564,t2_squeezenet,46.561,44.045,0,0
24.641,t2_squeezenet,48.819,47.161,1,0
24.675,t2_squeezenet,72.791,33.364,0,0
24.797,t2_squeezenet,40.195,36.140,0,0
24.863,t2_squeezenet,33.544,30.482,0,0
24.935,t2_squeezenet,46.045,41.590,2,0
24.977,t2_squeezenet,71.083,41.863,2,0
25.013,t2_squeezenet,101.990,35.964,2,0
25.048,t2_squeezenet,89.886,34.709,1,0
25.078,t2_squeezenet,65.113,30.241,0,0
25.114,t2_squeezenet,31.999,31.167,1,0
25.147,t2_squeezenet,53.610,33.382,1,0
25.181,t2_squeezenet,35.364,33.579,1,0
25.222,t2_squeezenet,68.471,40.433,1,0
25.267,t2_squeezenet,70.156,45.510,2,0
25.312,t2_squeezenet,82.699,45.134,3,0
25.360,t2_squeezenet,94.374,47.392,3,0
25.405,t2_squeezenet,123.078,45.537,3,0
25.446,t2_squeezenet,140.702,40.471,3,0
25.477,t2_squeezenet,145.580,31.582,2,0
25.510,t2_squeezenet,109.653,32.105,1,0
25.542,t2_squeezenet,116.394,32.261,1,0
25.571,t2_squeezenet,51.187,29.512,0,0
25.613,t2_squeezenet,35.742,31.510,1,0
25.645,t2_squeezenet,53.204,31.542,0,0
25.709,t2_squeezenet,40.684,38.203,2,0
25.742,t2_squeezenet,54.985,32.986,2,0
25.773,t2_squeezenet,70.079,30.318,2,0
25.805,t2_squeezenet,64.812,32.923,1,0
25.839,t2_squeezenet,81.784,33.198,1,0
25.886,t2_squeezenet,57.705,47.338,2,0
25.932,t2_squeezenet,67.476,45.439,2,0
25.977,t2_squeezenet,106.714,45.113,3,0
26.019,t2_squeezenet,117.135,41.846,2,0
26.063,t2_squeezenet,110.169,44.283,1,0
26.104,t2_squeezenet,147.928,40.738,1,0
26.138,t2_squeezenet,59.041,34.183,0,0
26.243,t2_squeezenet,38.982,34.464,1,0
26.280,t2_squeezenet,60.671,36.706,0,0
26.339,t2_squeezenet,35.670,32.678,0,0
26.498,t2_squeezenet,34.780,32.840,0,0
26.604,t2_squeezenet,44.610,44.569,2,0
26.649,t2_squeezenet,85.247,44.856,1,0
26.698,t2_squeezenet,124.896,49.563,1,0
26.736,t2_squeezenet,43.323,37.741,1,0
26.771,t2_squeezenet,69.504,34.942,1,0
26.806,t2_squeezenet,49.603,34.757,0,0
26.871,t2_squeezenet,37.616,34.843,0,0
26.957,t2_squeezenet,43.915,40.272,0,0
27.098,t2_squeezenet,50.281,49.682,1,0
27.134,t2_squeezenet,49.507,36.162,0,0
27.227,t2_squeezenet,41.066,37.221,1,0
27.264,t2_squeezenet,51.924,36.678,1,0
27.300,t2_squeezenet,59.567,36.664,1,0
27.335,t2_squeezenet,54.116,35.039,1,0
27.368,t2_squeezenet,66.969,32.376,0,0
27.579,t2_squeezenet,40.002,39.059,0,0
27.638,t2_squeezenet,48.628,43.620,1,0
27.675,t2_squeezenet,69.375,36.857,0,0
27.786,t2_squeezenet,41.376,40.289,1,0
27.818,t2_squeezenet,41.486,31.828,1,0
27.851,t2_squeezenet,61.764,32.941,1,0
27.881,t2_squeezenet,60.098,30.241,2,0
27.911,t2_squeezenet,44.212,29.413,1,0
27.945,t2_squeezenet,73.518,34.365,0,0
28.006,t2_squeezenet,35.828,35.723,0,0
28.111,t2_squeezenet,30.131,29.679,0,0
28.158,t2_squeezenet,37.361,36.780,0,0
28.208,t2_squeezenet,29.251,29.019,3,0
28.237,t2_squeezenet,37.450,28.972,3,0
28.273,t2_squeezenet,72.348,36.716,3,0
28.308,t2_squeezenet,103.201,34.583,2,0
28.343,t2_squeezenet,111.809,34.526,3,0
28.387,t2_squeezenet,128.787,44.185,2,0
28.429,t2_squeezenet,107.857,41.690,2,0
28.470,t2_squeezenet,140.970,41.635,1,0
28.520,t2_squeezenet,112.148,49.684,2,0
28.561,t2_squeezenet,62.243,40.855,2,0
28.596,t2_squeezenet,85.459,34.789,2,0
28.632,t2_squeezenet,81.867,36.026,1,0
28.666,t2_squeezenet,74.854,33.815,0,0
28.775,t2_squeezenet,43.723,43.667,0,0
28.832,t2_squeezenet,31.910,31.629,1,0
28.872,t2_squeezenet,59.116,39.535,3,0
28.920,t2_squeezenet,78.004,48.207,3,0
28.953,t2_squeezenet,107.066,32.725,3,0
28.982,t2_squeezenet,112.595,29.022,3,0
29.011,t2_squeezenet,97.802,28.982,3,0
29.041,t2_squeezenet,108.560,29.876,2,0
29.076,t2_squeezenet,115.593,35.604,1,0
29.117,t2_squeezenet,106.287,40.380,1,0
29.153,t2_squeezenet,59.167,36.109,0,0
29.332,t2_squeezenet,33.902,31.822,0,0
29.503,t2_squeezenet,45.102,44.387,1,0
29.550,t2_squeezenet,84.023,46.988,0,0
29.610,t2_squeezenet,44.331,39.596,0,0
29.675,t2_squeezenet,42.792,39.321,0,0
29.738,t2_squeezenet,35.658,32.950,0,0
29.874,t2_squeezenet,33.875,29.159,0,0
29.957,t2_squeezenet,33.409,32.397,0,0
30.034,t2_squeezenet,46.283,42.075,1,0
30.070,t2_squeezenet,41.823,35.563,0,0
30.105,t2_squeezenet,32.596,30.690,0,0
30.179,t2_squeezenet,35.266,33.000,1,0
30.212,t2_squeezenet,42.244,33.060,0,0
30.284,t2_squeezenet,32.356,31.475,0,0
30.348,t2_squeezenet,36.296,33.457,1,0
30.379,t2_squeezenet,63.259,30.744,1,0
30.409,t2_squeezenet,44.647,30.664,1,0
30.455,t2_squeezenet,65.030,45.998,1,0
30.503,t2_squeezenet,83.834,47.812,0,0
30.745,t2_squeezenet,46.943,44.135,0,0
30.885,t2_squeezenet,46.283,43.699,0,0
31.033,t2_squeezenet,44.770,41.406,1,0
31.070,t2_squeezenet,37.955,36.669,1,0
31.105,t2_squeezenet,57.858,35.000,1,0
31.149,t2_squeezenet,49.373,44.306,0,0
31.292,t2_squeezenet,45.994,41.719,2,0
31.329,t2_squeezenet,63.852,36.515,1,0
31.365,t2_squeezenet,83.227,35.986,0,0
31.532,t2_squeezenet,48.257,45.521,0,0
31.610,t2_squeezenet,36.339,32.026,1,0
31.641,t2_squeezenet,56.213,31.648,0,0
31.694,t2_squeezenet,36.057,31.972,0,0
31.733,t2_squeezenet,31.784,29.679,0,0
31.837,t2_squeezenet,33.300,32.850,2,0
31.870,t2_squeezenet,56.368,32.928,2,0
31.903,t2_squeezenet,68.456,32.726,1,0
31.939,t2_squeezenet,98.051,35.822,0,0
32.105,t2_squeezenet,36.985,34.313,0,0
32.176,t2_squeezenet,39.170,35.705,0,0
32.347,t2_squeezenet,32.576,29.722,0,0
32.395,t2_squeezenet,46.505,43.165,2,0
32.438,t2_squeezenet,58.668,42.881,3,0
32.475,t2_squeezenet,83.359,36.288,3,0
32.508,t2_squeezenet,98.798,33.380,3,0
32.540,t2_squeezenet,124.351,32.250,2,0
32.582,t2_squeezenet,115.686,41.380,2,0
32.629,t2_squeezenet,121.229,47.437,1,0
32.673,t2_squeezenet,93.184,43.601,0,0
32.787,t2_squeezenet,48.434,43.376,2,0
32.832,t2_squeezenet,84.171,44.641,2,0
32.879,t2_squeezenet,115.548,46.896,1,0
32.914,t2_squeezenet,116.632,34.997,1,0
32.945,t2_squeezenet,57.851,31.468,1,0
32.975,t2_squeezenet,37.470,29.608,0,0
33.030,t2_squeezenet,29.266,29.197,0,0
33.231,t2_squeezenet,34.331,29.863,0,0
33.350,t2_squeezenet,49.560,42.534,1,0
33.382,t2_squeezenet,76.150,31.684,1,0
33.414,t2_squeezenet,42.941,31.830,0,0
33.470,t2_squeezenet,45.967,45.698,1,0
33.514,t2_squeezenet,56.059,44.566,2,0
33.558,t2_squeezenet,85.701,43.947,1,0
33.605,t2_squeezenet,104.954,46.417,2,0
33.654,t2_squeezenet,95.658,49.386,2,0
33.699,t2_squeezenet,122.086,44.445,1,0
33.743,t2_squeezenet,118.862,43.860,1,0
33.788,t2_squeezenet,75.986,45.090,1,0
33.833,t2_squeezenet,62.776,45.279,0,0
33.964,t2_squeezenet,38.368,34.483,2,0
34.001,t2_squeezenet,58.029,36.716,2,0
34.035,t2_squeezenet,87.761,34.695,2,0
34.071,t2_squeezenet,77.341,35.683,1,0
34.104,t2_squeezenet,86.441,33.398,0,0
34.392,t2_squeezenet,33.823,29.745,1,0
34.422,t2_squeezenet,32.245,29.143,1,0
34.451,t2_squeezenet,36.036,29.039,0,0
34.623,t2_squeezenet,31.518,30.884,0,0
34.658,t2_squeezenet,32.815,29.429,1,0
34.690,t2_squeezenet,32.328,31.915,0,0
34.741,t2_squeezenet,38.905,35.770,0,0
34.815,t2_squeezenet,32.413,29.133,1,0
34.849,t2_squeezenet,52.755,33.492,1,0
34.884,t2_squeezenet,54.949,35.589,1,0
34.921,t2_squeezenet,65.535,36.404,0,0
34.974,t2_squeezenet,34.703,33.103,0,0
35.127,t2_squeezenet,34.232,30.710,0,0
35.282,t2_squeezenet,38.213,33.928,3,0
35.315,t2_squeezenet,69.523,32.717,3,0
35.344,t2_squeezenet,95.407,29.031,3,0
35.375,t2_squeezenet,125.239,31.000,3,0
35.406,t2_squeezenet,123.653,31.237,2,0
35.449,t2_squeezenet,130.161,42.490,2,0
35.494,t2_squeezenet,135.080,45.276,1,0
35.545,t2_squeezenet,121.600,51.468,3,0
35.588,t2_squeezenet,93.205,42.727,2,0
35.632,t2_squeezenet,108.625,44.298,1,0
35.678,t2_squeezenet,147.495,45.214,0,0
35.839,t2_squeezenet,44.558,43.767,0,0
35.920,t2_squeezenet,50.740,45.773,3,0
35.964,t2_squeezenet,86.519,43.220,3,0
36.008,t2_squeezenet,119.692,44.522,2,0
36.059,t2_squeezenet,150.872,50.412,2,0
36.099,t2_squeezenet,155.032,39.981,1,0
36.142,t2_squeezenet,105.514,42.978,1,0
36.188,t2_squeezenet,77.532,46.264,1,0
36.232,t2_squeezenet,54.862,43.821,0,0
36.286,t2_squeezenet,52.672,48.817,2,0
36.330,t2_squeezenet,88.203,43.903,1,0
36.372,t2_squeezenet,113.273,42.402,1,0
36.416,t2_squeezenet,57.704,43.423,1,0
36.464,t2_squeezenet,56.499,48.257,1,0
36.509,t2_squeezenet,67.539,44.652,0,0
36.582,t2_squeezenet,49.391,47.378,2,0
36.626,t2_squeezenet,67.120,44.606,3,0
36.671,t2_squeezenet,111.214,45.278,3,0
36.708,t2_squeezenet,117.487,36.299,2,0
36.742,t2_squeezenet,134.043,33.946,1,0
36.777,t2_squeezenet,136.475,34.882,0,0
36.932,t2_squeezenet,50.488,48.539,0,0
36.988,t2_squeezenet,47.323,46.009,0,0
37.039,t2_squeezenet,41.937,40.758,1,0
37.086,t2_squeezenet,69.355,46.695,0,0
37.192,t2_squeezenet,50.814,47.103,1,0
37.236,t2_squeezenet,73.123,44.330,2,0
37.280,t2_squeezenet,57.129,43.667,2,0
37.329,t2_squeezenet,98.162,49.330,1,0
37.367,t2_squeezenet,115.566,37.890,0,0
37.405,t2_squeezenet,37.945,33.066,0,0
37.440,t2_squeezenet,34.313,29.514,0,0
37.561,t2_squeezenet,38.594,35.076,2,0
37.595,t2_squeezenet,71.044,34.287,2,0
37.625,t2_squeezenet,81.187,29.363,3,0
37.654,t2_squeezenet,82.936,29.255,3,0
37.685,t2_squeezenet,77.456,30.770,2,0
37.717,t2_squeezenet,101.486,31.978,1,0
37.758,t2_squeezenet,127.789,41.406,0,0
37.804,t2_squeezenet,41.430,40.356,0,0
38.078,t2_squeezenet,40.925,35.934,0,0
38.278,t2_squeezenet,35.106,33.019,0,0
38.470,t2_squeezenet,30.796,29.852,0,0
38.541,t2_squeezenet,33.891,30.831,0,0
38.606,t2_squeezenet,32.725,29.866,0,0
38.707,t2_squeezenet,29.711,29.599,0,0
38.749,t2_squeezenet,33.422,32.308,0,0
38.870,t2_squeezenet,46.852,44.923,1,0
38.914,t2_squeezenet,59.638,43.534,4,0
38.956,t2_squeezenet,84.339,42.462,4,0
39.002,t2_squeezenet,123.475,46.062,3,0
39.047,t2_squeezenet,150.272,45.221,2,0
39.094,t2_squeezenet,189.122,46.399,2,0
39.138,t2_squeezenet,212.976,43.954,3,0
39.181,t2_squeezenet,116.000,43.236,2,0
39.214,t2_squeezenet,99.997,32.922,1,0
39.255,t2_squeezenet,131.896,40.747,1,0
39.291,t2_squeezenet,73.364,35.485,0,0
39.438,t2_squeezenet,47.287,46.069,2,0
39.484,t2_squeezenet,83.983,45.818,2,0
39.520,t2_squeezenet,107.754,36.151,1,0
39.556,t2_squeezenet,86.031,35.709,1,0
39.598,t2_squeezenet,62.187,42.269,0,0
39.689,t2_squeezenet,45.594,44.965,0,0
39.746,t2_squeezenet,47.257,46.967,0,0
39.791,t2_squeezenet,38.498,35.388,0,0
39.859,t2_squeezenet,44.668,42.319,0,0
39.912,t2_squeezenet,35.931,32.889,0,0
40.010,t2_squeezenet,33.889,31.636,0,0
40.114,t2_squeezenet,42.263,38.755,0,0
40.164,t2_squeezenet,33.759,29.747,1,0
40.196,t2_squeezenet,41.527,31.756,0,0
40.274,t2_squeezenet,36.735,32.447,2,0
40.312,t2_squeezenet,64.073,38.180,1,0
40.357,t2_squeezenet,96.032,44.592,2,0
40.388,t2_squeezenet,52.503,31.314,1,0
40.418,t2_squeezenet,76.383,29.701,0,0
40.500,t2_squeezenet,34.088,31.768,0,0
40.745,t2_squeezenet,31.578,30.399,1,0
40.777,t2_squeezenet,41.300,31.402,0,0
40.824,t2_squeezenet,36.080,32.633,0,0
40.890,t2_squeezenet,33.745,30.589,1,0
40.928,t2_squeezenet,45.605,37.484,0,0
40.999,t2_squeezenet,39.190,35.517,0,0
41.040,t2_squeezenet,40.356,36.031,1,0
41.072,t2_squeezenet,46.494,31.867,1,0
41.104,t2_squeezenet,56.183,31.934,0,0
41.176,t2_squeezenet,47.810,46.751,0,0
41.340,t2_squeezenet,34.856,31.721,0,0
41.710,t2_squeezenet,50.761,46.667,0,0
41.753,t2_squeezenet,32.801,32.767,1,0
41.783,t2_squeezenet,30.212,29.049,1,0
41.819,t2_squeezenet,44.122,35.954,1,0
41.854,t2_squeezenet,70.783,35.346,0,0
41.922,t2_squeezenet,41.827,37.215,0,0
42.083,t2_squeezenet,30.563,29.923,0,0
42.149,t2_squeezenet,36.789,35.564,1,0
42.186,t2_squeezenet,39.970,37.098,0,0
42.505,t2_squeezenet,49.555,44.821,0,0
42.554,t2_squeezenet,44.648,43.854,1,0
42.599,t2_squeezenet,87.978,44.719,1,0
42.645,t2_squeezenet,86.521,45.900,0,0
42.718,t2_squeezenet,42.764,42.361,1,0
42.753,t2_squeezenet,63.538,35.624,0,0
42.847,t2_squeezenet,43.171,43.088,0,0
42.891,t2_squeezenet,43.090,38.661,3,0
42.929,t2_squeezenet,75.571,38.209,2,0
42.969,t2_squeezenet,97.800,40.068,1,0
43.010,t2_squeezenet,134.491,40.597,0,0
43.052,t2_squeezenet,34.961,31.989,0,0
43.127,t2_squeezenet,31.404,29.377,0,0
43.195,t2_squeezenet,46.405,42.310,1,0
43.241,t2_squeezenet,65.087,46.146,1,0
43.286,t2_squeezenet,57.324,44.700,2,0
43.321,t2_squeezenet,64.311,34.863,1,0
43.357,t2_squeezenet,74.217,36.445,2,0
43.394,t2_squeezenet,54.862,37.375,3,0
43.437,t2_squeezenet,80.652,42.307,3,0
43.484,t2_squeezenet,115.053,46.898,4,0
43.518,t2_squeezenet,126.006,34.014,4,0
43.550,t2_squeezenet,154.679,32.586,3,0
43.595,t2_squeezenet,144.543,44.641,2,0
43.640,t2_squeezenet,171.137,45.106,1,0
43.675,t2_squeezenet,181.559,34.273,2,0
43.707,t2_squeezenet,48.345,32.338,2,0
43.740,t2_squeezenet,69.467,32.652,1,0
43.770,t2_squeezenet,64.142,30.777,1,0
43.804,t2_squeezenet,42.104,34.028,2,0
43.850,t2_squeezenet,77.945,45.421,2,0
43.893,t2_squeezenet,119.608,43.377,1,0
43.924,t2_squeezenet,113.388,30.295,1,0
43.953,t2_squeezenet,46.998,29.024,0,0
43.988,t2_squeezenet,32.530,29.902,1,0
44.024,t2_squeezenet,66.923,35.833,1,0
44.054,t2_squeezenet,43.285,30.345,0,0
44.209,t2_squeezenet,33.024,29.084,0,0
44.316,t2_squeezenet,32.797,30.790,0,0
44.374,t2_squeezenet,34.587,32.874,0,0
44.466,t2_squeezenet,38.568,36.181,0,0
44.516,t2_squeezenet,32.309,29.597,0,0
44.593,t2_squeezenet,37.307,36.028,1,0
44.623,t2_squeezenet,43.180,30.258,0,0
44.665,t2_squeezenet,33.454,32.017,1,0
44.698,t2_squeezenet,57.695,33.326,1,0
44.730,t2_squeezenet,36.662,32.008,1,0
44.775,t2_squeezenet,64.774,44.113,0,0
44.903,t2_squeezenet,52.581,47.546,0,0
44.954,t2_squeezenet,33.105,30.867,0,0
45.108,t2_squeezenet,33.718,31.824,2,0
45.142,t2_squeezenet,62.003,34.031,1,0
45.174,t2_squeezenet,90.043,32.216,0,0
45.225,t2_squeezenet,31.482,30.534,0,0
45.283,t2_squeezenet,36.321,33.130,0,0
45.369,t2_squeezenet,35.640,35.530,0,0
45.449,t2_squeezenet,32.930,29.257,1,0
45.478,t2_squeezenet,60.577,29.042,0,0
45.546,t2_squeezenet,43.643,42.358,1,0
45.589,t2_squeezenet,46.437,43.410,0,0
45.793,t2_squeezenet,29.997,29.865,1,0
45.827,t2_squeezenet,52.932,34.188,0,0
45.934,t2_squeezenet,33.890,31.431,0,0
45.979,t2_squeezenet,44.451,39.677,0,0
46.031,t2_squeezenet,47.693,47.238,1,0
46.070,t2_squeezenet,74.143,38.181,1,0
46.099,t2_squeezenet,63.509,29.055,1,0
46.134,t2_squeezenet,39.716,34.951,0,0
46.360,t2_squeezenet,32.764,29.328,2,0
46.389,t2_squeezenet,56.151,29.036,1,0
46.420,t2_squeezenet,68.924,30.842,0,0
46.482,t2_squeezenet,42.157,40.912,1,0
46.521,t2_squeezenet,66.744,39.011,1,0
46.564,t2_squeezenet,47.825,43.268,0,0
46.649,t2_squeezenet,39.631,39.325,0,0
46.752,t2_squeezenet,47.130,46.834,0,0
46.852,t2_squeezenet,45.268,44.649,2,0
46.899,t2_squeezenet,72.117,47.138,1,0
46.949,t2_squeezenet,96.857,49.469,2,0
46.992,t2_squeezenet,71.640,42.755,1,0
47.027,t2_squeezenet,94.274,35.114,0,0
47.086,t2_squeezenet,41.315,38.595,0,0
47.147,t2_squeezenet,37.226,36.081,0,0
47.229,t2_squeezenet,37.978,35.993,0,0
47.371,t2_squeezenet,38.692,35.502,0,0
47.512,t2_squeezenet,33.801,29.066,1,0
47.541,t2_squeezenet,45.132,29.690,0,0
47.670,t2_squeezenet,32.807,32.406,1,0
47.702,t2_squeezenet,37.336,32.289,1,0
47.735,t2_squeezenet,47.132,32.607,1,0
47.766,t2_squeezenet,49.555,31.404,0,0
47.803,t2_squeezenet,34.326,31.461,1,0
47.835,t2_squeezenet,55.050,31.881,1,0
47.867,t2_squeezenet,62.495,32.267,0,0
47.938,t2_squeezenet,38.023,35.895,1,0
47.974,t2_squeezenet,52.539,35.411,1,0
48.009,t2_squeezenet,62.934,34.759,1,0
48.043,t2_squeezenet,43.233,34.083,0,0
48.112,t2_squeezenet,31.742,29.189,0,0
48.369,t2_squeezenet,37.936,33.872,0,0
48.572,t2_squeezenet,38.581,36.325,5,0
48.610,t2_squeezenet,70.384,37.990,5,0
48.642,t2_squeezenet,91.800,31.409,4,0
48.673,t2_squeezenet,119.098,31.544,3,0
48.706,t2_squeezenet,149.088,32.972,2,0
48.740,t2_squeezenet,169.302,33.221,4,0
48.770,t2_squeezenet,162.175,30.855,3,0
48.802,t2_squeezenet,90.285,31.310,2,0
48.845,t2_squeezenet,123.505,43.599,1,0
48.893,t2_squeezenet,162.951,47.799,2,0
48.931,t2_squeezenet,83.923,37.435,2,0
48.965,t2_squeezenet,80.379,33.860,4,0
49.007,t2_squeezenet,105.344,42.703,6,0
49.040,t2_squeezenet,88.576,32.195,6,0
49.073,t2_squeezenet,121.794,33.420,6,0
49.116,t2_squeezenet,156.609,42.826,9,0
49.150,t2_squeezenet,166.624,33.625,8,0
49.183,t2_squeezenet,191.561,32.929,8,0
49.225,t2_squeezenet,220.261,42.507,8,0
49.264,t2_squeezenet,255.021,38.831,7,0
49.295,t2_squeezenet,237.935,30.635,6,0
49.327,t2_squeezenet,233.056,32.450,5,0
49.361,t2_squeezenet,262.655,33.456,4,0
49.399,t2_squeezenet,292.447,38.536,3,0
49.436,t2_squeezenet,326.756,36.525,2,0
49.470,t2_squeezenet,314.932,33.978,2,0
49.504,t2_squeezenet,312.079,34.577,1,0
49.540,t2_squeezenet,96.986,35.392,0,0
49.660,t2_squeezenet,31.216,29.104,0,0
49.720,t2_squeezenet,30.857,29.542,2,0
49.749,t2_squeezenet,48.106,29.033,4,0
49.781,t2_squeezenet,71.054,31.750,4,0
49.814,t2_squeezenet,78.132,33.565,3,0
49.844,t2_squeezenet,98.150,29.530,3,0
49.873,t2_squeezenet,124.190,29.022,2,0
49.902,t2_squeezenet,135.695,29.060,2,0
49.931,t2_squeezenet,107.413,29.014,1,0
49.961,t2_squeezenet,80.602,29.907,0,0
49.995,t2_squeezenet,32.640,29.063,1,0
50.024,t2_squeezenet,59.344,29.101,1,0
50.054,t2_squeezenet,39.883,30.024,0,0
50.199,t2_squeezenet,38.507,37.678,1,0
50.251,t2_squeezenet,58.006,52.246,0,0
50.304,t2_squeezenet,45.479,42.597,0,0
50.369,t2_squeezenet,54.106,50.309,0,0
50.600,t2_squeezenet,52.589,48.165,1,0
50.636,t2_squeezenet,49.834,36.094,4,0
50.667,t2_squeezenet,46.350,30.532,4,0
50.696,t2_squeezenet,74.908,29.388,3,0
50.727,t2_squeezenet,96.420,30.835,3,0
50.761,t2_squeezenet,126.116,34.284,2,0
50.796,t2_squeezenet,155.813,35.001,1,0
50.833,t2_squeezenet,136.256,36.979,1,0
50.870,t2_squeezenet,51.167,36.245,1,0
50.905,t2_squeezenet,38.567,34.933,1,0
50.935,t2_squeezenet,52.545,30.296,0,0
51.043,t2_squeezenet,50.934,46.937,0,0
51.090,t2_squeezenet,40.641,37.091,0,0
51.137,t2_squeezenet,36.688,31.672,0,0
51.217,t2_squeezenet,52.514,49.668,0,0
51.383,t2_squeezenet,42.979,38.696,1,0
51.415,t2_squeezenet,45.456,32.675,0,0
51.506,t2_squeezenet,34.128,30.009,1,0
51.539,t2_squeezenet,47.409,33.002,0,0
51.688,t2_squeezenet,32.883,32.369,1,0
51.717,t2_squeezenet,45.770,29.644,1,0
51.747,t2_squeezenet,39.704,29.549,2,0
51.783,t2_squeezenet,62.266,35.630,1,0
51.813,t2_squeezenet,79.789,29.812,2,0
51.842,t2_squeezenet,45.066,29.611,1,0
51.879,t2_squeezenet,79.462,37.044,1,0
51.923,t2_squeezenet,49.160,43.884,3,0
51.966,t2_squeezenet,71.411,42.907,2,0
52.016,t2_squeezenet,97.914,50.330,1,0
52.063,t2_squeezenet,140.995,46.044,1,0
52.107,t2_squeezenet,69.297,44.029,0,0
52.264,t2_squeezenet,46.032,45.290,1,0
52.301,t2_squeezenet,45.684,37.097,2,0
52.333,t2_squeezenet,48.789,32.286,1,0
52.372,t2_squeezenet,87.524,39.117,1,0
52.413,t2_squeezenet,60.390,40.994,0,0
52.483,t2_squeezenet,45.923,44.149,0,0
52.622,t2_squeezenet,32.742,32.143,0,0
52.872,t2_squeezenet,35.784,31.187,0,0
52.927,t2_squeezenet,34.204,34.040,0,0
52.979,t2_squeezenet,45.534,41.751,3,0
53.013,t2_squeezenet,53.239,34.129,3,0
53.045,t2_squeezenet,72.490,32.484,2,0
53.078,t2_squeezenet,103.398,32.578,3,0
53.120,t2_squeezenet,109.043,41.753,3,0
53.163,t2_squeezenet,114.617,43.671,2,0
53.207,t2_squeezenet,151.842,43.271,2,0
53.252,t2_squeezenet,140.400,45.158,4,0
53.299,t2_squeezenet,121.310,46.860,5,0
53.329,t2_squeezenet,107.332,30.397,4,0
53.361,t2_squeezenet,123.486,31.710,4,0
53.407,t2_squeezenet,166.020,45.718,5,0
53.443,t2_squeezenet,166.398,35.777,5,0
53.474,t2_squeezenet,190.563,30.917,4,0
53.504,t2_squeezenet,171.613,30.529,4,0
53.538,t2_squeezenet,154.551,33.820,3,0
53.585,t2_squeezenet,186.926,47.019,3,0
53.626,t2_squeezenet,188.653,40.576,3,0
53.656,t2_squeezenet,170.718,30.295,2,0
53.685,t2_squeezenet,138.434,29.393,2,0
53.715,t2_squeezenet,112.013,29.068,2,0
53.749,t2_squeezenet,90.675,34.687,2,0
53.788,t2_squeezenet,86.595,38.686,2,0
53.825,t2_squeezenet,100.592,36.894,1,0
53.867,t2_squeezenet,96.304,41.936,0,0
53.963,t2_squeezenet,34.695,30.245,0,0
54.052,t2_squeezenet,37.851,33.515,1,0
54.086,t2_squeezenet,65.603,33.824,0,0
54.154,t2_squeezenet,33.977,32.594,2,0
54.184,t2_squeezenet,51.298,29.687,2,0
54.219,t2_squeezenet,76.573,35.212,1,0
54.250,t2_squeezenet,85.554,30.949,0,0
54.380,t2_squeezenet,33.533,29.160,0,0
54.503,t2_squeezenet,32.717,31.996,1,0
54.536,t2_squeezenet,61.495,32.433,0,0
54.665,t2_squeezenet,43.618,41.844,0,0
54.725,t2_squeezenet,52.810,49.361,1,0
54.760,t2_squeezenet,63.528,35.792,1,0
54.791,t2_squeezenet,66.049,30.305,2,0
54.820,t2_squeezenet,51.003,29.005,1,0
54.850,t2_squeezenet,61.177,30.120,1,0
54.881,t2_squeezenet,40.689,31.128,1,0
54.923,t2_squeezenet,52.008,42.386,2,0
54.969,t2_squeezenet,86.222,45.933,1,0
55.016,t2_squeezenet,108.707,46.948,1,0
55.053,t2_squeezenet,48.785,37.022,0,0
55.106,t2_squeezenet,35.790,32.345,0,0
55.277,t2_squeezenet,46.495,44.135,1,0
55.322,t2_squeezenet,48.595,45.184,0,0
55.430,t2_squeezenet,32.295,31.526,0,0
55.481,t2_squeezenet,49.690,45.825,0,0
55.534,t2_squeezenet,40.158,37.234,1,0
55.569,t2_squeezenet,47.518,35.560,1,0
55.600,t2_squeezenet,51.861,30.311,0,0
55.679,t2_squeezenet,30.841,29.213,0,0
55.750,t2_squeezenet,33.192,30.119,0,0
55.791,t2_squeezenet,34.353,30.313,1,0
55.821,t2_squeezenet,60.287,30.267,0,0
55.936,t2_squeezenet,44.698,44.642,0,0
55.981,t2_squeezenet,30.632,29.554,0,0
56.091,t2_squeezenet,34.565,34.261,2,0
56.126,t2_squeezenet,53.142,34.609,1,0
56.169,t2_squeezenet,91.781,43.038,0,0
56.218,t2_squeezenet,48.347,43.553,1,0
56.266,t2_squeezenet,70.220,48.108,1,0
56.301,t2_squeezenet,61.201,35.242,0,0
56.335,t2_squeezenet,33.492,28.985,0,0
56.506,t2_squeezenet,43.907,39.453,0,0
56.555,t2_squeezenet,47.321,43.415,0,0
56.597,t2_squeezenet,36.490,32.285,0,0
56.671,t2_squeezenet,47.005,42.991,1,0
56.704,t2_squeezenet,62.057,33.448,2,0
56.736,t2_squeezenet,58.857,31.570,1,0
56.785,t2_squeezenet,82.968,48.870,0,0
56.870,t2_squeezenet,39.769,39.255,1,0
56.916,t2_squeezenet,66.275,46.814,1,0
56.957,t2_squeezenet,69.923,40.756,0,0
57.045,t2_squeezenet,40.906,37.115,0,0
57.174,t2_squeezenet,41.086,38.180,0,0
57.237,t2_squeezenet,43.020,42.661,1,0
57.280,t2_squeezenet,45.148,42.949,0,0
57.369,t2_squeezenet,39.225,38.125,0,0
57.437,t2_squeezenet,32.518,32.120,3,0
57.469,t2_squeezenet,62.079,32.385,2,0
57.513,t2_squeezenet,92.821,43.491,1,0
57.550,t2_squeezenet,127.660,37.230,0,0
57.604,t2_squeezenet,32.451,29.100,1,0
57.634,t2_squeezenet,34.301,29.023,0,0
57.668,t2_squeezenet,32.322,29.590,1,0
57.698,t2_squeezenet,30.720,29.402,0,0
57.771,t2_squeezenet,47.310,42.592,0,0
57.828,t2_squeezenet,51.049,46.380,2,0
57.876,t2_squeezenet,97.197,47.582,2,0
57.914,t2_squeezenet,114.246,38.081,1,0
57.951,t2_squeezenet,108.724,36.662,0,0
58.072,t2_squeezenet,40.279,35.909,0,0
58.157,t2_squeezenet,35.639,34.229,1,0
58.203,t2_squeezenet,66.170,45.276,0,0
58.366,t2_squeezenet,36.522,31.933,0,0
58.411,t2_squeezenet,35.884,34.893,1,0
58.448,t2_squeezenet,42.578,36.608,1,0
58.484,t2_squeezenet,56.046,35.749,1,0
58.514,t2_squeezenet,34.970,30.334,0,0
58.562,t2_squeezenet,37.615,32.577,0,0
58.600,t2_squeezenet,35.416,33.252,0,0
58.733,t2_squeezenet,47.178,45.943,1,0
58.779,t2_squeezenet,89.534,46.020,0,0
58.862,t2_squeezenet,36.654,31.681,0,0
59.077,t2_squeezenet,41.629,37.674,3,0
59.112,t2_squeezenet,62.284,35.837,2,0
59.143,t2_squeezenet,85.879,30.757,1,0
59.172,t2_squeezenet,110.658,29.028,1,0
59.202,t2_squeezenet,36.223,29.576,1,0
59.238,t2_squeezenet,56.828,35.886,0,0
59.297,t2_squeezenet,33.165,29.086,0,0
59.343,t2_squeezenet,31.083,30.216,0,0
59.437,t2_squeezenet,37.617,33.914,0,0
59.563,t2_squeezenet,31.586,29.112,0,0
59.598,t2_squeezenet,31.675,30.017,1,0
59.629,t2_squeezenet,54.293,30.745,0,0
59.687,t2_squeezenet,33.184,32.923,0,0
59.757,t2_squeezenet,37.340,34.598,0,0
59.823,t2_squeezenet,35.648,30.977,0,0
59.896,t2_squeezenet,50.644,47.642,1,0
59.937,t2_squeezenet,40.773,40.013,2,0
59.980,t2_squeezenet,71.626,43.287,2,0
60.023,t2_squeezenet,87.783,43.629,1,0
60.068,t2_squeezenet,121.701,44.021,0,0
60.244,t2_squeezenet,44.600,39.765,0,0
60.362,t2_squeezenet,49.549,47.051,0,0
60.574,t2_squeezenet,38.674,34.591,0,0
60.693,t2_squeezenet,34.192,32.306,1,0
60.728,t2_squeezenet,38.831,35.011,2,0
60.758,t2_squeezenet,56.597,30.200,3,0
60.787,t2_squeezenet,80.883,29.246,2,0
60.822,t2_squeezenet,81.004,34.095,2,0
60.852,t2_squeezenet,109.491,30.863,2,0
60.882,t2_squeezenet,66.770,30.059,1,0
60.912,t2_squeezenet,83.302,29.483,0,0
61.021,t2_squeezenet,42.601,38.337,0,0
61.077,t2_squeezenet,35.485,35.252,1,0
61.112,t2_squeezenet,36.844,34.868,1,0
61.146,t2_squeezenet,43.680,33.982,0,0
61.185,t2_squeezenet,30.544,29.237,0,0
61.219,t2_squeezenet,29.604,29.038,0,0
61.279,t2_squeezenet,31.479,29.713,0,0
61.341,t2_squeezenet,36.286,31.307,0,0
61.437,t2_squeezenet,33.591,30.631,1,0
61.481,t2_squeezenet,68.691,43.596,2,0
61.528,t2_squeezenet,75.170,47.222,2,0
61.576,t2_squeezenet,118.876,47.919,1,0
61.612,t2_squeezenet,88.664,35.622,1,0
61.653,t2_squeezenet,74.721,41.495,1,0
61.695,t2_squeezenet,49.916,41.877,0,0
61.770,t2_squeezenet,47.213,44.222,1,0
61.809,t2_squeezenet,48.591,38.837,0,0
61.915,t2_squeezenet,38.952,34.049,0,0
61.999,t2_squeezenet,33.009,29.018,1,0
62.033,t2_squeezenet,52.149,34.153,0,0
62.185,t2_squeezenet,55.181,50.458,1,0
62.229,t2_squeezenet,72.736,43.768,1,0
62.277,t2_squeezenet,88.763,47.759,1,0
62.327,t2_squeezenet,80.878,49.811,0,0
62.429,t2_squeezenet,45.892,41.498,2,0
62.475,t2_squeezenet,55.693,46.592,2,0
62.510,t2_squeezenet,86.968,34.504,2,0
62.546,t2_squeezenet,84.062,36.354,2,0
62.591,t2_squeezenet,113.189,44.107,2,0
62.635,t2_squeezenet,92.122,44.717,1,0
62.684,t2_squeezenet,96.432,49.012,0,0
62.803,t2_squeezenet,50.256,47.492,0,0
62.961,t2_squeezenet,51.006,46.665,0,0
63.023,t2_squeezenet,35.724,31.354,0,0
63.072,t2_squeezenet,36.986,33.525,0,0
63.187,t2_squeezenet,44.218,39.453,1,0
63.231,t2_squeezenet,74.299,44.292,0,0
63.295,t2_squeezenet,51.668,48.724,2,0
63.338,t2_squeezenet,86.781,42.806,2,0
63.380,t2_squeezenet,112.480,41.360,1,0
63.424,t2_squeezenet,114.029,43.832,3,0
63.469,t2_squeezenet,81.949,45.834,3,0
63.516,t2_squeezenet,111.621,46.385,2,0
63.559,t2_squeezenet,141.980,42.899,1,0
63.606,t2_squeezenet,172.858,46.939,1,0
63.651,t2_squeezenet,91.792,45.379,0,0
63.720,t2_squeezenet,52.162,48.295,0,0
63.829,t2_squeezenet,48.877,48.469,0,0
63.892,t2_squeezenet,49.761,47.121,1,0
63.935,t2_squeezenet,52.160,42.846,0,0
64.231,t2_squeezenet,44.893,43.226,0,0
64.298,t2_squeezenet,47.664,45.803,1,0
64.346,t2_squeezenet,79.009,47.947,1,0
64.385,t2_squeezenet,72.048,39.920,1,0
64.417,t2_squeezenet,58.227,31.102,1,0
64.455,t2_squeezenet,43.779,38.211,0,0
64.523,t2_squeezenet,51.119,47.776,0,0
64.595,t2_squeezenet,36.454,31.635,1,0
64.641,t2_squeezenet,59.370,46.238,1,0
64.679,t2_squeezenet,48.368,37.363,1,0
64.719,t2_squeezenet,56.057,39.627,3,0
64.756,t2_squeezenet,65.721,37.328,2,0
64.794,t2_squeezenet,86.533,38.393,2,0
64.839,t2_squeezenet,126.522,44.581,1,0
64.883,t2_squeezenet,111.981,44.362,0,0
64.920,t2_squeezenet,36.495,31.798,1,0
64.965,t2_squeezenet,56.002,45.018,0,0
65.054,t2_squeezenet,45.626,42.702,0,0
65.172,t2_squeezenet,48.127,46.695,0,0
65.329,t2_squeezenet,35.697,35.583,2,0
65.363,t2_squeezenet,57.248,33.651,2,0
65.399,t2_squeezenet,84.104,36.334,1,0
65.432,t2_squeezenet,80.514,32.747,0,0
65.488,t2_squeezenet,38.838,36.059,3,0
65.525,t2_squeezenet,59.353,36.688,2,0
65.557,t2_squeezenet,86.815,31.620,1,0
65.586,t2_squeezenet,106.927,29.079,0,0
65.625,t2_squeezenet,32.946,29.048,0,0
65.710,t2_squeezenet,32.229,29.192,1,0
65.739,t2_squeezenet,42.376,29.444,1,0
65.776,t2_squeezenet,40.522,36.233,0,0
65.969,t2_squeezenet,33.947,31.858,0,0
66.014,t2_squeezenet,34.823,34.774,1,0
66.049,t2_squeezenet,54.406,34.371,0,0
66.195,t2_squeezenet,30.353,29.782,0,0
66.361,t2_squeezenet,30.427,29.094,1,0
66.390,t2_squeezenet,38.184,29.023,1,0
66.420,t2_squeezenet,34.369,30.112,0,0
66.496,t2_squeezenet,39.683,35.964,0,0
66.576,t2_squeezenet,31.185,29.212,0,0
66.645,t2_squeezenet,37.968,33.154,0,0
66.787,t2_squeezenet,37.109,36.587,2,0
66.820,t2_squeezenet,63.566,32.597,1,0
66.849,t2_squeezenet,68.105,29.058,0,0
66.936,t2_squeezenet,46.595,45.965,1,0
66.971,t2_squeezenet,81.125,35.010,0,0
67.008,t2_squeezenet,36.387,31.907,1,0
67.042,t2_squeezenet,60.935,34.568,0,0
67.097,t2_squeezenet,44.303,40.057,0,0
67.167,t2_squeezenet,38.642,34.117,0,0
67.337,t2_squeezenet,44.572,43.934,0,0
67.432,t2_squeezenet,53.100,48.771,5,0
67.478,t2_squeezenet,93.265,45.956,6,0
67.521,t2_squeezenet,134.798,42.973,7,0
67.553,t2_squeezenet,149.572,32.360,7,0
67.598,t2_squeezenet,189.986,44.660,8,0
67.647,t2_squeezenet,221.038,48.673,10,0
67.693,t2_squeezenet,257.064,46.382,9,0
67.738,t2_squeezenet,298.923,45.199,9,0
67.781,t2_squeezenet,299.767,42.548,8,0
67.823,t2_squeezenet,319.136,42.411,7,0
67.861,t2_squeezenet,319.659,38.025,7,0
67.900,t2_squeezenet,334.265,38.960,8,0
67.933,t2_squeezenet,335.040,32.463,7,0
67.967,t2_squeezenet,363.907,33.650,6,0
67.999,t2_squeezenet,389.635,32.312,5,0
68.036,t2_squeezenet,422.138,36.734,6,0
68.082,t2_squeezenet,373.316,45.988,5,0
68.128,t2_squeezenet,295.306,45.906,4,0
68.171,t2_squeezenet,307.813,43.462,4,0
68.204,t2_squeezenet,318.330,32.899,3,0
68.236,t2_squeezenet,224.001,31.745,3,0
68.268,t2_squeezenet,249.018,32.042,2,0
68.313,t2_squeezenet,142.842,45.299,1,0
68.351,t2_squeezenet,124.966,37.335,0,0
68.423,t2_squeezenet,36.160,32.086,0,0
68.543,t2_squeezenet,48.262,43.783,1,0
68.587,t2_squeezenet,63.702,43.602,4,0
68.636,t2_squeezenet,70.583,49.356,3,0
68.678,t2_squeezenet,106.063,41.747,2,0
68.722,t2_squeezenet,149.880,44.208,1,0
68.768,t2_squeezenet,194.900,45.774,0,0
68.935,t2_squeezenet,49.964,45.415,1,0
68.985,t2_squeezenet,80.283,49.251,1,0
69.030,t2_squeezenet,63.264,44.870,1,0
69.073,t2_squeezenet,75.043,43.466,2,0
69.119,t2_squeezenet,83.642,46.212,2,0
69.168,t2_squeezenet,100.602,49.038,1,0
69.205,t2_squeezenet,97.959,36.538,1,0
69.237,t2_squeezenet,67.066,31.609,1,0
69.269,t2_squeezenet,35.147,32.475,1,0
69.302,t2_squeezenet,38.094,32.563,0,0
69.372,t2_squeezenet,30.046,29.958,1,0
69.402,t2_squeezenet,44.384,29.742,0,0
69.517,t2_squeezenet,32.168,29.541,1,0
69.550,t2_squeezenet,56.214,32.991,0,0
69.612,t2_squeezenet,38.555,36.320,1,0
69.649,t2_squeezenet,44.452,36.855,1,0
69.684,t2_squeezenet,64.865,34.712,1,0
69.716,t2_squeezenet,33.714,32.253,0,0
69.770,t2_squeezenet,37.781,34.031,0,0
69.947,t2_squeezenet,40.371,35.394,0,0
70.037,t2_squeezenet,37.370,33.531,0,0
70.097,t2_squeezenet,38.870,35.239,0,0
70.157,t2_squeezenet,30.522,29.661,0,0
70.223,t2_squeezenet,40.187,35.244,1,0
70.257,t2_squeezenet,60.761,33.777,1,0
70.289,t2_squeezenet,39.401,32.608,0,0
70.347,t2_squeezenet,47.188,42.238,0,0
70.410,t2_squeezenet,49.627,47.491,1,0
70.446,t2_squeezenet,54.502,36.664,0,0
70.488,t2_squeezenet,35.624,31.669,1,0
70.520,t2_squeezenet,43.217,31.849,0,0
70.870,t2_squeezenet,47.550,45.276,1,0
70.920,t2_squeezenet,52.802,50.457,0,0
70.980,t2_squeezenet,41.915,39.460,2,0
71.025,t2_squeezenet,65.179,45.162,2,0
71.072,t2_squeezenet,107.720,47.368,2,0
71.106,t2_squeezenet,81.899,33.545,1,0
71.149,t2_squeezenet,100.619,42.608,3,0
71.194,t2_squeezenet,87.740,45.162,2,0
71.240,t2_squeezenet,108.986,46.183,2,0
71.278,t2_squeezenet,139.316,37.558,1,0
71.307,t2_squeezenet,97.485,29.617,1,0
71.343,t2_squeezenet,52.596,35.531,1,0
71.379,t2_squeezenet,41.070,35.786,3,0
71.410,t2_squeezenet,66.496,30.827,3,0
71.439,t2_squeezenet,75.975,29.468,3,0
71.468,t2_squeezenet,90.609,29.112,2,0
71.502,t2_squeezenet,116.160,34.163,2,0
71.534,t2_squeezenet,117.764,31.064,1,0
71.563,t2_squeezenet,63.962,29.533,0,0
71.604,t2_squeezenet,35.292,30.572,0,0
71.682,t2_squeezenet,37.637,32.986,1,0
71.715,t2_squeezenet,49.401,32.592,0,0
71.780,t2_squeezenet,34.522,30.074,0,0
71.905,t2_squeezenet,38.083,33.889,2,0
71.941,t2_squeezenet,66.339,35.897,2,0
71.977,t2_squeezenet,78.612,35.556,1,0
72.011,t2_squeezenet,101.042,34.553,1,0
72.047,t2_squeezenet,62.251,35.719,0,0
72.098,t2_squeezenet,38.464,35.429,0,0
72.146,t2_squeezenet,39.855,38.122,1,0
72.180,t2_squeezenet,38.228,33.476,0,0
72.233,t2_squeezenet,45.317,43.538,2,0
72.278,t2_squeezenet,67.056,44.594,1,0
72.327,t2_squeezenet,103.494,48.915,0,0
72.368,t2_squeezenet,36.640,35.986,0,0
72.417,t2_squeezenet,48.100,43.576,7,0
72.461,t2_squeezenet,91.578,44.401,7,0
72.505,t2_squeezenet,134.998,43.667,6,0
72.553,t2_squeezenet,180.894,47.864,6,0
72.600,t2_squeezenet,203.460,47.132,6,0
72.642,t2_squeezenet,231.130,41.452,6,0
72.688,t2_squeezenet,275.551,46.441,5,0
72.733,t2_squeezenet,317.319,44.456,5,0
72.780,t2_squeezenet,339.467,47.595,6,0
72.826,t2_squeezenet,301.064,45.322,5,0
72.858,t2_squeezenet,300.127,32.602,5,0
72.897,t2_squeezenet,293.384,38.396,6,0
72.944,t2_squeezenet,232.944,47.510,7,0
72.988,t2_squeezenet,226.612,44.157,6,0
73.028,t2_squeezenet,262.307,39.894,5,0
73.072,t2_squeezenet,238.124,44.098,4,0
73.120,t2_squeezenet,250.664,47.428,7,0
73.166,t2_squeezenet,290.743,46.258,6,0
73.207,t2_squeezenet,288.767,41.201,5,0
73.252,t2_squeezenet,318.312,44.291,4,0
73.299,t2_squeezenet,218.612,46.695,4,0
73.349,t2_squeezenet,268.357,49.997,4,0
73.397,t2_squeezenet,304.841,48.338,3,0
73.441,t2_squeezenet,329.833,43.782,3,0
73.490,t2_squeezenet,197.675,49.376,3,0
73.529,t2_squeezenet,201.096,39.090,2,0
73.562,t2_squeezenet,143.135,32.909,2,0
73.594,t2_squeezenet,105.118,31.190,1,0
73.626,t2_squeezenet,89.564,32.672,0,0
73.689,t2_squeezenet,41.194,37.156,1,0
73.725,t2_squeezenet,44.646,36.239,0,0
73.793,t2_squeezenet,46.594,42.254,2,0
73.836,t2_squeezenet,78.412,43.431,4,0
73.882,t2_squeezenet,107.724,45.534,5,0
73.917,t2_squeezenet,117.985,35.128,4,0
73.948,t2_squeezenet,134.923,31.096,5,0
73.978,t2_squeezenet,161.796,29.827,5,0
74.010,t2_squeezenet,167.677,31.934,4,0
74.044,t2_squeezenet,195.535,34.554,3,0
74.090,t2_squeezenet,165.066,45.485,2,0
74.133,t2_squeezenet,192.926,43.586,1,0
74.179,t2_squeezenet,218.264,45.192,0,0
74.477,t2_squeezenet,43.909,39.767,2,0
74.514,t2_squeezenet,75.022,37.142,2,0
74.550,t2_squeezenet,102.001,35.662,1,0
74.585,t2_squeezenet,89.763,35.584,0,0
74.661,t2_squeezenet,39.606,35.702,1,0
74.697,t2_squeezenet,71.254,35.177,0,0
74.760,t2_squeezenet,35.170,33.024,0,0
74.800,t2_squeezenet,30.437,30.108,1,0
74.836,t2_squeezenet,64.921,35.322,0,0
75.083,t2_squeezenet,40.906,39.916,1,0
75.120,t2_squeezenet,74.598,36.627,1,0
75.156,t2_squeezenet,44.805,35.683,0,0
75.224,t2_squeezenet,44.981,42.915,0,0
75.283,t2_squeezenet,47.324,44.258,0,0
75.366,t2_squeezenet,48.026,46.619,1,0
75.404,t2_squeezenet,48.113,38.043,1,0
75.433,t2_squeezenet,38.534,29.029,0,0
75.559,t2_squeezenet,35.823,35.286,0,0
75.615,t2_squeezenet,38.995,36.152,1,0
75.652,t2_squeezenet,42.628,36.549,0,0
75.718,t2_squeezenet,38.592,35.295,1,0
75.749,t2_squeezenet,57.717,31.145,0,0
75.908,t2_squeezenet,33.706,32.662,0,0
75.943,t2_squeezenet,33.029,29.236,1,0
75.972,t2_squeezenet,37.959,29.161,0,0
76.207,t2_squeezenet,38.303,37.751,0,0
76.279,t2_squeezenet,51.087,46.152,0,0
76.387,t2_squeezenet,33.613,32.420,0,0
76.434,t2_squeezenet,32.680,31.460,0,0
76.564,t2_squeezenet,48.464,43.836,1,0
76.607,t2_squeezenet,85.892,43.634,0,0
76.702,t2_squeezenet,47.458,43.685,0,0
76.750,t2_squeezenet,46.929,42.328,0,0
76.869,t2_squeezenet,44.694,42.389,1,0
76.916,t2_squeezenet,74.895,46.944,0,0
76.970,t2_squeezenet,46.361,44.080,2,0
77.017,t2_squeezenet,76.965,47.324,4,0
77.061,t2_squeezenet,114.506,43.096,4,0
77.104,t2_squeezenet,126.768,43.115,3,0
77.147,t2_squeezenet,169.746,43.353,2,0
77.197,t2_squeezenet,203.548,49.481,1,0
77.241,t2_squeezenet,201.288,44.455,1,0
77.285,t2_squeezenet,83.560,44.139,0,0
77.490,t2_squeezenet,33.119,32.325,0,0
77.568,t2_squeezenet,42.768,42.156,0,0
77.724,t2_squeezenet,44.309,43.780,0,0
77.796,t2_squeezenet,47.195,46.501,0,0
77.922,t2_squeezenet,47.591,44.608,2,0
77.970,t2_squeezenet,75.048,48.386,1,0
78.003,t2_squeezenet,83.487,32.998,0,0
78.073,t2_squeezenet,30.785,29.764,0,0
78.138,t2_squeezenet,43.807,39.619,0,0
78.341,t2_squeezenet,30.165,29.646,2,0
78.377,t2_squeezenet,51.516,35.708,1,0
78.412,t2_squeezenet,71.134,34.910,0,0
78.452,t2_squeezenet,34.412,29.802,0,0
78.595,t2_squeezenet,39.690,37.191,2,0
78.627,t2_squeezenet,36.783,31.585,1,0
78.662,t2_squeezenet,67.442,35.540,0,0
78.878,t2_squeezenet,31.852,29.210,0,0
78.943,t2_squeezenet,30.589,29.353,1,0
78.972,t2_squeezenet,42.642,29.150,1,0
79.006,t2_squeezenet,53.940,33.700,0,0
79.051,t2_squeezenet,32.556,29.710,0,0
79.106,t2_squeezenet,30.792,29.222,1,0
79.139,t2_squeezenet,40.898,33.337,1,0
79.171,t2_squeezenet,40.486,32.276,1,0
79.201,t2_squeezenet,53.460,29.562,2,0
79.230,t2_squeezenet,51.039,29.085,1,0
79.265,t2_squeezenet,79.895,35.282,1,0
79.301,t2_squeezenet,43.700,36.094,0,0
79.376,t2_squeezenet,37.698,33.759,2,0
79.406,t2_squeezenet,61.602,30.157,1,0
79.437,t2_squeezenet,89.435,31.591,1,0
79.469,t2_squeezenet,41.436,31.960,1,0
79.515,t2_squeezenet,69.943,45.372,0,0
79.656,t2_squeezenet,47.293,44.750,1,0
79.704,t2_squeezenet,77.054,48.164,1,0
79.750,t2_squeezenet,49.441,45.886,0,0
79.845,t2_squeezenet,48.420,44.113,0,0
79.893,t2_squeezenet,34.628,32.992,1,0
79.923,t2_squeezenet,63.542,30.295,0,0
80.073,t2_squeezenet,36.727,33.413,1,0
80.119,t2_squeezenet,70.931,45.218,1,0
80.165,t2_squeezenet,61.071,45.923,0,0
80.417,t2_squeezenet,48.665,43.661,1,0
80.460,t2_squeezenet,83.356,43.053,0,0
80.575,t2_squeezenet,45.743,43.646,1,0
80.621,t2_squeezenet,48.741,45.872,1,0
80.668,t2_squeezenet,55.607,47.266,1,0
80.712,t2_squeezenet,80.188,43.781,0,0
80.777,t2_squeezenet,35.573,35.227,1,0
80.810,t2_squeezenet,54.064,32.563,1,0
80.840,t2_squeezenet,41.673,29.732,0,0
80.927,t2_squeezenet,44.157,41.257,1,0
80.964,t2_squeezenet,81.044,37.646,1,0
80.998,t2_squeezenet,47.055,33.546,0,0
81.229,t2_squeezenet,47.067,43.743,2,0
81.274,t2_squeezenet,54.443,45.108,1,0
81.318,t2_squeezenet,89.810,43.989,0,0
81.460,t2_squeezenet,49.951,45.838,4,0
81.507,t2_squeezenet,86.727,47.243,3,0
81.551,t2_squeezenet,127.212,43.332,2,0
81.597,t2_squeezenet,140.313,45.952,1,0
81.641,t2_squeezenet,181.629,44.042,0,0
81.739,t2_squeezenet,38.562,36.962,0,0
81.780,t2_squeezenet,38.193,35.926,0,0
81.909,t2_squeezenet,34.092,33.424,0,0
82.001,t2_squeezenet,36.717,36.068,0,0
82.134,t2_squeezenet,49.956,47.388,1,0
82.180,t2_squeezenet,82.280,45.227,2,0
82.227,t2_squeezenet,90.398,47.601,1,0
82.265,t2_squeezenet,117.183,37.483,0,0
82.330,t2_squeezenet,36.044,34.853,0,0
82.377,t2_squeezenet,39.663,36.229,1,0
82.413,t2_squeezenet,47.532,36.152,0,0
82.594,t2_squeezenet,30.263,29.101,0,0
82.714,t2_squeezenet,41.200,39.019,0,0
82.861,t2_squeezenet,50.384,46.092,2,0
82.907,t2_squeezenet,92.694,45.254,1,0
82.950,t2_squeezenet,128.912,42.856,2,0
82.994,t2_squeezenet,83.565,44.012,3,0
83.040,t2_squeezenet,111.556,46.309,2,0
83.072,t2_squeezenet,103.352,32.477,1,0
83.115,t2_squeezenet,133.625,42.603,0,0
83.228,t2_squeezenet,35.858,32.233,1,0
83.262,t2_squeezenet,39.436,33.339,0,0
83.424,t2_squeezenet,40.920,36.239,2,0
83.458,t2_squeezenet,71.780,33.971,4,0
83.487,t2_squeezenet,87.778,28.991,3,0
83.518,t2_squeezenet,92.551,30.301,2,0
83.559,t2_squeezenet,110.339,41.114,1,0
83.602,t2_squeezenet,152.183,42.877,1,0
83.647,t2_squeezenet,87.521,45.518,2,0
83.697,t2_squeezenet,77.268,50.079,3,0
83.732,t2_squeezenet,103.834,34.232,2,0
83.767,t2_squeezenet,114.136,35.605,1,0
83.805,t2_squeezenet,126.012,37.698,0,0
83.866,t2_squeezenet,33.329,30.632,0,0
83.913,t2_squeezenet,36.865,36.679,0,0
83.983,t2_squeezenet,33.306,29.144,1,0
84.012,t2_squeezenet,31.755,28.959,0,0
84.052,t2_squeezenet,33.419,29.949,3,0
84.085,t2_squeezenet,65.146,33.757,3,0
84.120,t2_squeezenet,98.490,34.696,4,0
84.162,t2_squeezenet,129.624,41.595,6,0
84.205,t2_squeezenet,136.897,42.828,5,0
84.249,t2_squeezenet,151.982,44.339,6,0
84.296,t2_squeezenet,193.458,46.999,8,0
84.343,t2_squeezenet,206.016,47.306,10,0
84.387,t2_squeezenet,249.829,44.038,11,0
84.433,t2_squeezenet,276.114,45.755,11,0
84.481,t2_squeezenet,274.012,48.012,11,0
84.522,t2_squeezenet,284.515,40.625,11,0
84.564,t2_squeezenet,304.038,41.538,11,0
84.595,t2_squeezenet,331.641,31.793,12,0
84.627,t2_squeezenet,332.994,31.954,11,0
84.662,t2_squeezenet,354.325,34.539,11,0
84.694,t2_squeezenet,363.915,31.580,12,0
84.725,t2_squeezenet,385.195,31.330,11,0
84.762,t2_squeezenet,378.028,37.135,10,0
84.794,t2_squeezenet,407.782,32.313,9,0
84.840,t2_squeezenet,426.919,45.754,8,0
84.884,t2_squeezenet,414.855,43.722,9,0
84.928,t2_squeezenet,410.576,43.751,9,0
84.966,t2_squeezenet,427.694,38.546,9,0
84.999,t2_squeezenet,421.889,32.951,9,0
85.030,t2_squeezenet,435.180,30.218,9,0
85.060,t2_squeezenet,402.932,30.790,8,0
85.094,t2_squeezenet,422.647,33.471,7,0
85.127,t2_squeezenet,450.075,32.919,6,0
85.159,t2_squeezenet,315.547,31.678,5,0
85.191,t2_squeezenet,324.081,32.195,4,0
85.233,t2_squeezenet,309.465,41.764,5,0
85.283,t2_squeezenet,330.191,50.650,5,0
85.330,t2_squeezenet,362.671,46.780,7,0
85.374,t2_squeezenet,361.218,43.307,6,0
85.415,t2_squeezenet,203.192,41.466,7,0
85.465,t2_squeezenet,239.573,50.260,7,0
85.512,t2_squeezenet,269.128,46.386,7,0
85.547,t2_squeezenet,259.938,35.550,6,0
85.586,t2_squeezenet,274.455,38.693,6,0
85.620,t2_squeezenet,298.675,34.191,5,0
85.654,t2_squeezenet,279.298,34.034,5,0
85.691,t2_squeezenet,284.102,37.106,4,0
85.731,t2_squeezenet,298.813,39.894,5,0
85.770,t2_squeezenet,274.229,38.519,4,0
85.811,t2_squeezenet,225.309,41.056,3,0
85.848,t2_squeezenet,219.523,37.047,3,0
85.899,t2_squeezenet,207.310,50.639,3,0
85.942,t2_squeezenet,234.549,42.830,3,0
85.988,t2_squeezenet,150.873,45.800,3,0
86.034,t2_squeezenet,143.407,46.353,3,0
86.080,t2_squeezenet,148.457,46.443,2,0
86.117,t2_squeezenet,129.482,36.129,2,0
86.157,t2_squeezenet,154.057,40.156,1,0
86.196,t2_squeezenet,87.533,39.664,0,0
86.354,t2_squeezenet,39.611,35.775,1,0
86.391,t2_squeezenet,61.792,37.320,1,0
86.422,t2_squeezenet,62.803,30.585,0,0
86.550,t2_squeezenet,51.040,46.681,0,0
86.766,t2_squeezenet,46.095,43.437,0,0
86.849,t2_squeezenet,51.182,47.517,2,0
86.888,t2_squeezenet,71.746,38.888,3,0
86.923,t2_squeezenet,101.176,35.489,2,0
86.957,t2_squeezenet,102.665,34.353,1,0
86.992,t2_squeezenet,126.629,34.774,0,0
87.034,t2_squeezenet,37.890,36.359,0,0
87.116,t2_squeezenet,41.977,41.824,0,0
87.281,t2_squeezenet,35.257,32.695,0,0
87.322,t2_squeezenet,35.149,31.328,0,0
87.425,t2_squeezenet,40.323,37.108,1,0
87.461,t2_squeezenet,42.518,35.946,1,0
87.492,t2_squeezenet,56.410,30.413,0,0
87.554,t2_squeezenet,37.162,37.000,1,0
87.585,t2_squeezenet,63.762,30.944,0,0
87.673,t2_squeezenet,36.542,31.997,0,0
87.749,t2_squeezenet,38.494,35.573,0,0
87.839,t2_squeezenet,38.084,34.369,0,0
87.879,t2_squeezenet,35.872,34.646,0,0
88.072,t2_squeezenet,37.218,36.161,0,0
88.143,t2_squeezenet,40.553,35.974,1,0
88.182,t2_squeezenet,65.682,39.146,1,0
88.225,t2_squeezenet,57.474,43.034,2,0
88.266,t2_squeezenet,66.917,40.345,2,0
88.313,t2_squeezenet,106.562,47.495,1,0
88.369,t2_squeezenet,135.134,55.332,0,0
88.431,t2_squeezenet,43.947,42.252,2,0
88.473,t2_squeezenet,51.073,41.639,2,0
88.518,t2_squeezenet,96.060,45.109,2,0
88.574,t2_squeezenet,117.369,56.278,1,0
88.611,t2_squeezenet,121.075,36.110,1,0
88.646,t2_squeezenet,71.036,34.988,0,0
88.749,t2_squeezenet,40.924,37.032,0,0
88.999,t2_squeezenet,45.282,42.929,2,0
89.042,t2_squeezenet,65.734,42.690,2,0
89.090,t2_squeezenet,112.356,48.104,2,0
89.139,t2_squeezenet,110.932,48.841,2,0
89.191,t2_squeezenet,143.704,52.167,1,0
89.236,t2_squeezenet,116.300,44.669,2,0
89.287,t2_squeezenet,89.260,50.870,2,0
89.335,t2_squeezenet,105.383,48.195,2,0
89.384,t2_squeezenet,115.404,49.455,1,0
89.418,t2_squeezenet,125.470,33.472,2,0
89.473,t2_squeezenet,66.576,55.546,1,0
89.517,t2_squeezenet,104.481,43.297,1,0
89.571,t2_squeezenet,71.063,53.822,0,0
89.651,t2_squeezenet,45.439,44.517,1,0
89.689,t2_squeezenet,82.172,37.951,0,0
89.778,t2_squeezenet,41.205,38.041,2,0
89.822,t2_squeezenet,55.046,43.946,1,0
89.865,t2_squeezenet,97.752,43.402,2,0
89.901,t2_squeezenet,70.873,35.795,2,0
89.942,t2_squeezenet,94.643,41.099,3,0
89.986,t2_squeezenet,117.472,43.948,2,0
90.029,t2_squeezenet,121.884,43.230,1,0
90.076,t2_squeezenet,138.214,46.550,0,0
90.252,t2_squeezenet,50.998,48.562,2,0
90.291,t2_squeezenet,61.715,39.859,1,0
90.335,t2_squeezenet,92.029,43.781,1,0
90.387,t2_squeezenet,78.283,51.405,3,0
90.431,t2_squeezenet,76.941,44.113,2,0
90.489,t2_squeezenet,122.506,58.256,1,0
90.537,t2_squeezenet,165.797,47.848,0,0
90.764,t2_squeezenet,38.407,34.313,1,0
90.799,t2_squeezenet,57.489,35.165,0,0
90.850,t2_squeezenet,37.272,35.693,2,0
90.885,t2_squeezenet,66.278,34.570,2,0
90.921,t2_squeezenet,84.975,36.562,2,0
90.956,t2_squeezenet,72.286,34.636,1,0
90.991,t2_squeezenet,81.181,35.507,0,0
91.037,t2_squeezenet,38.687,35.799,1,0
91.070,t2_squeezenet,58.591,33.034,0,0
91.225,t2_squeezenet,43.658,42.341,1,0
91.269,t2_squeezenet,45.393,43.762,3,0
91.313,t2_squeezenet,69.966,44.127,2,0
91.355,t2_squeezenet,99.164,41.599,2,0
91.393,t2_squeezenet,126.639,38.027,2,0
91.436,t2_squeezenet,111.857,42.564,1,0
91.490,t2_squeezenet,99.317,54.137,1,0
91.538,t2_squeezenet,69.761,48.466,1,0
91.586,t2_squeezenet,89.053,47.860,1,0
91.615,t2_squeezenet,37.002,28.954,1,0
91.645,t2_squeezenet,49.984,29.871,1,0
91.688,t2_squeezenet,56.861,42.732,0,0
91.773,t2_squeezenet,37.097,34.667,0,0
91.855,t2_squeezenet,34.353,30.905,0,0
91.947,t2_squeezenet,37.457,37.024,2,0
91.991,t2_squeezenet,72.647,43.297,1,0
92.021,t2_squeezenet,82.664,30.321,1,0
92.065,t2_squeezenet,57.774,44.375,0,0
92.214,t2_squeezenet,45.715,42.209,0,0
92.260,t2_squeezenet,43.607,40.797,2,0
92.296,t2_squeezenet,45.568,36.130,1,0
92.329,t2_squeezenet,76.240,33.201,0,0
92.384,t2_squeezenet,31.591,29.841,2,0
92.417,t2_squeezenet,55.429,32.749,1,0
92.463,t2_squeezenet,82.693,45.783,0,0
92.507,t2_squeezenet,40.272,38.846,1,0
92.562,t2_squeezenet,79.885,54.959,1,0
92.592,t2_squeezenet,74.792,30.519,0,0
92.734,t2_squeezenet,37.826,34.947,0,0
92.799,t2_squeezenet,35.256,30.262,1,0
92.829,t2_squeezenet,44.322,29.506,2,0
92.866,t2_squeezenet,59.488,36.801,4,0
92.909,t2_squeezenet,83.698,43.460,4,0
92.953,t2_squeezenet,122.995,43.361,6,0
92.997,t2_squeezenet,165.800,44.549,6,0
93.046,t2_squeezenet,214.784,49.086,5,0
93.097,t2_squeezenet,203.791,50.627,4,0
93.140,t2_squeezenet,220.227,43.024,3,0
93.196,t2_squeezenet,272.967,56.226,3,0
93.243,t2_squeezenet,297.709,46.719,2,0
93.290,t2_squeezenet,321.304,46.315,1,0
93.322,t2_squeezenet,138.151,32.290,0,0
93.419,t2_squeezenet,39.342,36.461,0,0
93.501,t2_squeezenet,35.141,31.051,1,0
93.533,t2_squeezenet,58.852,32.035,1,0
93.566,t2_squeezenet,48.377,32.985,0,0
93.711,t2_squeezenet,36.142,34.106,0,0
93.758,t2_squeezenet,42.751,41.919,1,0
93.804,t2_squeezenet,80.849,45.474,1,0
93.846,t2_squeezenet,47.023,42.415,0,0
93.898,t2_squeezenet,35.385,30.981,1,0
93.942,t2_squeezenet,56.946,43.878,1,0
93.979,t2_squeezenet,47.290,37.457,0,0
94.039,t2_squeezenet,29.968,29.590,0,0
94.238,t2_squeezenet,36.915,31.896,1,0
94.268,t2_squeezenet,61.053,29.983,0,0
94.341,t2_squeezenet,36.480,32.935,0,0
94.496,t2_squeezenet,39.779,37.746,0,0
94.534,t2_squeezenet,33.697,33.058,0,0
94.649,t2_squeezenet,47.954,44.915,2,0
94.684,t2_squeezenet,72.006,34.300,2,0
94.718,t2_squeezenet,82.125,34.063,1,0
94.773,t2_squeezenet,89.661,55.131,3,0
94.818,t2_squeezenet,81.446,44.597,3,0
94.872,t2_squeezenet,128.261,53.904,2,0
94.911,t2_squeezenet,150.173,39.720,2,0
94.951,t2_squeezenet,139.514,39.622,1,0
94.985,t2_squeezenet,109.393,34.054,1,0
95.020,t2_squeezenet,60.514,34.691,0,0
95.100,t2_squeezenet,30.886,29.829,0,0
95.186,t2_squeezenet,36.958,34.938,0,0
95.263,t2_squeezenet,47.081,42.186,1,0
95.311,t2_squeezenet,91.854,47.551,0,0
95.537,t2_squeezenet,46.830,44.001,0,0
95.625,t2_squeezenet,36.202,32.411,0,0
95.734,t2_squeezenet,43.005,42.906,0,0
95.775,t2_squeezenet,31.145,30.739,0,0
95.828,t2_squeezenet,34.360,33.114,0,0
95.878,t2_squeezenet,42.768,39.363,2,0
95.921,t2_squeezenet,73.630,43.353,1,0
95.958,t2_squeezenet,107.364,36.309,0,0
96.083,t2_squeezenet,37.457,33.665,0,0
96.155,t2_squeezenet,38.092,36.264,1,0
96.197,t2_squeezenet,43.643,41.638,0,0
96.318,t2_squeezenet,46.556,45.319,0,0
96.481,t2_squeezenet,45.227,40.696,1,0
96.520,t2_squeezenet,43.919,38.985,1,0
96.573,t2_squeezenet,69.587,53.617,0,0
96.621,t2_squeezenet,32.608,32.017,1,0
96.663,t2_squeezenet,52.253,42.346,0,0
96.947,t2_squeezenet,31.381,30.668,0,0
97.034,t2_squeezenet,50.308,46.476,1,0
97.070,t2_squeezenet,35.779,35.667,0,0
97.225,t2_squeezenet,50.775,49.104,0,0
97.334,t2_squeezenet,46.062,43.088,1,0
97.375,t2_squeezenet,54.296,40.646,0,0
97.439,t2_squeezenet,34.445,33.373,3,0
97.474,t2_squeezenet,61.320,35.248,2,0
97.510,t2_squeezenet,92.977,35.935,2,0
97.542,t2_squeezenet,110.388,31.379,1,0
97.587,t2_squeezenet,87.011,45.021,0,0
97.745,t2_squeezenet,43.534,42.217,1,0
97.781,t2_squeezenet,48.822,35.249,0,0
97.859,t2_squeezenet,43.488,42.744,1,0
97.896,t2_squeezenet,60.727,36.692,0,0
97.969,t2_squeezenet,37.529,32.990,2,0
98.002,t2_squeezenet,58.509,32.868,1,0
98.033,t2_squeezenet,71.172,31.217,1,0
98.078,t2_squeezenet,71.028,44.374,0,0
98.210,t2_squeezenet,31.129,30.965,0,0
98.271,t2_squeezenet,43.044,40.741,0,0
98.309,t2_squeezenet,35.474,32.879,1,0
98.338,t2_squeezenet,64.275,29.061,1,0
98.384,t2_squeezenet,65.145,46.130,1,0
98.428,t2_squeezenet,68.341,44.074,1,0
98.484,t2_squeezenet,90.624,56.052,1,0
98.522,t2_squeezenet,70.468,37.729,0,0
98.583,t2_squeezenet,37.114,35.638,0,0
98.748,t2_squeezenet,35.250,33.167,1,0
98.779,t2_squeezenet,64.531,31.430,0,0
98.852,t2_squeezenet,46.390,41.820,0,0
98.957,t2_squeezenet,41.064,39.155,1,0
98.988,t2_squeezenet,62.057,31.004,0,0
99.052,t2_squeezenet,35.463,33.413,2,0
99.091,t2_squeezenet,67.519,39.361,1,0
99.124,t2_squeezenet,82.209,33.214,1,0
99.166,t2_squeezenet,47.885,41.644,1,0
99.199,t2_squeezenet,36.920,32.605,1,0
99.231,t2_squeezenet,43.928,32.728,1,0
99.278,t2_squeezenet,70.202,46.976,1,0
99.308,t2_squeezenet,34.707,29.545,1,0
99.342,t2_squeezenet,51.735,34.525,0,0
99.455,t2_squeezenet,40.762,37.658,0,0
99.522,t2_squeezenet,34.979,31.600,2,0
99.556,t2_squeezenet,61.651,34.505,2,0
99.587,t2_squeezenet,86.351,30.743,1,0
99.616,t2_squeezenet,72.371,29.041,1,0
99.669,t2_squeezenet,66.675,52.728,0,0
99.872,t2_squeezenet,33.281,31.032,0,0
99.916,t2_squeezenet,36.280,34.539,1,0
99.957,t2_squeezenet,43.890,40.775,0,0
100.012,t2_squeezenet,32.329,28.974,0,0
100.056,t2_squeezenet,34.040,29.678,0,0
100.249,t2_squeezenet,46.777,45.078,1,0
100.287,t2_squeezenet,48.419,38.896,0,0
100.346,t2_squeezenet,46.805,43.509,1,0
100.384,t2_squeezenet,52.719,37.535,0,0
100.465,t2_squeezenet,35.900,35.653,1,0
100.511,t2_squeezenet,67.886,45.944,1,0
100.572,t2_squeezenet,65.198,61.141,3,0
100.615,t2_squeezenet,61.926,42.505,2,0
100.672,t2_squeezenet,101.129,56.827,2,0
100.721,t2_squeezenet,148.329,48.776,1,0
100.779,t2_squeezenet,160.595,57.853,2,0
100.824,t2_squeezenet,101.736,45.173,1,0
100.883,t2_squeezenet,141.553,58.762,0,0
101.033,t2_squeezenet,48.747,44.057,3,0
101.069,t2_squeezenet,82.712,35.120,2,0
101.117,t2_squeezenet,122.444,47.980,1,0
101.180,t2_squeezenet,167.260,62.854,0,0
101.409,t2_squeezenet,32.483,31.532,0,0
101.462,t2_squeezenet,32.897,31.833,0,0
101.538,t2_squeezenet,43.063,41.426,0,0
101.680,t2_squeezenet,43.101,40.009,1,0
101.729,t2_squeezenet,90.961,49.193,1,0
101.781,t2_squeezenet,84.728,52.252,0,0
101.947,t2_squeezenet,44.468,43.898,0,0
102.004,t2_squeezenet,42.339,41.767,2,0
102.042,t2_squeezenet,62.068,38.098,1,0
102.094,t2_squeezenet,101.587,52.158,2,0
102.126,t2_squeezenet,69.523,31.269,1,0
102.177,t2_squeezenet,114.199,51.632,1,0
102.224,t2_squeezenet,95.549,46.717,0,0
102.300,t2_squeezenet,44.333,40.878,1,0
102.365,t2_squeezenet,80.019,64.486,0,0
102.466,t2_squeezenet,36.179,35.619,1,0
102.514,t2_squeezenet,78.759,47.477,0,0
102.590,t2_squeezenet,35.613,35.250,1,0
102.637,t2_squeezenet,80.848,47.467,1,0
102.697,t2_squeezenet,99.686,59.781,1,0
102.765,t2_squeezenet,76.602,68.169,1,0
102.808,t2_squeezenet,101.044,43.051,1,0
102.871,t2_squeezenet,97.963,62.219,1,0
102.919,t2_squeezenet,97.028,48.388,2,0
102.965,t2_squeezenet,78.294,45.590,3,0
103.009,t2_squeezenet,93.788,43.861,3,0
103.067,t2_squeezenet,134.102,58.249,4,0
103.112,t2_squeezenet,163.802,45.227,5,0
103.181,t2_squeezenet,193.275,68.312,5,0
103.224,t2_squeezenet,204.761,43.220,4,0
103.279,t2_squeezenet,229.593,55.402,3,0
103.324,t2_squeezenet,243.478,44.584,3,0
103.385,t2_squeezenet,279.851,60.684,5,0
103.431,t2_squeezenet,311.518,46.471,5,0
103.491,t2_squeezenet,200.887,59.419,5,0
103.562,t2_squeezenet,233.942,71.633,6,0
103.594,t2_squeezenet,258.359,32.082,6,0
103.626,t2_squeezenet,282.933,32.036,5,0
103.675,t2_squeezenet,245.913,48.551,4,0
103.706,t2_squeezenet,218.046,30.960,3,0
103.770,t2_squeezenet,256.754,63.873,2,0
103.817,t2_squeezenet,289.389,47.007,1,0
103.870,t2_squeezenet,285.905,52.793,0,0
103.917,t2_squeezenet,33.601,32.499,2,0
103.951,t2_squeezenet,59.719,33.100,1,0
103.997,t2_squeezenet,104.538,46.356,1,0
104.041,t2_squeezenet,46.154,44.052,0,0
104.104,t2_squeezenet,45.309,42.685,1,0
104.169,t2_squeezenet,79.705,64.766,1,0
104.217,t2_squeezenet,53.846,47.984,2,0
104.280,t2_squeezenet,111.012,63.043,3,0
104.324,t2_squeezenet,118.495,44.573,2,0
104.390,t2_squeezenet,172.878,65.290,1,0
104.439,t2_squeezenet,212.426,48.798,1,0
104.502,t2_squeezenet,102.611,63.039,1,0
104.565,t2_squeezenet,107.661,62.914,0,0
104.749,t2_squeezenet,45.650,42.473,0,0
104.851,t2_squeezenet,40.247,35.621,0,0
104.898,t2_squeezenet,33.567,31.749,0,0
105.046,t2_squeezenet,31.321,31.099,1,0
105.077,t2_squeezenet,44.354,30.715,1,0
105.122,t2_squeezenet,60.515,45.558,3,0
105.187,t2_squeezenet,98.957,64.218,4,0
105.237,t2_squeezenet,122.262,49.922,4,0
105.287,t2_squeezenet,167.272,50.803,4,0
105.317,t2_squeezenet,181.306,29.123,3,0
105.373,t2_squeezenet,235.741,56.826,4,0
105.404,t2_squeezenet,192.446,30.780,4,0
105.436,t2_squeezenet,180.846,31.654,3,0
105.502,t2_squeezenet,142.163,66.186,2,0
105.535,t2_squeezenet,172.609,32.692,1,0
105.592,t2_squeezenet,216.963,56.770,0,0
105.748,t2_squeezenet,47.379,45.018,1,0
105.780,t2_squeezenet,42.719,31.854,2,0
105.824,t2_squeezenet,72.881,43.744,2,0
105.884,t2_squeezenet,131.496,60.087,3,0
105.932,t2_squeezenet,142.321,47.750,3,0
105.975,t2_squeezenet,124.537,43.487,2,0
106.019,t2_squeezenet,155.130,43.683,1,0
106.079,t2_squeezenet,194.530,59.637,0,0
106.349,t2_squeezenet,36.641,31.688,1,0
106.379,t2_squeezenet,54.192,30.580,0,0
106.449,t2_squeezenet,36.215,34.433,1,0
106.488,t2_squeezenet,49.962,38.323,3,0
106.538,t2_squeezenet,56.875,49.781,2,0
106.596,t2_squeezenet,113.918,58.691,1,0
106.666,t2_squeezenet,180.254,69.316,1,0
106.709,t2_squeezenet,93.878,43.810,0,0
106.824,t2_squeezenet,46.968,43.216,1,0
106.863,t2_squeezenet,83.496,39.005,1,0
106.908,t2_squeezenet,83.004,45.585,0,0
106.996,t2_squeezenet,50.011,46.744,1,0
107.030,t2_squeezenet,71.892,34.466,0,0
107.102,t2_squeezenet,39.849,36.569,0,0
107.264,t2_squeezenet,30.583,30.477,0,0
107.302,t2_squeezenet,37.378,32.752,1,0
107.335,t2_squeezenet,50.955,33.083,1,0
107.380,t2_squeezenet,59.422,44.611,1,0
107.412,t2_squeezenet,53.494,32.115,1,0
107.465,t2_squeezenet,84.523,52.904,0,0
107.544,t2_squeezenet,37.502,33.522,0,0
107.649,t2_squeezenet,48.042,43.908,2,0
107.686,t2_squeezenet,85.395,37.598,2,0
107.734,t2_squeezenet,96.278,48.045,1,0
107.797,t2_squeezenet,125.260,62.219,0,0
108.002,t2_squeezenet,43.999,42.455,2,0
108.066,t2_squeezenet,91.157,64.195,1,0
108.112,t2_squeezenet,126.707,46.252,3,0
108.183,t2_squeezenet,101.990,70.873,3,0
108.226,t2_squeezenet,138.042,42.447,2,0
108.289,t2_squeezenet,193.146,63.427,1,0
108.337,t2_squeezenet,162.981,48.054,1,0
108.401,t2_squeezenet,103.731,63.346,1,0
108.463,t2_squeezenet,97.977,62.702,2,0
108.498,t2_squeezenet,92.990,34.314,1,0
108.538,t2_squeezenet,81.730,39.968,3,0
108.603,t2_squeezenet,102.746,65.096,5,0
108.670,t2_squeezenet,154.114,67.280,5,0
108.719,t2_squeezenet,201.885,48.447,6,0
108.782,t2_squeezenet,237.032,63.166,7,0
108.827,t2_squeezenet,254.495,45.179,6,0
108.891,t2_squeezenet,314.395,64.099,6,0
108.941,t2_squeezenet,309.234,49.438,5,0
108.986,t2_squeezenet,312.903,45.636,4,0
109.028,t2_squeezenet,344.326,41.841,4,0
109.100,t2_squeezenet,366.590,71.596,4,0
109.167,t2_squeezenet,414.281,67.172,3,0
109.213,t2_squeezenet,383.250,45.363,3,0
109.276,t2_squeezenet,285.127,63.104,2,0
109.320,t2_squeezenet,265.005,43.799,1,0
109.390,t2_squeezenet,186.646,70.784,1,0
109.462,t2_squeezenet,101.763,71.809,0,0
109.632,t2_squeezenet,50.408,48.503,0,0
109.703,t2_squeezenet,41.345,39.810,0,0
109.928,t2_squeezenet,47.445,42.444,3,0
109.970,t2_squeezenet,72.355,42.532,2,0
110.019,t2_squeezenet,114.978,48.554,1,0
110.083,t2_squeezenet,165.416,64.003,1,0
110.127,t2_squeezenet,102.639,43.611,1,0
110.190,t2_squeezenet,63.438,63.282,1,0
110.235,t2_squeezenet,51.110,44.616,2,0
110.307,t2_squeezenet,105.938,72.015,3,0
110.374,t2_squeezenet,164.152,67.526,3,0
110.420,t2_squeezenet,182.365,45.792,2,0
110.489,t2_squeezenet,237.208,68.356,3,0
110.562,t2_squeezenet,187.901,72.896,2,0
110.601,t2_squeezenet,121.492,39.786,2,0
110.664,t2_squeezenet,180.802,62.446,1,0
110.709,t2_squeezenet,111.575,45.039,1,0
110.779,t2_squeezenet,84.611,70.323,2,0
110.822,t2_squeezenet,112.272,42.823,2,0
110.890,t2_squeezenet,144.323,67.603,4,0
110.936,t2_squeezenet,120.158,46.029,5,0
110.981,t2_squeezenet,139.136,44.584,5,0
111.029,t2_squeezenet,175.236,48.438,4,0
111.093,t2_squeezenet,210.964,64.011,3,0
111.162,t2_squeezenet,244.836,68.266,2,0
111.204,t2_squeezenet,282.993,42.565,1,0
111.276,t2_squeezenet,324.393,71.417,0,0
111.396,t2_squeezenet,41.887,38.879,1,0
111.462,t2_squeezenet,95.650,65.714,2,0
111.506,t2_squeezenet,106.002,44.080,1,0
111.574,t2_squeezenet,118.832,68.212,1,0
111.619,t2_squeezenet,101.231,44.931,0,0
111.748,t2_squeezenet,47.773,47.081,0,0
111.847,t2_squeezenet,45.438,44.194,0,0
111.945,t2_squeezenet,48.735,46.470,2,0
111.991,t2_squeezenet,82.597,46.131,1,0
112.033,t2_squeezenet,105.269,42.231,1,0
112.099,t2_squeezenet,95.013,65.697,1,0
112.168,t2_squeezenet,89.035,69.122,0,0
112.339,t2_squeezenet,48.719,43.872,1,0
112.371,t2_squeezenet,63.919,32.642,1,0
112.417,t2_squeezenet,64.777,45.388,0,0
112.550,t2_squeezenet,46.647,41.660,2,0
112.582,t2_squeezenet,71.874,32.699,1,0
112.633,t2_squeezenet,98.424,50.456,1,0
112.699,t2_squeezenet,93.315,65.742,3,0
112.765,t2_squeezenet,118.381,66.510,2,0
112.808,t2_squeezenet,132.632,42.469,2,0
112.882,t2_squeezenet,194.593,74.632,2,0
112.928,t2_squeezenet,122.786,45.182,2,0
112.971,t2_squeezenet,120.023,42.824,1,0
113.017,t2_squeezenet,104.439,46.862,0,0
113.122,t2_squeezenet,49.201,48.998,1,0
113.171,t2_squeezenet,83.629,49.032,0,0
113.254,t2_squeezenet,41.149,36.923,1,0
113.291,t2_squeezenet,55.839,36.913,1,0
113.362,t2_squeezenet,84.534,70.720,2,0
113.406,t2_squeezenet,110.234,44.035,2,0
113.468,t2_squeezenet,152.887,62.180,2,0
113.513,t2_squeezenet,137.803,44.617,1,0
113.585,t2_squeezenet,127.640,72.600,0,0
113.661,t2_squeezenet,35.824,35.205,0,0
113.738,t2_squeezenet,43.945,41.353,0,0
113.782,t2_squeezenet,34.463,34.320,0,0
113.890,t2_squeezenet,37.127,35.994,1,0
113.935,t2_squeezenet,57.380,45.597,0,0
114.131,t2_squeezenet,45.893,43.107,3,0
114.164,t2_squeezenet,78.454,33.587,2,0
114.209,t2_squeezenet,110.580,44.904,2,0
114.284,t2_squeezenet,157.976,74.711,5,0
114.331,t2_squeezenet,148.171,47.280,4,0
114.402,t2_squeezenet,172.601,70.585,3,0
114.474,t2_squeezenet,235.940,72.112,3,0
114.520,t2_squeezenet,279.719,45.728,5,0
114.594,t2_squeezenet,322.968,73.961,5,0
114.663,t2_squeezenet,214.429,69.101,6,0
114.706,t2_squeezenet,224.768,43.205,6,0
114.779,t2_squeezenet,284.854,72.510,7,0
114.827,t2_squeezenet,319.546,48.198,6,0
114.892,t2_squeezenet,369.837,65.084,7,0
114.928,t2_squeezenet,285.261,35.808,6,0
114.965,t2_squeezenet,313.610,37.493,7,0
115.000,t2_squeezenet,307.617,34.601,6,0
115.035,t2_squeezenet,279.745,34.643,5,0
115.096,t2_squeezenet,324.870,60.876,4,0
115.130,t2_squeezenet,282.861,33.876,3,0
115.193,t2_squeezenet,336.751,63.340,4,0
115.229,t2_squeezenet,278.165,36.206,3,0
115.293,t2_squeezenet,331.776,63.281,3,0
115.329,t2_squeezenet,163.100,36.245,2,0
115.389,t2_squeezenet,215.940,60.421,2,0
115.424,t2_squeezenet,133.947,34.711,2,0
115.489,t2_squeezenet,124.616,64.723,2,0
115.522,t2_squeezenet,125.628,33.412,1,0
115.587,t2_squeezenet,129.078,64.720,1,0
115.624,t2_squeezenet,53.366,36.825,0,0
115.736,t2_squeezenet,36.654,35.961,0,0
115.923,t2_squeezenet,46.841,45.598,1,0
115.970,t2_squeezenet,85.842,46.459,1,0
116.005,t2_squeezenet,77.033,35.489,2,0
116.066,t2_squeezenet,90.053,60.643,6,0
116.111,t2_squeezenet,127.260,45.561,6,0
116.183,t2_squeezenet,173.333,71.975,5,0
116.230,t2_squeezenet,216.393,46.111,4,0
116.304,t2_squeezenet,283.195,74.070,6,0
116.373,t2_squeezenet,342.864,69.365,6,0
116.416,t2_squeezenet,361.417,42.554,5,0
116.492,t2_squeezenet,396.167,76.471,4,0
116.565,t2_squeezenet,329.930,72.840,5,0
116.601,t2_squeezenet,351.897,36.255,4,0
116.668,t2_squeezenet,377.034,66.261,3,0
116.703,t2_squeezenet,368.542,35.120,4,0
116.771,t2_squeezenet,238.434,67.719,4,0
116.813,t2_squeezenet,251.987,42.539,6,0
116.892,t2_squeezenet,212.178,78.326,6,0
116.938,t2_squeezenet,248.776,46.850,6,0
116.978,t2_squeezenet,226.164,39.957,7,0
117.024,t2_squeezenet,247.194,45.656,8,0
117.095,t2_squeezenet,296.272,71.009,8,0
117.175,t2_squeezenet,371.384,79.725,7,0
117.213,t2_squeezenet,347.718,37.964,6,0
117.282,t2_squeezenet,374.048,69.393,6,0
117.325,t2_squeezenet,380.249,42.939,7,0
117.398,t2_squeezenet,432.757,72.784,6,0
117.476,t2_squeezenet,491.241,77.343,7,0
117.522,t2_squeezenet,498.820,46.363,7,0
117.594,t2_squeezenet,569.815,72.449,8,0
117.667,t2_squeezenet,393.533,72.036,9,0
117.712,t2_squeezenet,426.193,45.046,10,0
117.791,t2_squeezenet,467.365,79.423,10,0
117.827,t2_squeezenet,400.030,36.019,9,0
117.897,t2_squeezenet,466.794,69.485,8,0
117.933,t2_squeezenet,432.919,36.524,7,0
117.968,t2_squeezenet,444.490,34.451,7,0
118.001,t2_squeezenet,470.381,33.628,6,0
118.067,t2_squeezenet,415.033,65.473,5,0
118.103,t2_squeezenet,441.060,36.179,6,0
118.169,t2_squeezenet,468.297,65.423,6,0
118.204,t2_squeezenet,501.018,35.269,5,0
118.271,t2_squeezenet,526.496,67.498,5,0
118.308,t2_squeezenet,357.046,36.857,7,0
118.371,t2_squeezenet,280.232,62.976,8,0
118.407,t2_squeezenet,309.947,36.136,8,0
118.472,t2_squeezenet,342.221,64.099,8,0
118.507,t2_squeezenet,237.279,35.512,7,0
118.576,t2_squeezenet,303.243,69.096,8,0
118.611,t2_squeezenet,325.772,34.936,7,0
118.677,t2_squeezenet,388.103,65.265,7,0
118.719,t2_squeezenet,407.484,42.449,6,0
118.798,t2_squeezenet,433.511,78.991,6,0
118.865,t2_squeezenet,477.930,66.667,5,0
118.911,t2_squeezenet,447.179,46.568,4,0
118.949,t2_squeezenet,406.937,37.446,4,0
118.984,t2_squeezenet,431.295,35.433,4,0
119.019,t2_squeezenet,358.555,34.839,3,0
119.084,t2_squeezenet,363.440,64.354,3,0
119.119,t2_squeezenet,179.504,35.273,2,0
119.183,t2_squeezenet,221.259,64.390,2,0
119.218,t2_squeezenet,197.936,34.809,2,0
119.293,t2_squeezenet,173.832,75.001,1,0
119.334,t2_squeezenet,126.669,41.091,0,0
119.404,t2_squeezenet,53.007,42.794,0,0
119.540,t2_squeezenet,30.038,29.602,1,0
119.570,t2_squeezenet,45.459,29.441,0,0
119.604,t2_squeezenet,33.378,29.114,1,0
119.633,t2_squeezenet,60.512,29.051,1,0
119.686,t2_squeezenet,71.159,53.164,2,0
119.717,t2_squeezenet,63.544,30.894,1,0
119.778,t2_squeezenet,115.071,60.774,1,0
119.812,t2_squeezenet,80.298,33.736,0,0
119.938,t2_squeezenet,34.080,29.887,1,0
119.967,t2_squeezenet,54.045,29.187,0,0
120.174,t2_squeezenet,49.737,45.376,2,0
120.218,t2_squeezenet,84.251,43.370,3,0
120.290,t2_squeezenet,120.320,72.571,3,0
120.372,t2_squeezenet,189.627,81.828,3,0
120.415,t2_squeezenet,212.078,43.028,2,0
120.489,t2_squeezenet,220.080,73.358,1,0
120.562,t2_squeezenet,248.023,73.439,0,0
120.692,t2_squeezenet,38.640,38.605,0,0
121.037,t2_squeezenet,49.376,45.571,1,0
121.068,t2_squeezenet,46.834,31.838,1,0
121.111,t2_squeezenet,55.722,42.159,0,0
121.173,t2_squeezenet,33.196,32.397,2,0
121.222,t2_squeezenet,60.777,48.528,1,0
121.300,t2_squeezenet,132.212,78.322,2,0
121.375,t2_squeezenet,120.537,74.825,4,0
121.417,t2_squeezenet,162.008,42.129,4,0
121.487,t2_squeezenet,172.388,69.907,5,0
121.520,t2_squeezenet,188.249,32.555,4,0
121.586,t2_squeezenet,223.199,66.006,4,0
121.617,t2_squeezenet,200.686,31.111,3,0
121.682,t2_squeezenet,240.684,64.538,3,0
121.727,t2_squeezenet,247.334,45.079,2,0
121.799,t2_squeezenet,253.015,71.808,2,0
121.866,t2_squeezenet,189.843,66.817,3,0
121.906,t2_squeezenet,155.122,40.739,2,0
121.950,t2_squeezenet,114.816,43.736,1,0
121.996,t2_squeezenet,142.549,46.207,2,0
122.065,t2_squeezenet,100.749,68.698,1,0
122.106,t2_squeezenet,135.151,41.056,0,0
122.184,t2_squeezenet,33.917,32.019,0,0
122.261,t2_squeezenet,37.996,36.509,1,0
122.297,t2_squeezenet,42.221,36.303,1,0
122.328,t2_squeezenet,54.506,30.577,5,0
122.401,t2_squeezenet,103.245,72.728,4,0
122.477,t2_squeezenet,172.164,76.123,4,0
122.527,t2_squeezenet,213.910,50.290,6,0
122.602,t2_squeezenet,288.565,75.053,7,0
122.676,t2_squeezenet,357.768,73.626,9,0
122.719,t2_squeezenet,309.168,43.425,8,0
122.795,t2_squeezenet,303.122,75.346,8,0
122.873,t2_squeezenet,356.962,78.627,10,0
122.910,t2_squeezenet,388.241,36.284,9,0
122.945,t2_squeezenet,415.460,35.509,9,0
122.981,t2_squeezenet,400.180,35.377,8,0
123.018,t2_squeezenet,372.323,37.138,8,0
123.082,t2_squeezenet,435.775,63.868,8,0
123.118,t2_squeezenet,456.023,36.163,7,0
123.186,t2_squeezenet,428.069,68.519,9,0
123.220,t2_squeezenet,403.803,33.675,9,0
123.289,t2_squeezenet,465.042,69.274,8,0
123.326,t2_squeezenet,494.163,36.103,9,0
123.393,t2_squeezenet,449.323,67.324,10,0
123.463,t2_squeezenet,463.276,69.945,11,0
123.498,t2_squeezenet,451.267,35.520,10,0
123.567,t2_squeezenet,448.203,68.700,10,0
123.602,t2_squeezenet,427.644,34.911,11,0
123.666,t2_squeezenet,482.496,63.532,11,0
123.700,t2_squeezenet,507.521,34.155,10,0
123.776,t2_squeezenet,472.905,76.471,10,0
123.823,t2_squeezenet,517.051,46.142,9,0
123.900,t2_squeezenet,546.988,77.043,9,0
123.940,t2_squeezenet,550.406,40.136,9,0
123.976,t2_squeezenet,555.360,35.672,9,0
124.013,t2_squeezenet,586.636,37.621,9,0
124.084,t2_squeezenet,578.601,70.848,8,0
124.128,t2_squeezenet,531.446,43.930,8,0
124.201,t2_squeezenet,604.478,73.096,8,0
124.269,t2_squeezenet,609.815,68.086,7,0
124.306,t2_squeezenet,531.770,36.413,6,0
124.371,t2_squeezenet,498.249,64.765,6,0
124.407,t2_squeezenet,472.828,36.610,5,0
124.475,t2_squeezenet,514.312,67.805,4,0
124.518,t2_squeezenet,536.943,43.163,6,0
124.590,t2_squeezenet,503.647,71.426,9,0
124.663,t2_squeezenet,466.312,73.196,10,0
124.708,t2_squeezenet,376.099,44.767,9,0
124.772,t2_squeezenet,274.069,64.030,9,0
124.809,t2_squeezenet,303.688,37.344,10,0
124.877,t2_squeezenet,361.516,67.969,10,0
124.914,t2_squeezenet,387.941,36.403,10,0
124.950,t2_squeezenet,393.130,36.308,11,0
124.987,t2_squeezenet,429.258,36.978,12,0
125.030,t2_squeezenet,440.286,42.575,11,0
125.099,t2_squeezenet,460.212,69.626,11,0
125.170,t2_squeezenet,528.196,70.125,14,0
125.218,t2_squeezenet,503.735,48.156,14,0
125.290,t2_squeezenet,490.863,72.658,14,0
125.370,t2_squeezenet,566.128,79.473,14,0
125.415,t2_squeezenet,590.679,44.744,13,0
125.492,t2_squeezenet,584.074,76.779,14,0
125.563,t2_squeezenet,624.320,71.664,13,0
125.604,t2_squeezenet,654.480,41.013,12,0
125.681,t2_squeezenet,720.828,76.568,13,0
125.729,t2_squeezenet,756.841,47.881,12,0
125.800,t2_squeezenet,719.552,71.046,13,0
125.877,t2_squeezenet,749.836,76.795,14,0
125.922,t2_squeezenet,790.572,45.342,13,0
125.969,t2_squeezenet,822.790,46.788,12,0
126.017,t2_squeezenet,860.680,47.788,11,0
126.095,t2_squeezenet,909.139,77.698,12,0
126.167,t2_squeezenet,884.371,71.810,12,0
126.210,t2_squeezenet,914.948,43.564,11,0
126.291,t2_squeezenet,842.765,80.732,10,0
126.363,t2_squeezenet,885.070,71.860,9,0
126.406,t2_squeezenet,801.101,43.360,10,0
126.483,t2_squeezenet,827.742,76.936,10,0
126.562,t2_squeezenet,830.115,78.773,10,0
126.606,t2_squeezenet,808.766,44.322,10,0
126.679,t2_squeezenet,865.000,72.903,9,0
126.723,t2_squeezenet,848.155,43.689,8,0
126.800,t2_squeezenet,776.867,76.956,9,0
126.878,t2_squeezenet,798.059,77.837,9,0
126.920,t2_squeezenet,816.479,42.336,8,0
126.963,t2_squeezenet,568.288,43.018,7,0
127.011,t2_squeezenet,614.827,47.717,6,0
127.087,t2_squeezenet,671.622,76.030,6,0
127.162,t2_squeezenet,611.207,74.617,7,0
127.204,t2_squeezenet,615.352,42.191,6,0
127.274,t2_squeezenet,548.847,70.302,5,0
127.322,t2_squeezenet,560.451,47.334,6,0
127.393,t2_squeezenet,531.486,70.889,6,0
127.427,t2_squeezenet,366.099,34.588,6,0
127.490,t2_squeezenet,379.550,63.084,5,0
127.528,t2_squeezenet,377.651,37.717,5,0
127.593,t2_squeezenet,309.139,65.096,4,0
127.628,t2_squeezenet,313.817,34.539,3,0
127.693,t2_squeezenet,317.180,65.258,3,0
127.728,t2_squeezenet,326.712,34.540,2,0
127.792,t2_squeezenet,270.957,64.342,2,0
127.827,t2_squeezenet,177.952,34.409,1,0
127.894,t2_squeezenet,107.568,67.553,0,0
128.040,t2_squeezenet,34.817,34.448,1,0
128.070,t2_squeezenet,39.652,30.081,0,0
128.189,t2_squeezenet,37.795,37.233,1,0
128.262,t2_squeezenet,108.102,73.205,1,0
128.307,t2_squeezenet,55.273,44.797,2,0
128.378,t2_squeezenet,110.422,71.255,5,0
128.422,t2_squeezenet,154.224,44.088,4,0
128.499,t2_squeezenet,178.337,77.106,4,0
128.575,t2_squeezenet,220.459,75.395,6,0
128.618,t2_squeezenet,253.290,42.853,6,0
128.694,t2_squeezenet,317.135,76.347,6,0
128.765,t2_squeezenet,311.924,71.088,8,0
128.813,t2_squeezenet,253.667,47.773,8,0
128.889,t2_squeezenet,327.925,75.723,8,0
128.933,t2_squeezenet,368.942,44.596,7,0
128.979,t2_squeezenet,362.348,45.695,6,0
129.026,t2_squeezenet,354.719,46.635,6,0
129.101,t2_squeezenet,400.590,75.442,5,0
129.175,t2_squeezenet,453.575,73.962,6,0
129.222,t2_squeezenet,469.111,46.550,7,0
129.297,t2_squeezenet,524.927,75.201,7,0
129.374,t2_squeezenet,509.263,76.443,7,0
129.418,t2_squeezenet,432.642,44.099,6,0
129.493,t2_squeezenet,385.766,74.739,6,0
129.569,t2_squeezenet,446.918,76.796,5,0
129.620,t2_squeezenet,425.361,50.415,4,0
129.697,t2_squeezenet,495.701,76.745,3,0
129.771,t2_squeezenet,513.521,73.861,2,0
129.814,t2_squeezenet,443.911,42.886,1,0
129.890,t2_squeezenet,420.141,76.244,0,0
130.002,t2_squeezenet,47.276,46.543,0,0
130.062,t2_squeezenet,33.508,29.146,0,0
130.162,t2_squeezenet,31.095,29.442,2,0
130.203,t2_squeezenet,62.490,40.017,3,0
130.277,t2_squeezenet,128.292,74.447,4,0
130.323,t2_squeezenet,149.132,46.034,3,0
130.402,t2_squeezenet,207.097,79.102,3,0
130.481,t2_squeezenet,273.463,79.028,2,0
130.561,t2_squeezenet,336.686,79.982,5,0
130.601,t2_squeezenet,205.081,40.004,5,0
130.681,t2_squeezenet,192.785,79.664,5,0
130.762,t2_squeezenet,250.777,81.330,4,0
130.806,t2_squeezenet,276.539,43.755,5,0
130.883,t2_squeezenet,345.113,76.590,6,0
130.933,t2_squeezenet,359.945,50.536,5,0
130.979,t2_squeezenet,334.291,45.356,4,0
131.022,t2_squeezenet,241.754,43.300,4,0
131.091,t2_squeezenet,305.011,68.354,3,0
131.174,t2_squeezenet,336.902,83.007,3,0
131.220,t2_squeezenet,349.674,46.402,2,0
131.298,t2_squeezenet,316.081,77.508,2,0
131.373,t2_squeezenet,221.670,75.448,3,0
131.420,t2_squeezenet,123.606,46.500,3,0
131.502,t2_squeezenet,171.309,82.639,4,0
131.579,t2_squeezenet,223.960,76.134,4,0
131.620,t2_squeezenet,213.768,41.832,3,0
131.695,t2_squeezenet,264.835,74.920,2,0
131.778,t2_squeezenet,324.997,82.685,1,0
131.826,t2_squeezenet,257.029,47.806,1,0
131.900,t2_squeezenet,78.101,73.736,0,0
131.969,t2_squeezenet,44.524,44.156,0,0
132.122,t2_squeezenet,33.398,31.352,0,0
132.241,t2_squeezenet,34.923,31.135,0,0
132.351,t2_squeezenet,36.760,34.542,0,0
132.578,t2_squeezenet,39.189,34.194,1,0
132.623,t2_squeezenet,54.744,45.424,0,0
132.725,t2_squeezenet,54.438,51.274,1,0
132.775,t2_squeezenet,87.720,49.769,0,0
132.851,t2_squeezenet,31.861,30.551,0,0
132.897,t2_squeezenet,37.294,35.642,0,0
132.945,t2_squeezenet,48.054,43.177,2,0
132.977,t2_squeezenet,58.244,32.202,2,0
133.008,t2_squeezenet,68.703,30.498,2,0
133.077,t2_squeezenet,130.178,69.166,2,0
133.121,t2_squeezenet,119.240,43.478,2,0
133.200,t2_squeezenet,137.958,79.557,4,0
133.271,t2_squeezenet,179.736,70.672,4,0
133.314,t2_squeezenet,167.727,42.570,3,0
133.395,t2_squeezenet,228.508,81.336,2,0
133.477,t2_squeezenet,276.428,81.618,3,0
133.522,t2_squeezenet,303.712,45.133,2,0
133.603,t2_squeezenet,188.467,80.924,3,0
133.682,t2_squeezenet,238.441,79.095,5,0
133.765,t2_squeezenet,219.693,82.791,4,0
133.808,t2_squeezenet,209.430,42.933,5,0
133.886,t2_squeezenet,258.508,78.358,7,0
133.932,t2_squeezenet,292.696,45.408,8,0
133.977,t2_squeezenet,312.750,45.029,8,0
134.064,t2_squeezenet,271.069,86.850,7,0
134.105,t2_squeezenet,303.034,41.560,6,0
134.185,t2_squeezenet,316.487,79.458,5,0
134.267,t2_squeezenet,397.071,82.182,4,0
134.314,t2_squeezenet,434.963,46.606,3,0
134.391,t2_squeezenet,475.727,77.046,2,0
134.472,t2_squeezenet,552.053,80.847,5,0
134.518,t2_squeezenet,568.420,46.714,4,0
134.601,t2_squeezenet,198.446,82.245,4,0
134.685,t2_squeezenet,278.522,84.065,6,0
134.763,t2_squeezenet,335.539,78.126,8,0
134.805,t2_squeezenet,369.309,41.861,7,0
134.884,t2_squeezenet,309.494,79.236,9,0
134.934,t2_squeezenet,279.079,50.266,8,0
134.978,t2_squeezenet,321.221,43.069,8,0
135.022,t2_squeezenet,339.826,43.989,9,0
135.102,t2_squeezenet,392.315,80.424,10,0
135.187,t2_squeezenet,445.312,85.175,10,0
135.267,t2_squeezenet,512.850,79.337,10,0
135.312,t2_squeezenet,503.827,45.293,10,0
135.392,t2_squeezenet,561.798,80.120,10,0
135.474,t2_squeezenet,614.393,81.965,10,0
135.563,t2_squeezenet,621.098,88.401,10,0
135.604,t2_squeezenet,617.335,41.275,9,0
135.683,t2_squeezenet,682.179,78.312,9,0
135.767,t2_squeezenet,737.177,84.464,9,0
135.816,t2_squeezenet,770.271,48.763,9,0
135.896,t2_squeezenet,763.624,80.200,8,0
135.940,t2_squeezenet,734.133,44.283,8,0
135.984,t2_squeezenet,697.629,43.508,9,0
136.071,t2_squeezenet,758.603,87.119,8,0
136.118,t2_squeezenet,644.050,46.882,7,0
136.198,t2_squeezenet,700.270,79.980,9,0
136.280,t2_squeezenet,611.625,82.114,9,0
136.365,t2_squeezenet,636.727,84.728,8,0
136.410,t2_squeezenet,637.369,44.456,7,0
136.493,t2_squeezenet,552.998,83.400,8,0
136.571,t2_squeezenet,615.161,78.299,10,0
136.616,t2_squeezenet,633.560,44.613,13,0
136.703,t2_squeezenet,584.442,87.014,15,0
136.785,t2_squeezenet,627.567,82.069,15,0
136.867,t2_squeezenet,705.341,82.142,14,0
136.911,t2_squeezenet,700.367,43.764,16,0
136.959,t2_squeezenet,547.607,47.632,15,0
137.005,t2_squeezenet,520.628,46.113,15,0
137.085,t2_squeezenet,568.108,79.949,17,0
137.171,t2_squeezenet,639.362,85.670,17,0
137.218,t2_squeezenet,657.368,47.527,17,0
137.305,t2_squeezenet,727.111,86.698,16,0
137.384,t2_squeezenet,800.984,79.201,16,0
137.466,t2_squeezenet,875.062,81.669,17,0
137.511,t2_squeezenet,901.008,44.783,16,0
137.597,t2_squeezenet,941.002,86.200,15,0
137.679,t2_squeezenet,1017.197,82.007,16,0
137.766,t2_squeezenet,1067.392,87.133,16,0
137.810,t2_squeezenet,1025.575,43.902,16,0
137.896,t2_squeezenet,1005.049,85.934,16,0
137.943,t2_squeezenet,1044.680,46.283,15,0
137.986,t2_squeezenet,1082.201,43.198,15,0
138.068,t2_squeezenet,1092.172,81.950,15,0
138.112,t2_squeezenet,1090.737,44.260,14,0
138.198,t2_squeezenet,1154.309,85.677,13,0
138.283,t2_squeezenet,1226.564,85.383,13,0
138.367,t2_squeezenet,1222.370,83.725,13,0
138.412,t2_squeezenet,1202.412,45.234,12,0
138.501,t2_squeezenet,1151.243,88.549,12,0
138.586,t2_squeezenet,1166.584,84.799,11,0
138.667,t2_squeezenet,1210.622,81.352,10,0
138.710,t2_squeezenet,1090.249,42.742,10,0
138.793,t2_squeezenet,1132.158,83.161,10,0
138.880,t2_squeezenet,1149.071,86.113,10,0
138.924,t2_squeezenet,1157.114,44.217,9,0
138.967,t2_squeezenet,1101.460,43.020,8,0
139.012,t2_squeezenet,1064.684,45.549,7,0
139.101,t2_squeezenet,1065.074,88.049,6,0
139.184,t2_squeezenet,975.713,83.047,5,0
139.270,t2_squeezenet,978.613,85.999,6,0
139.315,t2_squeezenet,853.081,45.038,5,0
139.401,t2_squeezenet,705.103,85.991,8,0
139.490,t2_squeezenet,700.475,88.737,8,0
139.573,t2_squeezenet,778.290,83.220,9,0
139.617,t2_squeezenet,418.610,44.156,8,0
139.699,t2_squeezenet,463.592,82.277,10,0
139.791,t2_squeezenet,456.026,91.705,11,0
139.874,t2_squeezenet,498.494,83.049,13,0
139.919,t2_squeezenet,528.128,44.532,13,0
139.968,t2_squeezenet,568.390,49.304,12,0
140.015,t2_squeezenet,529.449,47.094,13,0
140.100,t2_squeezenet,585.909,85.076,12,0
140.182,t2_squeezenet,653.611,81.534,12,0
140.269,t2_squeezenet,614.110,86.727,12,0
140.317,t2_squeezenet,654.683,48.351,11,0
140.403,t2_squeezenet,736.544,85.663,13,0
140.486,t2_squeezenet,749.942,83.391,13,0
140.570,t2_squeezenet,822.160,83.981,15,0
140.616,t2_squeezenet,807.772,45.062,15,0
140.707,t2_squeezenet,879.935,91.576,14,0
140.790,t2_squeezenet,950.127,82.886,16,0
140.874,t2_squeezenet,960.743,83.471,17,0
140.917,t2_squeezenet,920.717,43.497,16,0
140.967,t2_squeezenet,968.957,49.736,15,0
141.012,t2_squeezenet,901.143,45.251,14,0
141.094,t2_squeezenet,910.043,81.522,15,0
141.181,t2_squeezenet,851.269,87.709,16,0
141.271,t2_squeezenet,913.614,89.650,16,0
141.362,t2_squeezenet,964.593,90.776,17,0
141.402,t2_squeezenet,930.537,39.958,17,0
141.489,t2_squeezenet,1001.767,86.889,17,0
141.572,t2_squeezenet,1034.167,82.677,17,0
141.666,t2_squeezenet,1114.004,93.989,17,0
141.711,t2_squeezenet,1104.881,44.811,16,0
141.794,t2_squeezenet,1077.323,83.663,17,0
141.881,t2_squeezenet,1154.046,86.666,19,0
141.927,t2_squeezenet,1144.833,45.785,18,0
141.973,t2_squeezenet,1115.687,46.360,18,0
142.015,t2_squeezenet,1147.203,41.943,18,0
142.097,t2_squeezenet,1017.813,81.508,18,0
142.182,t2_squeezenet,1093.300,85.459,17,0
142.275,t2_squeezenet,1160.598,92.415,17,0
142.318,t2_squeezenet,1151.131,43.677,17,0
142.402,t2_squeezenet,1192.520,83.972,18,0
142.490,t2_squeezenet,1176.798,87.984,19,0
142.575,t2_squeezenet,1213.622,84.388,19,0
142.662,t2_squeezenet,1261.910,86.750,19,0
142.700,t2_squeezenet,1218.082,38.108,19,0
142.786,t2_squeezenet,1269.630,86.014,20,0
142.873,t2_squeezenet,1218.865,86.679,21,0
142.921,t2_squeezenet,1193.687,48.074,20,0
142.963,t2_squeezenet,1231.225,41.993,19,0
143.004,t2_squeezenet,1195.801,41.581,19,0
143.092,t2_squeezenet,1244.988,88.037,21,0
143.179,t2_squeezenet,1305.804,86.191,21,0
143.267,t2_squeezenet,1322.722,87.738,23,0
143.309,t2_squeezenet,1327.680,42.511,25,0
143.396,t2_squeezenet,1315.442,86.989,25,0
143.485,t2_squeezenet,1272.550,89.171,24,0
143.571,t2_squeezenet,1293.558,85.224,23,0
143.614,t2_squeezenet,1269.199,43.146,22,0
143.701,t2_squeezenet,1321.843,87.086,22,0
143.784,t2_squeezenet,1355.951,83.356,22,0
143.875,t2_squeezenet,1420.091,90.467,23,0
143.917,t2_squeezenet,1395.006,42.245,22,0
143.962,t2_squeezenet,1326.411,44.546,25,0
144.006,t2_squeezenet,1316.615,43.924,24,0
144.094,t2_squeezenet,1353.418,88.230,23,0
144.180,t2_squeezenet,1398.446,86.175,24,0
144.265,t2_squeezenet,1477.316,85.300,25,0
144.308,t2_squeezenet,1511.706,42.971,24,0
144.391,t2_squeezenet,1402.393,82.413,24,0
144.484,t2_squeezenet,1468.108,93.241,26,0
144.568,t2_squeezenet,1551.656,83.828,25,0
144.612,t2_squeezenet,1569.778,43.802,24,0
144.701,t2_squeezenet,1529.138,88.523,26,0
144.791,t2_squeezenet,1600.414,90.027,28,0
144.876,t2_squeezenet,1644.784,84.815,29,0
144.920,t2_squeezenet,1671.084,44.229,29,0
144.966,t2_squeezenet,1695.095,46.026,30,0
145.013,t2_squeezenet,1731.456,46.680,30,0
145.101,t2_squeezenet,1795.521,88.026,31,0
145.189,t2_squeezenet,1847.936,88.494,32,0
145.276,t2_squeezenet,1639.750,87.119,32,0
145.368,t2_squeezenet,1653.926,92.010,32,0
145.462,t2_squeezenet,1667.626,93.671,32,0
145.502,t2_squeezenet,1682.395,40.167,33,0
145.590,t2_squeezenet,1665.374,87.973,35,0
145.685,t2_squeezenet,1744.003,94.457,37,0
145.775,t2_squeezenet,1818.385,90.470,37,0
145.870,t2_squeezenet,1911.418,94.655,38,0
145.914,t2_squeezenet,1797.822,43.927,37,0
145.959,t2_squeezenet,1842.020,45.207,37,0
146.003,t2_squeezenet,1799.646,43.916,37,0
146.096,t2_squeezenet,1874.299,92.299,39,0
146.181,t2_squeezenet,1796.489,85.319,42,0
146.269,t2_squeezenet,1857.913,87.542,42,0
146.363,t2_squeezenet,1929.396,94.052,43,0
146.408,t2_squeezenet,1955.230,44.885,44,0
146.496,t2_squeezenet,1841.442,88.255,45,0
146.582,t2_squeezenet,1925.610,86.296,47,0
146.671,t2_squeezenet,1989.611,88.299,47,0
146.762,t2_squeezenet,2056.937,91.782,48,0
146.805,t2_squeezenet,2052.401,42.906,47,0
146.893,t2_squeezenet,2134.360,87.873,48,0
146.937,t2_squeezenet,2078.794,43.993,47,0
146.984,t2_squeezenet,2121.229,46.959,46,0
147.077,t2_squeezenet,2200.351,92.831,46,0
147.164,t2_squeezenet,2217.230,87.003,46,0
147.209,t2_squeezenet,2256.207,44.636,47,0
147.297,t2_squeezenet,2309.663,87.710,46,0
147.387,t2_squeezenet,2355.683,90.088,46,0
147.479,t2_squeezenet,2402.557,91.694,46,0
147.566,t2_squeezenet,2409.118,87.777,46,0
147.612,t2_squeezenet,2448.539,45.599,45,0
147.705,t2_squeezenet,2501.055,93.129,48,0
147.795,t2_squeezenet,2493.287,89.315,50,0
147.884,t2_squeezenet,2479.667,89.370,49,0
147.927,t2_squeezenet,2460.244,42.702,48,0
147.973,t2_squeezenet,2502.443,46.112,48,0
148.064,t2_squeezenet,2557.980,90.944,48,0
148.108,t2_squeezenet,2559.939,44.188,47,0
148.194,t2_squeezenet,2604.482,86.064,48,0
148.283,t2_squeezenet,2690.773,88.466,49,0
148.372,t2_squeezenet,2752.994,89.404,49,0
148.464,t2_squeezenet,2827.203,91.448,48,0
148.506,t2_squeezenet,2749.980,42.323,48,0
148.595,t2_squeezenet,2799.983,89.072,48,0
148.683,t2_squeezenet,2864.828,87.987,48,0
148.773,t2_squeezenet,2830.501,89.437,50,0
148.815,t2_squeezenet,2841.995,42.420,49,0
148.904,t2_squeezenet,2867.258,88.859,48,0
148.950,t2_squeezenet,2885.171,45.656,47,0
148.996,t2_squeezenet,2906.234,46.009,46,0
149.083,t2_squeezenet,2980.862,86.895,45,0
149.167,t2_squeezenet,3045.274,84.665,45,0
149.262,t2_squeezenet,3114.392,94.185,45,0
149.307,t2_squeezenet,3148.405,45.314,44,0
149.395,t2_squeezenet,3202.734,87.902,44,0
149.480,t2_squeezenet,3130.125,84.856,44,0
149.570,t2_squeezenet,3211.733,90.526,46,0
149.662,t2_squeezenet,3291.788,91.134,46,0
149.704,t2_squeezenet,3322.352,42.807,46,0
149.792,t2_squeezenet,3346.718,87.329,46,0
149.879,t2_squeezenet,3413.538,87.597,45,0
149.925,t2_squeezenet,3427.980,45.553,44,0
149.973,t2_squeezenet,3458.052,47.528,44,0
150.067,t2_squeezenet,3515.806,93.921,45,0
150.110,t2_squeezenet,3479.019,42.974,44,0
150.198,t2_squeezenet,3514.213,88.183,45,0
150.289,t2_squeezenet,3542.775,90.670,46,0
150.382,t2_squeezenet,3558.410,93.187,48,0
150.469,t2_squeezenet,3631.187,86.922,50,0
150.513,t2_squeezenet,3525.765,43.769,49,0
150.603,t2_squeezenet,3469.914,90.074,50,0
150.690,t2_squeezenet,3525.263,87.771,50,0
150.779,t2_squeezenet,3579.136,88.424,52,0
150.867,t2_squeezenet,3522.481,88.042,52,0
150.913,t2_squeezenet,3458.224,45.652,51,0
150.962,t2_squeezenet,3420.918,49.480,51,0
151.002,t2_squeezenet,3365.043,39.369,51,0
151.091,t2_squeezenet,3447.126,89.345,51,0
151.179,t2_squeezenet,3534.494,88.213,51,0
151.270,t2_squeezenet,3577.847,90.369,50,0
151.365,t2_squeezenet,3632.501,95.380,53,0
151.407,t2_squeezenet,3645.312,41.759,52,0
151.496,t2_squeezenet,3716.807,89.432,54,0
151.590,t2_squeezenet,3630.710,93.225,55,0
151.679,t2_squeezenet,3618.609,89.494,54,0
151.766,t2_squeezenet,3630.908,86.828,55,0
151.811,t2_squeezenet,3626.476,44.964,55,0
151.901,t2_squeezenet,3659.148,89.996,58,0
151.951,t2_squeezenet,3702.017,49.557,57,0
151.993,t2_squeezenet,3706.942,42.695,57,0
152.081,t2_squeezenet,3594.802,87.604,57,0
152.169,t2_squeezenet,3595.604,88.102,59,0
152.264,t2_squeezenet,3614.572,94.746,61,0
152.307,t2_squeezenet,3604.580,42.547,63,0
152.394,t2_squeezenet,3685.201,87.691,63,0
152.482,t2_squeezenet,3770.107,87.978,65,0
152.575,t2_squeezenet,3413.785,92.557,64,0
152.668,t2_squeezenet,3483.297,93.251,65,0
152.762,t2_squeezenet,3393.500,93.277,65,0
152.802,t2_squeezenet,3380.715,40.903,64,0
152.891,t2_squeezenet,3395.600,88.428,63,0
152.938,t2_squeezenet,3439.201,47.329,63,0
152.980,t2_squeezenet,3420.394,41.431,62,0
153.068,t2_squeezenet,3429.980,88.282,63,0
153.114,t2_squeezenet,3443.395,46.149,62,0
153.203,t2_squeezenet,3427.204,89.120,62,0
153.298,t2_squeezenet,3357.380,94.435,62,0
153.383,t2_squeezenet,3367.881,84.765,62,0
153.468,t2_squeezenet,3446.144,85.235,65,0
153.562,t2_squeezenet,3441.966,94.069,65,0
153.605,t2_squeezenet,3443.475,43.084,64,0
153.695,t2_squeezenet,3492.135,89.329,67,0
153.785,t2_squeezenet,3581.326,90.642,67,0
153.873,t2_squeezenet,3548.377,88.056,69,0
153.921,t2_squeezenet,3593.370,47.382,70,0
153.965,t2_squeezenet,3596.638,44.116,70,0
154.008,t2_squeezenet,3606.732,42.770,73,0
154.092,t2_squeezenet,3666.062,84.466,75,0
154.181,t2_squeezenet,3727.391,89.132,75,0
154.274,t2_squeezenet,3756.872,92.915,76,0
154.364,t2_squeezenet,3800.436,90.049,75,0
154.410,t2_squeezenet,3746.689,45.542,74,0
154.499,t2_squeezenet,3782.907,88.909,75,0
154.593,t2_squeezenet,3864.006,93.907,77,0
154.681,t2_squeezenet,3915.511,88.116,78,0
154.771,t2_squeezenet,3988.581,89.668,78,0
154.815,t2_squeezenet,3873.280,44.002,77,0
154.906,t2_squeezenet,3907.315,90.918,79,0
154.953,t2_squeezenet,3877.084,47.014,80,0
154.995,t2_squeezenet,3816.922,41.710,80,0
155.081,t2_squeezenet,3794.105,86.198,82,0
155.169,t2_squeezenet,3862.359,88.118,83,0
155.261,t2_squeezenet,3911.875,92.035,84,0
155.300,t2_squeezenet,3939.227,38.896,83,0
155.388,t2_squeezenet,3960.723,87.454,83,0
155.478,t2_squeezenet,4036.794,89.828,83,0
155.570,t2_squeezenet,4088.348,91.923,84,0
155.664,t2_squeezenet,4155.962,93.936,84,0
155.707,t2_squeezenet,4147.937,43.771,85,0
155.794,t2_squeezenet,4055.126,87.054,87,0
155.886,t2_squeezenet,4138.815,91.198,89,0
155.932,t2_squeezenet,4122.711,46.399,90,0
155.975,t2_squeezenet,4139.447,42.645,92,0
156.062,t2_squeezenet,4219.325,87.198,93,0
156.104,t2_squeezenet,4241.674,41.955,94,0
156.194,t2_squeezenet,4302.933,89.418,97,0
156.281,t2_squeezenet,4302.712,87.457,98,0
156.367,t2_squeezenet,4363.760,85.692,100,0
156.411,t2_squeezenet,4321.620,44.597,99,0
156.501,t2_squeezenet,4402.077,89.963,101,0
156.594,t2_squeezenet,4465.149,92.590,103,0
156.681,t2_squeezenet,4468.482,86.499,103,0
156.770,t2_squeezenet,4534.854,89.065,103,0
156.862,t2_squeezenet,4601.979,92.652,103,0
156.906,t2_squeezenet,4638.115,43.576,103,0
156.949,t2_squeezenet,4673.387,42.711,103,0
156.995,t2_squeezenet,4694.279,45.850,103,0
157.083,t2_squeezenet,4745.874,88.569,103,0
157.175,t2_squeezenet,4768.890,91.681,106,0
157.261,t2_squeezenet,4823.464,86.138,108,0
157.302,t2_squeezenet,4830.250,40.607,109,0
157.390,t2_squeezenet,4806.378,88.126,109,0
157.482,t2_squeezenet,4882.465,92.284,110,0
157.570,t2_squeezenet,4875.222,87.827,109,0
157.615,t2_squeezenet,4684.707,44.376,108,0
157.701,t2_squeezenet,4695.308,86.323,107,0
157.792,t2_squeezenet,4770.875,90.957,107,0
157.881,t2_squeezenet,4729.779,89.104,112,0
157.925,t2_squeezenet,4664.911,43.426,112,0
157.968,t2_squeezenet,4652.259,42.932,111,0
158.061,t2_squeezenet,4653.303,93.737,114,0
158.106,t2_squeezenet,4657.678,44.247,114,0
158.192,t2_squeezenet,4733.626,86.011,114,0
158.279,t2_squeezenet,4815.699,87.337,117,0
158.365,t2_squeezenet,4828.939,86.036,117,0
158.413,t2_squeezenet,4793.895,48.085,118,0
158.501,t2_squeezenet,4866.279,87.502,118,0
158.586,t2_squeezenet,4913.378,85.068,121,0
158.677,t2_squeezenet,4999.543,90.854,121,0
158.766,t2_squeezenet,5052.406,88.736,122,0
158.811,t2_squeezenet,4993.755,45.684,123,0
158.898,t2_squeezenet,5078.072,86.285,124,0
158.942,t2_squeezenet,5073.349,44.051,124,0
158.986,t2_squeezenet,5105.820,43.734,125,0
159.078,t2_squeezenet,5194.525,92.428,127,0
159.166,t2_squeezenet,5224.906,87.717,126,0
159.209,t2_squeezenet,5240.996,43.333,125,0
159.297,t2_squeezenet,5326.740,88.145,125,0
159.387,t2_squeezenet,5407.356,89.415,126,0
159.477,t2_squeezenet,5478.203,90.459,127,0
159.563,t2_squeezenet,5529.247,85.622,126,0
159.605,t2_squeezenet,5542.442,41.840,129,0
159.698,t2_squeezenet,5621.142,92.946,129,0
159.788,t2_squeezenet,5610.213,89.737,129,0
159.876,t2_squeezenet,5648.503,87.738,130,0
159.921,t2_squeezenet,5693.089,45.549,129,0
159.966,t2_squeezenet,5541.405,44.408,131,0
160.012,t2_squeezenet,5550.675,46.264,130,0
160.097,t2_squeezenet,5596.406,85.444,132,0
160.188,t2_squeezenet,5663.718,90.956,133,0
160.278,t2_squeezenet,5709.892,89.468,132,0
160.371,t2_squeezenet,5771.858,92.684,132,0
160.462,t2_squeezenet,5860.279,91.058,134,0
160.503,t2_squeezenet,5781.293,41.058,134,0
160.596,t2_squeezenet,5733.448,93.205,134,0
160.686,t2_squeezenet,5815.502,89.871,136,0
160.780,t2_squeezenet,5879.978,94.358,136,0
160.865,t2_squeezenet,5935.576,84.746,136,0
160.907,t2_squeezenet,5976.640,41.460,136,0
160.953,t2_squeezenet,5997.022,46.177,136,0
161.001,t2_squeezenet,5999.338,48.414,135,0
161.090,t2_squeezenet,6059.446,88.067,134,0
161.176,t2_squeezenet,6139.813,86.142,134,0
161.267,t2_squeezenet,6176.940,91.244,134,0
161.313,t2_squeezenet,6166.867,45.998,133,0
161.401,t2_squeezenet,6216.469,87.495,135,0
161.486,t2_squeezenet,6236.645,84.948,137,0
161.578,t2_squeezenet,6268.585,91.808,138,0
161.669,t2_squeezenet,6218.756,91.602,138,0
161.761,t2_squeezenet,6249.151,92.140,138,0
161.801,t2_squeezenet,6245.308,39.971,137,0
161.894,t2_squeezenet,6289.223,92.437,138,0
161.938,t2_squeezenet,6242.979,43.708,139,0
161.985,t2_squeezenet,6287.348,47.674,138,0
162.075,t2_squeezenet,6334.246,89.624,138,0
162.164,t2_squeezenet,6393.893,89.180,138,0
162.208,t2_squeezenet,6417.083,43.931,139,0
162.302,t2_squeezenet,6504.951,93.386,139,0
162.390,t2_squeezenet,6530.120,88.669,142,0
162.476,t2_squeezenet,6602.556,85.538,142,0
162.569,t2_squeezenet,6658.215,92.739,141,0
162.614,t2_squeezenet,6696.781,44.766,140,0
162.700,t2_squeezenet,6747.211,86.543,144,0
162.787,t2_squeezenet,6822.178,86.411,144,0
162.877,t2_squeezenet,6905.393,90.701,145,0
162.926,t2_squeezenet,6946.952,48.543,144,0
162.975,t2_squeezenet,6921.995,48.582,146,0
163.065,t2_squeezenet,6994.929,90.665,146,0
163.108,t2_squeezenet,7012.441,42.550,146,0
163.195,t2_squeezenet,7083.389,87.526,146,0
163.290,t2_squeezenet,7152.808,94.640,145,0
163.379,t2_squeezenet,7241.328,89.169,145,0
163.464,t2_squeezenet,7292.296,85.070,144,0
163.507,t2_squeezenet,7307.161,42.689,143,0
163.598,t2_squeezenet,7369.765,90.818,145,0
163.688,t2_squeezenet,7390.990,89.473,144,0
163.775,t2_squeezenet,7429.042,87.237,144,0
163.868,t2_squeezenet,7520.879,92.894,148,0
163.912,t2_squeezenet,7486.913,44.398,147,0
163.963,t2_squeezenet,7522.504,51.089,146,0
164.006,t2_squeezenet,7524.467,42.660,145,0
164.087,t2_squeezenet,7540.773,81.222,145,0
164.181,t2_squeezenet,7614.736,93.332,146,0
164.273,t2_squeezenet,7688.501,92.076,147,0
164.366,t2_squeezenet,7707.029,93.151,150,0
164.409,t2_squeezenet,7679.032,42.535,149,0
164.496,t2_squeezenet,7685.292,87.280,148,0
164.590,t2_squeezenet,7710.049,94.086,148,0
164.681,t2_squeezenet,7759.053,90.818,149,0
164.767,t2_squeezenet,7776.286,85.747,149,0
164.809,t2_squeezenet,7759.530,42.605,150,0
164.899,t2_squeezenet,7815.277,89.358,152,0
164.948,t2_squeezenet,7845.398,49.473,152,0
164.995,t2_squeezenet,7862.147,46.805,153,0
165.077,t2_squeezenet,7942.352,81.735,153,0
165.167,t2_squeezenet,7973.805,89.823,154,0
165.262,t2_squeezenet,8014.080,94.916,156,0
165.305,t2_squeezenet,8056.536,42.755,157,0
165.391,t2_squeezenet,8120.008,86.283,158,0
165.477,t2_squeezenet,8179.219,86.064,161,0
165.570,t2_squeezenet,8215.694,92.724,160,0
165.663,t2_squeezenet,8226.293,93.592,159,0
165.704,t2_squeezenet,8258.420,40.656,158,0
165.791,t2_squeezenet,8073.552,87.132,159,0
165.881,t2_squeezenet,8081.712,89.390,160,0
165.929,t2_squeezenet,8114.575,48.580,159,0
165.972,t2_squeezenet,8156.065,42.822,159,0
166.016,t2_squeezenet,8184.676,44.013,159,0
166.099,t2_squeezenet,8246.186,82.911,158,0
166.192,t2_squeezenet,8329.722,93.087,161,0
166.283,t2_squeezenet,8381.739,90.764,163,0
166.372,t2_squeezenet,8396.731,89.144,163,0
166.464,t2_squeezenet,8455.667,92.052,166,0
166.510,t2_squeezenet,8471.511,45.664,167,0
166.600,t2_squeezenet,8551.783,89.431,166,0
166.689,t2_squeezenet,8584.384,89.763,166,0
166.775,t2_squeezenet,8594.185,85.427,166,0
166.869,t2_squeezenet,8672.080,94.202,165,0
166.921,t2_squeezenet,8701.430,51.966,164,0
166.966,t2_squeezenet,8728.263,44.409,165,0
167.008,t2_squeezenet,8764.369,42.508,165,0
167.090,t2_squeezenet,8765.056,82.159,165,0
167.185,t2_squeezenet,8816.916,94.621,167,0
167.279,t2_squeezenet,8892.563,93.516,169,0
167.372,t2_squeezenet,8948.284,93.512,170,0
167.465,t2_squeezenet,8933.012,92.980,169,0
167.509,t2_squeezenet,8951.359,44.317,169,0
167.604,t2_squeezenet,9035.610,94.337,170,0
167.692,t2_squeezenet,9115.388,87.652,171,0
167.781,t2_squeezenet,9163.953,89.354,171,0
167.874,t2_squeezenet,9142.892,93.164,173,0
167.927,t2_squeezenet,9165.749,53.281,172,0
167.972,t2_squeezenet,9203.734,44.732,171,0
168.063,t2_squeezenet,9269.456,90.237,170,0
168.104,t2_squeezenet,9286.208,41.681,169,0
168.200,t2_squeezenet,9336.078,96.165,170,0
168.293,t2_squeezenet,9377.007,92.321,171,0
168.385,t2_squeezenet,9420.933,91.922,173,0
168.476,t2_squeezenet,9498.965,90.992,173,0
168.569,t2_squeezenet,9556.917,92.878,174,0
168.663,t2_squeezenet,9607.835,94.735,175,0
168.704,t2_squeezenet,9640.627,40.749,174,0
168.795,t2_squeezenet,9550.028,90.631,174,0
168.885,t2_squeezenet,9528.440,90.007,177,0
168.940,t2_squeezenet,9571.767,54.775,176,0
168.985,t2_squeezenet,9580.031,45.392,175,0
169.077,t2_squeezenet,9669.314,91.238,176,0
169.171,t2_squeezenet,9607.961,94.499,178,0
169.268,t2_squeezenet,9679.064,96.687,180,0
169.311,t2_squeezenet,9714.023,42.892,180,0
169.400,t2_squeezenet,9800.352,89.494,182,0
169.491,t2_squeezenet,9841.000,90.427,183,0
169.583,t2_squeezenet,9831.258,92.561,188,0
169.682,t2_squeezenet,9882.932,98.279,187,0
169.773,t2_squeezenet,9959.924,91.481,190,0
169.866,t2_squeezenet,9922.318,92.580,191,0
169.920,t2_squeezenet,9956.861,54.165,190,0
169.966,t2_squeezenet,10001.883,45.949,190,0
170.009,t2_squeezenet,9979.442,43.223,190,0
170.101,t2_squeezenet,10068.932,91.668,191,0
170.192,t2_squeezenet,10157.058,91.089,192,0
170.287,t2_squeezenet,10133.858,94.503,193,0
170.378,t2_squeezenet,10205.178,90.900,194,0
170.470,t2_squeezenet,10179.262,92.174,194,0
170.565,t2_squeezenet,10136.763,94.659,194,0
170.663,t2_squeezenet,10225.250,98.501,195,0
170.705,t2_squeezenet,10247.894,41.557,194,0
170.796,t2_squeezenet,10326.864,91.665,194,0
170.887,t2_squeezenet,10296.651,90.297,194,0
170.941,t2_squeezenet,10343.969,54.538,194,0
170.988,t2_squeezenet,10364.103,46.349,193,0
171.080,t2_squeezenet,10427.594,91.945,193,0
171.174,t2_squeezenet,10440.458,94.483,195,0
171.265,t2_squeezenet,10470.465,90.964,194,0
171.311,t2_squeezenet,10443.469,45.632,195,0
171.401,t2_squeezenet,10469.827,89.796,194,0
171.493,t2_squeezenet,10352.247,92.278,194,0
171.587,t2_squeezenet,10373.726,94.029,195,0
171.680,t2_squeezenet,10336.146,92.868,195,0
171.769,t2_squeezenet,10411.025,89.166,194,0
171.811,t2_squeezenet,10420.924,41.810,194,0
171.902,t2_squeezenet,10489.534,90.655,194,0
171.958,t2_squeezenet,10532.456,56.341,194,0
172.002,t2_squeezenet,10563.600,44.174,193,0
172.091,t2_squeezenet,10558.889,88.325,194,0
172.182,t2_squeezenet,10648.459,91.002,195,0
172.276,t2_squeezenet,10609.203,94.038,195,0
172.370,t2_squeezenet,10639.296,93.943,197,0
172.463,t2_squeezenet,10644.609,93.426,197,0
172.506,t2_squeezenet,10669.847,42.157,196,0
172.599,t2_squeezenet,10701.431,93.457,198,0
172.689,t2_squeezenet,10774.456,90.349,198,0
172.781,t2_squeezenet,10716.254,91.026,199,0
172.873,t2_squeezenet,10759.798,92.645,200,0
172.929,t2_squeezenet,10761.604,56.064,200,0
172.978,t2_squeezenet,10783.796,48.164,200,0
173.069,t2_squeezenet,10828.667,91.070,201,0
173.162,t2_squeezenet,10848.848,93.454,201,0
173.207,t2_squeezenet,10843.730,44.845,201,0
173.303,t2_squeezenet,10926.477,95.891,200,0
173.395,t2_squeezenet,11017.672,91.675,200,0
173.485,t2_squeezenet,11026.902,90.424,199,0
173.576,t2_squeezenet,10939.030,90.893,198,0
173.671,t2_squeezenet,11024.461,95.226,198,0
173.764,t2_squeezenet,11114.041,92.702,197,0
173.807,t2_squeezenet,11131.409,42.595,196,0
173.898,t2_squeezenet,11205.037,91.639,199,0
173.955,t2_squeezenet,11179.489,56.719,198,0
174.000,t2_squeezenet,11201.724,44.886,197,0
174.091,t2_squeezenet,11262.595,90.376,196,0
174.180,t2_squeezenet,11238.056,89.594,195,0
174.273,t2_squeezenet,11306.564,93.062,198,0
174.366,t2_squeezenet,11396.520,92.593,197,0
174.407,t2_squeezenet,11418.436,40.855,197,0
174.496,t2_squeezenet,11408.799,89.475,197,0
174.589,t2_squeezenet,11424.405,92.402,197,0
174.685,t2_squeezenet,11332.682,95.644,197,0
174.778,t2_squeezenet,11253.384,93.366,201,0
174.868,t2_squeezenet,11332.488,89.454,202,0
174.922,t2_squeezenet,11349.568,54.046,202,0
174.971,t2_squeezenet,11212.429,49.093,202,0
175.063,t2_squeezenet,11275.231,92.073,202,0
175.106,t2_squeezenet,11306.304,42.674,202,0
175.198,t2_squeezenet,11393.392,92.403,201,0
175.290,t2_squeezenet,11479.046,91.723,201,0
175.382,t2_squeezenet,11519.293,91.808,203,0
175.473,t2_squeezenet,11412.278,91.788,202,0
175.567,t2_squeezenet,11415.681,93.271,202,0
175.663,t2_squeezenet,11501.226,96.500,203,0
175.708,t2_squeezenet,11490.783,44.619,202,0
175.799,t2_squeezenet,11576.422,90.681,202,0
175.891,t2_squeezenet,11598.461,91.895,201,0
175.946,t2_squeezenet,11649.424,55.568,200,0
175.994,t2_squeezenet,11690.459,47.521,199,0
176.086,t2_squeezenet,11727.183,92.402,200,0
176.180,t2_squeezenet,11647.292,94.088,201,0
176.272,t2_squeezenet,11622.154,91.164,206,0
176.366,t2_squeezenet,11705.198,94.771,206,0
176.410,t2_squeezenet,11646.791,43.927,205,0
176.504,t2_squeezenet,11710.389,93.135,204,0
176.596,t2_squeezenet,11788.967,92.148,203,0
176.689,t2_squeezenet,11864.158,93.665,204,0
176.781,t2_squeezenet,11948.347,91.492,206,0
176.870,t2_squeezenet,12029.033,89.142,206,0
176.925,t2_squeezenet,12011.412,54.841,207,0
176.970,t2_squeezenet,12010.151,44.905,208,0
177.064,t2_squeezenet,12076.534,93.568,208,0
177.104,t2_squeezenet,12057.771,39.794,207,0
177.194,t2_squeezenet,12075.787,90.344,208,0
177.287,t2_squeezenet,12125.598,93.294,210,0
177.380,t2_squeezenet,12164.089,93.049,214,0
177.472,t2_squeezenet,12250.163,91.245,215,0
177.563,t2_squeezenet,12334.577,91.434,216,0
177.605,t2_squeezenet,12337.282,42.109,215,0
177.698,t2_squeezenet,12420.465,92.498,215,0
177.790,t2_squeezenet,12424.743,92.124,217,0
177.882,t2_squeezenet,12498.421,91.671,216,0
177.938,t2_squeezenet,12511.826,56.573,217,0
177.986,t2_squeezenet,12533.117,47.967,217,0
178.074,t2_squeezenet,12602.232,88.019,220,0
178.165,t2_squeezenet,12691.124,90.669,220,0
178.209,t2_squeezenet,12474.209,43.670,220,0
178.303,t2_squeezenet,12546.932,93.788,221,0
178.396,t2_squeezenet,12571.921,92.968,221,0
178.486,t2_squeezenet,12623.738,90.203,221,0
178.577,t2_squeezenet,12618.457,91.554,221,0
178.674,t2_squeezenet,12662.921,96.100,221,0
178.770,t2_squeezenet,12666.908,95.949,220,0
178.863,t2_squeezenet,12734.917,93.584,222,0
178.904,t2_squeezenet,12763.732,41.018,222,0
178.960,t2_squeezenet,12768.228,55.330,221,0
179.007,t2_squeezenet,12777.910,46.970,223,0
179.097,t2_squeezenet,12859.538,90.713,224,0
179.191,t2_squeezenet,12916.669,93.404,224,0
179.282,t2_squeezenet,12961.382,91.565,225,0
179.379,t2_squeezenet,12995.659,96.421,225,0
179.473,t2_squeezenet,13085.957,93.795,225,0
179.565,t2_squeezenet,13120.749,92.142,227,0
179.610,t2_squeezenet,13162.688,45.330,229,0
179.706,t2_squeezenet,13211.218,95.706,229,0
179.799,t2_squeezenet,13293.754,92.796,228,0
179.889,t2_squeezenet,13280.432,89.995,228,0
179.942,t2_squeezenet,13185.349,53.060,227,0
179.990,t2_squeezenet,13038.308,47.631,226,0
180.080,t2_squeezenet,13116.965,90.290,225,0
180.173,t2_squeezenet,13178.282,92.543,224,0
180.266,t2_squeezenet,13199.726,93.701,223,0
180.364,t2_squeezenet,13264.918,97.952,223,0
180.412,t2_squeezenet,13292.892,47.211,223,0
180.503,t2_squeezenet,13366.368,42.101,222,0
180.596,t2_squeezenet,13391.988,92.917,222,0
180.686,t2_squeezenet,13442.403,90.115,221,0
180.785,t2_squeezenet,13529.157,98.906,224,0
180.877,t2_squeezenet,13548.271,91.256,225,0
180.929,t2_squeezenet,13591.508,52.068,226,0
180.974,t2_squeezenet,13502.412,45.199,226,0
181.068,t2_squeezenet,13550.177,94.222,225,0
181.166,t2_squeezenet,13604.617,97.296,227,0
181.210,t2_squeezenet,13590.338,44.351,227,0
181.299,t2_squeezenet,13627.604,88.460,226,0
181.397,t2_squeezenet,13701.217,98.411,227,0
181.492,t2_squeezenet,13695.393,94.488,226,0
181.582,t2_squeezenet,13763.164,90.315,225,0
181.676,t2_squeezenet,13836.361,93.688,225,0
181.767,t2_squeezenet,13606.162,91.649,227,0
181.863,t2_squeezenet,13676.302,95.320,229,0
181.903,t2_squeezenet,13633.145,40.769,229,0
181.973,t2_squeezenet,13692.876,69.251,229,0
182.037,t2_squeezenet,13733.585,63.679,230,0
182.084,t2_squeezenet,13778.413,47.151,230,0
182.131,t2_squeezenet,13793.680,47.084,230,0
182.174,t2_squeezenet,13773.798,43.271,229,0
182.218,t2_squeezenet,13737.961,43.595,229,0
182.267,t2_squeezenet,13749.638,49.517,228,0
182.312,t2_squeezenet,13728.769,44.861,230,0
182.353,t2_squeezenet,13697.200,41.065,230,0
182.401,t2_squeezenet,13629.564,47.793,229,0
182.448,t2_squeezenet,13650.121,46.899,228,0
182.496,t2_squeezenet,13669.110,48.165,227,0
182.541,t2_squeezenet,13687.382,44.544,226,0
182.585,t2_squeezenet,13707.417,43.671,225,0
182.633,t2_squeezenet,13571.942,48.520,224,0
182.681,t2_squeezenet,13614.764,47.698,224,0
182.722,t2_squeezenet,13636.222,41.174,223,0
182.767,t2_squeezenet,13631.522,45.330,222,0
182.815,t2_squeezenet,13663.352,47.832,222,0
182.860,t2_squeezenet,13649.896,44.862,222,0
182.906,t2_squeezenet,13659.274,45.722,222,0
182.950,t2_squeezenet,13699.557,43.614,221,0
182.995,t2_squeezenet,13707.313,45.153,220,0
183.047,t2_squeezenet,13710.609,52.416,219,0
183.090,t2_squeezenet,13739.778,43.081,218,0
183.135,t2_squeezenet,13784.617,45.009,217,0
183.183,t2_squeezenet,13735.950,47.068,216,0
183.229,t2_squeezenet,13751.189,46.079,215,0
183.276,t2_squeezenet,13770.714,47.219,214,0
183.319,t2_squeezenet,13807.525,43.349,213,0
183.362,t2_squeezenet,13822.024,42.859,212,0
183.411,t2_squeezenet,13855.749,48.973,211,0
183.457,t2_squeezenet,13894.144,45.802,210,0
183.500,t2_squeezenet,13918.693,42.968,212,0
183.547,t2_squeezenet,13844.729,47.172,212,0
183.593,t2_squeezenet,13844.442,45.629,211,0
183.641,t2_squeezenet,13889.541,47.618,210,0
183.686,t2_squeezenet,13920.668,44.885,209,0
183.729,t2_squeezenet,13931.003,43.252,210,0
183.774,t2_squeezenet,13934.657,45.218,209,0
183.824,t2_squeezenet,13860.626,50.043,210,0
183.866,t2_squeezenet,13873.304,41.126,209,0
183.911,t2_squeezenet,13890.951,45.075,208,0
183.957,t2_squeezenet,13863.455,46.112,208,0
184.004,t2_squeezenet,13866.173,47.479,207,0
184.052,t2_squeezenet,13882.797,47.594,208,0
184.095,t2_squeezenet,13875.137,42.871,208,0
184.140,t2_squeezenet,13854.488,44.996,211,0
184.189,t2_squeezenet,13858.817,48.793,210,0
184.234,t2_squeezenet,13873.162,45.353,210,0
184.276,t2_squeezenet,13860.083,41.742,211,0
184.324,t2_squeezenet,13790.401,47.579,210,0
184.367,t2_squeezenet,13798.829,43.743,209,0
184.416,t2_squeezenet,13785.031,48.419,209,0
184.459,t2_squeezenet,13715.496,43.240,208,0
184.503,t2_squeezenet,13657.083,43.915,208,0
184.551,t2_squeezenet,13660.988,47.706,209,0
184.600,t2_squeezenet,13539.304,49.638,209,0
184.644,t2_squeezenet,13531.931,43.332,208,0
184.690,t2_squeezenet,13540.968,46.607,208,0
184.735,t2_squeezenet,13564.246,44.372,209,0
184.781,t2_squeezenet,13500.230,46.416,208,0
184.830,t2_squeezenet,13538.804,48.347,208,0
184.870,t2_squeezenet,13436.453,40.081,207,0
184.911,t2_squeezenet,13332.458,41.059,206,0
184.953,t2_squeezenet,13367.390,42.127,205,0
184.986,t2_squeezenet,13338.671,32.496,205,0
185.016,t2_squeezenet,13211.797,30.194,204,0
