t_s,tenant,latency_ms,service_ms,qdepth,warmup
0.037,t2_squeezenet,31.793,31.605,0,1
0.142,t2_squeezenet,68.590,64.236,2,1
0.223,t2_squeezenet,140.783,81.320,2,1
0.285,t2_squeezenet,201.382,61.792,2,1
0.328,t2_squeezenet,111.526,43.007,1,1
0.362,t2_squeezenet,109.307,33.468,0,1
0.458,t2_squeezenet,39.921,35.453,0,1
0.600,t2_squeezenet,54.397,51.441,2,1
0.634,t2_squeezenet,64.899,33.663,1,1
0.665,t2_squeezenet,72.000,30.920,0,1
0.710,t2_squeezenet,35.068,34.406,0,1
0.847,t2_squeezenet,41.220,36.247,1,1
0.883,t2_squeezenet,43.116,35.537,1,1
0.919,t2_squeezenet,50.043,36.281,0,1
1.093,t2_squeezenet,35.332,32.353,2,1
1.130,t2_squeezenet,53.237,37.176,1,1
1.174,t2_squeezenet,87.741,43.298,1,1
1.214,t2_squeezenet,76.275,40.019,0,1
1.298,t2_squeezenet,42.985,38.481,0,1
1.386,t2_squeezenet,35.214,32.529,0,1
1.436,t2_squeezenet,40.807,40.318,0,1
1.483,t2_squeezenet,34.386,31.028,0,1
1.599,t2_squeezenet,32.478,30.455,1,1
1.634,t2_squeezenet,48.049,34.761,1,1
1.669,t2_squeezenet,50.637,34.547,0,1
1.782,t2_squeezenet,57.972,54.403,0,1
1.865,t2_squeezenet,44.639,42.888,1,1
1.909,t2_squeezenet,48.601,43.636,0,1
1.957,t2_squeezenet,45.261,42.744,0,1
2.007,t2_squeezenet,44.239,39.849,2,1
2.056,t2_squeezenet,65.915,48.925,3,1
2.109,t2_squeezenet,114.497,53.309,2,1
2.171,t2_squeezenet,146.895,61.699,1,1
2.248,t2_squeezenet,201.896,76.808,0,1
2.315,t2_squeezenet,37.332,36.507,0,1
2.381,t2_squeezenet,33.561,30.985,1,1
2.413,t2_squeezenet,33.973,31.327,1,1
2.444,t2_squeezenet,36.456,30.937,0,1
2.502,t2_squeezenet,41.841,37.550,0,1
2.574,t2_squeezenet,42.756,42.196,0,1
2.675,t2_squeezenet,59.789,55.519,0,1
2.752,t2_squeezenet,56.063,55.958,1,1
2.804,t2_squeezenet,95.669,51.706,2,1
2.857,t2_squeezenet,76.622,53.412,1,1
2.911,t2_squeezenet,117.786,54.394,1,1
2.967,t2_squeezenet,87.231,55.742,0,1
3.028,t2_squeezenet,49.313,45.375,0,1
3.156,t2_squeezenet,62.060,57.052,1,1
3.208,t2_squeezenet,68.038,51.518,3,1
3.259,t2_squeezenet,90.009,50.772,3,1
3.313,t2_squeezenet,137.325,54.823,2,1
3.371,t2_squeezenet,170.898,57.155,2,1
3.426,t2_squeezenet,176.277,55.698,4,1
3.478,t2_squeezenet,162.302,51.646,3,1
3.535,t2_squeezenet,149.214,57.350,4,1
3.593,t2_squeezenet,204.279,57.611,4,1
3.649,t2_squeezenet,251.754,55.748,4,1
3.698,t2_squeezenet,198.244,49.226,3,1
3.737,t2_squeezenet,233.551,38.826,4,1
3.788,t2_squeezenet,243.068,51.276,3,1
3.820,t2_squeezenet,225.648,31.738,2,1
3.897,t2_squeezenet,192.503,77.182,3,1
3.976,t2_squeezenet,240.390,78.665,4,1
4.006,t2_squeezenet,174.282,29.859,6,1
4.085,t2_squeezenet,210.246,78.708,7,1
4.115,t2_squeezenet,187.572,30.567,6,1
4.189,t2_squeezenet,260.933,73.828,5,1
4.219,t2_squeezenet,239.358,30.150,4,1
4.294,t2_squeezenet,309.768,74.571,4,1
4.328,t2_squeezenet,340.505,33.820,5,1
4.400,t2_squeezenet,392.765,72.477,4,1
4.478,t2_squeezenet,461.060,77.947,5,1
4.508,t2_squeezenet,220.004,30.029,4,1
4.583,t2_squeezenet,286.676,75.073,3,1
4.614,t2_squeezenet,311.513,30.533,2,1
4.693,t2_squeezenet,253.046,78.719,2,1
4.737,t2_squeezenet,281.003,44.679,2,1
4.800,t2_squeezenet,108.355,62.520,1,1
4.878,t2_squeezenet,144.417,77.814,0,1
5.030,t2_squeezenet,39.753,36.215,1,1
5.086,t2_squeezenet,74.049,54.974,1,1
5.116,t2_squeezenet,68.156,30.283,2,1
5.189,t2_squeezenet,95.742,73.323,2,1
5.221,t2_squeezenet,118.188,32.219,3,1
5.295,t2_squeezenet,171.722,73.922,3,1
5.330,t2_squeezenet,135.695,34.243,3,1
5.402,t2_squeezenet,184.815,72.269,4,1
5.438,t2_squeezenet,157.071,35.871,3,1
5.503,t2_squeezenet,203.374,65.343,3,1
5.581,t2_squeezenet,198.053,77.255,4,1
5.610,t2_squeezenet,222.805,29.507,5,1
5.686,t2_squeezenet,205.846,75.465,4,1
5.731,t2_squeezenet,167.726,45.776,4,1
5.799,t2_squeezenet,228.766,68.034,5,1
5.875,t2_squeezenet,280.273,75.837,4,1
5.905,t2_squeezenet,309.004,30.086,3,1
5.977,t2_squeezenet,285.608,71.872,3,1
6.008,t2_squeezenet,272.608,30.882,2,1
6.085,t2_squeezenet,297.237,76.763,1,1
6.115,t2_squeezenet,150.745,29.701,0,1
6.199,t2_squeezenet,34.043,33.940,2,1
6.235,t2_squeezenet,67.944,35.765,1,1
6.304,t2_squeezenet,134.374,68.874,0,1
6.350,t2_squeezenet,35.226,31.039,0,1
6.570,t2_squeezenet,43.940,42.086,0,1
6.729,t2_squeezenet,37.442,32.859,1,1
6.762,t2_squeezenet,63.234,32.731,2,1
6.810,t2_squeezenet,74.457,48.221,3,1
6.885,t2_squeezenet,139.379,74.532,4,1
6.916,t2_squeezenet,120.815,31.789,3,1
6.990,t2_squeezenet,193.054,73.542,3,1
7.020,t2_squeezenet,207.277,30.143,2,1
7.087,t2_squeezenet,224.066,66.979,1,1
7.130,t2_squeezenet,149.014,42.599,3,1
7.201,t2_squeezenet,113.252,71.018,3,1
7.275,t2_squeezenet,175.905,74.000,5,1
7.304,t2_squeezenet,196.202,29.460,4,1
7.337,t2_squeezenet,161.161,32.387,4,1
7.402,t2_squeezenet,183.768,65.259,4,1
7.482,t2_squeezenet,251.401,79.496,7,1
7.513,t2_squeezenet,275.976,30.900,6,1
7.587,t2_squeezenet,255.802,74.541,8,1
7.618,t2_squeezenet,232.543,30.691,7,1
7.699,t2_squeezenet,287.160,80.943,8,1
7.742,t2_squeezenet,311.883,43.530,7,1
7.799,t2_squeezenet,339.458,56.920,6,1
7.836,t2_squeezenet,370.577,36.653,6,1
7.903,t2_squeezenet,355.349,67.042,6,1
7.976,t2_squeezenet,397.906,72.655,8,1
8.006,t2_squeezenet,425.500,30.237,7,1
8.078,t2_squeezenet,450.777,72.305,7,1
8.114,t2_squeezenet,462.372,35.559,8,1
8.188,t2_squeezenet,373.855,74.051,9,1
8.219,t2_squeezenet,328.917,30.702,8,1
8.287,t2_squeezenet,351.676,68.455,9,1
8.318,t2_squeezenet,364.525,30.458,10,1
8.383,t2_squeezenet,407.186,64.994,10,1
8.413,t2_squeezenet,404.349,30.339,11,1
8.480,t2_squeezenet,396.068,66.494,13,1
8.510,t2_squeezenet,406.798,29.809,13,1
8.583,t2_squeezenet,445.341,73.582,14,1
8.614,t2_squeezenet,469.070,30.427,14,1
8.691,t2_squeezenet,437.216,77.018,14,1
8.736,t2_squeezenet,465.113,45.463,14,1
8.794,t2_squeezenet,491.974,57.255,14,1
8.824,t2_squeezenet,510.918,30.638,13,1
8.886,t2_squeezenet,533.874,61.930,13,1
8.917,t2_squeezenet,529.853,30.876,12,1
8.983,t2_squeezenet,592.176,66.081,12,1
9.019,t2_squeezenet,587.331,35.662,11,1
9.080,t2_squeezenet,637.382,60.794,10,1
9.110,t2_squeezenet,644.673,30.473,10,1
9.177,t2_squeezenet,675.946,66.921,11,1
9.210,t2_squeezenet,695.740,32.643,10,1
9.281,t2_squeezenet,706.663,71.333,9,1
9.313,t2_squeezenet,710.413,31.913,9,1
9.383,t2_squeezenet,760.364,69.527,9,1
9.412,t2_squeezenet,680.307,29.418,9,1
9.475,t2_squeezenet,709.025,63.327,8,1
9.505,t2_squeezenet,673.287,29.152,7,1
9.539,t2_squeezenet,570.349,34.808,6,1
9.600,t2_squeezenet,512.143,60.322,5,1
9.632,t2_squeezenet,515.391,31.832,4,1
9.697,t2_squeezenet,576.539,65.370,4,1
9.726,t2_squeezenet,439.822,29.222,3,1
9.787,t2_squeezenet,473.024,60.688,3,1
9.821,t2_squeezenet,433.444,33.921,3,1
9.883,t2_squeezenet,233.294,62.188,3,1
9.924,t2_squeezenet,189.736,40.981,2,1
9.991,t2_squeezenet,172.557,66.907,2,1
10.023,t2_squeezenet,192.309,31.925,1,1
10.087,t2_squeezenet,154.657,63.527,2,1
10.116,t2_squeezenet,88.175,29.370,1,1
10.179,t2_squeezenet,127.654,63.067,0,1
10.296,t2_squeezenet,40.663,36.062,1,1
10.328,t2_squeezenet,71.905,31.941,0,1
10.382,t2_squeezenet,49.140,49.081,0,1
10.449,t2_squeezenet,39.078,36.072,1,1
10.482,t2_squeezenet,53.705,33.479,1,1
10.518,t2_squeezenet,61.651,35.637,0,1
10.675,t2_squeezenet,34.693,30.548,0,1
10.709,t2_squeezenet,33.717,29.246,0,1
10.794,t2_squeezenet,29.773,29.206,0,1
10.866,t2_squeezenet,33.575,30.906,0,1
10.901,t2_squeezenet,32.663,30.426,0,1
10.998,t2_squeezenet,34.125,30.880,0,1
11.198,t2_squeezenet,42.725,38.438,1,1
11.242,t2_squeezenet,58.786,44.280,2,1
11.302,t2_squeezenet,77.048,59.022,1,1
11.338,t2_squeezenet,107.961,36.249,0,1
11.400,t2_squeezenet,59.278,56.782,1,1
11.438,t2_squeezenet,61.988,38.249,0,1
11.500,t2_squeezenet,39.423,36.266,2,1
11.530,t2_squeezenet,58.455,30.730,2,1
11.592,t2_squeezenet,106.233,61.344,2,1
11.621,t2_squeezenet,109.458,29.122,1,1
11.681,t2_squeezenet,133.310,59.997,2,1
11.710,t2_squeezenet,73.141,29.212,2,1
11.739,t2_squeezenet,93.235,29.192,1,1
11.792,t2_squeezenet,92.602,52.099,2,1
11.852,t2_squeezenet,104.203,60.326,4,1
11.896,t2_squeezenet,130.241,44.391,3,1
11.926,t2_squeezenet,98.081,29.420,3,1
11.986,t2_squeezenet,153.675,59.701,3,1
12.016,t2_squeezenet,167.618,30.639,2,1
12.045,t2_squeezenet,148.476,29.126,1,1
12.101,t2_squeezenet,161.685,55.951,3,1
12.137,t2_squeezenet,68.789,35.553,3,1
12.201,t2_squeezenet,108.705,63.861,4,1
12.236,t2_squeezenet,140.614,34.809,3,1
12.299,t2_squeezenet,183.291,63.278,4,1
12.338,t2_squeezenet,176.056,38.580,3,1
12.391,t2_squeezenet,211.235,53.424,2,1
12.420,t2_squeezenet,143.327,29.229,3,1
12.479,t2_squeezenet,193.574,58.223,3,1
12.510,t2_squeezenet,110.792,31.388,2,1
12.544,t2_squeezenet,140.369,34.236,3,1
12.606,t2_squeezenet,166.586,61.706,4,1
12.640,t2_squeezenet,124.499,34.010,3,1
12.703,t2_squeezenet,168.857,62.627,3,1
12.745,t2_squeezenet,177.672,42.602,2,1
12.802,t2_squeezenet,221.323,57.121,1,1
12.839,t2_squeezenet,164.149,36.586,0,1
12.900,t2_squeezenet,48.845,46.019,2,1
12.933,t2_squeezenet,54.606,32.518,1,1
12.993,t2_squeezenet,100.825,60.431,3,1
13.025,t2_squeezenet,69.106,31.272,3,1
13.080,t2_squeezenet,103.236,55.493,3,1
13.116,t2_squeezenet,127.555,36.174,3,1
13.181,t2_squeezenet,182.746,64.001,5,1
13.216,t2_squeezenet,179.881,34.982,5,1
13.278,t2_squeezenet,167.301,62.283,4,1
13.309,t2_squeezenet,168.279,30.746,3,1
13.338,t2_squeezenet,189.156,29.115,2,1
13.391,t2_squeezenet,241.464,53.177,1,1
13.421,t2_squeezenet,230.804,30.180,1,1
13.475,t2_squeezenet,79.419,53.905,0,1
13.546,t2_squeezenet,37.720,35.574,0,1
13.650,t2_squeezenet,46.940,43.094,2,1
13.700,t2_squeezenet,62.593,49.944,1,1
13.773,t2_squeezenet,134.519,73.491,1,1
13.809,t2_squeezenet,96.030,35.897,0,1
13.870,t2_squeezenet,36.293,35.663,0,1
13.922,t2_squeezenet,32.207,31.439,1,1
13.957,t2_squeezenet,66.343,35.349,1,1
13.995,t2_squeezenet,70.781,37.179,0,1
14.083,t2_squeezenet,34.356,32.501,1,1
14.113,t2_squeezenet,44.736,29.779,0,1
14.158,t2_squeezenet,30.850,30.643,2,1
14.202,t2_squeezenet,72.995,43.115,2,1
14.247,t2_squeezenet,106.539,45.576,1,1
14.305,t2_squeezenet,104.779,57.596,3,1
14.337,t2_squeezenet,81.645,32.430,2,1
14.397,t2_squeezenet,133.518,59.800,1,1
14.430,t2_squeezenet,154.572,32.835,0,1
14.511,t2_squeezenet,31.508,30.550,1,1
14.544,t2_squeezenet,57.093,32.789,0,1
14.595,t2_squeezenet,37.276,35.357,2,1
14.636,t2_squeezenet,64.704,41.421,1,1
14.695,t2_squeezenet,122.897,59.111,1,1
14.730,t2_squeezenet,89.804,34.371,0,1
14.788,t2_squeezenet,41.144,38.451,0,1
14.921,t2_squeezenet,33.118,31.947,0,1
15.154,t2_squeezenet,50.306,45.491,1,1
15.197,t2_squeezenet,74.330,43.072,0,1
15.253,t2_squeezenet,45.163,40.470,1,1
15.292,t2_squeezenet,47.918,38.767,2,1
15.322,t2_squeezenet,65.248,30.774,1,1
15.355,t2_squeezenet,75.737,32.614,2,1
15.403,t2_squeezenet,78.202,48.008,3,1
15.432,t2_squeezenet,101.743,29.192,3,1
15.480,t2_squeezenet,119.461,47.920,2,1
15.509,t2_squeezenet,108.260,29.119,2,1
15.539,t2_squeezenet,128.898,29.178,1,1
15.593,t2_squeezenet,90.407,54.538,0,1
15.634,t2_squeezenet,38.366,35.796,0,1
15.820,t2_squeezenet,31.562,29.193,1,1
15.849,t2_squeezenet,37.628,29.215,0,1
15.920,t2_squeezenet,36.093,35.123,0,1
16.021,t2_squeezenet,32.176,30.521,0,1
16.078,t2_squeezenet,38.763,36.428,5,1
16.114,t2_squeezenet,73.270,35.742,4,1
16.175,t2_squeezenet,126.400,61.004,3,1
16.211,t2_squeezenet,149.122,36.297,3,1
16.275,t2_squeezenet,206.571,64.036,2,1
16.310,t2_squeezenet,238.264,35.088,1,1
16.343,t2_squeezenet,136.708,33.030,0,1
16.430,t2_squeezenet,35.311,31.027,0,1
16.658,t2_squeezenet,32.257,31.186,0,1
16.730,t2_squeezenet,34.339,31.016,0,1
16.769,t2_squeezenet,34.001,29.476,0,1
16.915,t2_squeezenet,32.922,29.232,0,1
16.966,t2_squeezenet,34.185,30.590,1,1
16.997,t2_squeezenet,34.314,31.189,0,1
17.045,t2_squeezenet,35.399,32.624,1,1
17.075,t2_squeezenet,36.263,30.463,0,1
17.234,t2_squeezenet,37.724,37.443,1,1
17.281,t2_squeezenet,70.340,46.628,2,1
17.319,t2_squeezenet,70.224,37.804,1,1
17.354,t2_squeezenet,89.632,34.908,0,1
17.501,t2_squeezenet,32.188,30.421,0,1
17.629,t2_squeezenet,33.578,32.251,0,1
17.681,t2_squeezenet,34.925,31.567,2,1
17.723,t2_squeezenet,51.172,42.065,1,1
17.765,t2_squeezenet,85.202,41.751,1,1
17.809,t2_squeezenet,81.836,44.063,0,1
17.919,t2_squeezenet,29.399,29.316,0,1
17.983,t2_squeezenet,35.145,33.849,0,1
18.042,t2_squeezenet,41.617,38.352,1,1
18.080,t2_squeezenet,53.665,38.049,1,1
18.116,t2_squeezenet,38.674,36.300,0,1
18.159,t2_squeezenet,36.952,32.550,1,1
18.191,t2_squeezenet,54.759,32.006,0,1
18.259,t2_squeezenet,42.750,42.230,0,1
18.363,t2_squeezenet,46.933,43.744,0,1
18.417,t2_squeezenet,34.481,33.521,0,1
18.538,t2_squeezenet,38.359,35.329,0,1
18.649,t2_squeezenet,32.515,29.268,0,1
18.745,t2_squeezenet,40.130,35.693,0,1
18.793,t2_squeezenet,35.268,32.447,1,1
18.822,t2_squeezenet,54.479,29.130,0,1
18.957,t2_squeezenet,31.360,29.218,1,1
18.986,t2_squeezenet,29.888,29.124,0,1
19.195,t2_squeezenet,36.121,32.094,0,1
19.341,t2_squeezenet,29.341,29.181,0,1
19.495,t2_squeezenet,47.096,42.554,3,1
19.528,t2_squeezenet,71.714,33.758,3,1
19.561,t2_squeezenet,102.820,32.356,3,1
19.595,t2_squeezenet,104.684,34.281,2,1
19.637,t2_squeezenet,128.758,41.773,1,1
19.696,t2_squeezenet,149.376,58.836,3,1
19.728,t2_squeezenet,48.700,32.545,2,1
19.759,t2_squeezenet,75.894,30.995,2,1
19.800,t2_squeezenet,108.074,40.339,2,1
19.844,t2_squeezenet,106.223,44.419,1,1
19.888,t2_squeezenet,114.657,44.165,1,1
19.920,t2_squeezenet,56.842,31.098,1,1
19.950,t2_squeezenet,35.734,30.500,0,1
20.026,t2_squeezenet,41.710,40.056,0,0
20.100,t2_squeezenet,32.863,29.169,0,0
20.155,t2_squeezenet,29.388,29.201,0,0
20.212,t2_squeezenet,33.740,31.437,0,0
20.273,t2_squeezenet,35.308,30.848,0,0
20.325,t2_squeezenet,42.498,41.911,0,0
20.432,t2_squeezenet,32.754,31.452,1,0
20.463,t2_squeezenet,35.872,31.170,1,0
20.506,t2_squeezenet,66.428,42.582,0,0
20.554,t2_squeezenet,33.621,32.753,0,0
20.615,t2_squeezenet,44.979,41.090,1,0
20.658,t2_squeezenet,65.557,42.541,1,0
20.713,t2_squeezenet,59.661,54.862,0,0
20.776,t2_squeezenet,34.393,32.522,1,0
20.808,t2_squeezenet,34.335,31.857,1,0
20.841,t2_squeezenet,46.135,32.751,0,0
20.900,t2_squeezenet,34.904,34.429,0,0
21.031,t2_squeezenet,37.463,34.588,0,0
21.248,t2_squeezenet,46.874,44.846,0,0
21.308,t2_squeezenet,36.215,34.663,0,0
21.373,t2_squeezenet,31.298,29.129,0,0
21.412,t2_squeezenet,31.804,29.146,0,0
21.522,t2_squeezenet,29.372,29.166,0,0
21.594,t2_squeezenet,32.095,31.254,0,0
21.928,t2_squeezenet,37.858,35.618,0,0
21.986,t2_squeezenet,35.195,32.320,0,0
22.027,t2_squeezenet,34.282,31.203,0,0
22.097,t2_squeezenet,46.564,44.332,0,0
22.159,t2_squeezenet,43.739,41.855,1,0
22.192,t2_squeezenet,51.883,33.301,0,0
22.239,t2_squeezenet,33.373,32.056,0,0
22.333,t2_squeezenet,35.946,32.485,0,0
22.411,t2_squeezenet,35.267,32.670,0,0
22.519,t2_squeezenet,40.401,37.266,0,0
22.570,t2_squeezenet,48.124,46.116,0,0
22.693,t2_squeezenet,48.040,46.931,2,0
22.745,t2_squeezenet,98.660,51.618,4,0
22.786,t2_squeezenet,102.791,41.691,3,0
22.830,t2_squeezenet,124.832,43.683,2,0
22.866,t2_squeezenet,133.685,35.267,2,0
22.898,t2_squeezenet,165.452,32.460,1,0
22.929,t2_squeezenet,74.246,31.264,0,0
22.976,t2_squeezenet,33.460,31.436,0,0
23.109,t2_squeezenet,38.050,36.650,0,0
23.176,t2_squeezenet,35.550,31.962,1,0
23.205,t2_squeezenet,58.789,29.127,0,0
23.270,t2_squeezenet,33.797,29.153,0,0
23.371,t2_squeezenet,32.383,30.555,1,0
23.402,t2_squeezenet,43.915,31.090,0,0
23.474,t2_squeezenet,49.311,45.937,0,0
23.627,t2_squeezenet,34.997,32.090,0,0
23.679,t2_squeezenet,42.600,42.111,0,0
23.731,t2_squeezenet,32.249,31.572,0,0
23.794,t2_squeezenet,40.855,37.720,1,0
23.824,t2_squeezenet,34.881,29.406,1,0
23.853,t2_squeezenet,34.185,29.198,0,0
23.907,t2_squeezenet,30.842,29.186,0,0
23.947,t2_squeezenet,31.539,30.012,0,0
24.246,t2_squeezenet,37.968,35.598,0,0
24.322,t2_squeezenet,38.406,36.012,0,0
24.388,t2_squeezenet,36.312,34.818,0,0
24.569,t2_squeezenet,32.977,29.169,0,0
24.719,t2_squeezenet,50.625,49.647,1,0
24.753,t2_squeezenet,40.614,33.734,0,0
24.808,t2_squeezenet,48.745,44.495,0,0
24.877,t2_squeezenet,35.574,34.014,0,0
24.926,t2_squeezenet,35.448,33.371,1,0
24.961,t2_squeezenet,47.347,35.226,1,0
24.995,t2_squeezenet,41.025,34.004,1,0
25.031,t2_squeezenet,49.809,35.494,0,0
25.090,t2_squeezenet,31.232,29.248,1,0
25.120,t2_squeezenet,29.358,29.141,0,0
25.237,t2_squeezenet,32.650,31.288,0,0
25.312,t2_squeezenet,32.428,29.402,1,0
25.347,t2_squeezenet,52.181,35.002,0,0
25.482,t2_squeezenet,31.632,29.121,0,0
25.518,t2_squeezenet,35.532,30.743,0,0
25.569,t2_squeezenet,34.612,31.284,0,0
25.668,t2_squeezenet,41.473,37.717,3,0
25.707,t2_squeezenet,76.717,38.729,3,0
25.738,t2_squeezenet,107.230,30.833,4,0
25.769,t2_squeezenet,125.908,31.038,3,0
25.799,t2_squeezenet,119.567,30.596,2,0
25.831,t2_squeezenet,102.559,31.619,1,0
25.865,t2_squeezenet,132.411,34.213,0,0
25.942,t2_squeezenet,42.822,41.797,1,0
25.987,t2_squeezenet,75.507,44.670,0,0
26.059,t2_squeezenet,32.037,31.503,0,0
26.152,t2_squeezenet,40.487,37.415,1,0
26.197,t2_squeezenet,77.549,44.312,1,0
26.240,t2_squeezenet,84.280,43.184,4,0
26.282,t2_squeezenet,83.431,42.368,3,0
26.328,t2_squeezenet,121.725,45.401,3,0
26.376,t2_squeezenet,147.046,47.908,5,0
26.412,t2_squeezenet,180.033,36.610,5,0
26.443,t2_squeezenet,121.212,30.659,4,0
26.475,t2_squeezenet,141.086,31.732,4,0
26.508,t2_squeezenet,146.627,32.778,3,0
26.537,t2_squeezenet,166.537,29.199,3,0
26.566,t2_squeezenet,182.824,29.242,2,0
26.595,t2_squeezenet,121.012,29.122,1,0
26.625,t2_squeezenet,92.268,29.250,1,0
26.654,t2_squeezenet,46.899,29.162,0,0
26.697,t2_squeezenet,38.475,38.450,1,0
26.728,t2_squeezenet,63.058,30.946,1,0
26.762,t2_squeezenet,35.319,34.159,1,0
26.793,t2_squeezenet,38.517,30.936,0,0
26.845,t2_squeezenet,34.794,30.965,0,0
26.906,t2_squeezenet,38.044,36.077,0,0
26.970,t2_squeezenet,37.007,33.346,2,0
27.005,t2_squeezenet,53.693,35.507,2,0
27.041,t2_squeezenet,78.337,35.699,2,0
27.073,t2_squeezenet,72.498,31.667,2,0
27.108,t2_squeezenet,88.554,35.184,1,0
27.137,t2_squeezenet,68.800,29.217,0,0
27.230,t2_squeezenet,31.956,31.866,0,0
27.281,t2_squeezenet,34.150,30.778,1,0
27.310,t2_squeezenet,35.561,29.131,0,0
27.350,t2_squeezenet,33.833,30.129,1,0
27.381,t2_squeezenet,59.128,30.310,0,0
27.498,t2_squeezenet,42.120,41.122,2,0
27.532,t2_squeezenet,55.780,34.346,3,0
27.566,t2_squeezenet,82.567,34.054,3,0
27.599,t2_squeezenet,93.503,32.703,2,0
27.638,t2_squeezenet,108.038,39.216,1,0
27.684,t2_squeezenet,129.497,45.744,3,0
27.734,t2_squeezenet,86.682,50.326,3,0
27.780,t2_squeezenet,119.790,46.030,2,0
27.816,t2_squeezenet,134.989,35.401,1,0
27.858,t2_squeezenet,148.431,42.224,2,0
27.900,t2_squeezenet,84.161,42.193,1,0
27.946,t2_squeezenet,106.441,45.599,1,0
27.993,t2_squeezenet,79.365,46.894,2,0
28.026,t2_squeezenet,79.215,32.828,1,0
28.065,t2_squeezenet,104.232,38.772,0,0
28.109,t2_squeezenet,37.166,33.593,0,0
28.146,t2_squeezenet,33.613,32.232,0,0
28.344,t2_squeezenet,32.865,31.024,0,0
28.465,t2_squeezenet,40.056,35.248,1,0
28.495,t2_squeezenet,33.152,30.163,1,0
28.534,t2_squeezenet,47.288,38.920,0,0
28.587,t2_squeezenet,35.722,32.697,0,0
28.740,t2_squeezenet,49.749,46.514,0,0
28.923,t2_squeezenet,32.590,30.633,0,0
28.970,t2_squeezenet,33.229,31.808,1,0
29.002,t2_squeezenet,57.447,32.337,0,0
29.213,t2_squeezenet,33.551,29.161,1,0
29.242,t2_squeezenet,35.907,29.166,1,0
29.272,t2_squeezenet,38.795,29.091,0,0
29.443,t2_squeezenet,35.727,34.675,1,0
29.478,t2_squeezenet,39.761,35.187,0,0
29.549,t2_squeezenet,36.893,35.273,1,0
29.581,t2_squeezenet,56.798,32.111,0,0
29.934,t2_squeezenet,41.889,39.112,3,0
29.978,t2_squeezenet,74.228,44.264,4,0
30.024,t2_squeezenet,101.958,45.668,4,0
30.061,t2_squeezenet,133.975,37.922,3,0
30.095,t2_squeezenet,152.471,33.568,3,0
30.130,t2_squeezenet,163.943,34.985,3,0
30.166,t2_squeezenet,146.999,35.385,5,0
30.196,t2_squeezenet,127.841,30.668,4,0
30.234,t2_squeezenet,119.554,37.360,3,0
30.275,t2_squeezenet,145.074,41.769,2,0
30.316,t2_squeezenet,179.341,39.998,2,0
30.348,t2_squeezenet,205.947,32.551,2,0
30.392,t2_squeezenet,84.167,43.756,2,0
30.425,t2_squeezenet,100.263,32.673,1,0
30.456,t2_squeezenet,81.253,31.105,1,0
30.491,t2_squeezenet,62.906,34.807,2,0
30.535,t2_squeezenet,62.737,44.550,2,0
30.566,t2_squeezenet,79.278,30.332,2,0
30.598,t2_squeezenet,83.331,32.748,1,0
30.643,t2_squeezenet,100.207,44.743,2,0
30.685,t2_squeezenet,50.884,41.558,1,0
30.720,t2_squeezenet,80.240,35.588,0,0
30.812,t2_squeezenet,36.250,35.516,0,0
31.086,t2_squeezenet,42.779,42.206,0,0
31.188,t2_squeezenet,33.821,30.524,0,0
31.274,t2_squeezenet,48.829,45.831,0,0
31.374,t2_squeezenet,47.051,43.595,1,0
31.419,t2_squeezenet,57.466,44.983,0,0
31.495,t2_squeezenet,38.857,35.308,0,0
31.539,t2_squeezenet,44.217,39.228,0,0
31.668,t2_squeezenet,47.995,47.690,1,0
31.712,t2_squeezenet,77.691,44.107,1,0
31.742,t2_squeezenet,67.670,29.779,0,0
31.801,t2_squeezenet,29.248,29.131,0,0
31.901,t2_squeezenet,29.596,29.340,1,0
31.938,t2_squeezenet,41.920,36.417,0,0
32.027,t2_squeezenet,47.615,43.908,1,0
32.072,t2_squeezenet,90.168,44.718,0,0
32.138,t2_squeezenet,39.409,35.678,0,0
32.268,t2_squeezenet,31.805,29.186,1,0
32.298,t2_squeezenet,32.568,29.138,0,0
32.373,t2_squeezenet,32.620,30.010,0,0
32.498,t2_squeezenet,30.499,29.131,1,0
32.527,t2_squeezenet,39.243,29.168,1,0
32.561,t2_squeezenet,36.553,33.726,2,0
32.597,t2_squeezenet,63.288,36.099,2,0
32.630,t2_squeezenet,84.067,32.496,2,0
32.677,t2_squeezenet,93.096,46.795,2,0
32.731,t2_squeezenet,113.066,53.934,1,0
32.772,t2_squeezenet,124.376,41.321,2,0
32.802,t2_squeezenet,43.531,30.001,1,0
32.841,t2_squeezenet,76.132,38.619,0,0
32.899,t2_squeezenet,43.620,43.201,0,0
33.104,t2_squeezenet,37.292,32.423,0,0
33.197,t2_squeezenet,45.793,41.969,0,0
33.279,t2_squeezenet,44.194,41.762,0,0
33.401,t2_squeezenet,31.812,31.307,0,0
33.521,t2_squeezenet,40.784,38.568,1,0
33.561,t2_squeezenet,63.237,40.598,1,0
33.605,t2_squeezenet,51.333,43.672,3,0
33.648,t2_squeezenet,80.200,42.685,2,0
33.701,t2_squeezenet,103.330,53.109,3,0
33.739,t2_squeezenet,138.021,37.654,3,0
33.782,t2_squeezenet,110.357,43.196,3,0
33.825,t2_squeezenet,153.028,43.056,4,0
33.869,t2_squeezenet,167.713,44.188,3,0
33.915,t2_squeezenet,170.957,45.304,2,0
33.954,t2_squeezenet,166.628,39.601,2,0
33.989,t2_squeezenet,168.878,34.425,2,0
34.024,t2_squeezenet,98.785,35.315,3,0
34.061,t2_squeezenet,97.047,37.246,2,0
34.105,t2_squeezenet,108.452,43.193,3,0
34.147,t2_squeezenet,129.605,42.526,2,0
34.183,t2_squeezenet,119.280,35.688,1,0
34.216,t2_squeezenet,123.730,32.681,0,0
34.298,t2_squeezenet,31.602,31.428,1,0
34.330,t2_squeezenet,59.849,31.787,1,0
34.363,t2_squeezenet,38.688,33.492,0,0
34.444,t2_squeezenet,40.526,40.347,0,0
34.538,t2_squeezenet,40.819,37.565,1,0
34.568,t2_squeezenet,65.902,30.223,1,0
34.597,t2_squeezenet,51.854,29.164,0,0
34.714,t2_squeezenet,37.346,35.915,1,0
34.744,t2_squeezenet,30.577,29.571,0,0
34.784,t2_squeezenet,32.670,30.535,0,0
34.897,t2_squeezenet,35.089,31.795,0,0
35.001,t2_squeezenet,45.045,42.749,2,0
35.042,t2_squeezenet,84.680,41.626,1,0
35.075,t2_squeezenet,116.667,32.134,0,0
35.121,t2_squeezenet,44.029,41.678,0,0
35.217,t2_squeezenet,45.210,45.006,1,0
35.258,t2_squeezenet,45.110,41.121,0,0
35.350,t2_squeezenet,36.326,36.028,0,0
35.423,t2_squeezenet,36.992,36.764,1,0
35.455,t2_squeezenet,35.532,31.921,0,0
35.543,t2_squeezenet,46.862,42.322,0,0
35.581,t2_squeezenet,36.109,33.737,1,0
35.619,t2_squeezenet,53.614,37.843,1,0
35.661,t2_squeezenet,53.568,41.954,0,0
35.778,t2_squeezenet,42.305,41.250,0,0
35.828,t2_squeezenet,47.937,44.703,0,0
35.895,t2_squeezenet,36.503,31.495,0,0
35.940,t2_squeezenet,42.125,40.114,0,0
36.075,t2_squeezenet,33.677,32.839,0,0
36.142,t2_squeezenet,38.629,37.088,1,0
36.173,t2_squeezenet,61.241,30.802,1,0
36.205,t2_squeezenet,55.504,31.898,0,0
36.362,t2_squeezenet,46.130,45.220,1,0
36.402,t2_squeezenet,78.814,39.801,2,0
36.441,t2_squeezenet,64.109,38.988,1,0
36.471,t2_squeezenet,93.066,30.773,0,0
36.534,t2_squeezenet,36.082,32.538,0,0
36.713,t2_squeezenet,36.855,36.559,2,0
36.748,t2_squeezenet,58.600,35.382,2,0
36.782,t2_squeezenet,78.193,33.899,3,0
36.811,t2_squeezenet,92.345,29.194,4,0
36.853,t2_squeezenet,88.108,41.944,3,0
36.896,t2_squeezenet,128.016,42.475,4,0
36.940,t2_squeezenet,147.494,44.509,5,0
36.977,t2_squeezenet,172.702,36.592,4,0
37.008,t2_squeezenet,135.893,30.764,3,0
37.046,t2_squeezenet,152.353,38.195,2,0
37.088,t2_squeezenet,185.964,41.991,1,0
37.131,t2_squeezenet,198.703,43.089,1,0
37.177,t2_squeezenet,60.866,45.988,2,0
37.224,t2_squeezenet,82.984,46.580,1,0
37.266,t2_squeezenet,116.111,42.124,2,0
37.308,t2_squeezenet,78.425,42.345,1,0
37.347,t2_squeezenet,110.521,38.896,0,0
37.414,t2_squeezenet,33.640,30.945,1,0
37.449,t2_squeezenet,57.434,35.204,0,0
37.542,t2_squeezenet,36.556,32.159,0,0
37.670,t2_squeezenet,43.341,42.243,0,0
37.800,t2_squeezenet,29.404,29.205,0,0
37.841,t2_squeezenet,37.585,36.126,0,0
37.972,t2_squeezenet,33.861,29.391,2,0
38.001,t2_squeezenet,52.556,29.123,2,0
38.030,t2_squeezenet,73.350,29.107,2,0
38.059,t2_squeezenet,73.066,29.134,1,0
38.089,t2_squeezenet,79.509,29.134,1,0
38.120,t2_squeezenet,51.933,31.772,0,0
38.282,t2_squeezenet,40.021,34.983,5,0
38.326,t2_squeezenet,84.110,44.436,4,0
38.372,t2_squeezenet,122.506,46.171,3,0
38.410,t2_squeezenet,150.368,37.019,3,0
38.444,t2_squeezenet,180.073,34.469,3,0
38.479,t2_squeezenet,209.464,34.582,2,0
38.512,t2_squeezenet,138.101,33.018,2,0
38.541,t2_squeezenet,125.746,29.139,1,0
38.579,t2_squeezenet,73.205,38.580,0,0
38.710,t2_squeezenet,56.238,54.985,3,0
38.755,t2_squeezenet,79.276,44.656,2,0
38.790,t2_squeezenet,110.233,35.349,1,0
38.828,t2_squeezenet,120.438,37.664,0,0
39.050,t2_squeezenet,47.604,44.339,0,0
39.177,t2_squeezenet,44.532,40.993,0,0
39.225,t2_squeezenet,46.324,42.496,2,0
39.270,t2_squeezenet,65.036,44.803,2,0
39.316,t2_squeezenet,105.580,46.597,3,0
39.362,t2_squeezenet,113.630,45.366,3,0
39.403,t2_squeezenet,122.066,41.323,4,0
39.440,t2_squeezenet,154.098,37.009,3,0
39.485,t2_squeezenet,163.689,45.307,2,0
39.531,t2_squeezenet,157.339,45.842,2,0
39.573,t2_squeezenet,198.140,41.683,1,0
39.608,t2_squeezenet,76.928,35.084,1,0
39.640,t2_squeezenet,40.070,32.139,0,0
39.705,t2_squeezenet,29.644,29.615,0,0
39.910,t2_squeezenet,33.986,32.824,0,0
39.971,t2_squeezenet,34.793,31.105,0,0
40.293,t2_squeezenet,36.630,32.637,0,0
40.345,t2_squeezenet,33.742,32.516,1,0
40.378,t2_squeezenet,62.248,32.391,0,0
40.466,t2_squeezenet,47.180,42.139,0,0
40.564,t2_squeezenet,35.307,32.368,0,0
40.671,t2_squeezenet,38.778,36.381,0,0
40.718,t2_squeezenet,44.992,41.098,0,0
41.123,t2_squeezenet,35.579,31.220,1,0
41.153,t2_squeezenet,40.890,29.114,1,0
41.182,t2_squeezenet,33.015,29.247,0,0
41.228,t2_squeezenet,35.838,31.171,0,0
41.293,t2_squeezenet,44.104,39.361,1,0
41.339,t2_squeezenet,73.353,46.110,0,0
41.407,t2_squeezenet,47.290,42.493,1,0
41.440,t2_squeezenet,39.186,32.604,4,0
41.472,t2_squeezenet,52.497,32.419,5,0
41.519,t2_squeezenet,94.967,46.971,5,0
41.563,t2_squeezenet,137.272,43.725,5,0
41.606,t2_squeezenet,176.224,43.286,4,0
41.641,t2_squeezenet,191.716,34.636,3,0
41.674,t2_squeezenet,219.190,33.535,2,0
41.710,t2_squeezenet,209.894,35.205,1,0
41.742,t2_squeezenet,222.131,32.565,1,0
41.775,t2_squeezenet,35.262,32.600,0,0
41.921,t2_squeezenet,39.084,34.663,0,0
42.005,t2_squeezenet,37.038,33.284,1,0
42.036,t2_squeezenet,32.638,31.728,0,0
42.086,t2_squeezenet,35.163,34.563,0,0
42.208,t2_squeezenet,39.955,35.880,1,0
42.244,t2_squeezenet,55.939,35.909,1,0
42.274,t2_squeezenet,53.433,29.829,1,0
42.303,t2_squeezenet,54.846,29.181,0,0
42.383,t2_squeezenet,30.427,29.396,1,0
42.414,t2_squeezenet,59.352,31.372,0,0
42.456,t2_squeezenet,32.133,31.315,2,0
42.497,t2_squeezenet,61.237,41.534,1,0
42.543,t2_squeezenet,92.839,45.864,0,0
42.662,t2_squeezenet,37.353,32.493,1,0
42.697,t2_squeezenet,56.718,35.318,0,0
42.845,t2_squeezenet,50.111,46.283,0,0
42.901,t2_squeezenet,35.408,31.174,0,0
43.087,t2_squeezenet,35.739,34.322,1,0
43.129,t2_squeezenet,62.622,41.774,3,0
43.160,t2_squeezenet,43.716,30.975,4,0
43.190,t2_squeezenet,64.473,30.407,3,0
43.233,t2_squeezenet,106.031,42.541,4,0
43.277,t2_squeezenet,132.877,43.430,5,0
43.315,t2_squeezenet,168.412,38.311,4,0
43.345,t2_squeezenet,142.168,29.947,3,0
43.381,t2_squeezenet,164.797,36.169,3,0
43.417,t2_squeezenet,176.815,36.180,3,0
43.452,t2_squeezenet,184.817,34.848,2,0
43.483,t2_squeezenet,119.190,30.370,2,0
43.512,t2_squeezenet,114.170,29.238,2,0
43.541,t2_squeezenet,62.214,29.134,3,0
43.570,t2_squeezenet,83.219,29.133,2,0
43.599,t2_squeezenet,87.003,29.150,1,0
43.628,t2_squeezenet,105.906,29.140,1,0
43.658,t2_squeezenet,47.405,29.126,0,0
43.728,t2_squeezenet,39.011,34.658,1,0
43.763,t2_squeezenet,69.221,35.398,0,0
43.825,t2_squeezenet,45.241,41.474,1,0
43.868,t2_squeezenet,52.353,43.039,0,0
44.016,t2_squeezenet,37.527,36.888,0,0
44.070,t2_squeezenet,42.595,38.733,0,0
44.161,t2_squeezenet,50.371,45.330,2,0
44.195,t2_squeezenet,51.732,34.220,1,0
44.226,t2_squeezenet,73.068,30.944,1,0
44.261,t2_squeezenet,39.739,34.931,0,0
44.392,t2_squeezenet,33.795,29.330,3,0
44.421,t2_squeezenet,54.848,29.126,2,0
44.450,t2_squeezenet,73.609,29.084,1,0
44.479,t2_squeezenet,93.452,29.153,1,0
44.513,t2_squeezenet,58.406,33.915,0,0
44.597,t2_squeezenet,37.364,33.324,0,0
44.693,t2_squeezenet,34.303,30.262,0,0
44.839,t2_squeezenet,32.499,29.236,0,0
45.033,t2_squeezenet,45.204,42.272,1,0
45.067,t2_squeezenet,65.814,34.047,0,0
45.285,t2_squeezenet,39.560,35.674,0,0
45.362,t2_squeezenet,42.765,42.347,2,0
45.404,t2_squeezenet,83.655,42.027,2,0
45.445,t2_squeezenet,87.925,40.571,2,0
45.483,t2_squeezenet,115.299,37.913,4,0
45.525,t2_squeezenet,98.253,42.106,3,0
45.568,t2_squeezenet,119.076,42.533,2,0
45.611,t2_squeezenet,150.764,43.550,1,0
45.650,t2_squeezenet,188.709,38.796,1,0
45.695,t2_squeezenet,56.231,44.377,1,0
45.728,t2_squeezenet,76.209,33.210,0,0
45.783,t2_squeezenet,30.408,29.293,2,0
45.812,t2_squeezenet,55.847,29.176,1,0
45.841,t2_squeezenet,71.916,29.197,0,0
45.926,t2_squeezenet,35.662,34.847,0,0
45.996,t2_squeezenet,33.838,29.129,0,0
46.030,t2_squeezenet,32.696,29.123,1,0
46.059,t2_squeezenet,48.840,29.183,0,0
46.169,t2_squeezenet,33.993,29.174,0,0
46.301,t2_squeezenet,31.407,30.230,0,0
46.339,t2_squeezenet,36.316,32.777,1,0
46.368,t2_squeezenet,32.892,29.158,0,0
46.451,t2_squeezenet,38.473,37.537,0,0
46.663,t2_squeezenet,31.321,30.320,0,0
46.802,t2_squeezenet,50.318,47.355,0,0
46.899,t2_squeezenet,43.895,41.624,2,0
46.942,t2_squeezenet,84.968,42.444,2,0
46.988,t2_squeezenet,106.007,45.818,3,0
47.035,t2_squeezenet,126.691,47.053,5,0
47.078,t2_squeezenet,128.785,43.212,5,0
47.121,t2_squeezenet,166.949,43.122,4,0
47.166,t2_squeezenet,156.394,44.972,5,0
47.210,t2_squeezenet,185.839,43.472,4,0
47.245,t2_squeezenet,216.541,34.760,4,0
47.274,t2_squeezenet,201.667,29.578,3,0
47.305,t2_squeezenet,161.206,31.158,3,0
47.336,t2_squeezenet,176.262,30.920,2,0
47.378,t2_squeezenet,137.120,41.915,3,0
47.415,t2_squeezenet,136.798,37.018,2,0
47.453,t2_squeezenet,115.471,37.596,1,0
47.483,t2_squeezenet,143.570,30.055,1,0
47.518,t2_squeezenet,63.457,34.696,1,0
47.556,t2_squeezenet,64.382,38.067,0,0
47.662,t2_squeezenet,34.813,30.406,1,0
47.702,t2_squeezenet,39.981,39.840,1,0
47.734,t2_squeezenet,56.712,31.575,0,0
47.785,t2_squeezenet,31.651,31.386,1,0
47.825,t2_squeezenet,47.005,39.902,1,0
47.871,t2_squeezenet,49.560,45.851,0,0
47.949,t2_squeezenet,40.806,36.858,1,0
47.981,t2_squeezenet,61.892,32.234,0,0
48.057,t2_squeezenet,40.315,35.638,1,0
48.088,t2_squeezenet,54.215,30.966,1,0
48.121,t2_squeezenet,49.558,32.246,1,0
48.164,t2_squeezenet,73.433,43.169,1,0
48.207,t2_squeezenet,71.640,43.055,0,0
48.308,t2_squeezenet,50.423,45.743,0,0
48.396,t2_squeezenet,44.225,41.959,2,0
48.439,t2_squeezenet,85.827,43.353,2,0
48.486,t2_squeezenet,89.833,46.174,2,0
48.531,t2_squeezenet,129.569,45.633,2,0
48.573,t2_squeezenet,113.316,41.274,1,0
48.616,t2_squeezenet,100.626,42.931,2,0
48.660,t2_squeezenet,77.664,43.905,1,0
48.715,t2_squeezenet,125.463,55.671,4,0
48.753,t2_squeezenet,92.017,37.922,3,0
48.795,t2_squeezenet,131.416,41.722,2,0
48.838,t2_squeezenet,169.673,43.045,1,0
48.876,t2_squeezenet,200.789,38.227,1,0
48.922,t2_squeezenet,74.798,45.699,0,0
49.044,t2_squeezenet,47.524,45.597,0,0
49.121,t2_squeezenet,39.293,36.199,2,0
49.157,t2_squeezenet,73.259,36.039,2,0
49.191,t2_squeezenet,82.340,34.637,2,0
49.222,t2_squeezenet,86.796,30.838,2,0
49.251,t2_squeezenet,87.644,29.140,2,0
49.283,t2_squeezenet,76.555,31.964,1,0
49.313,t2_squeezenet,70.061,29.139,0,0
49.613,t2_squeezenet,43.266,41.980,0,0
49.726,t2_squeezenet,54.712,52.696,0,0
49.795,t2_squeezenet,43.627,42.861,0,0
49.851,t2_squeezenet,50.815,46.223,1,0
49.896,t2_squeezenet,68.394,44.990,0,0
50.122,t2_squeezenet,36.581,33.201,1,0
50.168,t2_squeezenet,60.815,46.766,1,0
50.214,t2_squeezenet,58.285,45.209,1,0
50.254,t2_squeezenet,56.219,40.646,2,0
50.292,t2_squeezenet,52.972,37.791,1,0
50.324,t2_squeezenet,76.617,31.940,1,0
50.356,t2_squeezenet,36.843,32.285,1,0
50.400,t2_squeezenet,66.500,43.925,1,0
50.434,t2_squeezenet,50.700,33.145,2,0
50.466,t2_squeezenet,63.585,32.018,1,0
50.501,t2_squeezenet,95.123,35.214,0,0
50.567,t2_squeezenet,39.680,35.719,0,0
50.642,t2_squeezenet,42.343,39.444,0,0
50.698,t2_squeezenet,37.736,35.803,0,0
50.829,t2_squeezenet,35.517,34.982,2,0
50.864,t2_squeezenet,56.718,35.173,1,0
50.899,t2_squeezenet,71.583,34.309,0,0
51.024,t2_squeezenet,31.267,29.112,0,0
51.081,t2_squeezenet,38.060,36.465,0,0
51.169,t2_squeezenet,35.201,32.376,1,0
51.201,t2_squeezenet,35.526,32.602,0,0
51.287,t2_squeezenet,31.698,30.357,1,0
51.328,t2_squeezenet,61.031,40.998,2,0
51.379,t2_squeezenet,75.510,50.880,1,0
51.425,t2_squeezenet,102.969,45.823,0,0
51.482,t2_squeezenet,44.991,41.611,1,0
51.522,t2_squeezenet,58.118,39.833,0,0
51.592,t2_squeezenet,46.106,44.762,1,0
51.632,t2_squeezenet,64.383,39.990,3,0
51.688,t2_squeezenet,91.052,55.736,5,0
51.732,t2_squeezenet,112.644,43.948,4,0
51.777,t2_squeezenet,150.445,44.826,4,0
51.823,t2_squeezenet,179.407,46.360,4,0
51.867,t2_squeezenet,211.774,43.978,3,0
51.915,t2_squeezenet,258.397,48.151,2,0
51.959,t2_squeezenet,201.946,43.384,1,0
52.010,t2_squeezenet,207.623,51.370,0,0
52.183,t2_squeezenet,43.663,40.936,2,0
52.220,t2_squeezenet,79.881,36.965,1,0
52.260,t2_squeezenet,112.180,40.161,0,0
52.340,t2_squeezenet,38.650,34.588,1,0
52.369,t2_squeezenet,66.001,29.249,0,0
52.534,t2_squeezenet,44.346,43.355,2,0
52.576,t2_squeezenet,54.020,41.327,2,0
52.618,t2_squeezenet,90.586,41.922,1,0
52.663,t2_squeezenet,111.892,45.757,2,0
52.719,t2_squeezenet,95.486,55.849,3,0
52.754,t2_squeezenet,104.742,35.053,2,0
52.789,t2_squeezenet,122.451,34.338,1,0
52.821,t2_squeezenet,110.303,32.773,0,0
52.913,t2_squeezenet,36.687,35.407,1,0
52.944,t2_squeezenet,60.294,31.463,2,0
52.982,t2_squeezenet,61.713,38.364,1,0
53.018,t2_squeezenet,93.596,35.302,1,0
53.053,t2_squeezenet,53.001,35.156,1,0
53.094,t2_squeezenet,63.065,40.655,1,0
53.133,t2_squeezenet,44.347,39.377,2,0
53.178,t2_squeezenet,65.026,44.574,1,0
53.209,t2_squeezenet,89.228,31.270,0,0
53.284,t2_squeezenet,42.513,39.731,1,0
53.319,t2_squeezenet,59.982,34.406,0,0
53.400,t2_squeezenet,38.763,35.407,1,0
53.434,t2_squeezenet,38.815,34.363,0,0
53.513,t2_squeezenet,38.532,33.620,2,0
53.546,t2_squeezenet,52.186,32.604,2,0
53.581,t2_squeezenet,75.408,35.422,1,0
53.611,t2_squeezenet,93.296,29.939,1,0
53.640,t2_squeezenet,57.122,29.133,1,0
53.677,t2_squeezenet,51.900,36.240,1,0
53.706,t2_squeezenet,38.610,29.845,1,0
53.737,t2_squeezenet,47.892,30.940,0,0
53.825,t2_squeezenet,33.134,31.677,1,0
53.856,t2_squeezenet,50.220,31.366,0,0
54.066,t2_squeezenet,36.377,32.529,1,0
54.097,t2_squeezenet,41.847,30.902,2,0
54.129,t2_squeezenet,58.929,32.127,1,0
54.176,t2_squeezenet,103.031,47.531,0,0
54.286,t2_squeezenet,30.006,29.212,0,0
54.448,t2_squeezenet,36.061,35.486,1,0
54.483,t2_squeezenet,54.701,34.781,1,0
54.517,t2_squeezenet,52.981,34.011,0,0
54.653,t2_squeezenet,29.922,29.157,0,0
54.712,t2_squeezenet,31.796,29.370,0,0
54.930,t2_squeezenet,39.424,35.908,1,0
54.967,t2_squeezenet,57.090,36.122,0,0
55.031,t2_squeezenet,38.820,34.542,0,0
55.161,t2_squeezenet,35.357,32.996,0,0
55.230,t2_squeezenet,33.881,29.180,0,0
55.327,t2_squeezenet,35.177,30.855,0,0
55.400,t2_squeezenet,46.870,43.259,3,0
55.439,t2_squeezenet,82.819,38.906,2,0
55.474,t2_squeezenet,108.498,34.505,2,0
55.509,t2_squeezenet,122.288,34.657,1,0
55.541,t2_squeezenet,83.519,32.525,0,0
55.691,t2_squeezenet,37.706,33.831,0,0
55.784,t2_squeezenet,44.295,41.839,0,0
55.825,t2_squeezenet,33.204,30.902,1,0
55.857,t2_squeezenet,53.203,32.135,0,0
55.909,t2_squeezenet,35.502,31.429,0,0
55.973,t2_squeezenet,30.562,29.118,1,0
56.003,t2_squeezenet,34.952,30.048,0,0
56.046,t2_squeezenet,34.035,32.016,0,0
56.101,t2_squeezenet,38.393,35.579,2,0
56.137,t2_squeezenet,49.652,35.778,1,0
56.175,t2_squeezenet,81.009,37.392,0,0
56.209,t2_squeezenet,29.977,29.226,1,0
56.238,t2_squeezenet,46.530,29.114,0,0
56.315,t2_squeezenet,31.033,30.971,0,0
56.397,t2_squeezenet,35.459,31.574,0,0
56.507,t2_squeezenet,34.136,29.150,1,0
56.536,t2_squeezenet,48.581,29.287,0,0
56.605,t2_squeezenet,37.114,33.105,0,0
56.646,t2_squeezenet,36.902,35.739,0,0
56.770,t2_squeezenet,33.797,33.436,2,0
56.811,t2_squeezenet,51.697,40.458,1,0
56.853,t2_squeezenet,92.251,41.954,0,0
56.973,t2_squeezenet,33.014,29.196,0,0
57.032,t2_squeezenet,31.236,29.155,0,0
57.077,t2_squeezenet,36.124,34.024,0,0
57.147,t2_squeezenet,39.374,34.959,0,0
57.192,t2_squeezenet,37.823,34.825,0,0
57.252,t2_squeezenet,39.802,39.566,1,0
57.294,t2_squeezenet,66.538,42.370,0,0
57.426,t2_squeezenet,37.993,35.883,0,0
57.523,t2_squeezenet,44.265,40.637,0,0
57.624,t2_squeezenet,39.110,35.440,0,0
57.713,t2_squeezenet,38.787,38.243,1,0
57.749,t2_squeezenet,64.854,35.769,0,0
57.884,t2_squeezenet,31.426,29.299,1,0
57.913,t2_squeezenet,60.558,29.203,0,0
58.003,t2_squeezenet,33.009,29.146,0,0
58.144,t2_squeezenet,42.464,39.598,0,0
58.186,t2_squeezenet,34.276,32.039,1,0
58.215,t2_squeezenet,32.887,29.119,0,0
58.351,t2_squeezenet,30.451,29.307,1,0
58.387,t2_squeezenet,44.725,35.890,1,0
58.417,t2_squeezenet,33.397,30.291,0,0
58.463,t2_squeezenet,31.694,30.751,1,0
58.494,t2_squeezenet,53.975,31.254,0,0
58.781,t2_squeezenet,33.349,29.228,1,0
58.815,t2_squeezenet,64.843,33.128,0,0
58.874,t2_squeezenet,31.944,29.407,3,0
58.908,t2_squeezenet,63.527,34.064,3,0
58.943,t2_squeezenet,77.609,34.532,2,0
58.977,t2_squeezenet,104.102,34.334,1,0
59.012,t2_squeezenet,125.928,34.258,0,0
59.070,t2_squeezenet,38.865,38.516,1,0
59.104,t2_squeezenet,36.389,33.553,0,0
59.145,t2_squeezenet,34.672,31.216,0,0
59.264,t2_squeezenet,42.099,37.266,0,0
59.326,t2_squeezenet,35.364,32.336,1,0
59.359,t2_squeezenet,51.447,32.187,1,0
59.389,t2_squeezenet,53.715,30.755,1,0
59.420,t2_squeezenet,52.858,30.874,1,0
59.462,t2_squeezenet,58.848,41.894,1,0
59.512,t2_squeezenet,63.843,49.306,1,0
59.549,t2_squeezenet,84.742,37.559,0,0
59.604,t2_squeezenet,41.630,40.111,2,0
59.647,t2_squeezenet,78.023,42.106,1,0
59.699,t2_squeezenet,111.099,52.548,0,0
59.767,t2_squeezenet,43.281,42.373,0,0
59.842,t2_squeezenet,30.138,29.166,1,0
59.871,t2_squeezenet,41.419,29.179,1,0
59.904,t2_squeezenet,58.677,33.196,1,0
59.936,t2_squeezenet,32.740,32.318,2,0
59.966,t2_squeezenet,42.553,29.126,2,0
59.995,t2_squeezenet,69.754,29.137,1,0
60.024,t2_squeezenet,70.057,29.167,0,0
60.089,t2_squeezenet,36.927,34.354,0,0
60.144,t2_squeezenet,33.222,29.992,1,0
60.173,t2_squeezenet,45.150,29.105,1,0
60.202,t2_squeezenet,48.107,29.107,1,0
60.231,t2_squeezenet,38.495,29.139,0,0
60.276,t2_squeezenet,33.016,29.146,3,0
60.305,t2_squeezenet,47.267,29.096,2,0
60.334,t2_squeezenet,70.828,29.150,1,0
60.363,t2_squeezenet,98.182,29.161,0,0
60.420,t2_squeezenet,32.185,31.366,0,0
60.466,t2_squeezenet,35.155,30.756,2,0
60.501,t2_squeezenet,47.490,35.296,1,0
60.531,t2_squeezenet,70.565,30.357,0,0
60.590,t2_squeezenet,34.622,33.415,1,0
60.627,t2_squeezenet,59.705,37.165,1,0
60.668,t2_squeezenet,45.209,40.185,1,0
60.725,t2_squeezenet,92.996,57.552,0,0
60.985,t2_squeezenet,35.676,32.468,0,0
61.053,t2_squeezenet,46.412,42.437,0,0
61.155,t2_squeezenet,47.319,45.997,1,0
61.201,t2_squeezenet,64.613,46.089,1,0
61.242,t2_squeezenet,79.810,40.733,2,0
61.281,t2_squeezenet,76.261,39.247,2,0
61.325,t2_squeezenet,85.851,43.487,3,0
61.376,t2_squeezenet,122.861,50.897,2,0
61.418,t2_squeezenet,123.828,42.283,3,0
61.461,t2_squeezenet,165.964,43.154,2,0
61.509,t2_squeezenet,97.263,47.338,1,0
61.551,t2_squeezenet,137.291,42.678,1,0
61.597,t2_squeezenet,58.071,45.838,1,0
61.637,t2_squeezenet,53.603,39.966,1,0
61.687,t2_squeezenet,78.972,50.152,0,0
61.757,t2_squeezenet,44.612,44.247,0,0
61.802,t2_squeezenet,30.773,29.186,2,0
61.834,t2_squeezenet,59.221,32.749,2,0
61.875,t2_squeezenet,94.395,40.203,1,0
61.912,t2_squeezenet,102.751,37.732,1,0
61.954,t2_squeezenet,50.534,41.791,0,0
62.129,t2_squeezenet,47.402,43.228,2,0
62.175,t2_squeezenet,82.577,46.340,1,0
62.219,t2_squeezenet,122.009,43.849,1,0
62.262,t2_squeezenet,50.237,42.508,0,0
62.367,t2_squeezenet,47.956,44.642,0,0
62.489,t2_squeezenet,49.663,45.797,1,0
62.533,t2_squeezenet,65.419,43.453,0,0
62.593,t2_squeezenet,42.670,39.503,1,0
62.623,t2_squeezenet,45.020,30.804,0,0
62.749,t2_squeezenet,31.571,29.274,0,0
62.815,t2_squeezenet,36.431,35.343,0,0
62.889,t2_squeezenet,32.691,29.417,0,0
63.084,t2_squeezenet,40.374,37.512,0,0
63.554,t2_squeezenet,35.160,34.339,1,0
63.586,t2_squeezenet,43.794,32.140,0,0
63.664,t2_squeezenet,34.813,32.908,0,0
63.728,t2_squeezenet,46.278,43.598,1,0
63.771,t2_squeezenet,60.972,43.082,0,0
63.825,t2_squeezenet,43.992,43.911,0,0
63.880,t2_squeezenet,43.705,39.515,2,0
63.915,t2_squeezenet,61.109,35.192,1,0
63.949,t2_squeezenet,70.707,33.869,0,0
64.020,t2_squeezenet,34.837,30.292,0,0
64.075,t2_squeezenet,37.396,35.064,0,0
64.238,t2_squeezenet,33.267,31.620,1,0
64.272,t2_squeezenet,63.841,33.705,2,0
64.308,t2_squeezenet,64.106,35.802,1,0
64.339,t2_squeezenet,89.730,30.894,0,0
64.403,t2_squeezenet,42.689,39.105,2,0
64.445,t2_squeezenet,67.711,41.395,2,0
64.491,t2_squeezenet,94.226,46.394,1,0
64.531,t2_squeezenet,87.153,39.571,1,0
64.581,t2_squeezenet,85.914,50.193,0,0
64.732,t2_squeezenet,30.836,29.347,1,0
64.761,t2_squeezenet,46.948,29.134,2,0
64.790,t2_squeezenet,52.670,29.148,2,0
64.819,t2_squeezenet,81.222,29.137,1,0
64.849,t2_squeezenet,60.759,29.286,0,0
64.898,t2_squeezenet,30.487,29.306,2,0
64.927,t2_squeezenet,53.671,29.197,1,0
64.956,t2_squeezenet,58.571,29.143,1,0
64.986,t2_squeezenet,46.650,29.115,1,0
65.019,t2_squeezenet,55.673,33.113,0,0
65.064,t2_squeezenet,32.101,30.227,1,0
65.098,t2_squeezenet,57.965,34.276,0,0
65.234,t2_squeezenet,40.497,39.750,4,0
65.278,t2_squeezenet,83.739,43.741,3,0
65.310,t2_squeezenet,106.512,31.995,3,0
65.356,t2_squeezenet,135.963,45.675,2,0
65.400,t2_squeezenet,176.327,43.895,1,0
65.444,t2_squeezenet,150.514,43.670,1,0
65.479,t2_squeezenet,79.015,35.374,0,0
65.619,t2_squeezenet,29.447,29.157,0,0
65.698,t2_squeezenet,37.557,33.245,2,0
65.730,t2_squeezenet,57.875,31.298,2,0
65.762,t2_squeezenet,76.371,32.437,2,0
65.797,t2_squeezenet,78.398,34.758,2,0
65.830,t2_squeezenet,84.184,32.687,2,0
65.859,t2_squeezenet,83.353,29.140,1,0
65.888,t2_squeezenet,80.185,29.136,1,0
65.922,t2_squeezenet,61.733,34.001,0,0
65.972,t2_squeezenet,36.754,35.301,0,0
66.020,t2_squeezenet,33.895,32.565,2,0
66.049,t2_squeezenet,51.653,29.304,3,0
66.084,t2_squeezenet,72.011,34.152,2,0
66.119,t2_squeezenet,76.432,35.163,1,0
66.154,t2_squeezenet,111.010,35.409,0,0
66.316,t2_squeezenet,37.664,35.461,1,0
66.351,t2_squeezenet,72.032,35.337,0,0
66.406,t2_squeezenet,30.895,29.153,0,0
66.508,t2_squeezenet,38.021,36.058,1,0
66.543,t2_squeezenet,39.603,35.033,0,0
66.588,t2_squeezenet,36.411,34.698,0,0
66.669,t2_squeezenet,38.447,35.928,4,0
66.704,t2_squeezenet,67.866,34.285,4,0
66.739,t2_squeezenet,92.675,35.642,6,0
66.773,t2_squeezenet,119.970,33.957,5,0
66.805,t2_squeezenet,147.694,31.808,5,0
66.834,t2_squeezenet,153.013,29.204,4,0
66.868,t2_squeezenet,152.606,34.195,3,0
66.903,t2_squeezenet,176.455,34.225,2,0
66.935,t2_squeezenet,208.373,32.281,1,0
66.964,t2_squeezenet,161.280,29.295,1,0
66.995,t2_squeezenet,39.705,30.141,1,0
67.030,t2_squeezenet,56.990,35.705,0,0
67.078,t2_squeezenet,34.669,32.083,1,0
67.107,t2_squeezenet,61.210,29.184,0,0
67.141,t2_squeezenet,32.027,29.176,1,0
67.170,t2_squeezenet,47.483,29.101,2,0
67.199,t2_squeezenet,37.640,29.131,2,0
67.228,t2_squeezenet,58.416,29.147,1,0
67.260,t2_squeezenet,67.271,31.813,1,0
67.300,t2_squeezenet,45.579,39.325,0,0
67.428,t2_squeezenet,32.199,31.960,1,0
67.467,t2_squeezenet,41.379,39.064,0,0
67.525,t2_squeezenet,33.332,32.251,1,0
67.558,t2_squeezenet,35.119,33.818,1,0
67.601,t2_squeezenet,64.857,42.816,1,0
67.644,t2_squeezenet,55.218,42.888,1,0
67.694,t2_squeezenet,60.335,49.404,2,0
67.747,t2_squeezenet,67.139,53.652,3,0
67.791,t2_squeezenet,104.510,43.388,2,0
67.834,t2_squeezenet,110.670,42.864,2,0
67.877,t2_squeezenet,135.853,43.484,1,0
67.916,t2_squeezenet,122.136,38.745,1,0
67.948,t2_squeezenet,65.788,31.758,2,0
67.990,t2_squeezenet,66.548,41.810,1,0
68.024,t2_squeezenet,90.894,34.242,1,0
68.056,t2_squeezenet,49.218,32.414,1,0
68.097,t2_squeezenet,43.358,40.879,0,0
68.150,t2_squeezenet,44.951,42.302,1,0
68.194,t2_squeezenet,65.675,43.973,2,0
68.231,t2_squeezenet,58.888,36.943,1,0
68.262,t2_squeezenet,78.303,31.654,0,0
68.325,t2_squeezenet,41.017,37.217,0,0
68.423,t2_squeezenet,35.232,32.178,1,0
68.456,t2_squeezenet,36.842,32.641,1,0
68.485,t2_squeezenet,47.700,29.212,0,0
68.690,t2_squeezenet,33.996,33.353,0,0
68.730,t2_squeezenet,30.856,29.184,0,0
68.814,t2_squeezenet,32.682,29.229,0,0
68.921,t2_squeezenet,45.162,40.714,0,0
69.043,t2_squeezenet,36.198,35.894,1,0
69.079,t2_squeezenet,48.112,35.962,2,0
69.109,t2_squeezenet,51.282,30.575,2,0
69.145,t2_squeezenet,84.167,35.748,1,0
69.180,t2_squeezenet,75.336,34.691,0,0
69.326,t2_squeezenet,37.156,35.151,2,0
69.361,t2_squeezenet,70.086,34.505,2,0
69.403,t2_squeezenet,107.646,42.121,1,0
69.444,t2_squeezenet,84.930,41.329,0,0
69.662,t2_squeezenet,50.861,46.063,0,0
69.809,t2_squeezenet,38.070,35.352,0,0
69.874,t2_squeezenet,29.846,29.190,0,0
70.072,t2_squeezenet,33.801,31.274,1,0
70.103,t2_squeezenet,38.928,30.700,0,0
70.175,t2_squeezenet,40.916,36.622,1,0
70.216,t2_squeezenet,71.574,41.433,0,0
70.338,t2_squeezenet,46.654,46.066,0,0
70.387,t2_squeezenet,47.055,43.196,2,0
70.430,t2_squeezenet,50.096,42.989,4,0
70.468,t2_squeezenet,86.982,38.007,4,0
70.512,t2_squeezenet,115.773,44.588,4,0
70.555,t2_squeezenet,150.232,42.885,3,0
70.598,t2_squeezenet,191.183,42.297,2,0
70.643,t2_squeezenet,176.558,45.166,2,0
70.681,t2_squeezenet,200.629,38.404,2,0
70.731,t2_squeezenet,90.881,49.862,2,0
70.774,t2_squeezenet,94.843,43.000,2,0
70.808,t2_squeezenet,86.843,33.202,1,0
70.840,t2_squeezenet,80.443,32.582,0,0
70.943,t2_squeezenet,47.200,42.473,1,0
70.978,t2_squeezenet,56.463,34.913,1,0
71.010,t2_squeezenet,54.770,32.092,0,0
71.056,t2_squeezenet,33.849,30.834,2,0
71.088,t2_squeezenet,52.335,31.488,1,0
71.120,t2_squeezenet,75.650,32.043,0,0
71.222,t2_squeezenet,33.126,31.628,0,0
71.276,t2_squeezenet,34.506,33.736,0,0
71.402,t2_squeezenet,47.710,45.047,1,0
71.449,t2_squeezenet,77.741,46.904,1,0
71.488,t2_squeezenet,62.250,38.247,1,0
71.524,t2_squeezenet,67.408,35.834,0,0
71.564,t2_squeezenet,39.825,35.062,0,0
71.729,t2_squeezenet,56.696,54.161,0,0
71.811,t2_squeezenet,37.382,35.770,1,0
71.847,t2_squeezenet,59.461,36.300,0,0
71.923,t2_squeezenet,38.377,35.448,1,0
71.959,t2_squeezenet,48.454,36.056,0,0
72.010,t2_squeezenet,34.804,30.644,0,0
72.152,t2_squeezenet,33.310,30.541,1,0
72.183,t2_squeezenet,47.773,30.462,1,0
72.225,t2_squeezenet,56.036,42.344,0,0
72.292,t2_squeezenet,48.526,46.955,0,0
72.343,t2_squeezenet,35.129,35.094,3,0
72.378,t2_squeezenet,68.532,34.965,2,0
72.412,t2_squeezenet,87.412,34.470,1,0
72.447,t2_squeezenet,113.141,34.378,1,0
72.485,t2_squeezenet,43.621,38.782,0,0
72.582,t2_squeezenet,38.897,35.876,3,0
72.617,t2_squeezenet,45.334,35.033,3,0
72.652,t2_squeezenet,77.677,34.496,5,0
72.689,t2_squeezenet,113.643,37.296,5,0
72.725,t2_squeezenet,120.805,35.990,7,0
72.760,t2_squeezenet,140.299,35.193,7,0
72.795,t2_squeezenet,169.260,35.294,6,0
72.831,t2_squeezenet,189.883,35.504,5,0
72.867,t2_squeezenet,202.395,35.532,4,0
72.897,t2_squeezenet,205.184,30.666,3,0
72.927,t2_squeezenet,223.176,29.289,2,0
72.956,t2_squeezenet,242.804,29.207,2,0
72.989,t2_squeezenet,254.027,33.119,1,0
73.019,t2_squeezenet,80.029,30.474,0,0
73.156,t2_squeezenet,30.794,30.157,2,0
73.191,t2_squeezenet,46.530,35.180,3,0
73.220,t2_squeezenet,71.388,29.271,2,0
73.250,t2_squeezenet,85.905,29.126,2,0
73.287,t2_squeezenet,99.148,37.862,1,0
73.323,t2_squeezenet,88.834,35.915,1,0
73.367,t2_squeezenet,58.896,43.131,0,0
73.414,t2_squeezenet,47.035,42.788,0,0
73.510,t2_squeezenet,42.021,40.248,0,0
73.586,t2_squeezenet,37.730,34.694,0,0
73.804,t2_squeezenet,38.813,35.721,1,0
73.833,t2_squeezenet,39.619,29.176,0,0
73.872,t2_squeezenet,32.440,29.193,0,0
73.907,t2_squeezenet,33.127,30.109,1,0
73.943,t2_squeezenet,66.701,35.642,1,0
73.975,t2_squeezenet,55.250,31.984,0,0
74.047,t2_squeezenet,34.328,31.842,1,0
74.076,t2_squeezenet,35.208,29.211,1,0
74.109,t2_squeezenet,55.974,32.842,0,0
74.221,t2_squeezenet,32.803,30.895,0,0
74.419,t2_squeezenet,43.025,40.712,1,0
74.460,t2_squeezenet,70.625,40.884,0,0
74.508,t2_squeezenet,44.477,43.415,0,0
74.633,t2_squeezenet,34.788,34.101,2,0
74.669,t2_squeezenet,51.501,35.212,2,0
74.706,t2_squeezenet,72.897,37.235,1,0
74.738,t2_squeezenet,92.977,32.089,0,0
74.799,t2_squeezenet,40.837,40.466,3,0
74.840,t2_squeezenet,72.723,41.491,2,0
74.881,t2_squeezenet,89.490,41.005,1,0
74.924,t2_squeezenet,126.532,42.678,0,0
74.986,t2_squeezenet,42.912,42.191,0,0
75.064,t2_squeezenet,35.630,32.257,0,0
75.107,t2_squeezenet,36.233,32.429,0,0
75.142,t2_squeezenet,31.180,30.322,0,0
75.184,t2_squeezenet,33.883,31.507,0,0
75.232,t2_squeezenet,34.069,32.721,0,0
75.309,t2_squeezenet,45.740,42.083,2,0
75.354,t2_squeezenet,85.118,44.312,1,0
75.391,t2_squeezenet,90.517,37.378,0,0
75.442,t2_squeezenet,34.568,30.810,0,0
75.539,t2_squeezenet,47.321,45.922,1,0
75.574,t2_squeezenet,64.372,34.889,0,0
75.651,t2_squeezenet,36.090,31.768,0,0
75.736,t2_squeezenet,38.759,34.093,0,0
75.811,t2_squeezenet,41.985,40.122,1,0
75.846,t2_squeezenet,72.275,34.795,0,0
75.932,t2_squeezenet,50.300,45.248,1,0
75.967,t2_squeezenet,53.238,35.263,3,0
75.997,t2_squeezenet,37.651,30.087,3,0
76.033,t2_squeezenet,69.870,35.831,2,0
76.063,t2_squeezenet,96.142,29.501,2,0
76.092,t2_squeezenet,96.234,29.211,2,0
76.121,t2_squeezenet,59.663,29.150,1,0
76.156,t2_squeezenet,69.049,34.562,0,0
76.201,t2_squeezenet,37.753,35.601,0,0
76.276,t2_squeezenet,37.354,34.221,0,0
76.377,t2_squeezenet,36.381,34.812,1,0
76.411,t2_squeezenet,49.283,34.427,1,0
76.446,t2_squeezenet,47.488,34.341,1,0
76.484,t2_squeezenet,51.483,38.510,0,0
76.531,t2_squeezenet,33.507,31.662,0,0
76.613,t2_squeezenet,40.144,36.949,0,0
76.671,t2_squeezenet,39.526,36.733,1,0
76.708,t2_squeezenet,42.080,37.367,2,0
76.748,t2_squeezenet,62.006,40.022,1,0
76.780,t2_squeezenet,89.320,32.349,0,0
76.987,t2_squeezenet,34.237,29.226,1,0
77.016,t2_squeezenet,52.986,29.202,0,0
77.185,t2_squeezenet,46.318,42.878,0,0
77.490,t2_squeezenet,31.397,31.052,1,0
77.523,t2_squeezenet,38.819,33.115,0,0
77.642,t2_squeezenet,47.907,43.100,0,0
77.704,t2_squeezenet,43.193,41.547,0,0
77.777,t2_squeezenet,35.903,32.517,1,0
77.809,t2_squeezenet,41.574,31.900,0,0
77.881,t2_squeezenet,35.366,31.607,0,0
77.974,t2_squeezenet,32.466,32.299,1,0
78.007,t2_squeezenet,52.009,32.747,0,0
78.190,t2_squeezenet,40.222,36.100,0,0
78.372,t2_squeezenet,40.623,35.955,0,0
78.432,t2_squeezenet,37.567,34.466,0,0
78.524,t2_squeezenet,31.210,31.105,1,0
78.553,t2_squeezenet,30.730,29.116,0,0
78.771,t2_squeezenet,36.388,35.905,1,0
78.800,t2_squeezenet,49.265,29.511,0,0
78.978,t2_squeezenet,41.412,36.416,1,0
79.022,t2_squeezenet,71.475,43.437,3,0
79.055,t2_squeezenet,61.840,33.265,4,0
79.095,t2_squeezenet,93.510,39.678,4,0
79.139,t2_squeezenet,131.000,44.214,3,0
79.181,t2_squeezenet,134.332,41.948,2,0
79.217,t2_squeezenet,166.319,36.018,3,0
79.253,t2_squeezenet,161.629,36.094,3,0
79.286,t2_squeezenet,93.187,32.717,4,0
79.315,t2_squeezenet,119.442,29.145,4,0
79.344,t2_squeezenet,125.749,29.162,3,0
79.377,t2_squeezenet,98.857,33.194,2,0
79.412,t2_squeezenet,133.116,34.408,1,0
79.441,t2_squeezenet,138.702,29.187,2,0
79.470,t2_squeezenet,47.020,29.140,3,0
79.502,t2_squeezenet,70.459,31.905,3,0
79.531,t2_squeezenet,71.341,29.121,3,0
79.561,t2_squeezenet,93.437,29.158,2,0
79.593,t2_squeezenet,91.061,31.924,2,0
79.622,t2_squeezenet,96.889,29.126,1,0
79.651,t2_squeezenet,82.905,29.219,2,0
79.684,t2_squeezenet,50.486,32.648,1,0
79.713,t2_squeezenet,78.536,29.315,0,0
79.747,t2_squeezenet,30.210,29.151,1,0
79.787,t2_squeezenet,49.399,40.126,1,0
79.830,t2_squeezenet,48.632,42.300,2,0
79.867,t2_squeezenet,65.106,37.334,1,0
79.912,t2_squeezenet,97.327,45.310,3,0
79.950,t2_squeezenet,52.325,37.416,2,0
79.987,t2_squeezenet,85.309,37.627,1,0
80.029,t2_squeezenet,126.102,41.849,1,0
80.078,t2_squeezenet,85.445,48.719,1,0
80.121,t2_squeezenet,83.233,42.358,0,0
80.203,t2_squeezenet,31.942,31.791,0,0
80.238,t2_squeezenet,32.469,30.012,0,0
80.417,t2_squeezenet,46.453,41.866,0,0
80.479,t2_squeezenet,43.751,42.079,0,0
80.535,t2_squeezenet,48.392,45.659,0,0
80.628,t2_squeezenet,42.159,41.879,3,0
80.673,t2_squeezenet,74.699,44.855,3,0
80.724,t2_squeezenet,117.161,51.652,3,0
80.760,t2_squeezenet,138.847,35.897,3,0
80.797,t2_squeezenet,149.414,37.031,2,0
80.840,t2_squeezenet,151.981,42.622,1,0
80.886,t2_squeezenet,137.549,46.412,1,0
80.922,t2_squeezenet,70.515,35.717,2,0
80.955,t2_squeezenet,66.577,32.414,2,0
80.987,t2_squeezenet,84.676,31.993,2,0
81.020,t2_squeezenet,87.109,33.716,3,0
81.055,t2_squeezenet,83.977,34.946,5,0
81.091,t2_squeezenet,95.818,35.526,5,0
81.120,t2_squeezenet,104.472,29.200,5,0
81.149,t2_squeezenet,104.426,29.137,4,0
81.193,t2_squeezenet,144.436,43.213,3,0
81.231,t2_squeezenet,180.356,38.501,3,0
81.278,t2_squeezenet,217.339,47.117,2,0
81.323,t2_squeezenet,229.408,44.523,1,0
81.362,t2_squeezenet,149.156,39.371,1,0
81.400,t2_squeezenet,57.135,37.986,0,0
81.453,t2_squeezenet,44.451,42.451,0,0
81.638,t2_squeezenet,34.677,32.808,1,0
81.671,t2_squeezenet,33.779,33.156,0,0
81.747,t2_squeezenet,47.628,45.734,0,0
81.805,t2_squeezenet,37.332,32.701,1,0
81.851,t2_squeezenet,60.597,45.265,1,0
81.886,t2_squeezenet,42.637,34.862,0,0
81.934,t2_squeezenet,44.424,43.194,2,0
81.976,t2_squeezenet,67.508,42.018,1,0
82.018,t2_squeezenet,87.966,42.346,0,0
82.337,t2_squeezenet,37.815,34.950,0,0
82.438,t2_squeezenet,44.824,40.441,0,0
82.547,t2_squeezenet,46.092,43.660,0,0
82.627,t2_squeezenet,36.598,33.656,1,0
82.662,t2_squeezenet,65.279,35.243,1,0
82.702,t2_squeezenet,60.270,39.849,0,0
82.768,t2_squeezenet,31.147,31.024,0,0
82.838,t2_squeezenet,33.659,29.184,0,0
83.102,t2_squeezenet,40.477,36.438,1,0
83.137,t2_squeezenet,41.517,35.633,1,0
83.180,t2_squeezenet,77.283,42.773,1,0
83.222,t2_squeezenet,80.296,41.486,2,0
83.262,t2_squeezenet,75.591,39.860,4,0
83.315,t2_squeezenet,128.204,53.227,3,0
83.360,t2_squeezenet,134.702,44.696,2,0
83.405,t2_squeezenet,173.051,44.796,3,0
83.446,t2_squeezenet,191.522,41.260,4,0
83.501,t2_squeezenet,113.597,54.944,3,0
83.541,t2_squeezenet,152.790,40.139,2,0
83.586,t2_squeezenet,171.120,45.022,1,0
83.629,t2_squeezenet,202.856,42.990,0,0
83.713,t2_squeezenet,56.917,53.230,2,0
83.747,t2_squeezenet,69.328,34.411,1,0
83.781,t2_squeezenet,70.319,33.572,1,0
83.816,t2_squeezenet,64.456,35.332,1,0
83.851,t2_squeezenet,70.137,34.957,0,0
83.968,t2_squeezenet,35.530,35.503,0,0
84.106,t2_squeezenet,45.209,42.301,0,0
84.383,t2_squeezenet,31.385,29.178,1,0
84.412,t2_squeezenet,31.929,29.191,2,0
84.447,t2_squeezenet,49.964,34.358,1,0
84.480,t2_squeezenet,68.164,33.292,2,0
84.509,t2_squeezenet,42.972,29.158,2,0
84.543,t2_squeezenet,64.685,33.388,1,0
84.580,t2_squeezenet,100.146,37.866,0,0
84.662,t2_squeezenet,35.730,31.123,0,0
84.787,t2_squeezenet,41.286,38.131,0,0
84.851,t2_squeezenet,32.748,29.305,1,0
84.887,t2_squeezenet,35.697,35.478,1,0
84.921,t2_squeezenet,47.070,34.534,0,0
85.083,t2_squeezenet,37.235,35.627,2,0
85.118,t2_squeezenet,49.532,34.446,2,0
85.152,t2_squeezenet,78.317,34.275,1,0
85.196,t2_squeezenet,94.207,43.481,0,0
85.387,t2_squeezenet,42.329,39.649,2,0
85.422,t2_squeezenet,57.791,34.815,2,0
85.457,t2_squeezenet,77.449,34.586,4,0
85.500,t2_squeezenet,80.237,43.135,3,0
85.532,t2_squeezenet,100.123,32.389,2,0
85.575,t2_squeezenet,129.484,42.283,3,0
85.604,t2_squeezenet,155.692,29.172,3,0
85.636,t2_squeezenet,94.877,31.793,2,0
85.675,t2_squeezenet,103.270,39.568,2,0
85.705,t2_squeezenet,122.368,29.947,3,0
85.735,t2_squeezenet,85.424,29.338,2,0
85.766,t2_squeezenet,90.125,31.116,1,0
85.803,t2_squeezenet,101.694,37.538,0,0
85.915,t2_squeezenet,39.531,35.730,0,0
86.108,t2_squeezenet,45.885,41.515,1,0
86.151,t2_squeezenet,72.994,42.480,0,0
86.229,t2_squeezenet,47.616,42.935,0,0
86.276,t2_squeezenet,45.468,41.403,0,0
86.351,t2_squeezenet,45.850,44.113,0,0
86.417,t2_squeezenet,43.088,41.329,2,0
86.452,t2_squeezenet,62.976,34.977,1,0
86.497,t2_squeezenet,80.040,44.127,0,0
86.554,t2_squeezenet,37.485,36.808,0,0
86.675,t2_squeezenet,44.829,40.395,1,0
86.726,t2_squeezenet,64.700,50.879,1,0
86.765,t2_squeezenet,51.533,38.908,3,0
86.805,t2_squeezenet,63.297,39.503,2,0
86.849,t2_squeezenet,105.287,44.024,4,0
86.884,t2_squeezenet,138.788,34.986,3,0
86.916,t2_squeezenet,98.498,32.396,2,0
86.947,t2_squeezenet,126.400,30.787,2,0
86.991,t2_squeezenet,158.417,43.946,3,0
87.033,t2_squeezenet,93.812,42.098,3,0
87.066,t2_squeezenet,111.357,32.864,3,0
87.102,t2_squeezenet,112.636,36.175,3,0
87.134,t2_squeezenet,135.460,31.676,2,0
87.167,t2_squeezenet,127.703,33.441,1,0
87.203,t2_squeezenet,122.774,35.909,0,0
87.312,t2_squeezenet,44.645,43.266,0,0
87.534,t2_squeezenet,47.725,44.770,0,0
87.574,t2_squeezenet,37.376,34.426,0,0
87.615,t2_squeezenet,34.447,30.719,0,0
87.655,t2_squeezenet,39.725,35.183,0,0
87.721,t2_squeezenet,39.543,35.535,0,0
87.761,t2_squeezenet,36.614,34.937,1,0
87.801,t2_squeezenet,56.456,39.672,0,0
87.964,t2_squeezenet,34.639,31.234,0,0
88.023,t2_squeezenet,32.043,29.162,0,0
88.059,t2_squeezenet,31.610,30.824,0,0
88.116,t2_squeezenet,40.183,36.426,0,0
88.187,t2_squeezenet,49.223,45.851,2,0
88.224,t2_squeezenet,76.262,36.357,3,0
88.254,t2_squeezenet,93.211,30.217,2,0
88.295,t2_squeezenet,107.334,41.300,1,0
88.333,t2_squeezenet,118.731,37.417,0,0
88.400,t2_squeezenet,46.427,42.098,0,0
88.493,t2_squeezenet,44.010,42.010,1,0
88.525,t2_squeezenet,49.602,32.378,1,0
88.561,t2_squeezenet,42.258,35.380,1,0
88.598,t2_squeezenet,55.789,37.247,1,0
88.631,t2_squeezenet,69.446,33.486,0,0
88.824,t2_squeezenet,41.420,40.654,0,0
88.909,t2_squeezenet,40.826,39.179,1,0
88.946,t2_squeezenet,64.599,37.237,1,0
88.993,t2_squeezenet,56.497,47.089,0,0
89.075,t2_squeezenet,36.441,36.187,3,0
89.111,t2_squeezenet,61.395,35.866,2,0
89.142,t2_squeezenet,78.871,30.966,2,0
89.178,t2_squeezenet,112.534,35.977,1,0
89.212,t2_squeezenet,95.530,33.795,0,0
89.268,t2_squeezenet,35.619,35.558,4,0
89.310,t2_squeezenet,72.153,42.367,3,0
89.352,t2_squeezenet,113.383,41.983,3,0
89.401,t2_squeezenet,154.572,48.577,3,0
89.436,t2_squeezenet,187.206,35.110,2,0
89.482,t2_squeezenet,167.694,45.803,2,0
89.517,t2_squeezenet,126.567,34.984,2,0
89.552,t2_squeezenet,77.883,35.494,1,0
89.593,t2_squeezenet,85.713,41.063,1,0
89.622,t2_squeezenet,47.898,29.155,0,0
89.662,t2_squeezenet,39.357,34.719,0,0
89.732,t2_squeezenet,39.427,39.027,0,0
89.793,t2_squeezenet,31.443,31.089,0,0
89.863,t2_squeezenet,46.862,44.108,0,0
89.923,t2_squeezenet,39.881,35.412,1,0
89.957,t2_squeezenet,64.774,33.778,1,0
89.993,t2_squeezenet,45.168,35.640,0,0
90.088,t2_squeezenet,35.629,34.559,0,0
90.149,t2_squeezenet,35.239,30.741,1,0
90.180,t2_squeezenet,64.691,30.411,0,0
90.265,t2_squeezenet,44.343,39.882,0,0
90.318,t2_squeezenet,41.271,37.291,1,0
90.355,t2_squeezenet,66.509,37.294,2,0
90.400,t2_squeezenet,81.450,44.451,3,0
90.433,t2_squeezenet,114.244,33.348,2,0
90.492,t2_squeezenet,122.924,59.124,2,0
90.531,t2_squeezenet,135.399,38.959,3,0
90.583,t2_squeezenet,118.626,51.787,3,0
90.614,t2_squeezenet,84.282,31.064,3,0
90.647,t2_squeezenet,115.975,32.384,3,0
90.690,t2_squeezenet,108.542,43.049,3,0
90.731,t2_squeezenet,129.285,41.016,7,0
90.772,t2_squeezenet,125.858,41.422,6,0
90.813,t2_squeezenet,151.557,41.114,6,0
90.845,t2_squeezenet,139.601,31.781,7,0
90.899,t2_squeezenet,191.521,53.682,8,0
90.938,t2_squeezenet,227.324,39.618,7,0
90.989,t2_squeezenet,265.798,50.286,7,0
91.030,t2_squeezenet,301.572,40.859,6,0
91.081,t2_squeezenet,305.006,51.605,6,0
91.120,t2_squeezenet,281.588,38.840,5,0
91.177,t2_squeezenet,333.241,56.748,4,0
91.216,t2_squeezenet,351.129,38.579,4,0
91.254,t2_squeezenet,370.867,38.600,4,0
91.308,t2_squeezenet,327.506,53.594,4,0
91.348,t2_squeezenet,310.317,39.637,6,0
91.400,t2_squeezenet,196.207,52.084,6,0
91.431,t2_squeezenet,207.252,31.371,5,0
91.462,t2_squeezenet,184.736,30.645,4,0
91.511,t2_squeezenet,170.989,49.604,4,0
91.551,t2_squeezenet,205.837,39.876,4,0
91.600,t2_squeezenet,253.428,48.535,4,0
91.637,t2_squeezenet,238.328,37.358,3,0
91.695,t2_squeezenet,214.946,57.717,3,0
91.741,t2_squeezenet,198.454,45.989,2,0
91.777,t2_squeezenet,209.325,36.001,1,0
91.806,t2_squeezenet,142.492,29.243,1,0
91.836,t2_squeezenet,32.686,29.225,0,0
91.892,t2_squeezenet,39.139,35.824,1,0
91.935,t2_squeezenet,63.118,43.019,2,0
91.994,t2_squeezenet,83.196,59.263,1,0
92.030,t2_squeezenet,104.256,35.698,0,0
92.083,t2_squeezenet,41.653,37.500,2,0
92.121,t2_squeezenet,57.915,37.988,2,0
92.175,t2_squeezenet,103.418,54.346,2,0
92.216,t2_squeezenet,121.522,40.531,3,0
92.255,t2_squeezenet,104.705,39.362,2,0
92.307,t2_squeezenet,115.976,52.048,1,0
92.342,t2_squeezenet,146.782,35.430,0,0
92.424,t2_squeezenet,30.880,30.851,0,0
92.496,t2_squeezenet,31.992,31.502,2,0
92.530,t2_squeezenet,52.286,33.926,2,0
92.587,t2_squeezenet,107.953,56.776,1,0
92.616,t2_squeezenet,114.007,29.621,1,0
92.658,t2_squeezenet,44.904,41.522,0,0
92.769,t2_squeezenet,34.164,30.501,1,0
92.800,t2_squeezenet,49.111,30.479,0,0
92.963,t2_squeezenet,35.307,31.550,3,0
92.995,t2_squeezenet,59.749,31.726,2,0
93.027,t2_squeezenet,78.110,32.043,2,0
93.058,t2_squeezenet,102.872,31.461,3,0
93.108,t2_squeezenet,89.417,49.330,4,0
93.139,t2_squeezenet,100.634,31.421,4,0
93.191,t2_squeezenet,144.043,51.435,4,0
93.228,t2_squeezenet,139.314,37.740,4,0
93.280,t2_squeezenet,183.461,51.713,3,0
93.313,t2_squeezenet,174.456,32.673,2,0
93.344,t2_squeezenet,171.585,31.703,3,0
93.398,t2_squeezenet,202.881,53.907,2,0
93.435,t2_squeezenet,105.157,36.381,1,0
93.480,t2_squeezenet,143.042,45.278,1,0
93.511,t2_squeezenet,33.282,30.786,0,0
93.585,t2_squeezenet,47.124,43.985,1,0
93.624,t2_squeezenet,62.533,38.643,1,0
93.674,t2_squeezenet,52.646,50.438,1,0
93.708,t2_squeezenet,75.796,33.352,0,0
93.755,t2_squeezenet,43.070,41.948,0,0
93.838,t2_squeezenet,34.472,32.489,2,0
93.876,t2_squeezenet,59.045,37.646,3,0
93.919,t2_squeezenet,95.780,43.466,3,0
93.962,t2_squeezenet,92.568,43.194,3,0
94.008,t2_squeezenet,134.992,45.321,3,0
94.049,t2_squeezenet,129.587,40.853,2,0
94.105,t2_squeezenet,144.500,56.753,1,0
94.148,t2_squeezenet,185.394,42.850,0,0
94.202,t2_squeezenet,48.350,48.087,1,0
94.239,t2_squeezenet,72.586,37.328,1,0
94.301,t2_squeezenet,67.708,61.839,6,0
94.342,t2_squeezenet,99.174,40.852,6,0
94.399,t2_squeezenet,147.955,57.755,5,0
94.433,t2_squeezenet,179.420,33.315,7,0
94.497,t2_squeezenet,236.293,63.781,6,0
94.534,t2_squeezenet,259.885,37.015,5,0
94.596,t2_squeezenet,310.723,62.400,4,0
94.631,t2_squeezenet,290.935,34.652,4,0
94.689,t2_squeezenet,273.959,58.050,5,0
94.735,t2_squeezenet,311.060,45.645,4,0
94.780,t2_squeezenet,355.628,45.113,3,0
94.814,t2_squeezenet,186.982,34.603,2,0
94.876,t2_squeezenet,219.391,62.054,3,0
94.910,t2_squeezenet,221.930,33.099,3,0
94.953,t2_squeezenet,129.194,43.862,2,0
95.007,t2_squeezenet,137.325,53.579,1,0
95.047,t2_squeezenet,167.407,39.813,1,0
95.103,t2_squeezenet,79.740,56.281,3,0
95.139,t2_squeezenet,83.050,35.589,2,0
95.193,t2_squeezenet,135.468,53.880,6,0
95.231,t2_squeezenet,163.113,37.735,6,0
95.288,t2_squeezenet,142.629,57.060,5,0
95.324,t2_squeezenet,165.558,36.352,5,0
95.389,t2_squeezenet,229.985,64.778,6,0
95.420,t2_squeezenet,259.516,30.774,6,0
95.482,t2_squeezenet,313.732,62.655,8,0
95.520,t2_squeezenet,303.079,37.824,7,0
95.589,t2_squeezenet,280.677,68.292,6,0
95.622,t2_squeezenet,287.995,33.579,7,0
95.685,t2_squeezenet,348.884,62.402,8,0
95.727,t2_squeezenet,317.428,41.781,8,0
95.774,t2_squeezenet,351.312,47.208,8,0
95.809,t2_squeezenet,384.493,35.157,7,0
95.846,t2_squeezenet,398.287,36.653,6,0
95.903,t2_squeezenet,310.989,57.390,6,0
95.944,t2_squeezenet,329.733,40.437,5,0
96.001,t2_squeezenet,359.793,57.575,6,0
96.040,t2_squeezenet,389.289,38.929,6,0
96.099,t2_squeezenet,403.396,58.838,6,0
96.133,t2_squeezenet,397.194,34.443,6,0
96.199,t2_squeezenet,347.092,65.367,6,0
96.231,t2_squeezenet,283.828,31.717,7,0
96.298,t2_squeezenet,334.402,66.889,7,0
96.331,t2_squeezenet,298.838,33.356,6,0
96.393,t2_squeezenet,324.713,62.450,6,0
96.431,t2_squeezenet,302.745,37.067,6,0
96.490,t2_squeezenet,330.704,59.250,5,0
96.522,t2_squeezenet,311.523,32.127,4,0
96.585,t2_squeezenet,365.640,62.843,5,0
96.619,t2_squeezenet,386.199,33.591,5,0
96.675,t2_squeezenet,343.335,56.213,4,0
96.706,t2_squeezenet,300.019,30.978,4,0
96.741,t2_squeezenet,199.934,35.647,3,0
96.786,t2_squeezenet,208.454,44.229,4,0
96.815,t2_squeezenet,196.820,29.542,3,0
96.847,t2_squeezenet,158.899,31.260,3,0
96.904,t2_squeezenet,153.259,57.864,5,0
96.937,t2_squeezenet,174.222,32.561,5,0
96.992,t2_squeezenet,170.059,55.051,5,0
97.021,t2_squeezenet,156.388,29.191,5,0
97.077,t2_squeezenet,194.947,56.014,5,0
97.107,t2_squeezenet,204.242,29.346,4,0
97.136,t2_squeezenet,216.748,29.083,3,0
97.189,t2_squeezenet,219.524,53.379,4,0
97.231,t2_squeezenet,225.056,42.044,4,0
97.294,t2_squeezenet,262.662,62.259,4,0
97.332,t2_squeezenet,160.808,38.809,4,0
97.391,t2_squeezenet,216.144,58.417,3,0
97.432,t2_squeezenet,202.495,41.021,3,0
97.499,t2_squeezenet,206.176,66.868,3,0
97.534,t2_squeezenet,227.603,34.796,3,0
97.599,t2_squeezenet,172.187,65.071,3,0
97.634,t2_squeezenet,162.346,35.605,2,0
97.696,t2_squeezenet,189.233,61.494,2,0
97.744,t2_squeezenet,164.399,48.481,2,0
97.814,t2_squeezenet,126.162,69.298,5,0
97.880,t2_squeezenet,139.851,66.347,5,0
97.912,t2_squeezenet,164.364,31.811,5,0
97.985,t2_squeezenet,230.087,72.548,4,0
98.016,t2_squeezenet,252.412,31.376,5,0
98.082,t2_squeezenet,293.346,66.276,5,0
98.114,t2_squeezenet,261.693,31.991,5,0
98.182,t2_squeezenet,298.696,67.489,8,0
98.214,t2_squeezenet,226.172,31.643,8,0
98.284,t2_squeezenet,272.124,70.050,8,0
98.315,t2_squeezenet,255.507,30.821,7,0
98.380,t2_squeezenet,275.427,65.613,7,0
98.414,t2_squeezenet,276.331,33.841,6,0
98.485,t2_squeezenet,340.932,70.571,6,0
98.515,t2_squeezenet,337.031,29.942,6,0
98.584,t2_squeezenet,402.208,69.231,6,0
98.615,t2_squeezenet,411.819,31.461,6,0
98.687,t2_squeezenet,411.788,72.014,5,0
98.724,t2_squeezenet,365.232,36.628,4,0
98.768,t2_squeezenet,288.874,43.479,4,0
98.811,t2_squeezenet,304.207,43.123,3,0
98.880,t2_squeezenet,298.396,68.932,4,0
98.911,t2_squeezenet,314.499,31.432,4,0
98.978,t2_squeezenet,247.895,67.061,4,0
99.009,t2_squeezenet,172.812,30.626,3,0
99.081,t2_squeezenet,220.454,71.644,2,0
99.113,t2_squeezenet,232.721,32.466,1,0
99.182,t2_squeezenet,243.794,68.541,1,0
99.215,t2_squeezenet,86.349,33.045,1,0
99.280,t2_squeezenet,84.743,65.516,0,0
99.461,t2_squeezenet,44.661,43.865,1,0
99.497,t2_squeezenet,76.075,36.364,2,0
99.535,t2_squeezenet,71.302,37.365,2,0
99.599,t2_squeezenet,103.620,64.333,2,0
99.635,t2_squeezenet,108.567,35.750,1,0
99.701,t2_squeezenet,152.905,66.601,0,0
99.825,t2_squeezenet,32.960,32.107,0,0
100.045,t2_squeezenet,38.495,37.663,0,0
100.131,t2_squeezenet,40.301,35.540,0,0
100.308,t2_squeezenet,33.405,29.969,0,0
100.414,t2_squeezenet,36.140,35.594,3,0
100.480,t2_squeezenet,86.809,65.953,5,0
100.511,t2_squeezenet,114.415,30.638,4,0
100.583,t2_squeezenet,175.256,71.863,4,0
100.614,t2_squeezenet,181.532,31.069,5,0
100.686,t2_squeezenet,228.678,72.549,6,0
100.723,t2_squeezenet,254.512,37.099,5,0
100.783,t2_squeezenet,213.428,59.937,5,0
100.814,t2_squeezenet,225.764,30.896,5,0
100.887,t2_squeezenet,293.230,73.002,6,0
100.917,t2_squeezenet,282.727,29.919,6,0
100.992,t2_squeezenet,311.421,74.281,5,0
101.024,t2_squeezenet,269.218,32.569,5,0
101.094,t2_squeezenet,291.401,69.546,6,0
101.128,t2_squeezenet,270.100,34.247,5,0
101.201,t2_squeezenet,321.413,72.507,5,0
101.236,t2_squeezenet,320.179,35.654,4,0
101.307,t2_squeezenet,290.379,70.854,5,0
101.382,t2_squeezenet,317.860,74.327,5,0
101.414,t2_squeezenet,336.541,32.799,4,0
101.488,t2_squeezenet,326.065,73.186,6,0
101.521,t2_squeezenet,269.128,33.220,5,0
101.592,t2_squeezenet,330.452,70.900,5,0
101.632,t2_squeezenet,313.154,40.306,4,0
101.709,t2_squeezenet,293.781,76.743,4,0
101.757,t2_squeezenet,319.676,47.682,5,0
101.806,t2_squeezenet,342.820,48.760,5,0
101.876,t2_squeezenet,305.877,70.299,5,0
101.907,t2_squeezenet,238.549,30.857,5,0
101.983,t2_squeezenet,265.301,76.469,5,0
102.017,t2_squeezenet,271.836,33.791,4,0
102.090,t2_squeezenet,314.816,73.351,6,0
102.121,t2_squeezenet,311.467,30.657,5,0
102.199,t2_squeezenet,306.503,77.767,5,0
102.239,t2_squeezenet,299.675,39.989,4,0
102.307,t2_squeezenet,266.298,67.913,3,0
102.377,t2_squeezenet,331.579,70.197,4,0
102.407,t2_squeezenet,356.688,29.820,5,0
102.476,t2_squeezenet,312.827,68.660,5,0
102.513,t2_squeezenet,190.221,37.084,4,0
102.587,t2_squeezenet,211.519,74.421,6,0
102.618,t2_squeezenet,227.375,30.367,5,0
102.692,t2_squeezenet,300.698,74.660,6,0
102.738,t2_squeezenet,274.213,45.999,6,0
102.794,t2_squeezenet,247.117,55.981,8,0
102.827,t2_squeezenet,260.970,32.814,7,0
102.905,t2_squeezenet,318.071,77.723,7,0
102.983,t2_squeezenet,346.323,78.197,7,0
103.017,t2_squeezenet,327.843,33.798,7,0
103.089,t2_squeezenet,358.533,72.395,8,0
103.121,t2_squeezenet,376.933,31.574,10,0
103.197,t2_squeezenet,427.165,75.466,12,0
103.280,t2_squeezenet,504.163,83.364,13,0
103.315,t2_squeezenet,453.123,34.870,13,0
103.392,t2_squeezenet,417.228,76.772,12,0
103.425,t2_squeezenet,416.887,33.193,12,0
103.496,t2_squeezenet,479.140,71.506,11,0
103.531,t2_squeezenet,507.933,34.395,11,0
103.602,t2_squeezenet,500.438,71.184,12,0
103.676,t2_squeezenet,561.083,74.296,13,0
103.710,t2_squeezenet,590.123,33.153,12,0
103.740,t2_squeezenet,607.141,30.410,11,0
103.799,t2_squeezenet,647.015,59.425,12,0
103.876,t2_squeezenet,690.462,76.003,11,0
103.905,t2_squeezenet,699.188,29.707,11,0
103.976,t2_squeezenet,706.168,70.296,10,0
104.005,t2_squeezenet,701.751,29.440,9,0
104.081,t2_squeezenet,659.646,75.485,8,0
104.114,t2_squeezenet,596.328,33.230,9,0
104.184,t2_squeezenet,636.518,70.327,8,0
104.221,t2_squeezenet,657.882,36.893,7,0
104.297,t2_squeezenet,648.685,75.936,6,0
104.377,t2_squeezenet,728.669,80.259,5,0
104.407,t2_squeezenet,626.074,30.099,4,0
104.480,t2_squeezenet,687.299,72.467,4,0
104.517,t2_squeezenet,639.313,36.976,5,0
104.593,t2_squeezenet,501.679,76.353,5,0
104.625,t2_squeezenet,525.800,31.512,4,0
104.702,t2_squeezenet,281.200,76.724,3,0
104.744,t2_squeezenet,242.507,42.220,2,0
104.800,t2_squeezenet,290.473,55.892,2,0
104.882,t2_squeezenet,296.370,81.787,2,0
104.912,t2_squeezenet,136.233,30.276,2,0
104.991,t2_squeezenet,116.933,79.392,3,0
105.025,t2_squeezenet,117.588,33.326,2,0
105.100,t2_squeezenet,131.854,75.018,3,0
105.178,t2_squeezenet,202.117,77.969,3,0
105.207,t2_squeezenet,164.621,29.347,3,0
105.285,t2_squeezenet,229.265,77.591,2,0
105.315,t2_squeezenet,153.254,30.281,1,0
105.395,t2_squeezenet,189.488,80.116,2,0
105.429,t2_squeezenet,105.229,34.190,2,0
105.503,t2_squeezenet,117.748,73.443,5,0
105.580,t2_squeezenet,154.815,77.378,6,0
105.610,t2_squeezenet,159.424,29.805,6,0
105.694,t2_squeezenet,243.264,84.098,7,0
105.735,t2_squeezenet,250.827,40.608,6,0
105.800,t2_squeezenet,307.603,64.678,8,0
105.881,t2_squeezenet,346.216,81.137,9,0
105.911,t2_squeezenet,359.698,30.327,9,0
105.989,t2_squeezenet,398.438,78.301,13,0
106.019,t2_squeezenet,380.035,29.742,13,0
106.096,t2_squeezenet,421.600,76.752,14,0
106.176,t2_squeezenet,439.575,80.174,15,0
106.206,t2_squeezenet,436.902,29.728,14,0
106.287,t2_squeezenet,496.209,81.493,14,0
106.318,t2_squeezenet,471.160,30.012,13,0
106.397,t2_squeezenet,545.957,79.309,12,0
106.476,t2_squeezenet,568.055,79.072,11,0
106.506,t2_squeezenet,587.633,29.551,10,0
106.591,t2_squeezenet,669.183,85.427,9,0
106.623,t2_squeezenet,694.043,31.483,8,0
106.705,t2_squeezenet,772.392,82.588,8,0
106.737,t2_squeezenet,802.153,32.156,9,0
106.803,t2_squeezenet,796.962,65.441,9,0
106.884,t2_squeezenet,845.271,81.421,9,0
106.920,t2_squeezenet,859.996,35.693,8,0
107.000,t2_squeezenet,836.672,79.665,11,0
107.080,t2_squeezenet,912.847,80.313,12,0
107.110,t2_squeezenet,872.647,29.487,11,0
107.191,t2_squeezenet,486.840,81.100,12,0
107.223,t2_squeezenet,494.678,32.605,11,0
107.304,t2_squeezenet,573.975,80.430,10,0
107.384,t2_squeezenet,612.881,80.426,9,0
107.414,t2_squeezenet,564.176,29.895,8,0
107.494,t2_squeezenet,561.291,80.186,7,0
107.575,t2_squeezenet,618.383,80.345,6,0
107.604,t2_squeezenet,647.244,29.335,5,0
107.685,t2_squeezenet,690.871,80.354,5,0
107.725,t2_squeezenet,708.811,40.858,6,0
107.796,t2_squeezenet,742.534,70.886,6,0
107.881,t2_squeezenet,767.969,84.535,7,0
107.910,t2_squeezenet,796.065,29.472,6,0
107.990,t2_squeezenet,379.060,79.719,5,0
108.022,t2_squeezenet,320.998,31.603,5,0
108.103,t2_squeezenet,400.706,80.914,6,0
108.187,t2_squeezenet,400.576,83.894,8,0
108.216,t2_squeezenet,374.756,29.696,7,0
108.296,t2_squeezenet,451.648,79.551,6,0
108.379,t2_squeezenet,366.217,83.210,7,0
108.409,t2_squeezenet,355.791,30.010,6,0
108.493,t2_squeezenet,405.269,83.312,5,0
108.524,t2_squeezenet,413.650,31.912,5,0
108.602,t2_squeezenet,477.296,77.715,4,0
108.686,t2_squeezenet,531.028,83.421,4,0
108.730,t2_squeezenet,405.127,44.180,3,0
108.796,t2_squeezenet,429.636,66.406,3,0
108.879,t2_squeezenet,384.366,82.589,3,0
108.910,t2_squeezenet,303.024,30.687,2,0
108.994,t2_squeezenet,219.842,84.571,1,0
109.077,t2_squeezenet,245.927,82.465,1,0
109.106,t2_squeezenet,76.967,29.591,1,0
109.189,t2_squeezenet,99.851,82.266,1,0
109.221,t2_squeezenet,92.055,32.673,0,0
109.303,t2_squeezenet,81.591,76.727,1,0
109.386,t2_squeezenet,125.963,83.178,1,0
109.417,t2_squeezenet,68.010,30.013,2,0
109.496,t2_squeezenet,107.513,79.659,3,0
109.581,t2_squeezenet,192.087,84.816,2,0
109.611,t2_squeezenet,158.782,29.903,2,0
109.696,t2_squeezenet,235.337,84.897,2,0
109.779,t2_squeezenet,192.890,82.655,1,0
109.809,t2_squeezenet,116.717,30.056,1,0
109.891,t2_squeezenet,105.128,82.701,3,0
109.977,t2_squeezenet,146.567,85.125,2,0
110.006,t2_squeezenet,164.995,29.478,4,0
110.090,t2_squeezenet,200.627,83.899,4,0
110.123,t2_squeezenet,135.193,32.838,4,0
110.203,t2_squeezenet,215.109,80.605,4,0
110.289,t2_squeezenet,282.845,85.248,4,0
110.319,t2_squeezenet,277.662,30.271,3,0
110.401,t2_squeezenet,285.929,82.171,5,0
110.489,t2_squeezenet,319.743,87.445,7,0
110.519,t2_squeezenet,306.559,30.105,7,0
110.601,t2_squeezenet,275.061,82.050,9,0
110.687,t2_squeezenet,329.966,86.376,8,0
110.780,t2_squeezenet,422.285,92.901,9,0
110.810,t2_squeezenet,403.276,29.561,8,0
110.895,t2_squeezenet,483.194,84.968,9,0
110.981,t2_squeezenet,507.882,85.969,11,0
111.011,t2_squeezenet,510.509,30.165,10,0
111.097,t2_squeezenet,557.695,85.936,9,0
111.183,t2_squeezenet,639.488,86.017,10,0
111.213,t2_squeezenet,662.682,29.883,11,0
111.298,t2_squeezenet,587.191,84.981,12,0
111.385,t2_squeezenet,656.371,86.620,13,0
111.415,t2_squeezenet,593.215,30.399,12,0
111.501,t2_squeezenet,616.242,85.467,12,0
111.587,t2_squeezenet,667.827,86.445,11,0
111.618,t2_squeezenet,687.683,30.667,11,0
111.711,t2_squeezenet,771.294,92.715,10,0
111.789,t2_squeezenet,638.541,78.364,9,0
111.878,t2_squeezenet,714.388,89.037,9,0
111.908,t2_squeezenet,722.432,29.850,8,0
111.994,t2_squeezenet,781.114,85.582,9,0
112.083,t2_squeezenet,846.342,89.814,8,0
112.113,t2_squeezenet,838.645,29.645,7,0
112.198,t2_squeezenet,851.299,84.882,6,0
112.284,t2_squeezenet,933.902,86.183,6,0
112.315,t2_squeezenet,826.333,30.386,5,0
112.403,t2_squeezenet,793.146,88.223,7,0
112.488,t2_squeezenet,613.599,85.160,8,0
112.519,t2_squeezenet,597.085,30.512,9,0
112.603,t2_squeezenet,634.676,84.512,10,0
112.692,t2_squeezenet,446.738,88.823,10,0
112.778,t2_squeezenet,434.344,85.925,11,0
112.808,t2_squeezenet,437.193,29.613,11,0
112.896,t2_squeezenet,522.535,88.750,11,0
112.983,t2_squeezenet,541.240,87.043,13,0
113.014,t2_squeezenet,561.396,30.099,15,0
113.102,t2_squeezenet,588.973,88.225,15,0
113.188,t2_squeezenet,670.743,85.729,15,0
113.277,t2_squeezenet,697.505,89.184,15,0
113.307,t2_squeezenet,717.896,29.809,14,0
113.393,t2_squeezenet,752.078,85.852,17,0
113.481,t2_squeezenet,763.437,88.858,17,0
113.511,t2_squeezenet,771.460,29.989,16,0
113.597,t2_squeezenet,802.459,85.272,17,0
113.687,t2_squeezenet,876.502,90.489,17,0
113.728,t2_squeezenet,821.457,40.983,17,0
113.802,t2_squeezenet,832.128,73.559,19,0
113.892,t2_squeezenet,909.111,89.939,20,0
113.982,t2_squeezenet,989.065,89.759,22,0
114.011,t2_squeezenet,1009.750,29.518,22,0
114.100,t2_squeezenet,1096.983,88.506,23,0
114.189,t2_squeezenet,1096.825,89.258,25,0
114.278,t2_squeezenet,1163.144,89.499,29,0
114.308,t2_squeezenet,1075.999,29.796,28,0
114.397,t2_squeezenet,1071.788,89.155,27,0
114.487,t2_squeezenet,1122.827,89.068,27,0
114.576,t2_squeezenet,1191.324,89.517,27,0
114.606,t2_squeezenet,1219.131,29.776,26,0
114.702,t2_squeezenet,1304.731,95.733,28,0
114.788,t2_squeezenet,1237.612,86.293,31,0
114.881,t2_squeezenet,1306.647,93.045,30,0
114.974,t2_squeezenet,1341.763,93.339,29,0
115.005,t2_squeezenet,1306.004,30.056,29,0
115.097,t2_squeezenet,1302.860,92.556,30,0
115.190,t2_squeezenet,1388.696,93.118,29,0
115.283,t2_squeezenet,1481.789,93.148,29,0
115.377,t2_squeezenet,1565.852,93.138,30,0
115.406,t2_squeezenet,1593.251,29.347,29,0
115.498,t2_squeezenet,1604.075,92.518,29,0
115.591,t2_squeezenet,1661.714,92.916,29,0
115.685,t2_squeezenet,1725.294,93.624,31,0
115.778,t2_squeezenet,1775.018,93.383,32,0
115.808,t2_squeezenet,1746.025,29.554,32,0
115.901,t2_squeezenet,1818.440,92.492,32,0
115.994,t2_squeezenet,1888.928,93.425,31,0
116.088,t2_squeezenet,1946.953,93.502,31,0
116.180,t2_squeezenet,1996.823,92.472,32,0
116.210,t2_squeezenet,2019.079,29.674,31,0
116.302,t2_squeezenet,2110.948,92.307,33,0
116.395,t2_squeezenet,2163.100,93.327,32,0
116.493,t2_squeezenet,2249.449,97.593,33,0
116.586,t2_squeezenet,2316.852,92.877,35,0
116.679,t2_squeezenet,2208.738,92.876,36,0
116.720,t2_squeezenet,2144.996,40.644,36,0
116.801,t2_squeezenet,2178.402,81.554,37,0
116.895,t2_squeezenet,2242.071,93.908,39,0
116.988,t2_squeezenet,2308.358,92.887,41,0
117.081,t2_squeezenet,2365.823,93.059,41,0
117.111,t2_squeezenet,2372.352,30.256,41,0
117.204,t2_squeezenet,2452.369,92.360,42,0
117.296,t2_squeezenet,2515.373,92.596,44,0
117.389,t2_squeezenet,2389.009,93.065,44,0
117.483,t2_squeezenet,2473.872,93.064,44,0
117.579,t2_squeezenet,2570.506,96.714,45,0
117.609,t2_squeezenet,2341.870,29.419,44,0
117.706,t2_squeezenet,2347.942,97.349,45,0
117.791,t2_squeezenet,2427.222,85.059,44,0
117.885,t2_squeezenet,2471.848,93.625,44,0
117.982,t2_squeezenet,2412.102,96.716,46,0
118.011,t2_squeezenet,2415.862,29.579,46,0
118.104,t2_squeezenet,2500.633,92.651,45,0
118.197,t2_squeezenet,2522.616,93.061,48,0
118.290,t2_squeezenet,2581.394,93.475,47,0
118.384,t2_squeezenet,2628.828,93.364,48,0
118.477,t2_squeezenet,2679.623,92.638,49,0
118.506,t2_squeezenet,2639.656,29.745,49,0
118.603,t2_squeezenet,2585.859,96.278,49,0
118.702,t2_squeezenet,2539.284,99.129,48,0
118.789,t2_squeezenet,2624.987,86.846,48,0
118.882,t2_squeezenet,2671.689,92.999,48,0
118.975,t2_squeezenet,2733.106,93.169,47,0
119.005,t2_squeezenet,2735.551,29.712,46,0
119.098,t2_squeezenet,2669.582,93.099,46,0
119.191,t2_squeezenet,2712.651,92.814,51,0
119.283,t2_squeezenet,2780.759,92.777,52,0
119.376,t2_squeezenet,2859.456,93.037,51,0
119.406,t2_squeezenet,2846.574,29.604,50,0
119.502,t2_squeezenet,2911.135,96.151,52,0
119.595,t2_squeezenet,2987.891,92.794,53,0
119.690,t2_squeezenet,2996.748,94.596,53,0
119.781,t2_squeezenet,3052.743,91.626,56,0
119.811,t2_squeezenet,3060.189,29.705,57,0
119.904,t2_squeezenet,3086.783,92.358,56,0
119.996,t2_squeezenet,3161.078,92.834,58,0
120.090,t2_squeezenet,3205.991,93.523,59,0
120.184,t2_squeezenet,3262.244,93.581,61,0
120.276,t2_squeezenet,3319.038,92.606,62,0
120.306,t2_squeezenet,3328.945,29.493,61,0
120.399,t2_squeezenet,3366.827,92.904,60,0
120.492,t2_squeezenet,3404.296,93.685,60,0
120.586,t2_squeezenet,3440.140,93.132,62,0
120.678,t2_squeezenet,3489.953,92.719,62,0
120.717,t2_squeezenet,3464.519,38.827,61,0
120.798,t2_squeezenet,3522.948,80.652,61,0
120.895,t2_squeezenet,3603.677,97.532,61,0
120.988,t2_squeezenet,3612.066,93.019,61,0
121.081,t2_squeezenet,3625.687,92.871,61,0
121.111,t2_squeezenet,3584.574,29.981,60,0
121.204,t2_squeezenet,3629.603,92.652,61,0
121.297,t2_squeezenet,3667.346,93.171,61,0
121.390,t2_squeezenet,3757.405,92.871,60,0
121.483,t2_squeezenet,3608.711,92.997,63,0
121.580,t2_squeezenet,3660.849,96.870,63,0
121.610,t2_squeezenet,3666.236,30.008,62,0
121.707,t2_squeezenet,3727.234,96.692,62,0
121.791,t2_squeezenet,3788.548,84.456,62,0
121.885,t2_squeezenet,3772.404,93.260,63,0
121.978,t2_squeezenet,3845.514,93.304,66,0
122.007,t2_squeezenet,3835.626,29.330,65,0
122.100,t2_squeezenet,3921.949,92.361,65,0
122.193,t2_squeezenet,3894.034,93.162,65,0
122.286,t2_squeezenet,3922.712,93.472,68,0
122.379,t2_squeezenet,3944.410,93.087,70,0
122.409,t2_squeezenet,3969.570,29.440,69,0
122.501,t2_squeezenet,4015.535,92.319,68,0
122.595,t2_squeezenet,4080.721,93.468,70,0
122.685,t2_squeezenet,3978.940,90.317,70,0
122.726,t2_squeezenet,3857.126,40.428,70,0
122.802,t2_squeezenet,3740.601,76.548,69,0
122.895,t2_squeezenet,3779.539,93.012,70,0
122.989,t2_squeezenet,3872.373,93.554,71,0
123.078,t2_squeezenet,3957.150,89.660,71,0
123.108,t2_squeezenet,3984.674,29.440,70,0
123.200,t2_squeezenet,4075.338,92.447,70,0
123.294,t2_squeezenet,4125.218,93.453,70,0
123.384,t2_squeezenet,4149.797,89.984,70,0
123.476,t2_squeezenet,4236.574,92.456,69,0
123.506,t2_squeezenet,4052.294,29.325,68,0
123.598,t2_squeezenet,4142.674,92.571,68,0
123.689,t2_squeezenet,4225.223,90.262,68,0
123.781,t2_squeezenet,4257.875,92.092,68,0
123.810,t2_squeezenet,4216.045,29.552,67,0
123.899,t2_squeezenet,4260.758,88.620,67,0
123.993,t2_squeezenet,4297.481,93.740,68,0
124.083,t2_squeezenet,4384.133,89.965,68,0
124.176,t2_squeezenet,4455.288,93.395,70,0
124.206,t2_squeezenet,4440.012,29.400,69,0
124.295,t2_squeezenet,4494.872,89.030,69,0
124.384,t2_squeezenet,4580.534,89.879,69,0
124.478,t2_squeezenet,4567.816,93.141,70,0
124.507,t2_squeezenet,4553.103,29.390,69,0
124.596,t2_squeezenet,4614.934,88.949,71,0
124.690,t2_squeezenet,4689.922,94.143,70,0
124.779,t2_squeezenet,4720.529,88.303,69,0
124.809,t2_squeezenet,4712.645,30.049,68,0
124.897,t2_squeezenet,4732.098,88.486,68,0
124.990,t2_squeezenet,4819.069,92.981,68,0
125.079,t2_squeezenet,4870.217,89.299,67,0
125.109,t2_squeezenet,4887.066,29.974,66,0
125.202,t2_squeezenet,4729.381,92.269,67,0
125.291,t2_squeezenet,4796.639,88.866,66,0
125.384,t2_squeezenet,4864.336,93.168,68,0
125.414,t2_squeezenet,4855.838,30.548,67,0
125.503,t2_squeezenet,4827.327,88.503,68,0
125.593,t2_squeezenet,4818.476,89.933,68,0
125.686,t2_squeezenet,4820.385,93.237,70,0
125.728,t2_squeezenet,4796.168,42.264,69,0
125.802,t2_squeezenet,4777.524,73.870,69,0
125.896,t2_squeezenet,4741.398,93.574,68,0
125.985,t2_squeezenet,4795.323,89.080,68,0
126.015,t2_squeezenet,4779.064,30.243,67,0
126.104,t2_squeezenet,4699.152,88.549,68,0
126.197,t2_squeezenet,4762.967,93.339,68,0
126.287,t2_squeezenet,4822.661,89.412,67,0
126.376,t2_squeezenet,4899.928,88.953,66,0
126.405,t2_squeezenet,4890.007,29.540,65,0
126.495,t2_squeezenet,4799.730,89.399,66,0
126.585,t2_squeezenet,4804.515,90.260,65,0
126.678,t2_squeezenet,4829.361,92.693,66,0
126.714,t2_squeezenet,4854.606,36.268,65,0
126.796,t2_squeezenet,4884.888,81.487,64,0
126.886,t2_squeezenet,4959.062,90.135,63,0
126.979,t2_squeezenet,5030.395,92.996,62,0
127.008,t2_squeezenet,5034.870,29.563,61,0
127.097,t2_squeezenet,5064.794,88.606,62,0
127.190,t2_squeezenet,5065.376,93.375,62,0
127.280,t2_squeezenet,5079.325,89.503,62,0
127.309,t2_squeezenet,5072.260,29.351,61,0
127.402,t2_squeezenet,5130.275,92.219,60,0
127.492,t2_squeezenet,5210.514,89.980,62,0
127.585,t2_squeezenet,5297.998,93.628,64,0
127.616,t2_squeezenet,5318.048,30.310,64,0
127.712,t2_squeezenet,5378.431,96.133,65,0
127.794,t2_squeezenet,5272.859,82.070,65,0
127.884,t2_squeezenet,5342.945,90.037,64,0
127.977,t2_squeezenet,5430.876,93.230,66,0
128.007,t2_squeezenet,5341.162,29.420,65,0
128.095,t2_squeezenet,5386.259,88.731,64,0
128.189,t2_squeezenet,5326.619,93.491,63,0
128.279,t2_squeezenet,5408.159,89.779,63,0
128.309,t2_squeezenet,5387.087,29.847,62,0
128.401,t2_squeezenet,5447.716,92.316,62,0
128.490,t2_squeezenet,5441.597,89.291,61,0
128.580,t2_squeezenet,5420.642,89.583,62,0
128.610,t2_squeezenet,5353.264,30.035,61,0
128.707,t2_squeezenet,5357.372,97.615,63,0
128.789,t2_squeezenet,5239.981,81.637,62,0
128.879,t2_squeezenet,5210.004,89.361,61,0
128.909,t2_squeezenet,5134.320,30.191,61,0
129.001,t2_squeezenet,5181.977,92.433,61,0
129.091,t2_squeezenet,5167.540,89.259,62,0
129.183,t2_squeezenet,5233.801,92.822,62,0
129.214,t2_squeezenet,5215.326,30.379,62,0
129.302,t2_squeezenet,5184.165,88.177,62,0
129.396,t2_squeezenet,5246.603,93.507,62,0
129.485,t2_squeezenet,5333.035,89.047,61,0
129.515,t2_squeezenet,5285.419,30.219,60,0
129.603,t2_squeezenet,5282.979,88.501,60,0
129.700,t2_squeezenet,5269.439,96.425,60,0
129.786,t2_squeezenet,5327.665,86.532,59,0
129.876,t2_squeezenet,5365.154,89.127,59,0
129.905,t2_squeezenet,5380.235,29.747,60,0
129.998,t2_squeezenet,5423.829,92.914,61,0
130.088,t2_squeezenet,5213.669,89.828,62,0
130.181,t2_squeezenet,5248.613,92.399,62,0
130.210,t2_squeezenet,5056.193,29.899,61,0
130.299,t2_squeezenet,5105.736,88.426,61,0
130.393,t2_squeezenet,5089.409,93.841,63,0
130.482,t2_squeezenet,5150.753,89.448,64,0
130.512,t2_squeezenet,5153.201,29.680,63,0
130.601,t2_squeezenet,5157.197,88.553,67,0
130.696,t2_squeezenet,5241.882,95.872,69,0
130.783,t2_squeezenet,5272.334,86.885,68,0
130.813,t2_squeezenet,5198.277,29.497,67,0
130.901,t2_squeezenet,5254.002,88.161,67,0
130.994,t2_squeezenet,5335.336,93.101,68,0
131.084,t2_squeezenet,5310.025,90.180,68,0
131.178,t2_squeezenet,5273.317,93.114,71,0
131.207,t2_squeezenet,5170.364,29.461,70,0
131.296,t2_squeezenet,5227.752,88.878,69,0
131.389,t2_squeezenet,5227.766,93.433,71,0
131.479,t2_squeezenet,5020.403,89.758,70,0
131.509,t2_squeezenet,5047.399,29.469,69,0
131.597,t2_squeezenet,4970.456,88.491,69,0
131.691,t2_squeezenet,5021.656,93.906,68,0
131.779,t2_squeezenet,4704.889,88.094,69,0
131.809,t2_squeezenet,4727.823,29.814,68,0
131.898,t2_squeezenet,4712.622,88.483,70,0
131.987,t2_squeezenet,4793.336,89.196,72,0
132.076,t2_squeezenet,4666.813,89.203,73,0
132.106,t2_squeezenet,4631.396,29.698,73,0
132.195,t2_squeezenet,4711.247,89.221,74,0
132.284,t2_squeezenet,4760.407,88.951,76,0
132.314,t2_squeezenet,4785.556,30.265,75,0
132.403,t2_squeezenet,4842.525,88.597,76,0
132.493,t2_squeezenet,4888.869,89.537,77,0
132.581,t2_squeezenet,4899.508,88.746,76,0
132.611,t2_squeezenet,4899.394,29.709,75,0
132.704,t2_squeezenet,4991.334,92.468,76,0
132.788,t2_squeezenet,4840.253,84.342,76,0
132.877,t2_squeezenet,4918.766,89.154,78,0
132.907,t2_squeezenet,4943.580,29.959,77,0
132.996,t2_squeezenet,4718.385,88.959,77,0
133.086,t2_squeezenet,4721.186,89.658,78,0
133.175,t2_squeezenet,4624.240,89.589,80,0
133.205,t2_squeezenet,4637.757,29.321,79,0
133.293,t2_squeezenet,4661.688,88.547,80,0
133.383,t2_squeezenet,4721.734,89.649,80,0
133.413,t2_squeezenet,4741.112,30.352,79,0
133.502,t2_squeezenet,4610.371,88.092,84,0
133.594,t2_squeezenet,4619.981,92.884,85,0
133.684,t2_squeezenet,4668.485,89.708,85,0
133.726,t2_squeezenet,4681.930,42.109,85,0
133.801,t2_squeezenet,4652.616,74.653,84,0
133.891,t2_squeezenet,4699.054,89.554,84,0
133.980,t2_squeezenet,4759.937,88.988,84,0
134.009,t2_squeezenet,4664.482,29.831,83,0
134.098,t2_squeezenet,4566.387,88.564,86,0
134.188,t2_squeezenet,4505.544,89.840,88,0
134.276,t2_squeezenet,4482.905,88.449,90,0
134.306,t2_squeezenet,4424.065,29.466,90,0
134.399,t2_squeezenet,4495.089,92.824,90,0
134.489,t2_squeezenet,4534.958,90.140,89,0
134.578,t2_squeezenet,4612.315,89.122,90,0
134.608,t2_squeezenet,4579.895,29.408,89,0
134.699,t2_squeezenet,4624.154,91.411,90,0
134.784,t2_squeezenet,4652.325,85.059,90,0
134.815,t2_squeezenet,4591.811,30.701,89,0
134.903,t2_squeezenet,4584.070,88.288,93,0
134.992,t2_squeezenet,4656.839,89.167,93,0
135.082,t2_squeezenet,4720.093,89.678,92,0
135.112,t2_squeezenet,4676.787,30.398,92,0
135.198,t2_squeezenet,4724.180,85.194,95,0
135.287,t2_squeezenet,4754.958,88.922,96,0
135.376,t2_squeezenet,4801.338,89.154,95,0
135.406,t2_squeezenet,4828.620,29.727,94,0
135.492,t2_squeezenet,4891.926,85.964,96,0
135.584,t2_squeezenet,4984.102,92.798,97,0
135.614,t2_squeezenet,4974.646,29.920,97,0
135.704,t2_squeezenet,5023.807,89.582,97,0
135.789,t2_squeezenet,5101.373,84.561,100,0
135.878,t2_squeezenet,4993.156,89.397,100,0
135.908,t2_squeezenet,4987.961,29.665,99,0
135.996,t2_squeezenet,5013.277,88.709,99,0
136.086,t2_squeezenet,5074.574,89.820,101,0
136.176,t2_squeezenet,5066.640,89.578,100,0
136.205,t2_squeezenet,5088.681,29.502,99,0
136.294,t2_squeezenet,5154.866,88.829,99,0
136.384,t2_squeezenet,5214.511,89.659,99,0
136.415,t2_squeezenet,5058.567,30.702,98,0
136.503,t2_squeezenet,5131.870,88.065,101,0
136.592,t2_squeezenet,5204.286,88.916,101,0
136.681,t2_squeezenet,5114.252,89.050,100,0
136.721,t2_squeezenet,5013.722,40.659,100,0
136.798,t2_squeezenet,5073.732,76.463,100,0
136.888,t2_squeezenet,5047.428,89.655,101,0
136.918,t2_squeezenet,5077.275,30.188,100,0
137.002,t2_squeezenet,5159.418,84.616,102,0
137.092,t2_squeezenet,5188.593,89.768,103,0
137.179,t2_squeezenet,5212.863,86.389,103,0
137.208,t2_squeezenet,5223.563,29.539,103,0
137.297,t2_squeezenet,5253.093,88.518,102,0
137.384,t2_squeezenet,5325.334,86.803,102,0
137.414,t2_squeezenet,5310.502,30.490,102,0
137.502,t2_squeezenet,5334.768,88.243,103,0
137.588,t2_squeezenet,5393.195,85.323,102,0
137.677,t2_squeezenet,5473.038,88.873,102,0
137.718,t2_squeezenet,5462.140,41.281,102,0
137.792,t2_squeezenet,5516.781,74.416,103,0
137.881,t2_squeezenet,5537.483,88.665,102,0
137.911,t2_squeezenet,5543.834,29.783,103,0
137.996,t2_squeezenet,5580.721,85.401,102,0
138.086,t2_squeezenet,5615.359,89.857,102,0
138.117,t2_squeezenet,5472.876,30.338,101,0
138.201,t2_squeezenet,5527.031,84.806,104,0
138.287,t2_squeezenet,5555.757,85.988,103,0
138.377,t2_squeezenet,5528.171,89.272,104,0
138.407,t2_squeezenet,5553.949,29.799,104,0
138.493,t2_squeezenet,5636.691,86.577,105,0
138.579,t2_squeezenet,5622.583,85.711,104,0
138.609,t2_squeezenet,5609.257,29.616,103,0
138.696,t2_squeezenet,5615.769,87.751,102,0
138.782,t2_squeezenet,5690.214,86.018,103,0
138.812,t2_squeezenet,5688.602,29.820,104,0
138.898,t2_squeezenet,5740.205,85.355,104,0
138.984,t2_squeezenet,5776.504,86.546,104,0
139.015,t2_squeezenet,5748.247,30.443,103,0
139.103,t2_squeezenet,5720.228,88.087,104,0
139.188,t2_squeezenet,5772.585,85.433,107,0
139.275,t2_squeezenet,5855.290,86.233,107,0
139.304,t2_squeezenet,5881.737,29.711,106,0
139.394,t2_squeezenet,5940.377,89.510,107,0
139.479,t2_squeezenet,6006.952,85.000,106,0
139.508,t2_squeezenet,6013.641,29.556,105,0
139.594,t2_squeezenet,6033.988,85.519,105,0
139.681,t2_squeezenet,6096.992,87.162,104,0
139.718,t2_squeezenet,6119.984,37.004,103,0
139.794,t2_squeezenet,6094.629,76.093,104,0
139.884,t2_squeezenet,6051.035,89.334,105,0
139.914,t2_squeezenet,5956.492,30.540,104,0
139.999,t2_squeezenet,5975.645,85.053,105,0
140.089,t2_squeezenet,6052.286,89.918,108,0
140.175,t2_squeezenet,6132.679,85.253,107,0
140.204,t2_squeezenet,6115.110,29.765,108,0
140.293,t2_squeezenet,6173.814,89.147,108,0
140.380,t2_squeezenet,6234.745,86.424,112,0
140.409,t2_squeezenet,6224.270,29.414,112,0
140.498,t2_squeezenet,6290.212,88.477,112,0
140.584,t2_squeezenet,6356.539,86.577,111,0
140.615,t2_squeezenet,6380.361,30.689,112,0
140.707,t2_squeezenet,6424.006,91.587,115,0
140.789,t2_squeezenet,6440.618,82.414,116,0
140.875,t2_squeezenet,6335.635,85.965,115,0
140.905,t2_squeezenet,6343.668,29.901,115,0
140.995,t2_squeezenet,6324.814,89.390,117,0
141.084,t2_squeezenet,6410.166,88.915,119,0
141.114,t2_squeezenet,6393.898,30.010,118,0
141.199,t2_squeezenet,6382.477,85.321,120,0
141.289,t2_squeezenet,6456.119,90.310,120,0
141.375,t2_squeezenet,6512.704,85.618,121,0
141.405,t2_squeezenet,6541.211,29.551,120,0
141.494,t2_squeezenet,6611.967,89.119,119,0
141.580,t2_squeezenet,6636.475,86.491,120,0
141.610,t2_squeezenet,6522.460,29.878,119,0
141.705,t2_squeezenet,6577.333,94.861,120,0
141.786,t2_squeezenet,6626.343,80.573,120,0
141.875,t2_squeezenet,6706.099,89.536,120,0
141.905,t2_squeezenet,6722.464,29.878,119,0
141.994,t2_squeezenet,6758.800,89.346,119,0
142.080,t2_squeezenet,6810.277,85.621,121,0
142.110,t2_squeezenet,6666.397,29.940,122,0
142.199,t2_squeezenet,6721.864,88.502,123,0
142.289,t2_squeezenet,6807.330,90.241,122,0
142.378,t2_squeezenet,6873.944,88.708,124,0
142.407,t2_squeezenet,6831.883,29.623,125,0
142.496,t2_squeezenet,6907.804,88.775,125,0
142.583,t2_squeezenet,6962.798,86.450,125,0
142.613,t2_squeezenet,6838.561,30.446,124,0
142.708,t2_squeezenet,6928.118,95.378,123,0
142.787,t2_squeezenet,7004.208,79.035,122,0
142.877,t2_squeezenet,7089.275,89.422,121,0
142.907,t2_squeezenet,7033.452,29.861,120,0
142.993,t2_squeezenet,6998.137,86.117,121,0
143.082,t2_squeezenet,7078.024,88.716,122,0
143.112,t2_squeezenet,7096.220,30.160,122,0
143.200,t2_squeezenet,7170.268,88.576,122,0
143.290,t2_squeezenet,7084.473,89.772,123,0
143.379,t2_squeezenet,7040.670,88.728,124,0
143.409,t2_squeezenet,6956.091,29.523,124,0
143.494,t2_squeezenet,7036.661,85.242,126,0
143.583,t2_squeezenet,7125.318,89.637,127,0
143.614,t2_squeezenet,7127.366,30.161,127,0
143.709,t2_squeezenet,7167.605,94.808,127,0
143.787,t2_squeezenet,7071.066,78.264,127,0
143.876,t2_squeezenet,7121.132,89.204,130,0
143.906,t2_squeezenet,7061.605,29.833,129,0
143.995,t2_squeezenet,7121.475,89.325,129,0
144.084,t2_squeezenet,7156.641,88.984,129,0
144.115,t2_squeezenet,7156.678,30.310,129,0
144.203,t2_squeezenet,7222.694,88.319,132,0
144.293,t2_squeezenet,7264.996,89.655,133,0
144.381,t2_squeezenet,7317.482,88.752,134,0
144.411,t2_squeezenet,7271.440,29.647,134,0
144.503,t2_squeezenet,7316.242,92.343,133,0
144.593,t2_squeezenet,7261.715,89.862,134,0
144.683,t2_squeezenet,7299.071,90.040,133,0
144.723,t2_squeezenet,7294.943,39.155,133,0
144.797,t2_squeezenet,7306.082,74.798,133,0
144.888,t2_squeezenet,7259.808,90.061,134,0
144.977,t2_squeezenet,7287.736,89.834,136,0
145.007,t2_squeezenet,7223.894,29.372,136,0
145.096,t2_squeezenet,7310.722,88.860,136,0
145.185,t2_squeezenet,7294.784,89.479,139,0
145.275,t2_squeezenet,7374.589,89.830,138,0
145.305,t2_squeezenet,7269.140,29.772,137,0
145.394,t2_squeezenet,7238.344,88.773,137,0
145.483,t2_squeezenet,7304.756,89.079,136,0
145.513,t2_squeezenet,7332.952,30.030,136,0
145.601,t2_squeezenet,7417.916,88.236,136,0
145.692,t2_squeezenet,7388.054,90.628,139,0
145.780,t2_squeezenet,7476.288,88.544,140,0
145.810,t2_squeezenet,7416.809,29.830,140,0
145.899,t2_squeezenet,7442.849,88.551,141,0
145.989,t2_squeezenet,7514.055,90.118,141,0
146.078,t2_squeezenet,7365.786,88.643,143,0
146.107,t2_squeezenet,7393.389,29.532,143,0
146.200,t2_squeezenet,7402.924,92.475,142,0
146.290,t2_squeezenet,7477.964,89.983,142,0
146.379,t2_squeezenet,7551.528,89.551,143,0
146.409,t2_squeezenet,7501.527,29.484,142,0
146.497,t2_squeezenet,7438.365,88.480,143,0
146.587,t2_squeezenet,7486.079,89.520,143,0
146.680,t2_squeezenet,7572.361,93.262,142,0
146.715,t2_squeezenet,7594.595,34.891,143,0
146.791,t2_squeezenet,7661.599,76.413,146,0
146.881,t2_squeezenet,7745.872,89.391,146,0
146.911,t2_squeezenet,7644.264,30.358,145,0
147.000,t2_squeezenet,7692.605,89.018,144,0
147.090,t2_squeezenet,7743.929,89.476,145,0
147.179,t2_squeezenet,7655.122,88.989,144,0
147.209,t2_squeezenet,7480.918,29.859,143,0
147.297,t2_squeezenet,7557.073,88.669,143,0
147.387,t2_squeezenet,7584.102,89.670,145,0
147.476,t2_squeezenet,7647.057,88.751,146,0
147.506,t2_squeezenet,7572.196,29.685,145,0
147.595,t2_squeezenet,7650.836,89.145,144,0
147.685,t2_squeezenet,7649.423,90.272,147,0
147.724,t2_squeezenet,7682.999,38.692,147,0
147.799,t2_squeezenet,7749.969,74.689,147,0
147.888,t2_squeezenet,7838.227,89.242,146,0
147.977,t2_squeezenet,7793.306,89.696,145,0
148.007,t2_squeezenet,7807.783,29.698,144,0
148.096,t2_squeezenet,7814.610,88.937,146,0
148.186,t2_squeezenet,7882.035,89.464,145,0
148.275,t2_squeezenet,7968.940,89.203,145,0
148.305,t2_squeezenet,7967.945,29.708,144,0
148.394,t2_squeezenet,8052.965,89.220,145,0
148.483,t2_squeezenet,8132.438,88.791,145,0
148.513,t2_squeezenet,8122.530,30.026,144,0
148.601,t2_squeezenet,8144.194,88.639,144,0
148.692,t2_squeezenet,8105.640,90.928,145,0
148.776,t2_squeezenet,8164.330,83.505,147,0
148.805,t2_squeezenet,8184.909,29.360,146,0
148.894,t2_squeezenet,8222.066,88.975,146,0
148.984,t2_squeezenet,8305.065,90.113,147,0
149.015,t2_squeezenet,8318.877,30.027,147,0
149.103,t2_squeezenet,8369.900,88.281,148,0
149.192,t2_squeezenet,8410.057,89.441,148,0
149.282,t2_squeezenet,8382.484,90.040,147,0
149.313,t2_squeezenet,8393.128,30.354,146,0
149.401,t2_squeezenet,8474.076,88.288,147,0
149.490,t2_squeezenet,8540.018,88.957,147,0
149.580,t2_squeezenet,8567.970,89.494,147,0
149.610,t2_squeezenet,8583.523,29.992,147,0
149.702,t2_squeezenet,8622.723,92.727,149,0
149.782,t2_squeezenet,8642.705,79.946,148,0
149.812,t2_squeezenet,8657.492,29.711,147,0
149.901,t2_squeezenet,8731.671,88.466,146,0
149.990,t2_squeezenet,8737.333,89.761,146,0
150.080,t2_squeezenet,8787.967,89.506,145,0
150.109,t2_squeezenet,8813.212,29.457,145,0
150.198,t2_squeezenet,8703.765,88.582,146,0
150.288,t2_squeezenet,8724.407,89.533,145,0
150.377,t2_squeezenet,8753.449,89.462,145,0
150.407,t2_squeezenet,8744.951,29.421,145,0
150.495,t2_squeezenet,8720.752,88.626,146,0
150.585,t2_squeezenet,8733.850,89.623,146,0
150.675,t2_squeezenet,8728.772,89.659,147,0
150.710,t2_squeezenet,8698.198,35.304,146,0
150.788,t2_squeezenet,8746.306,77.682,146,0
150.876,t2_squeezenet,8817.595,88.726,148,0
150.907,t2_squeezenet,8824.438,30.281,147,0
150.996,t2_squeezenet,8892.483,89.489,151,0
151.086,t2_squeezenet,8922.109,89.977,151,0
151.175,t2_squeezenet,8987.183,88.872,151,0
151.205,t2_squeezenet,8873.195,29.776,151,0
151.294,t2_squeezenet,8952.069,89.370,150,0
151.387,t2_squeezenet,9024.030,92.282,152,0
151.475,t2_squeezenet,9096.856,88.587,152,0
151.505,t2_squeezenet,9105.759,29.417,152,0
151.594,t2_squeezenet,9120.092,88.917,154,0
151.684,t2_squeezenet,9124.914,90.104,154,0
151.723,t2_squeezenet,8748.804,39.579,153,0
151.792,t2_squeezenet,8810.221,68.547,154,0
151.881,t2_squeezenet,8823.912,88.898,158,0
151.911,t2_squeezenet,8853.127,29.872,158,0
151.999,t2_squeezenet,8903.748,88.701,158,0
152.090,t2_squeezenet,8949.878,90.087,158,0
152.178,t2_squeezenet,8908.184,88.854,158,0
152.208,t2_squeezenet,8923.358,29.584,157,0
152.297,t2_squeezenet,8998.210,88.998,158,0
152.387,t2_squeezenet,9033.381,90.022,161,0
152.480,t2_squeezenet,9091.190,92.707,161,0
152.509,t2_squeezenet,9085.807,29.620,160,0
152.598,t2_squeezenet,9145.491,88.626,160,0
152.688,t2_squeezenet,9228.434,90.044,161,0
152.731,t2_squeezenet,9207.352,42.836,160,0
152.797,t2_squeezenet,9261.504,66.260,159,0
152.886,t2_squeezenet,9296.796,89.029,161,0
152.976,t2_squeezenet,9313.647,89.387,161,0
153.005,t2_squeezenet,9220.277,29.632,161,0
153.095,t2_squeezenet,9287.222,89.407,161,0
153.184,t2_squeezenet,9372.928,88.921,163,0
153.214,t2_squeezenet,9363.185,29.830,162,0
153.302,t2_squeezenet,9442.274,87.954,161,0
153.392,t2_squeezenet,9417.812,90.043,160,0
153.481,t2_squeezenet,9413.432,89.458,159,0
153.511,t2_squeezenet,9424.923,29.524,158,0
153.599,t2_squeezenet,9475.672,88.563,159,0
153.690,t2_squeezenet,9562.714,90.313,162,0
153.776,t2_squeezenet,9610.344,86.669,165,0
153.806,t2_squeezenet,9604.758,29.484,164,0
153.895,t2_squeezenet,9663.084,88.802,163,0
153.988,t2_squeezenet,9753.746,92.874,165,0
154.077,t2_squeezenet,9765.988,89.497,165,0
154.107,t2_squeezenet,9732.413,29.667,164,0
154.200,t2_squeezenet,9791.940,92.712,164,0
154.289,t2_squeezenet,9724.690,89.216,164,0
154.382,t2_squeezenet,9793.888,93.355,163,0
154.413,t2_squeezenet,9705.043,30.477,162,0
154.501,t2_squeezenet,9748.692,88.319,164,0
154.590,t2_squeezenet,9714.257,88.825,164,0
154.683,t2_squeezenet,9800.620,93.472,165,0
154.763,t2_squeezenet,9813.151,79.293,164,0
154.805,t2_squeezenet,9849.736,41.958,163,0
154.890,t2_squeezenet,9925.123,85.375,162,0
154.983,t2_squeezenet,9989.783,92.932,165,0
155.076,t2_squeezenet,10032.575,93.085,164,0
155.106,t2_squeezenet,9959.397,29.607,164,0
155.196,t2_squeezenet,10039.432,89.825,167,0
155.285,t2_squeezenet,10127.943,89.056,166,0
155.378,t2_squeezenet,10210.034,93.137,170,0
155.408,t2_squeezenet,10025.781,29.769,170,0
155.497,t2_squeezenet,9988.969,88.857,171,0
155.589,t2_squeezenet,10052.824,92.805,171,0
155.679,t2_squeezenet,10058.073,89.051,171,0
155.716,t2_squeezenet,10092.093,37.390,171,0
155.793,t2_squeezenet,10119.070,77.485,172,0
155.883,t2_squeezenet,10205.437,89.415,172,0
155.975,t2_squeezenet,10267.775,92.515,175,0
156.005,t2_squeezenet,10249.913,29.372,174,0
156.094,t2_squeezenet,10312.359,89.469,175,0
156.188,t2_squeezenet,10360.492,93.752,175,0
156.277,t2_squeezenet,10425.918,89.129,175,0
156.307,t2_squeezenet,10346.767,29.389,174,0
156.399,t2_squeezenet,10401.671,92.550,176,0
156.489,t2_squeezenet,10469.525,89.861,176,0
156.579,t2_squeezenet,10554.618,89.763,177,0
156.608,t2_squeezenet,10511.544,29.437,176,0
156.705,t2_squeezenet,10481.467,96.681,177,0
156.787,t2_squeezenet,10487.367,82.015,176,0
156.880,t2_squeezenet,10528.628,93.190,176,0
156.911,t2_squeezenet,10479.319,30.549,176,0
156.999,t2_squeezenet,10544.425,88.415,175,0
157.092,t2_squeezenet,10552.789,92.991,176,0
157.186,t2_squeezenet,10504.214,93.160,179,0
157.275,t2_squeezenet,10567.548,89.576,180,0
157.305,t2_squeezenet,10573.186,29.322,179,0
157.397,t2_squeezenet,10644.139,92.452,179,0
157.490,t2_squeezenet,10704.742,93.116,180,0
157.583,t2_squeezenet,10794.030,93.072,182,0
157.613,t2_squeezenet,10764.160,30.188,181,0
157.705,t2_squeezenet,10655.260,91.278,182,0
157.790,t2_squeezenet,10727.044,84.885,183,0
157.883,t2_squeezenet,10643.067,92.963,183,0
157.913,t2_squeezenet,10570.445,30.460,182,0
158.001,t2_squeezenet,10648.449,88.210,184,0
158.094,t2_squeezenet,10740.587,92.825,187,0
158.187,t2_squeezenet,10792.005,93.050,189,0
158.280,t2_squeezenet,10868.742,93.018,189,0
158.310,t2_squeezenet,10682.195,29.882,188,0
158.399,t2_squeezenet,10765.522,88.998,188,0
158.492,t2_squeezenet,10826.381,92.825,188,0
158.585,t2_squeezenet,10903.105,93.227,188,0
158.675,t2_squeezenet,10951.264,89.486,188,0
158.711,t2_squeezenet,10945.901,36.268,187,0
158.790,t2_squeezenet,10774.148,78.530,187,0
158.883,t2_squeezenet,10843.994,92.760,187,0
158.913,t2_squeezenet,10839.141,30.084,186,0
159.001,t2_squeezenet,10789.531,88.439,187,0
159.095,t2_squeezenet,10784.443,93.512,189,0
159.188,t2_squeezenet,10831.435,92.835,190,0
159.277,t2_squeezenet,10810.559,89.157,189,0
159.307,t2_squeezenet,10742.713,29.878,188,0
159.400,t2_squeezenet,10763.975,92.921,188,0
159.493,t2_squeezenet,10816.659,93.308,188,0
159.582,t2_squeezenet,10882.215,88.934,189,0
159.675,t2_squeezenet,10973.582,92.896,188,0
159.714,t2_squeezenet,10974.775,39.565,187,0
159.793,t2_squeezenet,10978.145,78.484,187,0
159.886,t2_squeezenet,10956.079,92.864,187,0
159.975,t2_squeezenet,11012.227,89.023,190,0
160.005,t2_squeezenet,11012.142,29.765,190,0
160.097,t2_squeezenet,11025.905,92.673,190,0
160.191,t2_squeezenet,11102.161,93.175,193,0
160.279,t2_squeezenet,11101.824,88.620,194,0
160.309,t2_squeezenet,10954.803,29.765,193,0
160.401,t2_squeezenet,11031.121,92.368,196,0
160.495,t2_squeezenet,11055.404,93.591,196,0
160.584,t2_squeezenet,11027.469,89.232,195,0
160.677,t2_squeezenet,11083.696,92.721,194,0
160.716,t2_squeezenet,11073.820,39.110,193,0
160.794,t2_squeezenet,11150.174,77.567,192,0
160.888,t2_squeezenet,11201.144,93.668,192,0
160.976,t2_squeezenet,11001.938,88.743,193,0
161.006,t2_squeezenet,10902.106,29.367,192,0
161.098,t2_squeezenet,10949.446,92.576,193,0
161.192,t2_squeezenet,11018.971,93.412,195,0
161.281,t2_squeezenet,10961.652,89.479,195,0
161.311,t2_squeezenet,10912.584,29.619,195,0
161.403,t2_squeezenet,10987.478,92.141,198,0
161.496,t2_squeezenet,11010.623,93.285,198,0
161.586,t2_squeezenet,11062.654,89.915,198,0
161.680,t2_squeezenet,11090.257,93.241,199,0
161.719,t2_squeezenet,11058.491,39.621,198,0
161.795,t2_squeezenet,11020.164,75.269,198,0
161.888,t2_squeezenet,11060.411,93.472,197,0
161.978,t2_squeezenet,11134.096,89.624,197,0
162.007,t2_squeezenet,11136.731,29.427,199,0
162.100,t2_squeezenet,11191.875,92.319,200,0
162.193,t2_squeezenet,11273.494,93.189,200,0
162.282,t2_squeezenet,11342.969,89.645,199,0
162.376,t2_squeezenet,11415.429,93.253,198,0
162.405,t2_squeezenet,11439.147,29.231,197,0
162.497,t2_squeezenet,11446.150,92.469,199,0
162.587,t2_squeezenet,11412.501,89.461,201,0
162.680,t2_squeezenet,11487.352,93.501,205,0
162.719,t2_squeezenet,11420.008,38.404,205,0
162.794,t2_squeezenet,11411.333,74.917,204,0
162.883,t2_squeezenet,11499.061,89.162,204,0
162.976,t2_squeezenet,11511.136,93.280,204,0
163.006,t2_squeezenet,11516.985,29.627,203,0
163.095,t2_squeezenet,11575.594,89.250,203,0
163.188,t2_squeezenet,11613.679,92.837,203,0
163.277,t2_squeezenet,11691.295,88.812,205,0
163.307,t2_squeezenet,11645.034,29.661,204,0
163.399,t2_squeezenet,11625.021,92.758,203,0
163.490,t2_squeezenet,11710.836,90.439,202,0
163.579,t2_squeezenet,11754.952,88.645,203,0
163.609,t2_squeezenet,11771.406,29.935,203,0
163.707,t2_squeezenet,11846.282,98.912,203,0
163.788,t2_squeezenet,11925.788,80.229,205,0
163.876,t2_squeezenet,12002.081,88.507,205,0
163.906,t2_squeezenet,12009.032,29.536,204,0
163.998,t2_squeezenet,12026.522,92.358,207,0
164.088,t2_squeezenet,12060.043,89.432,206,0
164.181,t2_squeezenet,12014.917,93.031,205,0
164.210,t2_squeezenet,11982.582,29.488,205,0
164.299,t2_squeezenet,12069.125,88.439,206,0
164.392,t2_squeezenet,12071.802,92.983,207,0
164.482,t2_squeezenet,12144.223,89.916,211,0
164.512,t2_squeezenet,12167.999,29.828,210,0
164.600,t2_squeezenet,12225.701,88.552,211,0
164.695,t2_squeezenet,12228.061,94.747,211,0
164.780,t2_squeezenet,12248.556,85.256,214,0
164.810,t2_squeezenet,12185.512,29.963,213,0
164.900,t2_squeezenet,12249.942,89.300,213,0
164.992,t2_squeezenet,12187.550,92.946,214,0
165.082,t2_squeezenet,12275.371,89.356,214,0
165.175,t2_squeezenet,12313.622,93.207,215,0
165.205,t2_squeezenet,12252.896,29.470,214,0
165.294,t2_squeezenet,12302.603,89.646,214,0
165.387,t2_squeezenet,12359.780,93.130,214,0
165.477,t2_squeezenet,12379.472,89.523,215,0
165.507,t2_squeezenet,12379.041,29.690,214,0
165.596,t2_squeezenet,12464.935,89.618,214,0
165.690,t2_squeezenet,12175.460,93.535,216,0
165.776,t2_squeezenet,12203.465,86.335,217,0
165.806,t2_squeezenet,12178.231,29.626,216,0
165.899,t2_squeezenet,12266.938,93.377,217,0
165.989,t2_squeezenet,12347.789,89.874,217,0
166.082,t2_squeezenet,12407.452,92.669,218,0
166.175,t2_squeezenet,12475.209,92.960,218,0
166.204,t2_squeezenet,12473.090,29.553,219,0
166.294,t2_squeezenet,12546.159,89.504,220,0
166.387,t2_squeezenet,12638.639,92.758,219,0
166.480,t2_squeezenet,12557.475,92.876,220,0
166.510,t2_squeezenet,12557.844,29.825,219,0
166.598,t2_squeezenet,12640.488,88.688,220,0
166.693,t2_squeezenet,12628.504,94.337,221,0
166.777,t2_squeezenet,12586.162,84.599,222,0
166.807,t2_squeezenet,12529.925,29.493,221,0
166.900,t2_squeezenet,12482.481,92.719,222,0
166.993,t2_squeezenet,12569.720,93.835,221,0
167.083,t2_squeezenet,12622.633,89.517,223,0
167.176,t2_squeezenet,12604.146,92.628,223,0
167.205,t2_squeezenet,12549.427,29.432,222,0
167.298,t2_squeezenet,12622.426,92.895,221,0
167.388,t2_squeezenet,12487.684,90.020,221,0
167.480,t2_squeezenet,12568.403,92.402,220,0
167.510,t2_squeezenet,12595.033,29.613,220,0
167.602,t2_squeezenet,12624.341,91.987,220,0
167.692,t2_squeezenet,12597.567,90.012,223,0
167.780,t2_squeezenet,12644.312,87.795,222,0
167.809,t2_squeezenet,12656.323,29.409,221,0
167.902,t2_squeezenet,12733.140,92.312,221,0
167.991,t2_squeezenet,12814.742,89.606,221,0
168.085,t2_squeezenet,12782.365,93.679,221,0
168.178,t2_squeezenet,12862.749,93.072,221,0
168.208,t2_squeezenet,12860.075,29.510,221,0
168.296,t2_squeezenet,12937.890,88.657,220,0
168.390,t2_squeezenet,13021.999,93.393,220,0
168.483,t2_squeezenet,13081.011,93.240,219,0
168.513,t2_squeezenet,13080.963,29.541,218,0
168.601,t2_squeezenet,13149.378,88.265,217,0
168.696,t2_squeezenet,13134.867,94.919,220,0
168.782,t2_squeezenet,13109.277,85.738,219,0
168.812,t2_squeezenet,13112.529,30.509,218,0
168.901,t2_squeezenet,13138.766,88.624,218,0
168.994,t2_squeezenet,13218.687,92.846,219,0
169.083,t2_squeezenet,13247.395,89.279,219,0
169.176,t2_squeezenet,13287.030,93.189,218,0
169.206,t2_squeezenet,13295.181,29.453,217,0
169.295,t2_squeezenet,13359.232,89.112,218,0
169.388,t2_squeezenet,13421.331,92.955,217,0
169.477,t2_squeezenet,13468.817,89.415,217,0
169.507,t2_squeezenet,13475.476,29.853,216,0
169.597,t2_squeezenet,13418.645,89.321,219,0
169.690,t2_squeezenet,13419.070,93.471,220,0
169.731,t2_squeezenet,13366.071,41.089,219,0
169.804,t2_squeezenet,13424.803,72.356,219,0
169.893,t2_squeezenet,13505.139,89.813,223,0
169.987,t2_squeezenet,13509.094,93.258,223,0
170.075,t2_squeezenet,13577.133,88.651,222,0
170.105,t2_squeezenet,13545.543,29.821,222,0
170.198,t2_squeezenet,13584.395,92.650,222,0
170.288,t2_squeezenet,13613.156,89.691,221,0
170.380,t2_squeezenet,13572.536,92.414,223,0
170.410,t2_squeezenet,13521.279,29.663,224,0
170.498,t2_squeezenet,13494.889,88.505,225,0
170.588,t2_squeezenet,13564.207,89.582,225,0
170.681,t2_squeezenet,13573.161,93.549,226,0
170.716,t2_squeezenet,13584.203,34.379,225,0
170.795,t2_squeezenet,13659.256,79.582,226,0
170.886,t2_squeezenet,13703.728,90.330,227,0
170.979,t2_squeezenet,13784.639,93.382,228,0
171.009,t2_squeezenet,13781.461,29.867,227,0
171.097,t2_squeezenet,13769.042,88.326,226,0
171.190,t2_squeezenet,13791.971,92.858,227,0
171.280,t2_squeezenet,13805.336,89.363,228,0
171.310,t2_squeezenet,13806.177,30.037,227,0
171.402,t2_squeezenet,13876.170,92.264,226,0
171.491,t2_squeezenet,13957.023,89.011,227,0
171.580,t2_squeezenet,13935.221,89.275,228,0
171.611,t2_squeezenet,13939.930,30.110,229,0
171.707,t2_squeezenet,13979.329,96.378,231,0
171.786,t2_squeezenet,14030.962,78.644,231,0
171.879,t2_squeezenet,14067.002,92.894,233,0
171.908,t2_squeezenet,13991.407,29.701,233,0
171.998,t2_squeezenet,14044.499,89.219,235,0
172.087,t2_squeezenet,14112.822,89.718,237,0
172.180,t2_squeezenet,14160.177,92.510,237,0
172.210,t2_squeezenet,14176.023,29.769,237,0
172.299,t2_squeezenet,14259.027,88.976,236,0
172.389,t2_squeezenet,14347.588,90.060,235,0
172.477,t2_squeezenet,14349.684,88.519,235,0
172.507,t2_squeezenet,14332.462,29.545,234,0
172.596,t2_squeezenet,14415.625,89.038,234,0
172.690,t2_squeezenet,14489.910,94.081,234,0
172.733,t2_squeezenet,14353.002,42.799,234,0
172.802,t2_squeezenet,14315.686,68.687,235,0
172.891,t2_squeezenet,14359.055,89.113,236,0
172.980,t2_squeezenet,14312.277,89.530,236,0
173.010,t2_squeezenet,14294.712,30.076,235,0
173.099,t2_squeezenet,14301.167,89.052,234,0
173.189,t2_squeezenet,14248.851,89.038,234,0
173.277,t2_squeezenet,14327.654,88.863,235,0
173.307,t2_squeezenet,14275.461,29.632,235,0
173.397,t2_squeezenet,14332.856,89.496,235,0
173.486,t2_squeezenet,14401.224,89.705,234,0
173.575,t2_squeezenet,14439.636,88.906,234,0
173.605,t2_squeezenet,14430.251,29.467,233,0
173.695,t2_squeezenet,14387.773,90.635,234,0
173.780,t2_squeezenet,14359.836,84.302,234,0
173.809,t2_squeezenet,14284.895,29.421,233,0
173.898,t2_squeezenet,14330.559,88.492,232,0
173.987,t2_squeezenet,14212.999,89.623,231,0
174.077,t2_squeezenet,14245.533,89.719,231,0
174.107,t2_squeezenet,14160.601,29.571,231,0
174.195,t2_squeezenet,14229.987,88.625,232,0
174.285,t2_squeezenet,14316.833,89.322,233,0
174.315,t2_squeezenet,14342.551,30.164,232,0
174.404,t2_squeezenet,14416.399,88.613,231,0
174.493,t2_squeezenet,14465.721,89.681,231,0
174.582,t2_squeezenet,14459.920,88.857,232,0
174.612,t2_squeezenet,14471.418,30.075,233,0
174.704,t2_squeezenet,14561.915,92.000,232,0
174.786,t2_squeezenet,14604.474,81.164,233,0
174.815,t2_squeezenet,14624.011,29.657,233,0
174.904,t2_squeezenet,14642.080,88.333,234,0
174.993,t2_squeezenet,14657.238,89.228,235,0
175.079,t2_squeezenet,14711.061,86.252,236,0
175.109,t2_squeezenet,14740.550,29.731,235,0
175.198,t2_squeezenet,14817.169,89.135,235,0
175.287,t2_squeezenet,14813.919,89.087,235,0
175.377,t2_squeezenet,14502.144,89.358,234,0
175.406,t2_squeezenet,14455.006,29.647,233,0
175.493,t2_squeezenet,14526.318,86.805,234,0
175.582,t2_squeezenet,14514.479,88.947,233,0
175.612,t2_squeezenet,14528.909,30.127,232,0
175.705,t2_squeezenet,14544.154,92.481,233,0
175.785,t2_squeezenet,14615.592,80.628,233,0
175.815,t2_squeezenet,14641.293,29.609,232,0
175.903,t2_squeezenet,14687.676,88.271,233,0
175.989,t2_squeezenet,14706.893,85.504,235,0
176.078,t2_squeezenet,14766.788,89.545,235,0
176.108,t2_squeezenet,14793.083,29.622,234,0
176.194,t2_squeezenet,14824.829,85.682,235,0
176.283,t2_squeezenet,14903.505,89.046,237,0
176.313,t2_squeezenet,14870.419,30.420,236,0
176.399,t2_squeezenet,14829.798,85.292,235,0
176.489,t2_squeezenet,14849.016,90.021,235,0
176.518,t2_squeezenet,14865.775,29.801,234,0
176.603,t2_squeezenet,14828.980,84.888,234,0
176.694,t2_squeezenet,14794.500,90.600,234,0
176.779,t2_squeezenet,14799.871,84.438,233,0
176.808,t2_squeezenet,14826.101,29.447,232,0
176.894,t2_squeezenet,14894.665,85.816,232,0
176.983,t2_squeezenet,14971.569,89.346,233,0
177.014,t2_squeezenet,14997.524,30.506,232,0
177.102,t2_squeezenet,14960.628,88.052,233,0
177.188,t2_squeezenet,14776.020,85.816,233,0
177.277,t2_squeezenet,14841.956,88.806,232,0
177.306,t2_squeezenet,14839.660,29.539,231,0
177.393,t2_squeezenet,14868.857,86.425,230,0
177.482,t2_squeezenet,14947.456,89.537,232,0
177.512,t2_squeezenet,14937.260,29.553,232,0
177.597,t2_squeezenet,14981.711,85.092,232,0
177.687,t2_squeezenet,15069.171,89.900,232,0
177.731,t2_squeezenet,15062.335,43.783,232,0
177.800,t2_squeezenet,15125.029,69.755,232,0
177.889,t2_squeezenet,15209.281,89.149,233,0
177.979,t2_squeezenet,15297.094,89.025,233,0
178.008,t2_squeezenet,15134.058,29.927,232,0
178.098,t2_squeezenet,15162.012,89.133,233,0
178.187,t2_squeezenet,15165.801,89.749,235,0
178.276,t2_squeezenet,15143.925,88.725,235,0
178.306,t2_squeezenet,15108.087,29.469,235,0
178.395,t2_squeezenet,15179.370,89.312,235,0
178.485,t2_squeezenet,15233.971,89.990,235,0
178.515,t2_squeezenet,14964.829,29.619,235,0
178.603,t2_squeezenet,15038.892,88.263,235,0
178.693,t2_squeezenet,15109.247,90.285,236,0
178.778,t2_squeezenet,15101.335,84.898,236,0
178.808,t2_squeezenet,15096.262,29.731,236,0
178.897,t2_squeezenet,15160.353,88.588,235,0
178.986,t2_squeezenet,15200.835,89.504,237,0
179.076,t2_squeezenet,15278.953,89.566,240,0
179.105,t2_squeezenet,15148.101,29.626,239,0
179.195,t2_squeezenet,15234.798,89.228,240,0
179.284,t2_squeezenet,15309.973,89.150,241,0
179.377,t2_squeezenet,15394.008,92.847,241,0
179.407,t2_squeezenet,15208.728,29.832,240,0
179.496,t2_squeezenet,15232.709,89.455,239,0
179.585,t2_squeezenet,15292.329,88.835,238,0
179.615,t2_squeezenet,15303.049,29.806,237,0
179.709,t2_squeezenet,15368.499,93.889,238,0
179.787,t2_squeezenet,15384.475,78.689,240,0
179.877,t2_squeezenet,15465.249,89.530,245,0
179.906,t2_squeezenet,15486.364,29.443,244,0
179.995,t2_squeezenet,15574.776,88.773,245,0
180.085,t2_squeezenet,15629.762,89.709,245,0
180.174,t2_squeezenet,15624.747,89.576,247,0
180.204,t2_squeezenet,15629.531,29.425,246,0
180.293,t2_squeezenet,15661.167,88.850,245,0
180.382,t2_squeezenet,15662.183,89.365,245,0
180.475,t2_squeezenet,15727.494,93.200,245,0
180.505,t2_squeezenet,15744.540,29.853,245,0
180.594,t2_squeezenet,15814.206,88.874,247,0
180.684,t2_squeezenet,15859.874,89.348,246,0
180.722,t2_squeezenet,15799.651,38.654,245,0
180.796,t2_squeezenet,15816.808,73.530,244,0
180.886,t2_squeezenet,15858.400,90.140,247,0
180.975,t2_squeezenet,15889.748,88.750,247,0
181.004,t2_squeezenet,15859.400,29.636,246,0
181.094,t2_squeezenet,15878.150,89.301,248,0
181.184,t2_squeezenet,15804.614,89.827,248,0
181.213,t2_squeezenet,15769.699,29.658,247,0
181.302,t2_squeezenet,15841.833,88.163,248,0
181.391,t2_squeezenet,15863.169,89.259,249,0
181.480,t2_squeezenet,15880.793,89.594,250,0
181.510,t2_squeezenet,15852.014,29.855,249,0
181.599,t2_squeezenet,15912.115,89.016,249,0
181.689,t2_squeezenet,15973.299,89.554,248,0
181.733,t2_squeezenet,15971.235,43.700,249,0
181.802,t2_squeezenet,15970.423,69.340,251,0
181.892,t2_squeezenet,15996.394,89.733,250,0
181.980,t2_squeezenet,16026.410,88.611,250,0
182.010,t2_squeezenet,15974.421,29.597,250,0
182.099,t2_squeezenet,16032.493,88.521,253,0
182.192,t2_squeezenet,16029.914,93.528,254,0
182.282,t2_squeezenet,16104.050,89.718,253,0
182.312,t2_squeezenet,16117.577,29.677,253,0
182.400,t2_squeezenet,16192.347,88.377,252,0
182.490,t2_squeezenet,16215.237,89.790,253,0
182.580,t2_squeezenet,16185.134,89.681,253,0
182.609,t2_squeezenet,16173.405,29.463,252,0
182.724,t2_squeezenet,16181.911,114.688,253,0
182.782,t2_squeezenet,16207.612,58.195,254,0
182.851,t2_squeezenet,16176.595,68.676,253,0
182.905,t2_squeezenet,16228.635,53.871,253,0
182.966,t2_squeezenet,16261.857,60.846,253,0
183.026,t2_squeezenet,16253.990,60.400,254,0
183.089,t2_squeezenet,16246.724,63.089,254,0
183.146,t2_squeezenet,16293.505,56.376,254,0
183.205,t2_squeezenet,16197.208,59.191,256,0
183.257,t2_squeezenet,16212.406,51.775,255,0
183.305,t2_squeezenet,16228.159,47.898,257,0
183.349,t2_squeezenet,16206.207,43.816,257,0
183.390,t2_squeezenet,16090.242,41.945,256,0
183.434,t2_squeezenet,15939.677,43.507,256,0
183.480,t2_squeezenet,15952.072,45.656,256,0
183.525,t2_squeezenet,15912.006,45.233,255,0
183.565,t2_squeezenet,15920.219,39.752,256,0
183.609,t2_squeezenet,15934.635,44.158,256,0
183.655,t2_squeezenet,15973.003,45.465,256,0
183.701,t2_squeezenet,15827.035,46.836,257,0
183.743,t2_squeezenet,15803.391,41.810,257,0
183.787,t2_squeezenet,15786.221,43.380,257,0
183.832,t2_squeezenet,15745.239,45.492,256,0
183.879,t2_squeezenet,15692.585,46.679,255,0
183.922,t2_squeezenet,15597.903,42.523,255,0
183.964,t2_squeezenet,15356.440,42.422,256,0
184.008,t2_squeezenet,15381.134,43.491,257,0
184.055,t2_squeezenet,15405.388,47.441,258,0
184.097,t2_squeezenet,15424.978,42.193,258,0
184.140,t2_squeezenet,15243.775,42.370,259,0
184.184,t2_squeezenet,15256.387,44.370,258,0
184.231,t2_squeezenet,15242.778,46.457,258,0
184.276,t2_squeezenet,15195.851,45.488,258,0
184.318,t2_squeezenet,15077.027,41.637,257,0
184.362,t2_squeezenet,15096.815,44.449,258,0
184.407,t2_squeezenet,14987.715,45.082,259,0
184.453,t2_squeezenet,14937.647,45.171,258,0
184.495,t2_squeezenet,14976.316,42.053,257,0
184.538,t2_squeezenet,14961.058,43.093,256,0
184.582,t2_squeezenet,14994.619,44.114,256,0
184.628,t2_squeezenet,14988.852,46.349,256,0
184.671,t2_squeezenet,15022.282,42.912,256,0
184.715,t2_squeezenet,14940.150,43.092,255,0
184.760,t2_squeezenet,14917.647,45.588,255,0
184.807,t2_squeezenet,14962.866,47.072,255,0
184.851,t2_squeezenet,14996.106,43.998,257,0
184.894,t2_squeezenet,15028.063,42.200,259,0
184.938,t2_squeezenet,15068.580,44.335,259,0
184.981,t2_squeezenet,15053.142,42.801,260,0
185.023,t2_squeezenet,14942.646,42.029,259,0
