t_s,tenant,latency_ms,service_ms,qdepth,warmup
0.130,t2_squeezenet,36.431,33.189,1,1
0.167,t2_squeezenet,46.699,37.580,1,1
0.213,t2_squeezenet,76.925,45.155,1,1
0.259,t2_squeezenet,78.020,46.691,1,1
0.304,t2_squeezenet,71.152,44.439,0,1
0.396,t2_squeezenet,47.747,45.944,0,1
0.570,t2_squeezenet,47.103,42.845,1,1
0.617,t2_squeezenet,69.790,46.630,0,1
0.684,t2_squeezenet,43.876,41.316,0,1
0.772,t2_squeezenet,40.686,37.456,1,1
0.815,t2_squeezenet,61.799,43.451,0,1
0.866,t2_squeezenet,46.893,45.485,0,1
0.924,t2_squeezenet,45.066,43.075,0,1
0.985,t2_squeezenet,36.019,35.152,0,1
1.040,t2_squeezenet,39.816,34.878,1,1
1.076,t2_squeezenet,56.882,35.971,1,1
1.113,t2_squeezenet,72.192,36.467,1,1
1.149,t2_squeezenet,67.844,36.640,2,1
1.180,t2_squeezenet,60.420,30.539,2,1
1.209,t2_squeezenet,62.901,28.928,3,1
1.245,t2_squeezenet,82.433,36.665,3,1
1.276,t2_squeezenet,83.346,31.017,3,1
1.306,t2_squeezenet,110.853,29.045,4,1
1.341,t2_squeezenet,128.024,35.387,3,1
1.377,t2_squeezenet,118.599,35.962,2,1
1.417,t2_squeezenet,125.197,40.122,2,1
1.458,t2_squeezenet,162.710,41.060,1,1
1.507,t2_squeezenet,100.561,48.923,1,1
1.563,t2_squeezenet,61.739,56.200,0,1
1.628,t2_squeezenet,61.574,59.173,0,1
1.723,t2_squeezenet,34.765,33.930,0,1
1.928,t2_squeezenet,34.863,33.676,1,1
1.957,t2_squeezenet,53.044,29.045,0,1
2.146,t2_squeezenet,39.575,36.330,0,1
2.415,t2_squeezenet,51.127,47.090,2,1
2.485,t2_squeezenet,119.685,69.798,1,1
2.567,t2_squeezenet,159.427,82.227,0,1
2.817,t2_squeezenet,50.429,46.556,3,1
2.874,t2_squeezenet,103.794,57.587,3,1
2.915,t2_squeezenet,116.789,40.932,2,1
3.000,t2_squeezenet,193.460,85.223,3,1
3.076,t2_squeezenet,223.466,75.559,3,1
3.116,t2_squeezenet,180.452,40.169,3,1
3.189,t2_squeezenet,234.360,73.062,4,1
3.263,t2_squeezenet,196.784,74.056,4,1
3.306,t2_squeezenet,197.767,42.795,5,1
3.378,t2_squeezenet,212.084,71.566,6,1
3.467,t2_squeezenet,299.825,88.593,9,1
3.505,t2_squeezenet,310.408,38.928,8,1
3.587,t2_squeezenet,313.376,81.073,8,1
3.669,t2_squeezenet,365.775,82.552,7,1
3.715,t2_squeezenet,392.884,46.015,6,1
3.761,t2_squeezenet,388.533,45.837,6,1
3.810,t2_squeezenet,417.037,48.901,6,1
3.888,t2_squeezenet,478.117,78.077,5,1
3.970,t2_squeezenet,549.167,81.323,5,1
4.015,t2_squeezenet,550.792,44.979,5,1
4.103,t2_squeezenet,580.661,88.165,4,1
4.183,t2_squeezenet,444.331,79.746,6,1
4.262,t2_squeezenet,477.520,79.473,6,1
4.306,t2_squeezenet,375.301,43.836,5,1
4.389,t2_squeezenet,376.355,82.577,5,1
4.469,t2_squeezenet,344.825,80.596,6,1
4.513,t2_squeezenet,348.235,43.110,6,1
4.596,t2_squeezenet,415.331,83.552,7,1
4.677,t2_squeezenet,430.638,81.348,8,1
4.729,t2_squeezenet,367.766,51.804,8,1
4.772,t2_squeezenet,371.048,42.907,7,1
4.819,t2_squeezenet,395.876,46.301,7,1
4.895,t2_squeezenet,415.568,76.738,8,1
4.977,t2_squeezenet,445.720,81.951,9,1
5.018,t2_squeezenet,441.000,41.028,9,1
5.100,t2_squeezenet,502.975,81.732,9,1
5.180,t2_squeezenet,518.361,79.990,9,1
5.265,t2_squeezenet,537.471,84.918,9,1
5.310,t2_squeezenet,492.030,44.172,11,1
5.389,t2_squeezenet,529.037,78.973,12,1
5.472,t2_squeezenet,585.028,82.941,12,1
5.520,t2_squeezenet,560.889,48.849,13,1
5.602,t2_squeezenet,640.678,81.403,14,1
5.677,t2_squeezenet,680.912,74.668,15,1
5.721,t2_squeezenet,661.664,44.581,14,1
5.768,t2_squeezenet,608.577,46.801,13,1
5.815,t2_squeezenet,628.513,46.877,12,1
5.889,t2_squeezenet,618.355,73.662,12,1
5.970,t2_squeezenet,698.580,81.345,15,1
6.017,t2_squeezenet,738.906,46.759,15,1
6.102,t2_squeezenet,754.284,85.512,15,1
6.179,t2_squeezenet,792.624,76.872,16,1
6.221,t2_squeezenet,790.509,41.371,15,1
6.299,t2_squeezenet,800.404,78.208,14,1
6.387,t2_squeezenet,885.059,88.185,14,1
6.466,t2_squeezenet,910.972,78.305,16,1
6.513,t2_squeezenet,948.716,46.888,16,1
6.593,t2_squeezenet,970.801,80.134,17,1
6.675,t2_squeezenet,1044.188,81.965,17,1
6.722,t2_squeezenet,862.594,47.350,17,1
6.766,t2_squeezenet,876.563,43.509,18,1
6.810,t2_squeezenet,897.269,44.612,19,1
6.889,t2_squeezenet,927.521,78.197,19,1
6.973,t2_squeezenet,1005.557,84.210,18,1
7.015,t2_squeezenet,1010.308,42.078,17,1
7.093,t2_squeezenet,1061.412,78.371,16,1
7.174,t2_squeezenet,1033.315,81.066,16,1
7.222,t2_squeezenet,1049.216,47.274,15,1
7.302,t2_squeezenet,928.281,80.380,16,1
7.381,t2_squeezenet,956.329,79.070,15,1
7.463,t2_squeezenet,1003.721,81.219,14,1
7.508,t2_squeezenet,1042.555,45.378,15,1
7.595,t2_squeezenet,1125.155,86.702,15,1
7.675,t2_squeezenet,1146.371,80.023,17,1
7.718,t2_squeezenet,1159.118,43.488,16,1
7.766,t2_squeezenet,1125.355,47.261,15,1
7.815,t2_squeezenet,1104.016,49.454,15,1
7.889,t2_squeezenet,1150.295,74.036,18,1
7.970,t2_squeezenet,1210.075,80.518,17,1
8.017,t2_squeezenet,1250.483,47.519,16,1
8.100,t2_squeezenet,1332.249,83.006,17,1
8.178,t2_squeezenet,1359.355,77.366,16,1
8.221,t2_squeezenet,1096.476,42.663,18,1
8.298,t2_squeezenet,1061.299,76.894,18,1
8.381,t2_squeezenet,1127.765,83.078,17,1
8.464,t2_squeezenet,993.232,83.149,22,1
8.509,t2_squeezenet,1013.018,44.675,23,1
8.590,t2_squeezenet,1003.842,81.350,23,1
8.673,t2_squeezenet,1075.237,83.085,24,1
8.721,t2_squeezenet,1108.376,47.750,26,1
8.764,t2_squeezenet,1135.827,43.366,26,1
8.809,t2_squeezenet,1043.319,44.814,25,1
8.893,t2_squeezenet,1043.528,83.284,26,1
8.976,t2_squeezenet,1125.376,83.520,27,1
9.018,t2_squeezenet,1162.735,42.010,28,1
9.095,t2_squeezenet,1225.300,76.827,28,1
9.175,t2_squeezenet,1078.607,79.871,29,1
9.260,t2_squeezenet,1163.249,84.906,29,1
9.302,t2_squeezenet,1106.982,41.790,28,1
9.382,t2_squeezenet,1174.260,80.059,30,1
9.463,t2_squeezenet,1254.907,81.066,29,1
9.510,t2_squeezenet,1252.281,46.805,29,1
9.592,t2_squeezenet,1205.770,82.287,28,1
9.669,t2_squeezenet,1280.501,76.626,27,1
9.713,t2_squeezenet,1312.294,43.924,26,1
9.760,t2_squeezenet,1348.454,47.352,25,1
9.810,t2_squeezenet,1366.836,49.619,26,1
9.886,t2_squeezenet,1439.695,76.187,26,1
9.969,t2_squeezenet,1482.252,83.200,25,1
10.015,t2_squeezenet,1524.910,46.137,24,1
10.098,t2_squeezenet,1527.425,82.007,23,1
10.180,t2_squeezenet,1522.850,81.885,24,1
10.261,t2_squeezenet,1594.888,81.135,24,1
10.302,t2_squeezenet,1620.417,41.406,25,1
10.384,t2_squeezenet,1701.983,81.622,27,1
10.469,t2_squeezenet,1782.929,85.294,27,1
10.512,t2_squeezenet,1787.413,42.466,27,1
10.596,t2_squeezenet,1712.367,84.486,28,1
10.676,t2_squeezenet,1787.359,79.544,27,1
10.725,t2_squeezenet,1809.503,48.992,26,1
10.767,t2_squeezenet,1825.972,42.570,25,1
10.812,t2_squeezenet,1827.469,44.227,25,1
10.884,t2_squeezenet,1894.434,72.157,27,1
10.966,t2_squeezenet,1927.786,82.471,30,1
11.014,t2_squeezenet,1886.764,47.741,30,1
11.093,t2_squeezenet,1956.244,78.755,29,1
11.170,t2_squeezenet,1931.344,76.529,28,1
11.216,t2_squeezenet,1883.829,46.548,29,1
11.299,t2_squeezenet,1939.452,82.825,29,1
11.384,t2_squeezenet,2006.402,84.852,32,1
11.463,t2_squeezenet,1995.421,78.722,31,1
11.507,t2_squeezenet,1730.557,44.703,30,1
11.585,t2_squeezenet,1785.754,77.056,32,1
11.668,t2_squeezenet,1818.474,83.049,33,1
11.712,t2_squeezenet,1583.910,44.251,33,1
11.758,t2_squeezenet,1627.580,45.922,32,1
11.805,t2_squeezenet,1558.584,47.482,32,1
11.883,t2_squeezenet,1594.037,77.224,33,1
11.961,t2_squeezenet,1663.688,77.981,34,1
12.001,t2_squeezenet,1665.937,40.671,33,1
12.081,t2_squeezenet,1727.178,79.823,32,1
12.168,t2_squeezenet,1784.002,86.466,32,1
12.211,t2_squeezenet,1804.292,43.511,32,1
12.291,t2_squeezenet,1807.299,79.332,35,1
12.374,t2_squeezenet,1854.409,83.106,36,1
12.460,t2_squeezenet,1914.006,85.905,36,1
12.503,t2_squeezenet,1715.319,43.254,35,1
12.583,t2_squeezenet,1724.099,79.968,35,1
12.663,t2_squeezenet,1785.439,80.194,38,1
12.706,t2_squeezenet,1824.001,42.933,37,1
12.754,t2_squeezenet,1862.723,48.130,36,1
12.798,t2_squeezenet,1875.144,43.356,37,1
12.879,t2_squeezenet,1945.516,81.069,36,1
12.961,t2_squeezenet,2019.243,82.350,36,1
13.008,t2_squeezenet,2000.357,46.288,35,1
13.091,t2_squeezenet,1899.002,83.304,37,1
13.169,t2_squeezenet,1971.401,78.063,38,1
13.214,t2_squeezenet,1985.744,45.379,37,1
13.299,t2_squeezenet,1982.944,84.454,39,1
13.383,t2_squeezenet,2057.435,83.741,39,1
13.463,t2_squeezenet,2121.531,80.391,41,1
13.508,t2_squeezenet,2160.086,44.419,40,1
13.595,t2_squeezenet,2060.164,86.890,41,1
13.677,t2_squeezenet,2135.317,82.191,42,1
13.719,t2_squeezenet,2136.668,41.967,41,1
13.764,t2_squeezenet,2170.171,45.383,42,1
13.810,t2_squeezenet,2151.371,46.014,43,1
13.891,t2_squeezenet,2188.701,80.571,43,1
13.976,t2_squeezenet,2217.627,84.750,45,1
14.060,t2_squeezenet,2242.847,84.204,47,1
14.103,t2_squeezenet,2241.764,43.072,46,1
14.189,t2_squeezenet,2296.458,86.136,45,1
14.270,t2_squeezenet,2312.931,80.178,47,1
14.314,t2_squeezenet,2158.092,44.290,46,1
14.397,t2_squeezenet,2204.556,83.195,46,1
14.484,t2_squeezenet,2258.026,86.494,48,1
14.568,t2_squeezenet,2302.177,83.969,49,1
14.611,t2_squeezenet,2331.839,43.374,50,1
14.695,t2_squeezenet,2406.153,83.895,50,1
14.742,t2_squeezenet,2431.949,46.879,49,1
14.789,t2_squeezenet,2422.078,46.968,49,1
14.865,t2_squeezenet,2462.378,75.796,49,1
14.907,t2_squeezenet,2385.039,41.698,49,1
14.992,t2_squeezenet,2379.985,84.801,48,1
15.079,t2_squeezenet,2459.909,87.422,48,1
15.163,t2_squeezenet,2538.803,83.878,48,1
15.205,t2_squeezenet,2563.989,41.755,50,1
15.287,t2_squeezenet,2524.935,82.333,51,1
15.372,t2_squeezenet,2599.149,85.185,52,1
15.460,t2_squeezenet,2521.616,88.088,52,1
15.502,t2_squeezenet,2469.173,41.509,51,1
15.587,t2_squeezenet,2546.478,84.833,51,1
15.668,t2_squeezenet,2592.679,81.381,52,1
15.717,t2_squeezenet,2601.981,48.582,51,1
15.761,t2_squeezenet,2619.850,44.039,51,1
15.804,t2_squeezenet,2582.518,42.430,50,1
15.881,t2_squeezenet,2621.314,77.239,50,1
15.968,t2_squeezenet,2696.427,86.794,52,1
16.018,t2_squeezenet,2685.453,50.088,52,1
16.100,t2_squeezenet,2713.167,82.574,52,1
16.184,t2_squeezenet,2755.111,83.555,53,1
16.270,t2_squeezenet,2823.849,85.747,53,1
16.360,t2_squeezenet,2839.988,89.777,54,1
16.398,t2_squeezenet,2810.965,38.404,53,1
16.481,t2_squeezenet,2885.590,82.884,54,1
16.571,t2_squeezenet,2949.757,90.219,53,1
16.664,t2_squeezenet,2936.023,92.654,55,1
16.710,t2_squeezenet,2979.279,45.544,55,1
16.754,t2_squeezenet,2970.294,44.759,55,1
16.800,t2_squeezenet,3002.569,45.535,55,1
16.878,t2_squeezenet,3048.295,77.531,55,1
16.964,t2_squeezenet,3057.969,86.387,55,1
17.003,t2_squeezenet,3056.733,39.166,55,1
17.088,t2_squeezenet,3128.893,84.907,56,1
17.174,t2_squeezenet,3180.619,86.019,56,1
17.263,t2_squeezenet,3246.967,88.351,56,1
17.307,t2_squeezenet,3289.776,44.192,55,1
17.390,t2_squeezenet,3195.606,82.899,56,1
17.475,t2_squeezenet,3237.407,84.770,60,1
17.562,t2_squeezenet,3299.738,87.279,61,1
17.604,t2_squeezenet,3286.598,41.739,60,1
17.680,t2_squeezenet,3270.059,76.659,59,1
17.726,t2_squeezenet,3306.943,45.743,58,1
17.772,t2_squeezenet,3312.339,45.731,60,1
17.821,t2_squeezenet,3324.294,48.774,59,1
17.899,t2_squeezenet,3355.495,78.310,59,1
17.983,t2_squeezenet,3390.940,83.865,58,1
18.067,t2_squeezenet,3471.949,84.270,58,1
18.115,t2_squeezenet,3484.776,47.761,58,1
18.193,t2_squeezenet,3440.742,77.911,57,1
18.284,t2_squeezenet,3469.773,91.004,59,1
18.368,t2_squeezenet,3461.944,84.243,59,1
18.415,t2_squeezenet,3373.101,46.843,58,1
18.499,t2_squeezenet,3365.711,83.811,58,1
18.580,t2_squeezenet,3413.351,80.439,58,1
18.665,t2_squeezenet,3494.364,84.891,59,1
18.711,t2_squeezenet,3516.157,46.705,58,1
18.757,t2_squeezenet,3508.604,46.119,59,1
18.800,t2_squeezenet,3528.703,42.758,58,1
18.878,t2_squeezenet,3590.161,77.999,59,1
18.964,t2_squeezenet,3634.667,85.772,59,1
19.012,t2_squeezenet,3592.734,47.736,58,1
19.095,t2_squeezenet,3532.132,82.981,58,1
19.178,t2_squeezenet,3551.520,83.238,57,1
19.263,t2_squeezenet,3612.606,85.081,57,1
19.309,t2_squeezenet,3560.485,45.689,56,1
19.393,t2_squeezenet,3578.393,84.264,57,1
19.474,t2_squeezenet,3592.206,81.035,56,1
19.518,t2_squeezenet,3600.750,43.429,55,1
19.603,t2_squeezenet,3643.713,85.254,56,1
19.691,t2_squeezenet,3693.735,87.448,55,1
19.734,t2_squeezenet,3664.661,43.652,56,1
19.778,t2_squeezenet,3660.775,43.610,58,1
19.861,t2_squeezenet,3737.121,82.952,58,1
19.904,t2_squeezenet,3676.553,42.904,58,1
19.989,t2_squeezenet,3688.915,84.987,59,1
20.070,t2_squeezenet,3710.347,80.993,60,0
20.117,t2_squeezenet,3708.524,47.350,59,0
20.202,t2_squeezenet,3750.786,84.272,59,0
20.288,t2_squeezenet,3715.034,86.169,60,0
20.369,t2_squeezenet,3770.953,80.695,61,0
20.413,t2_squeezenet,3758.482,44.431,61,0
20.499,t2_squeezenet,3802.771,86.290,60,0
20.584,t2_squeezenet,3841.872,84.179,63,0
20.671,t2_squeezenet,3908.154,87.326,65,0
20.715,t2_squeezenet,3841.034,43.674,64,0
20.762,t2_squeezenet,3853.945,47.284,63,0
20.810,t2_squeezenet,3811.139,48.321,62,0
20.890,t2_squeezenet,3861.089,79.315,63,0
20.976,t2_squeezenet,3932.721,85.755,64,0
21.065,t2_squeezenet,3938.024,89.175,64,0
21.110,t2_squeezenet,3874.971,45.198,63,0
21.200,t2_squeezenet,3843.482,89.626,64,0
21.286,t2_squeezenet,3906.975,86.401,69,0
21.375,t2_squeezenet,3948.875,88.659,69,0
21.461,t2_squeezenet,4031.129,85.886,69,0
21.505,t2_squeezenet,4067.326,44.626,69,0
21.590,t2_squeezenet,4120.553,84.909,68,0
21.676,t2_squeezenet,4205.581,85.836,68,0
21.725,t2_squeezenet,4243.713,48.220,67,0
21.774,t2_squeezenet,4262.363,49.232,67,0
21.860,t2_squeezenet,4122.665,86.223,67,0
21.902,t2_squeezenet,4154.752,42.183,67,0
21.991,t2_squeezenet,4222.854,88.898,68,0
22.083,t2_squeezenet,4237.485,91.265,68,0
22.171,t2_squeezenet,4107.394,88.122,69,0
22.213,t2_squeezenet,4111.860,42.042,68,0
22.300,t2_squeezenet,4083.187,87.561,71,0
22.388,t2_squeezenet,4166.394,87.781,71,0
22.480,t2_squeezenet,4257.414,91.552,70,0
22.565,t2_squeezenet,4209.721,84.681,71,0
22.608,t2_squeezenet,4150.818,43.002,70,0
22.698,t2_squeezenet,4170.305,90.749,71,0
22.749,t2_squeezenet,4143.034,50.539,71,0
22.793,t2_squeezenet,4149.003,43.778,70,0
22.870,t2_squeezenet,4151.257,76.678,71,0
22.961,t2_squeezenet,4217.760,91.247,71,0
23.005,t2_squeezenet,4189.801,44.608,71,0
23.093,t2_squeezenet,4262.671,87.818,72,0
23.178,t2_squeezenet,4296.645,84.214,72,0
23.263,t2_squeezenet,4175.641,85.688,73,0
23.310,t2_squeezenet,4096.628,46.678,72,0
23.400,t2_squeezenet,4065.908,89.697,76,0
23.488,t2_squeezenet,4141.228,87.941,77,0
23.576,t2_squeezenet,4047.703,87.811,78,0
23.665,t2_squeezenet,4069.757,89.323,80,0
23.714,t2_squeezenet,4001.777,48.530,79,0
23.757,t2_squeezenet,4039.103,43.644,78,0
23.801,t2_squeezenet,4060.181,43.285,78,0
23.887,t2_squeezenet,4142.622,86.307,78,0
23.975,t2_squeezenet,4229.162,87.833,77,0
24.064,t2_squeezenet,4217.556,88.691,79,0
24.107,t2_squeezenet,4204.516,42.974,78,0
24.194,t2_squeezenet,4286.473,86.954,78,0
24.283,t2_squeezenet,4317.420,89.789,78,0
24.374,t2_squeezenet,4348.995,90.937,80,0
24.461,t2_squeezenet,4434.534,86.743,80,0
24.505,t2_squeezenet,4324.885,43.978,82,0
24.596,t2_squeezenet,4391.610,90.750,83,0
24.686,t2_squeezenet,4466.157,89.815,84,0
24.734,t2_squeezenet,4427.236,47.992,84,0
24.777,t2_squeezenet,4449.620,42.687,83,0
24.861,t2_squeezenet,4449.223,84.747,83,0
24.905,t2_squeezenet,4377.155,43.717,84,0
24.992,t2_squeezenet,4449.114,86.867,88,0
25.079,t2_squeezenet,4507.663,86.743,87,0
25.169,t2_squeezenet,4589.550,90.132,88,0
25.260,t2_squeezenet,4638.644,91.184,90,0
25.304,t2_squeezenet,4635.117,43.945,90,0
25.392,t2_squeezenet,4721.224,87.347,89,0
25.481,t2_squeezenet,4608.128,88.900,89,0
25.569,t2_squeezenet,4689.194,88.697,89,0
25.661,t2_squeezenet,4744.348,92.086,89,0
25.699,t2_squeezenet,4765.443,38.000,88,0
25.748,t2_squeezenet,4736.488,48.365,90,0
25.795,t2_squeezenet,4647.402,46.609,89,0
25.886,t2_squeezenet,4706.153,91.046,93,0
25.974,t2_squeezenet,4762.663,87.829,94,0
26.063,t2_squeezenet,4846.089,89.579,95,0
26.107,t2_squeezenet,4886.840,43.964,95,0
26.199,t2_squeezenet,4973.326,91.568,98,0
26.288,t2_squeezenet,5057.206,89.107,99,0
26.373,t2_squeezenet,5100.109,84.584,101,0
26.463,t2_squeezenet,5141.056,89.968,100,0
26.508,t2_squeezenet,5066.502,45.312,100,0
26.595,t2_squeezenet,5111.953,86.811,102,0
26.681,t2_squeezenet,5026.356,86.043,103,0
26.729,t2_squeezenet,4970.269,47.629,102,0
26.776,t2_squeezenet,4954.755,47.667,101,0
26.864,t2_squeezenet,4968.011,87.708,100,0
26.907,t2_squeezenet,4988.499,42.861,99,0
26.994,t2_squeezenet,5053.752,87.062,100,0
27.081,t2_squeezenet,5082.272,86.954,100,0
27.171,t2_squeezenet,5033.322,90.303,100,0
27.261,t2_squeezenet,5106.723,89.017,102,0
27.301,t2_squeezenet,5083.519,39.969,101,0
27.390,t2_squeezenet,5167.392,89.766,102,0
27.481,t2_squeezenet,5205.438,90.341,104,0
27.571,t2_squeezenet,5295.254,90.464,105,0
27.613,t2_squeezenet,5261.703,41.643,104,0
27.703,t2_squeezenet,5195.524,89.848,103,0
27.752,t2_squeezenet,5240.945,49.587,102,0
27.799,t2_squeezenet,5183.503,46.805,102,0
27.882,t2_squeezenet,5213.835,83.022,103,0
27.967,t2_squeezenet,5230.381,85.007,104,0
28.012,t2_squeezenet,5203.731,44.664,104,0
28.103,t2_squeezenet,5271.396,90.374,107,0
28.191,t2_squeezenet,5290.674,88.024,107,0
28.276,t2_squeezenet,5313.389,85.640,110,0
28.365,t2_squeezenet,5345.501,88.340,109,0
28.410,t2_squeezenet,5337.277,45.182,108,0
28.497,t2_squeezenet,5366.664,87.118,111,0
28.583,t2_squeezenet,5342.164,86.023,111,0
28.672,t2_squeezenet,5426.062,88.823,110,0
28.722,t2_squeezenet,5399.870,49.502,110,0
28.770,t2_squeezenet,5441.862,47.913,109,0
28.811,t2_squeezenet,5450.399,41.642,108,0
28.895,t2_squeezenet,5512.707,83.716,111,0
28.981,t2_squeezenet,5582.974,86.026,111,0
29.070,t2_squeezenet,5621.809,88.712,111,0
29.115,t2_squeezenet,5638.947,45.266,111,0
29.197,t2_squeezenet,5667.285,81.801,110,0
29.284,t2_squeezenet,5730.622,86.452,111,0
29.374,t2_squeezenet,5786.417,89.957,111,0
29.469,t2_squeezenet,5864.559,95.195,112,0
29.511,t2_squeezenet,5902.274,42.277,113,0
29.600,t2_squeezenet,5809.916,88.927,114,0
29.684,t2_squeezenet,5809.057,83.990,115,0
29.735,t2_squeezenet,5741.252,51.001,114,0
29.777,t2_squeezenet,5780.667,42.151,114,0
29.864,t2_squeezenet,5845.156,86.217,115,0
29.907,t2_squeezenet,5765.898,43.052,114,0
29.998,t2_squeezenet,5739.746,91.207,114,0
30.086,t2_squeezenet,5781.240,88.002,115,0
30.171,t2_squeezenet,5847.630,85.274,116,0
30.262,t2_squeezenet,5892.668,90.341,117,0
30.309,t2_squeezenet,5909.396,47.498,116,0
30.398,t2_squeezenet,5934.034,88.154,117,0
30.484,t2_squeezenet,6012.861,86.658,116,0
30.572,t2_squeezenet,6084.800,87.330,116,0
30.663,t2_squeezenet,6151.257,91.046,116,0
30.706,t2_squeezenet,6118.540,43.417,116,0
30.754,t2_squeezenet,6139.519,48.042,115,0
30.798,t2_squeezenet,6120.115,44.014,114,0
30.888,t2_squeezenet,6178.339,89.750,113,0
30.977,t2_squeezenet,6117.734,89.168,113,0
31.064,t2_squeezenet,6195.613,86.790,112,0
31.108,t2_squeezenet,6215.077,43.991,111,0
31.197,t2_squeezenet,6273.420,88.467,112,0
31.286,t2_squeezenet,6332.988,89.258,113,0
31.374,t2_squeezenet,6405.712,88.338,113,0
31.462,t2_squeezenet,6488.744,87.081,113,0
31.504,t2_squeezenet,6519.947,42.727,114,0
31.593,t2_squeezenet,6427.954,88.720,114,0
31.680,t2_squeezenet,6512.162,86.756,114,0
31.730,t2_squeezenet,6508.990,49.887,114,0
31.775,t2_squeezenet,6549.670,44.992,114,0
31.865,t2_squeezenet,6612.241,89.799,114,0
31.911,t2_squeezenet,6637.731,45.919,115,0
31.997,t2_squeezenet,6527.186,86.652,114,0
32.085,t2_squeezenet,6579.822,87.849,115,0
32.173,t2_squeezenet,6533.633,88.202,116,0
32.264,t2_squeezenet,6520.085,90.665,117,0
32.307,t2_squeezenet,6561.133,42.570,118,0
32.394,t2_squeezenet,6647.772,87.526,118,0
32.484,t2_squeezenet,6680.364,89.900,118,0
32.575,t2_squeezenet,6725.643,90.084,120,0
32.662,t2_squeezenet,6811.487,87.420,120,0
32.705,t2_squeezenet,6853.636,42.881,119,0
32.753,t2_squeezenet,6883.520,48.280,119,0
32.804,t2_squeezenet,6890.503,50.608,118,0
32.886,t2_squeezenet,6971.512,82.154,117,0
32.974,t2_squeezenet,6987.288,87.780,117,0
33.063,t2_squeezenet,6999.789,88.662,116,0
33.107,t2_squeezenet,7038.217,43.999,115,0
33.196,t2_squeezenet,7072.486,89.609,114,0
33.277,t2_squeezenet,7141.479,80.436,115,0
33.364,t2_squeezenet,7198.841,87.610,114,0
33.411,t2_squeezenet,7214.711,46.115,113,0
33.499,t2_squeezenet,7288.213,88.197,114,0
33.584,t2_squeezenet,7315.785,85.076,116,0
33.672,t2_squeezenet,7373.936,88.069,117,0
33.720,t2_squeezenet,7412.047,47.538,117,0
33.766,t2_squeezenet,7452.194,46.627,118,0
33.812,t2_squeezenet,7323.249,45.204,117,0
33.894,t2_squeezenet,7350.225,82.644,117,0
33.984,t2_squeezenet,7397.556,89.484,117,0
34.070,t2_squeezenet,7481.412,86.151,116,0
34.113,t2_squeezenet,7507.643,42.390,116,0
34.197,t2_squeezenet,7569.119,84.196,116,0
34.285,t2_squeezenet,7325.311,88.002,118,0
34.372,t2_squeezenet,7382.981,87.127,117,0
34.466,t2_squeezenet,7431.133,93.510,118,0
34.508,t2_squeezenet,7400.021,42.032,117,0
34.597,t2_squeezenet,7415.157,89.744,117,0
34.681,t2_squeezenet,7485.697,83.160,119,0
34.732,t2_squeezenet,7529.693,51.134,119,0
34.774,t2_squeezenet,7471.280,42.303,118,0
34.862,t2_squeezenet,7549.055,87.452,119,0
34.905,t2_squeezenet,7508.267,43.696,118,0
34.993,t2_squeezenet,7565.889,87.671,118,0
35.083,t2_squeezenet,7647.183,90.229,119,0
35.173,t2_squeezenet,7633.916,89.239,120,0
35.263,t2_squeezenet,7692.330,90.015,121,0
35.310,t2_squeezenet,7524.183,47.402,120,0
35.397,t2_squeezenet,7585.674,86.389,121,0
35.490,t2_squeezenet,7619.521,93.035,122,0
35.577,t2_squeezenet,7676.946,86.993,124,0
35.664,t2_squeezenet,7753.541,87.832,125,0
35.710,t2_squeezenet,7719.851,45.707,125,0
35.756,t2_squeezenet,7737.710,45.668,125,0
35.801,t2_squeezenet,7774.346,44.781,125,0
35.889,t2_squeezenet,7840.227,87.941,125,0
35.977,t2_squeezenet,7904.080,87.832,125,0
36.064,t2_squeezenet,7876.655,87.217,127,0
36.109,t2_squeezenet,7895.949,45.422,127,0
36.202,t2_squeezenet,7973.573,92.957,127,0
36.292,t2_squeezenet,8034.413,89.393,127,0
36.377,t2_squeezenet,8107.133,85.613,127,0
36.463,t2_squeezenet,8046.510,85.865,128,0
36.506,t2_squeezenet,8064.664,42.609,128,0
36.597,t2_squeezenet,8143.391,91.221,129,0
36.685,t2_squeezenet,8201.335,87.312,130,0
36.735,t2_squeezenet,8223.016,49.922,130,0
36.780,t2_squeezenet,8062.532,45.284,129,0
36.872,t2_squeezenet,8018.894,91.757,128,0
36.960,t2_squeezenet,8103.091,88.285,130,0
37.003,t2_squeezenet,8135.309,42.431,130,0
37.092,t2_squeezenet,8202.538,89.624,129,0
37.181,t2_squeezenet,8256.687,88.600,129,0
37.269,t2_squeezenet,8244.021,88.290,130,0
37.311,t2_squeezenet,8217.613,41.857,129,0
37.396,t2_squeezenet,8198.207,84.946,130,0
37.486,t2_squeezenet,8225.421,89.529,132,0
37.577,t2_squeezenet,8235.153,91.306,132,0
37.665,t2_squeezenet,8284.912,88.376,133,0
37.711,t2_squeezenet,8268.629,45.448,132,0
37.764,t2_squeezenet,8293.636,53.222,132,0
37.812,t2_squeezenet,8307.588,47.504,132,0
37.898,t2_squeezenet,8309.219,86.434,132,0
37.986,t2_squeezenet,8395.277,88.054,131,0
38.071,t2_squeezenet,8456.878,84.471,132,0
38.163,t2_squeezenet,8526.966,92.507,132,0
38.205,t2_squeezenet,8428.734,41.824,131,0
38.289,t2_squeezenet,8503.588,83.442,131,0
38.381,t2_squeezenet,8563.076,92.177,133,0
38.473,t2_squeezenet,8525.980,92.195,134,0
38.565,t2_squeezenet,8565.866,91.455,134,0
38.609,t2_squeezenet,8555.335,44.073,133,0
38.697,t2_squeezenet,8557.359,88.346,133,0
38.751,t2_squeezenet,8605.111,53.552,134,0
38.797,t2_squeezenet,8620.019,45.825,133,0
38.884,t2_squeezenet,8664.850,87.238,132,0
38.970,t2_squeezenet,8628.494,85.715,133,0
39.061,t2_squeezenet,8693.402,91.451,134,0
39.104,t2_squeezenet,8587.757,42.317,134,0
39.188,t2_squeezenet,8590.001,84.464,133,0
39.280,t2_squeezenet,8599.287,91.683,134,0
39.371,t2_squeezenet,8394.495,90.890,133,0
39.465,t2_squeezenet,8331.836,93.822,134,0
39.507,t2_squeezenet,8343.879,42.273,133,0
39.599,t2_squeezenet,8367.405,91.768,135,0
39.688,t2_squeezenet,8420.813,89.662,135,0
39.742,t2_squeezenet,8377.739,53.063,137,0
39.786,t2_squeezenet,8371.101,44.569,137,0
39.871,t2_squeezenet,8382.150,84.979,138,0
39.961,t2_squeezenet,8464.459,90.171,139,0
40.005,t2_squeezenet,8493.425,43.543,139,0
40.092,t2_squeezenet,8438.782,87.150,139,0
40.182,t2_squeezenet,8461.834,89.889,138,0
40.272,t2_squeezenet,8525.160,90.198,141,0
40.364,t2_squeezenet,8525.131,91.552,143,0
40.409,t2_squeezenet,8518.241,45.046,142,0
40.495,t2_squeezenet,8597.427,85.695,142,0
40.589,t2_squeezenet,8565.975,94.104,143,0
40.677,t2_squeezenet,8651.637,88.542,144,0
40.733,t2_squeezenet,8611.412,55.816,143,0
40.775,t2_squeezenet,8602.205,41.355,144,0
40.862,t2_squeezenet,8682.189,87.161,145,0
40.903,t2_squeezenet,8648.485,41.115,145,0
40.992,t2_squeezenet,8706.540,89.218,146,0
41.083,t2_squeezenet,8790.155,90.819,147,0
41.172,t2_squeezenet,8802.229,88.174,149,0
41.263,t2_squeezenet,8849.193,91.783,150,0
41.310,t2_squeezenet,8785.655,46.505,150,0
41.396,t2_squeezenet,8823.654,86.559,152,0
41.484,t2_squeezenet,8910.832,87.696,154,0
41.577,t2_squeezenet,8996.417,92.958,155,0
41.666,t2_squeezenet,8938.122,88.337,155,0
41.712,t2_squeezenet,8820.823,46.540,154,0
41.762,t2_squeezenet,8505.990,50.275,154,0
41.806,t2_squeezenet,8531.891,43.835,154,0
41.895,t2_squeezenet,8480.613,88.921,153,0
41.986,t2_squeezenet,8521.487,90.474,154,0
42.073,t2_squeezenet,8572.600,87.308,156,0
42.167,t2_squeezenet,8658.950,93.698,156,0
42.213,t2_squeezenet,8650.138,45.630,156,0
42.303,t2_squeezenet,8698.206,90.059,157,0
42.390,t2_squeezenet,8768.917,87.249,158,0
42.476,t2_squeezenet,8792.526,85.953,157,0
42.570,t2_squeezenet,8845.817,93.946,157,0
42.661,t2_squeezenet,8909.540,91.093,161,0
42.700,t2_squeezenet,8848.511,39.068,161,0
42.754,t2_squeezenet,8825.153,53.583,161,0
42.801,t2_squeezenet,8702.858,46.721,160,0
42.890,t2_squeezenet,8719.231,89.152,159,0
42.981,t2_squeezenet,8754.572,91.008,159,0
43.068,t2_squeezenet,8828.606,86.979,163,0
43.111,t2_squeezenet,8867.670,42.694,162,0
43.199,t2_squeezenet,8777.225,88.218,162,0
43.291,t2_squeezenet,8840.379,92.496,163,0
43.379,t2_squeezenet,8787.751,87.158,164,0
43.472,t2_squeezenet,8867.190,93.671,164,0
43.562,t2_squeezenet,8931.498,89.975,164,0
43.609,t2_squeezenet,8949.225,46.333,163,0
43.700,t2_squeezenet,9005.528,91.621,164,0
43.751,t2_squeezenet,8971.011,50.742,163,0
43.798,t2_squeezenet,9006.988,46.449,162,0
43.883,t2_squeezenet,8949.390,85.169,162,0
43.976,t2_squeezenet,8961.361,92.985,162,0
44.061,t2_squeezenet,9004.053,84.834,162,0
44.102,t2_squeezenet,8988.581,41.523,162,0
44.196,t2_squeezenet,9068.321,94.008,163,0
44.285,t2_squeezenet,9091.966,89.015,164,0
44.376,t2_squeezenet,9166.826,90.024,164,0
44.464,t2_squeezenet,9133.714,88.270,163,0
44.509,t2_squeezenet,9131.601,44.701,163,0
44.602,t2_squeezenet,9204.055,93.404,162,0
44.688,t2_squeezenet,9251.535,86.054,161,0
44.745,t2_squeezenet,9251.620,56.746,160,0
44.791,t2_squeezenet,9242.536,46.000,161,0
44.875,t2_squeezenet,9317.583,83.778,163,0
44.968,t2_squeezenet,9384.218,93.320,164,0
45.011,t2_squeezenet,9411.673,43.182,165,0
45.099,t2_squeezenet,9412.021,88.059,165,0
45.188,t2_squeezenet,9472.039,88.825,165,0
45.281,t2_squeezenet,9503.501,92.330,167,0
45.370,t2_squeezenet,9515.160,89.335,167,0
45.414,t2_squeezenet,9442.292,43.806,166,0
45.500,t2_squeezenet,9492.304,40.270,168,0
45.592,t2_squeezenet,9582.706,92.363,169,0
45.678,t2_squeezenet,9637.196,85.874,171,0
45.732,t2_squeezenet,9646.510,53.955,170,0
45.778,t2_squeezenet,9595.500,45.693,169,0
45.867,t2_squeezenet,9582.149,89.357,169,0
45.960,t2_squeezenet,9605.619,92.314,168,0
46.000,t2_squeezenet,9568.438,40.224,167,0
46.092,t2_squeezenet,9653.077,92.049,168,0
46.187,t2_squeezenet,9682.503,94.980,168,0
46.274,t2_squeezenet,9767.118,87.230,167,0
46.366,t2_squeezenet,9802.939,92.086,167,0
46.460,t2_squeezenet,9843.585,93.415,169,0
46.504,t2_squeezenet,9851.240,43.987,168,0
46.595,t2_squeezenet,9863.467,90.590,168,0
46.686,t2_squeezenet,9803.635,90.964,167,0
46.742,t2_squeezenet,9806.466,56.201,167,0
46.786,t2_squeezenet,9829.439,44.501,169,0
46.870,t2_squeezenet,9882.755,83.469,170,0
46.962,t2_squeezenet,9803.927,91.742,170,0
47.003,t2_squeezenet,9818.594,40.944,169,0
47.095,t2_squeezenet,9880.936,92.175,170,0
47.186,t2_squeezenet,9867.722,91.534,170,0
47.278,t2_squeezenet,9893.618,91.757,172,0
47.368,t2_squeezenet,9956.843,90.170,173,0
47.461,t2_squeezenet,10034.283,92.489,172,0
47.505,t2_squeezenet,10021.346,44.210,171,0
47.593,t2_squeezenet,10055.371,87.780,170,0
47.684,t2_squeezenet,10095.831,91.309,171,0
47.746,t2_squeezenet,10152.317,61.701,172,0
47.791,t2_squeezenet,10055.173,44.379,171,0
47.876,t2_squeezenet,10094.827,85.643,170,0
47.967,t2_squeezenet,10106.486,91.018,172,0
48.012,t2_squeezenet,10017.523,44.837,172,0
48.102,t2_squeezenet,10090.664,89.848,173,0
48.197,t2_squeezenet,10075.667,94.284,173,0
48.283,t2_squeezenet,10037.433,86.073,174,0
48.372,t2_squeezenet,10082.504,89.712,176,0
48.461,t2_squeezenet,10146.456,88.120,175,0
48.505,t2_squeezenet,10161.455,44.271,175,0
48.591,t2_squeezenet,10198.555,86.279,175,0
48.683,t2_squeezenet,10229.320,91.376,174,0
48.739,t2_squeezenet,10241.009,56.502,175,0
48.787,t2_squeezenet,10163.229,47.620,176,0
48.872,t2_squeezenet,10148.782,85.193,177,0
48.963,t2_squeezenet,10223.179,90.458,177,0
49.004,t2_squeezenet,10093.848,41.655,177,0
49.095,t2_squeezenet,10169.925,91.001,178,0
49.185,t2_squeezenet,10184.982,89.765,178,0
49.276,t2_squeezenet,10215.596,91.270,179,0
49.369,t2_squeezenet,10269.892,92.183,179,0
49.460,t2_squeezenet,10260.149,91.519,178,0
49.506,t2_squeezenet,10257.590,45.984,178,0
49.597,t2_squeezenet,10182.681,90.632,179,0
49.687,t2_squeezenet,10231.056,90.098,180,0
49.747,t2_squeezenet,10234.502,59.616,181,0
49.795,t2_squeezenet,10268.870,47.855,181,0
49.877,t2_squeezenet,10317.355,82.762,180,0
49.970,t2_squeezenet,10314.797,92.281,182,0
50.061,t2_squeezenet,10368.310,90.752,185,0
50.105,t2_squeezenet,10394.195,44.430,185,0
50.198,t2_squeezenet,10467.975,93.276,185,0
50.283,t2_squeezenet,10525.800,85.018,185,0
50.372,t2_squeezenet,10573.942,88.785,186,0
50.463,t2_squeezenet,10627.256,90.321,187,0
50.506,t2_squeezenet,10630.006,43.696,187,0
50.592,t2_squeezenet,10713.687,85.666,186,0
50.684,t2_squeezenet,10694.545,91.471,187,0
50.737,t2_squeezenet,10720.826,52.881,187,0
50.786,t2_squeezenet,10562.406,49.781,188,0
50.872,t2_squeezenet,10606.530,85.372,188,0
50.963,t2_squeezenet,10694.463,90.797,190,0
51.005,t2_squeezenet,10733.813,42.393,189,0
51.093,t2_squeezenet,10818.069,88.055,188,0
51.181,t2_squeezenet,10885.755,88.094,189,0
51.272,t2_squeezenet,10936.908,90.512,190,0
51.362,t2_squeezenet,10931.389,90.608,189,0
51.407,t2_squeezenet,10908.884,44.472,189,0
51.501,t2_squeezenet,10979.873,93.817,188,0
51.588,t2_squeezenet,10976.706,86.806,187,0
51.676,t2_squeezenet,11063.697,88.570,187,0
51.730,t2_squeezenet,10983.898,53.952,187,0
51.777,t2_squeezenet,11007.596,46.268,186,0
51.861,t2_squeezenet,11040.294,84.608,185,0
51.901,t2_squeezenet,11065.959,39.579,184,0
51.991,t2_squeezenet,11127.161,90.373,185,0
52.081,t2_squeezenet,11168.679,90.029,189,0
52.171,t2_squeezenet,11191.635,89.993,188,0
52.263,t2_squeezenet,11226.850,91.496,189,0
52.305,t2_squeezenet,11236.476,41.749,191,0
52.396,t2_squeezenet,11305.068,90.947,195,0
52.489,t2_squeezenet,11334.486,93.280,195,0
52.576,t2_squeezenet,11418.534,86.846,194,0
52.668,t2_squeezenet,11432.677,92.160,194,0
52.725,t2_squeezenet,11473.371,56.719,193,0
52.773,t2_squeezenet,11508.198,47.968,193,0
52.816,t2_squeezenet,11462.341,42.554,192,0
52.898,t2_squeezenet,11544.643,82.829,193,0
52.986,t2_squeezenet,11630.540,87.306,193,0
53.074,t2_squeezenet,11676.431,88.398,194,0
53.164,t2_squeezenet,11760.933,89.777,195,0
53.205,t2_squeezenet,11728.281,41.177,195,0
53.295,t2_squeezenet,11796.388,89.235,195,0
53.383,t2_squeezenet,11817.333,88.517,194,0
53.473,t2_squeezenet,11811.881,90.110,195,0
53.562,t2_squeezenet,11813.349,88.252,197,0
53.604,t2_squeezenet,11817.804,42.224,196,0
53.696,t2_squeezenet,11718.546,92.317,195,0
53.757,t2_squeezenet,11775.805,60.842,197,0
53.799,t2_squeezenet,11811.791,42.270,197,0
53.880,t2_squeezenet,11888.025,80.574,198,0
53.970,t2_squeezenet,11925.560,89.556,199,0
54.066,t2_squeezenet,11985.835,96.489,202,0
54.160,t2_squeezenet,11952.287,93.928,204,0
54.202,t2_squeezenet,11973.616,41.711,203,0
54.291,t2_squeezenet,12061.039,88.946,206,0
54.378,t2_squeezenet,12014.389,87.421,207,0
54.471,t2_squeezenet,12101.780,92.672,208,0
54.560,t2_squeezenet,12024.282,88.811,208,0
54.600,t2_squeezenet,11988.390,40.162,208,0
54.692,t2_squeezenet,12058.895,91.374,210,0
54.747,t2_squeezenet,12113.510,55.204,210,0
54.793,t2_squeezenet,12152.209,45.427,211,0
54.876,t2_squeezenet,12222.652,83.547,211,0
54.969,t2_squeezenet,12277.458,92.921,211,0
55.061,t2_squeezenet,12308.986,91.793,212,0
55.102,t2_squeezenet,12126.682,40.717,211,0
55.193,t2_squeezenet,12181.413,91.324,213,0
55.281,t2_squeezenet,12229.437,87.606,214,0
55.374,t2_squeezenet,12315.896,93.066,214,0
55.465,t2_squeezenet,12406.431,91.162,213,0
55.507,t2_squeezenet,12439.772,41.945,213,0
55.594,t2_squeezenet,12462.010,87.343,216,0
55.687,t2_squeezenet,12463.540,92.749,218,0
55.744,t2_squeezenet,12473.479,57.021,217,0
55.787,t2_squeezenet,12422.234,42.683,216,0
55.870,t2_squeezenet,12497.567,83.103,218,0
55.962,t2_squeezenet,12524.256,91.502,219,0
56.007,t2_squeezenet,12449.624,45.058,220,0
56.092,t2_squeezenet,12439.942,84.733,220,0
56.183,t2_squeezenet,12523.281,91.260,219,0
56.272,t2_squeezenet,12412.568,89.256,219,0
56.364,t2_squeezenet,12465.618,91.581,219,0
56.407,t2_squeezenet,12409.244,43.293,219,0
56.497,t2_squeezenet,12422.276,89.618,221,0
56.590,t2_squeezenet,12446.305,92.792,223,0
56.677,t2_squeezenet,12484.693,87.809,222,0
56.734,t2_squeezenet,12519.999,56.794,222,0
56.776,t2_squeezenet,12541.805,42.022,221,0
56.863,t2_squeezenet,12503.681,86.799,220,0
56.908,t2_squeezenet,12400.042,44.976,219,0
57.000,t2_squeezenet,12246.485,92.050,219,0
57.092,t2_squeezenet,12325.315,92.003,218,0
57.178,t2_squeezenet,12352.178,85.812,218,0
57.272,t2_squeezenet,12412.228,93.394,219,0
57.363,t2_squeezenet,12491.429,91.388,218,0
57.405,t2_squeezenet,12496.703,42.120,220,0
57.496,t2_squeezenet,12559.560,91.031,219,0
57.589,t2_squeezenet,12592.230,92.067,222,0
57.678,t2_squeezenet,12676.508,89.173,221,0
57.736,t2_squeezenet,12659.204,58.397,220,0
57.779,t2_squeezenet,12652.448,42.838,220,0
57.865,t2_squeezenet,12631.171,85.449,220,0
57.911,t2_squeezenet,12650.317,46.147,220,0
57.999,t2_squeezenet,12718.193,87.920,221,0
58.091,t2_squeezenet,12764.536,91.924,221,0
58.180,t2_squeezenet,12702.154,89.256,221,0
58.272,t2_squeezenet,12783.811,91.743,221,0
58.365,t2_squeezenet,12868.322,93.464,222,0
58.407,t2_squeezenet,12844.786,41.728,221,0
58.497,t2_squeezenet,12923.441,90.164,221,0
58.589,t2_squeezenet,12991.282,91.475,222,0
58.684,t2_squeezenet,13049.012,95.404,221,0
58.743,t2_squeezenet,13080.461,58.710,221,0
58.788,t2_squeezenet,12927.976,44.480,220,0
58.876,t2_squeezenet,12831.556,88.367,222,0
58.972,t2_squeezenet,12880.887,96.176,222,0
59.066,t2_squeezenet,12890.885,94.285,223,0
59.108,t2_squeezenet,12797.801,41.970,222,0
59.199,t2_squeezenet,12769.049,90.745,222,0
59.294,t2_squeezenet,12861.827,95.164,222,0
59.385,t2_squeezenet,12927.992,90.696,224,0
59.477,t2_squeezenet,12952.173,91.297,225,0
59.571,t2_squeezenet,12853.990,94.184,225,0
59.664,t2_squeezenet,12920.964,93.542,224,0
59.726,t2_squeezenet,12954.373,61.635,223,0
59.770,t2_squeezenet,12995.557,43.527,222,0
59.860,t2_squeezenet,13040.203,90.311,224,0
59.905,t2_squeezenet,13054.139,44.639,223,0
60.000,t2_squeezenet,13063.470,95.386,222,0
60.087,t2_squeezenet,13027.019,86.889,223,0
60.178,t2_squeezenet,13105.120,90.443,224,0
60.264,t2_squeezenet,13134.936,86.384,224,0
60.360,t2_squeezenet,13160.078,96.492,225,0
60.403,t2_squeezenet,13180.071,42.581,225,0
60.491,t2_squeezenet,13224.781,87.698,226,0
60.583,t2_squeezenet,13284.343,91.650,225,0
60.672,t2_squeezenet,13363.216,89.365,226,0
60.733,t2_squeezenet,13115.084,60.630,227,0
60.774,t2_squeezenet,13146.890,41.718,227,0
60.860,t2_squeezenet,13160.691,85.891,228,0
60.901,t2_squeezenet,13185.496,40.415,229,0
60.994,t2_squeezenet,13091.266,93.147,229,0
61.084,t2_squeezenet,13181.588,90.510,228,0
61.173,t2_squeezenet,13256.599,88.526,228,0
61.268,t2_squeezenet,13260.385,94.458,229,0
61.364,t2_squeezenet,13344.968,96.609,231,0
61.408,t2_squeezenet,13381.570,44.142,230,0
61.495,t2_squeezenet,13346.534,86.386,232,0
61.589,t2_squeezenet,13356.238,94.557,233,0
61.683,t2_squeezenet,13433.857,93.648,232,0
61.740,t2_squeezenet,13438.207,56.426,232,0
61.782,t2_squeezenet,13436.352,42.351,232,0
61.865,t2_squeezenet,13510.071,82.481,231,0
61.910,t2_squeezenet,13417.093,45.000,230,0
62.001,t2_squeezenet,13439.871,90.958,230,0
62.090,t2_squeezenet,13393.190,89.633,229,0
62.177,t2_squeezenet,13462.557,86.513,231,0
62.271,t2_squeezenet,13530.938,93.830,230,0
62.364,t2_squeezenet,13614.081,93.455,230,0
62.406,t2_squeezenet,13577.212,42.148,229,0
62.492,t2_squeezenet,13625.151,85.715,230,0
62.582,t2_squeezenet,13661.490,90.131,232,0
62.672,t2_squeezenet,13691.077,90.081,232,0
62.734,t2_squeezenet,13695.780,61.547,232,0
62.777,t2_squeezenet,13736.324,42.929,233,0
62.864,t2_squeezenet,13702.560,87.369,234,0
62.911,t2_squeezenet,13648.678,46.705,233,0
62.998,t2_squeezenet,13731.312,86.326,233,0
63.090,t2_squeezenet,13752.772,92.365,234,0
63.176,t2_squeezenet,13675.824,86.014,236,0
63.266,t2_squeezenet,13754.802,90.300,237,0
63.314,t2_squeezenet,13754.034,47.190,236,0
63.400,t2_squeezenet,13791.717,86.533,236,0
63.492,t2_squeezenet,13863.402,91.449,235,0
63.580,t2_squeezenet,13873.692,88.421,234,0
63.671,t2_squeezenet,13943.058,91.275,234,0
63.728,t2_squeezenet,13957.156,56.799,233,0
63.771,t2_squeezenet,13880.357,43.195,233,0
63.814,t2_squeezenet,13878.502,42.656,232,0
63.899,t2_squeezenet,13945.917,84.913,232,0
63.991,t2_squeezenet,14020.606,91.912,231,0
64.079,t2_squeezenet,14099.491,87.492,231,0
64.169,t2_squeezenet,14180.171,90.592,231,0
64.261,t2_squeezenet,14255.509,91.425,236,0
64.303,t2_squeezenet,14226.247,42.204,236,0
64.392,t2_squeezenet,14232.497,88.565,237,0
64.480,t2_squeezenet,14240.249,88.845,236,0
64.571,t2_squeezenet,14254.181,90.075,236,0
64.665,t2_squeezenet,14338.234,94.345,235,0
64.708,t2_squeezenet,14280.258,43.226,234,0
64.768,t2_squeezenet,14308.554,59.570,234,0
64.813,t2_squeezenet,14322.262,45.331,233,0
64.902,t2_squeezenet,14296.326,89.246,234,0
64.997,t2_squeezenet,14369.545,94.146,234,0
65.084,t2_squeezenet,14376.871,87.419,237,0
65.174,t2_squeezenet,14418.677,89.651,239,0
65.262,t2_squeezenet,14504.597,87.624,240,0
65.305,t2_squeezenet,14449.958,43.543,239,0
65.394,t2_squeezenet,14500.456,89.260,239,0
65.484,t2_squeezenet,14579.429,89.135,240,0
65.575,t2_squeezenet,14657.207,91.392,239,0
65.665,t2_squeezenet,14515.072,89.751,239,0
65.706,t2_squeezenet,14526.775,41.411,239,0
65.765,t2_squeezenet,14542.734,59.142,238,0
65.812,t2_squeezenet,14578.171,46.294,237,0
65.898,t2_squeezenet,14534.746,86.236,237,0
65.986,t2_squeezenet,14367.554,87.567,238,0
66.077,t2_squeezenet,14350.745,91.004,237,0
66.166,t2_squeezenet,14228.885,89.043,237,0
66.262,t2_squeezenet,14302.331,95.713,237,0
66.306,t2_squeezenet,14269.811,44.188,237,0
66.391,t2_squeezenet,14344.091,85.498,237,0
66.484,t2_squeezenet,14429.199,92.182,237,0
66.572,t2_squeezenet,14511.641,88.466,237,0
66.664,t2_squeezenet,14588.693,91.768,241,0
66.705,t2_squeezenet,14468.056,40.891,241,0
66.763,t2_squeezenet,14519.119,58.348,241,0
66.809,t2_squeezenet,14540.034,45.429,242,0
66.895,t2_squeezenet,14608.559,86.330,241,0
66.985,t2_squeezenet,14681.794,89.935,241,0
67.074,t2_squeezenet,14769.022,89.268,240,0
67.164,t2_squeezenet,14816.699,89.361,240,0
67.209,t2_squeezenet,14850.775,45.084,239,0
67.295,t2_squeezenet,14906.504,85.974,238,0
67.385,t2_squeezenet,14992.326,90.255,238,0
67.474,t2_squeezenet,15033.653,88.290,238,0
67.571,t2_squeezenet,14973.361,97.526,238,0
67.663,t2_squeezenet,14928.193,91.463,239,0
67.704,t2_squeezenet,14878.046,41.020,238,0
67.761,t2_squeezenet,14932.083,57.842,238,0
67.809,t2_squeezenet,14876.923,47.922,238,0
67.902,t2_squeezenet,14882.799,92.339,238,0
67.987,t2_squeezenet,14965.962,84.700,239,0
68.081,t2_squeezenet,14952.306,94.301,238,0
68.166,t2_squeezenet,15024.994,85.190,239,0
68.262,t2_squeezenet,15086.986,95.771,243,0
68.304,t2_squeezenet,15012.596,42.015,243,0
68.391,t2_squeezenet,14978.591,86.991,242,0
68.481,t2_squeezenet,15050.256,89.565,244,0
68.571,t2_squeezenet,15076.111,90.331,245,0
68.665,t2_squeezenet,15160.177,93.471,245,0
68.707,t2_squeezenet,15163.292,42.261,245,0
68.761,t2_squeezenet,15051.781,54.008,245,0
68.809,t2_squeezenet,15058.351,47.340,244,0
68.893,t2_squeezenet,15140.027,84.379,243,0
68.984,t2_squeezenet,15223.137,90.547,243,0
69.071,t2_squeezenet,15240.903,87.442,242,0
69.162,t2_squeezenet,15301.769,90.556,243,0
69.208,t2_squeezenet,15306.845,45.929,242,0
69.300,t2_squeezenet,15373.334,92.050,243,0
69.387,t2_squeezenet,15406.402,87.156,243,0
69.478,t2_squeezenet,15481.086,90.637,244,0
69.570,t2_squeezenet,15566.486,91.927,244,0
69.662,t2_squeezenet,15607.733,92.157,245,0
69.705,t2_squeezenet,15590.455,43.122,244,0
69.761,t2_squeezenet,15643.886,55.885,243,0
69.810,t2_squeezenet,15687.042,49.574,242,0
69.894,t2_squeezenet,15676.353,83.807,242,0
69.984,t2_squeezenet,15747.179,89.537,243,0
70.070,t2_squeezenet,15825.147,85.692,244,0
70.163,t2_squeezenet,15897.531,93.777,243,0
70.209,t2_squeezenet,15870.513,45.171,243,0
70.293,t2_squeezenet,15944.347,84.398,243,0
70.380,t2_squeezenet,15991.130,86.569,242,0
70.472,t2_squeezenet,16009.950,92.328,243,0
70.563,t2_squeezenet,16013.149,91.127,242,0
70.606,t2_squeezenet,16038.135,42.985,242,0
70.700,t2_squeezenet,16081.800,94.045,243,0
70.757,t2_squeezenet,16123.476,57.114,246,0
70.807,t2_squeezenet,16146.537,49.563,247,0
70.888,t2_squeezenet,16154.391,80.401,246,0
70.974,t2_squeezenet,16208.512,86.349,246,0
71.066,t2_squeezenet,16296.360,92.383,246,0
71.114,t2_squeezenet,16299.738,47.559,245,0
71.205,t2_squeezenet,16290.255,91.391,247,0
71.293,t2_squeezenet,16310.280,87.464,249,0
71.383,t2_squeezenet,16387.217,90.573,249,0
71.471,t2_squeezenet,16339.710,87.334,249,0
71.564,t2_squeezenet,16403.672,93.318,248,0
71.604,t2_squeezenet,16441.367,39.844,247,0
71.691,t2_squeezenet,16489.888,86.917,246,0
71.751,t2_squeezenet,16548.090,59.561,246,0
71.799,t2_squeezenet,16513.334,48.429,246,0
71.884,t2_squeezenet,16384.774,84.438,247,0
71.970,t2_squeezenet,16435.228,86.456,248,0
72.062,t2_squeezenet,16514.660,91.848,248,0
72.108,t2_squeezenet,16533.299,46.445,247,0
72.197,t2_squeezenet,16609.356,88.497,247,0
72.284,t2_squeezenet,16617.024,86.973,248,0
72.372,t2_squeezenet,16700.743,88.103,248,0
72.467,t2_squeezenet,16791.628,94.359,250,0
72.513,t2_squeezenet,16723.983,46.137,249,0
72.601,t2_squeezenet,16761.890,88.544,253,0
72.688,t2_squeezenet,16845.593,86.775,252,0
72.746,t2_squeezenet,16862.156,57.985,251,0
72.793,t2_squeezenet,16849.574,46.222,250,0
72.874,t2_squeezenet,16889.132,81.939,254,0
72.961,t2_squeezenet,16958.423,86.669,256,0
73.003,t2_squeezenet,16975.336,41.761,255,0
73.095,t2_squeezenet,16837.069,92.253,255,0
73.186,t2_squeezenet,16887.697,90.548,257,0
73.274,t2_squeezenet,16887.223,88.490,256,0
73.365,t2_squeezenet,16939.791,90.762,259,0
73.412,t2_squeezenet,16983.085,46.446,260,0
73.500,t2_squeezenet,17057.851,88.134,260,0
73.590,t2_squeezenet,17089.924,90.114,262,0
73.677,t2_squeezenet,17173.036,87.320,262,0
73.739,t2_squeezenet,17207.900,61.474,262,0
73.786,t2_squeezenet,17059.681,47.435,261,0
73.873,t2_squeezenet,16890.676,86.357,262,0
73.963,t2_squeezenet,16840.766,90.407,262,0
74.060,t2_squeezenet,16846.109,96.936,261,0
74.105,t2_squeezenet,16867.116,44.412,260,0
74.195,t2_squeezenet,16801.294,90.694,259,0
74.281,t2_squeezenet,16885.604,86.039,262,0
74.374,t2_squeezenet,16970.267,92.710,261,0
74.467,t2_squeezenet,16961.870,92.735,261,0
74.513,t2_squeezenet,16982.298,46.109,263,0
74.600,t2_squeezenet,17050.230,86.818,263,0
74.691,t2_squeezenet,17139.481,90.826,262,0
74.752,t2_squeezenet,16997.682,60.795,262,0
74.798,t2_squeezenet,17005.210,46.283,263,0
74.880,t2_squeezenet,17002.684,81.999,264,0
74.972,t2_squeezenet,17016.665,92.216,265,0
75.064,t2_squeezenet,17065.922,91.542,265,0
75.110,t2_squeezenet,17075.021,45.818,264,0
75.194,t2_squeezenet,17039.332,83.696,264,0
75.286,t2_squeezenet,17064.116,92.319,263,0
75.378,t2_squeezenet,17079.756,91.852,263,0
75.472,t2_squeezenet,17157.656,94.585,262,0
75.564,t2_squeezenet,17069.730,91.335,262,0
75.606,t2_squeezenet,17099.587,41.912,262,0
75.697,t2_squeezenet,17127.436,91.169,263,0
75.760,t2_squeezenet,17054.759,63.272,263,0
75.806,t2_squeezenet,17008.960,45.641,262,0
75.886,t2_squeezenet,17079.578,79.672,261,0
75.979,t2_squeezenet,17142.711,92.846,261,0
76.069,t2_squeezenet,17105.220,89.882,261,0
76.164,t2_squeezenet,17177.862,95.427,260,0
76.207,t2_squeezenet,17173.957,43.475,259,0
76.296,t2_squeezenet,17139.960,88.672,260,0
76.388,t2_squeezenet,17182.293,92.168,261,0
76.478,t2_squeezenet,17171.307,89.622,263,0
76.564,t2_squeezenet,17200.286,85.805,263,0
76.607,t2_squeezenet,17224.503,42.678,263,0
76.697,t2_squeezenet,17309.422,90.384,262,0
76.755,t2_squeezenet,17299.383,58.308,261,0
76.802,t2_squeezenet,17276.588,46.167,261,0
76.885,t2_squeezenet,17110.455,82.920,261,0
76.972,t2_squeezenet,17176.043,87.233,260,0
77.063,t2_squeezenet,17235.363,91.415,259,0
77.107,t2_squeezenet,17037.062,43.865,259,0
77.192,t2_squeezenet,17112.471,84.698,259,0
77.281,t2_squeezenet,17179.529,88.876,261,0
77.372,t2_squeezenet,17225.706,91.065,261,0
77.465,t2_squeezenet,17259.118,93.233,260,0
77.508,t2_squeezenet,17214.375,43.067,259,0
77.601,t2_squeezenet,17284.607,92.658,260,0
77.692,t2_squeezenet,17320.423,90.667,260,0
77.749,t2_squeezenet,17344.828,57.717,259,0
77.792,t2_squeezenet,17317.056,42.256,258,0
77.876,t2_squeezenet,17292.599,84.160,258,0
77.963,t2_squeezenet,17372.749,86.807,261,0
78.007,t2_squeezenet,17305.851,43.806,260,0
78.095,t2_squeezenet,17367.332,87.873,260,0
78.183,t2_squeezenet,17440.711,88.327,261,0
78.272,t2_squeezenet,17420.248,88.571,261,0
78.363,t2_squeezenet,17503.034,91.351,260,0
78.407,t2_squeezenet,17512.399,43.506,259,0
78.492,t2_squeezenet,17598.053,85.901,258,0
78.579,t2_squeezenet,17652.685,86.405,260,0
78.669,t2_squeezenet,17531.837,90.342,259,0
78.729,t2_squeezenet,17511.826,60.085,258,0
78.771,t2_squeezenet,17505.388,41.255,257,0
78.814,t2_squeezenet,17539.785,43.000,257,0
78.899,t2_squeezenet,17615.279,84.765,256,0
78.988,t2_squeezenet,17634.455,89.102,256,0
79.075,t2_squeezenet,17629.908,86.603,257,0
79.164,t2_squeezenet,17699.001,89.486,261,0
79.207,t2_squeezenet,17720.638,42.666,261,0
79.296,t2_squeezenet,17746.707,88.729,261,0
79.384,t2_squeezenet,17814.256,88.823,262,0
79.473,t2_squeezenet,17770.105,88.387,264,0
79.563,t2_squeezenet,17815.370,90.216,264,0
79.611,t2_squeezenet,17643.287,47.816,264,0
79.700,t2_squeezenet,17593.327,88.779,263,0
79.754,t2_squeezenet,17643.955,54.585,263,0
79.799,t2_squeezenet,17659.575,44.184,262,0
79.889,t2_squeezenet,17541.034,90.083,262,0
79.977,t2_squeezenet,17558.768,88.169,263,0
80.065,t2_squeezenet,17645.561,87.712,263,0
80.107,t2_squeezenet,17613.202,42.716,264,0
80.198,t2_squeezenet,17665.752,90.123,265,0
80.289,t2_squeezenet,17711.052,91.515,264,0
80.378,t2_squeezenet,17733.501,88.962,264,0
80.467,t2_squeezenet,17768.744,88.662,263,0
80.562,t2_squeezenet,17808.175,94.770,264,0
80.607,t2_squeezenet,17836.177,45.449,265,0
80.695,t2_squeezenet,17849.282,87.366,264,0
80.750,t2_squeezenet,17888.808,55.214,264,0
80.797,t2_squeezenet,17850.972,47.357,263,0
80.880,t2_squeezenet,17827.364,83.062,263,0
80.972,t2_squeezenet,17917.089,91.205,263,0
81.063,t2_squeezenet,17968.859,91.324,264,0
81.107,t2_squeezenet,17978.527,44.321,263,0
81.197,t2_squeezenet,18053.147,89.146,264,0
81.288,t2_squeezenet,18061.318,91.307,263,0
81.372,t2_squeezenet,18122.146,84.274,265,0
81.464,t2_squeezenet,18139.800,91.527,265,0
81.507,t2_squeezenet,17921.023,43.311,267,0
81.595,t2_squeezenet,17864.367,88.026,268,0
81.682,t2_squeezenet,17837.128,86.687,269,0
81.739,t2_squeezenet,17668.738,56.912,269,0
81.784,t2_squeezenet,17685.407,44.600,268,0
81.874,t2_squeezenet,17683.805,90.332,272,0
81.963,t2_squeezenet,17752.872,88.640,272,0
82.005,t2_squeezenet,17786.458,42.256,271,0
82.094,t2_squeezenet,17856.326,89.098,273,0
82.180,t2_squeezenet,17940.952,86.363,274,0
82.276,t2_squeezenet,18021.093,95.511,274,0
82.361,t2_squeezenet,18067.101,85.146,273,0
82.402,t2_squeezenet,18087.090,40.267,272,0
82.490,t2_squeezenet,18151.884,88.875,273,0
82.579,t2_squeezenet,18097.358,89.043,274,0
82.668,t2_squeezenet,17945.024,88.458,275,0
82.714,t2_squeezenet,17854.309,45.782,275,0
82.772,t2_squeezenet,17869.828,58.079,276,0
82.860,t2_squeezenet,17887.777,87.713,278,0
82.899,t2_squeezenet,17886.359,39.247,277,0
82.986,t2_squeezenet,17965.614,86.725,278,0
83.080,t2_squeezenet,18034.134,93.960,279,0
83.168,t2_squeezenet,18106.411,88.145,278,0
83.260,t2_squeezenet,18118.500,91.557,279,0
83.299,t2_squeezenet,18152.189,39.564,279,0
83.387,t2_squeezenet,18231.943,87.795,278,0
83.479,t2_squeezenet,18292.508,91.520,278,0
83.569,t2_squeezenet,18323.871,90.199,277,0
83.611,t2_squeezenet,18225.262,42.456,276,0
83.698,t2_squeezenet,18278.565,86.495,277,0
83.756,t2_squeezenet,18302.319,58.464,276,0
83.804,t2_squeezenet,18141.351,47.539,281,0
83.886,t2_squeezenet,18204.370,82.431,281,0
83.974,t2_squeezenet,18114.570,87.571,280,0
84.064,t2_squeezenet,18157.987,89.927,281,0
84.113,t2_squeezenet,18185.900,49.278,282,0
84.202,t2_squeezenet,18084.343,88.987,283,0
84.289,t2_squeezenet,18087.009,86.699,284,0
84.377,t2_squeezenet,18091.137,88.143,286,0
84.466,t2_squeezenet,18125.343,88.165,288,0
84.510,t2_squeezenet,18056.943,44.652,288,0
84.596,t2_squeezenet,18082.290,86.130,289,0
84.681,t2_squeezenet,18091.373,85.037,290,0
84.744,t2_squeezenet,18150.477,62.313,290,0
84.788,t2_squeezenet,18163.172,44.201,289,0
84.875,t2_squeezenet,18232.976,86.639,289,0
84.964,t2_squeezenet,18311.354,89.008,289,0
85.011,t2_squeezenet,18329.201,47.440,288,0
85.103,t2_squeezenet,18349.007,91.402,290,0
85.189,t2_squeezenet,18416.176,86.003,290,0
85.276,t2_squeezenet,18470.464,87.301,289,0
85.363,t2_squeezenet,18425.217,87.284,289,0
85.408,t2_squeezenet,18293.359,44.085,289,0
85.494,t2_squeezenet,18162.632,86.677,289,0
85.581,t2_squeezenet,18133.279,86.704,288,0
85.672,t2_squeezenet,18189.730,90.808,288,0
85.731,t2_squeezenet,18129.788,58.931,288,0
85.776,t2_squeezenet,18147.558,44.636,287,0
85.860,t2_squeezenet,18149.855,84.395,288,0
85.904,t2_squeezenet,18113.500,44.222,288,0
85.991,t2_squeezenet,18131.202,86.336,288,0
86.083,t2_squeezenet,18153.592,91.844,290,0
86.169,t2_squeezenet,18182.698,86.205,291,0
86.213,t2_squeezenet,18116.765,44.138,291,0
86.303,t2_squeezenet,18159.121,89.579,291,0
86.390,t2_squeezenet,18167.427,87.302,291,0
86.476,t2_squeezenet,18250.418,86.154,292,0
86.567,t2_squeezenet,18326.370,90.873,293,0
86.614,t2_squeezenet,18370.879,47.042,292,0
86.697,t2_squeezenet,18449.191,82.594,292,0
86.756,t2_squeezenet,18482.002,59.239,292,0
86.803,t2_squeezenet,18386.860,46.696,291,0
86.882,t2_squeezenet,18453.630,78.857,290,0
86.975,t2_squeezenet,18505.073,93.457,289,0
87.066,t2_squeezenet,18551.283,91.125,289,0
87.109,t2_squeezenet,18549.493,42.610,288,0
87.199,t2_squeezenet,18560.936,90.145,288,0
87.291,t2_squeezenet,18604.927,91.789,288,0
87.378,t2_squeezenet,18650.148,86.448,288,0
87.465,t2_squeezenet,18541.198,87.319,289,0
87.509,t2_squeezenet,18419.117,44.345,289,0
87.598,t2_squeezenet,18439.251,88.887,288,0
87.689,t2_squeezenet,18454.408,90.587,288,0
87.745,t2_squeezenet,18474.569,55.784,288,0
87.792,t2_squeezenet,18474.197,47.025,289,0
87.877,t2_squeezenet,18473.981,84.800,289,0
87.970,t2_squeezenet,18532.200,93.016,289,0
88.012,t2_squeezenet,18493.539,41.968,289,0
88.098,t2_squeezenet,18519.959,86.551,288,0
88.187,t2_squeezenet,18596.383,88.291,287,0
88.281,t2_squeezenet,18421.406,94.399,287,0
88.365,t2_squeezenet,18431.643,84.292,287,0
88.411,t2_squeezenet,18468.199,45.636,288,0
88.498,t2_squeezenet,18440.981,87.132,288,0
88.590,t2_squeezenet,18529.584,92.146,290,0
88.677,t2_squeezenet,18490.459,86.182,289,0
88.735,t2_squeezenet,18475.806,58.501,288,0
88.782,t2_squeezenet,18375.729,46.656,288,0
88.871,t2_squeezenet,18418.729,89.223,289,0
88.962,t2_squeezenet,18363.728,90.717,289,0
89.002,t2_squeezenet,18388.223,39.909,288,0
89.088,t2_squeezenet,18438.921,86.598,288,0
89.176,t2_squeezenet,18470.206,87.899,289,0
89.271,t2_squeezenet,18533.161,95.082,289,0
89.314,t2_squeezenet,18567.856,42.036,288,0
89.403,t2_squeezenet,18648.757,88.907,287,0
89.490,t2_squeezenet,18706.033,87.450,287,0
89.580,t2_squeezenet,18790.211,90.116,288,0
89.666,t2_squeezenet,18763.192,85.562,288,0
89.710,t2_squeezenet,18711.725,43.979,287,0
89.772,t2_squeezenet,18633.761,61.810,287,0
89.864,t2_squeezenet,18722.395,91.720,288,0
89.906,t2_squeezenet,18736.047,42.593,287,0
89.992,t2_squeezenet,18784.553,86.097,287,0
90.080,t2_squeezenet,18820.758,87.849,287,0
90.171,t2_squeezenet,18896.799,90.632,287,0
90.264,t2_squeezenet,18889.820,93.382,286,0
90.312,t2_squeezenet,18876.332,47.287,285,0
90.401,t2_squeezenet,18707.123,89.514,284,0
90.491,t2_squeezenet,18712.631,89.812,287,0
90.578,t2_squeezenet,18770.033,86.753,287,0
90.664,t2_squeezenet,18808.215,85.822,287,0
90.708,t2_squeezenet,18806.177,44.500,288,0
90.766,t2_squeezenet,18844.655,57.427,289,0
90.815,t2_squeezenet,18775.290,49.606,290,0
90.897,t2_squeezenet,18756.518,81.751,290,0
90.979,t2_squeezenet,18780.510,81.355,289,0
91.072,t2_squeezenet,18793.955,93.353,289,0
91.161,t2_squeezenet,18820.850,88.999,288,0
91.205,t2_squeezenet,18799.348,44.337,288,0
91.293,t2_squeezenet,18852.983,87.425,289,0
91.381,t2_squeezenet,18938.075,88.393,290,0
91.469,t2_squeezenet,18955.286,87.974,290,0
91.513,t2_squeezenet,18996.802,43.282,289,0
91.598,t2_squeezenet,19037.265,84.844,291,0
91.686,t2_squeezenet,19111.507,88.206,291,0
91.746,t2_squeezenet,19168.288,59.835,292,0
91.791,t2_squeezenet,18986.396,45.667,292,0
91.878,t2_squeezenet,19055.734,86.150,292,0
91.967,t2_squeezenet,19144.225,89.343,293,0
92.013,t2_squeezenet,19184.562,46.321,292,0
92.106,t2_squeezenet,19240.372,92.449,292,0
92.192,t2_squeezenet,19293.494,85.713,291,0
92.281,t2_squeezenet,19373.282,89.339,292,0
92.371,t2_squeezenet,19439.662,89.988,291,0
92.461,t2_squeezenet,19375.368,90.394,290,0
92.502,t2_squeezenet,19379.404,40.751,289,0
92.589,t2_squeezenet,19450.462,86.653,288,0
92.678,t2_squeezenet,19533.391,88.870,287,0
92.740,t2_squeezenet,19421.734,61.944,287,0
92.784,t2_squeezenet,19460.979,44.583,287,0
92.868,t2_squeezenet,19541.709,83.513,288,0
92.914,t2_squeezenet,19570.087,45.745,288,0
93.006,t2_squeezenet,19620.386,92.669,289,0
93.096,t2_squeezenet,19699.974,89.225,288,0
93.186,t2_squeezenet,19741.546,90.128,288,0
93.274,t2_squeezenet,19722.680,87.950,287,0
93.362,t2_squeezenet,19802.567,88.087,290,0
93.407,t2_squeezenet,19828.705,44.693,289,0
93.492,t2_squeezenet,19876.817,84.827,288,0
93.582,t2_squeezenet,19880.029,90.433,290,0
93.675,t2_squeezenet,19882.267,93.094,291,0
93.734,t2_squeezenet,19933.422,58.941,292,0
93.780,t2_squeezenet,19901.048,45.286,292,0
93.863,t2_squeezenet,19658.189,83.102,293,0
93.909,t2_squeezenet,19701.198,46.118,293,0
93.998,t2_squeezenet,19758.337,89.051,292,0
94.085,t2_squeezenet,19815.180,87.253,293,0
94.173,t2_squeezenet,19786.968,87.546,294,0
94.263,t2_squeezenet,19770.233,89.753,296,0
94.310,t2_squeezenet,19805.481,47.273,296,0
94.403,t2_squeezenet,19891.245,43.535,296,0
94.490,t2_squeezenet,19903.155,86.589,296,0
94.579,t2_squeezenet,19828.279,89.700,296,0
94.666,t2_squeezenet,19908.839,86.776,296,0
94.729,t2_squeezenet,19970.935,62.870,295,0
94.769,t2_squeezenet,19934.276,40.255,297,0
94.814,t2_squeezenet,19954.393,44.291,296,0
94.900,t2_squeezenet,19989.790,85.996,298,0
94.992,t2_squeezenet,20062.037,91.712,299,0
95.083,t2_squeezenet,20076.586,90.994,299,0
95.171,t2_squeezenet,20016.394,87.801,298,0
95.264,t2_squeezenet,19941.801,92.988,299,0
95.360,t2_squeezenet,19803.571,96.286,299,0
95.399,t2_squeezenet,19808.880,39.134,299,0
95.490,t2_squeezenet,19882.633,91.028,300,0
95.577,t2_squeezenet,19935.000,86.657,301,0
95.673,t2_squeezenet,19970.315,95.689,302,0
95.735,t2_squeezenet,19775.129,62.108,303,0
95.777,t2_squeezenet,19779.271,42.637,303,0
95.868,t2_squeezenet,19636.542,90.556,303,0
95.961,t2_squeezenet,19710.777,93.058,304,0
96.004,t2_squeezenet,19697.578,42.594,303,0
96.096,t2_squeezenet,19749.598,92.210,306,0
96.184,t2_squeezenet,19765.486,87.618,307,0
96.275,t2_squeezenet,19832.294,91.588,309,0
96.366,t2_squeezenet,19921.127,90.340,309,0
96.407,t2_squeezenet,19928.454,41.041,310,0
96.493,t2_squeezenet,19920.944,86.355,311,0
96.587,t2_squeezenet,19826.064,93.098,313,0
96.678,t2_squeezenet,19804.811,91.472,314,0
96.734,t2_squeezenet,19631.667,56.024,316,0
96.779,t2_squeezenet,19671.149,44.445,316,0
96.871,t2_squeezenet,19661.033,92.570,316,0
96.963,t2_squeezenet,19729.392,92.219,315,0
97.007,t2_squeezenet,19755.861,43.513,314,0
97.099,t2_squeezenet,19757.427,92.385,315,0
97.192,t2_squeezenet,19628.481,92.720,315,0
97.285,t2_squeezenet,19695.175,92.986,314,0
97.378,t2_squeezenet,19692.647,92.610,313,0
97.469,t2_squeezenet,19609.774,91.220,315,0
97.563,t2_squeezenet,19685.209,93.973,315,0
97.611,t2_squeezenet,19711.559,47.481,314,0
97.699,t2_squeezenet,19787.657,88.421,316,0
97.764,t2_squeezenet,19845.637,64.164,317,0
97.808,t2_squeezenet,19716.103,44.934,316,0
97.900,t2_squeezenet,19801.262,91.873,315,0
97.995,t2_squeezenet,19825.824,94.160,315,0
98.084,t2_squeezenet,19853.785,89.067,314,0
98.169,t2_squeezenet,19667.282,85.652,313,0
98.262,t2_squeezenet,19741.253,92.737,313,0
98.308,t2_squeezenet,19744.176,45.668,313,0
98.394,t2_squeezenet,19615.450,85.634,312,0
98.486,t2_squeezenet,19510.842,92.261,312,0
98.581,t2_squeezenet,19527.389,95.269,312,0
98.671,t2_squeezenet,19596.615,89.405,312,0
98.731,t2_squeezenet,19639.871,60.200,312,0
98.777,t2_squeezenet,19680.915,46.199,311,0
98.865,t2_squeezenet,19735.090,87.869,311,0
98.962,t2_squeezenet,19824.475,96.609,310,0
99.002,t2_squeezenet,19861.166,40.454,309,0
99.087,t2_squeezenet,19913.319,85.186,311,0
99.181,t2_squeezenet,19888.376,93.587,311,0
99.273,t2_squeezenet,19907.647,91.438,312,0
99.364,t2_squeezenet,19990.179,91.649,312,0
99.408,t2_squeezenet,20007.128,43.918,312,0
99.500,t2_squeezenet,20080.683,91.544,312,0
99.590,t2_squeezenet,20162.112,90.266,314,0
99.681,t2_squeezenet,20203.017,90.929,314,0
99.737,t2_squeezenet,20162.443,55.417,313,0
99.780,t2_squeezenet,20055.533,43.139,314,0
99.869,t2_squeezenet,20062.426,88.711,315,0
99.960,t2_squeezenet,20069.562,91.799,316,0
99.999,t2_squeezenet,20058.752,38.801,316,0
100.087,t2_squeezenet,20098.452,87.862,317,0
100.177,t2_squeezenet,20106.390,89.682,317,0
100.273,t2_squeezenet,20190.549,95.778,318,0
100.362,t2_squeezenet,20239.161,89.384,320,0
100.404,t2_squeezenet,20249.812,42.354,320,0
100.493,t2_squeezenet,20141.302,88.100,323,0
100.581,t2_squeezenet,20078.706,88.354,323,0
100.673,t2_squeezenet,20165.562,91.552,323,0
100.729,t2_squeezenet,20148.558,56.080,322,0
100.772,t2_squeezenet,20184.015,43.341,321,0
100.864,t2_squeezenet,20168.765,91.675,320,0
100.907,t2_squeezenet,20046.985,42.722,319,0
100.991,t2_squeezenet,20053.421,84.785,320,0
101.079,t2_squeezenet,20061.209,87.902,321,0
101.170,t2_squeezenet,20111.842,91.063,322,0
101.263,t2_squeezenet,20100.115,92.734,323,0
101.306,t2_squeezenet,20111.722,42.635,322,0
101.393,t2_squeezenet,20078.887,87.141,321,0
101.481,t2_squeezenet,20166.330,88.115,321,0
101.572,t2_squeezenet,20218.796,90.564,322,0
101.613,t2_squeezenet,20238.376,40.722,321,0
101.698,t2_squeezenet,20208.314,85.788,320,0
101.758,t2_squeezenet,20267.165,59.280,319,0
101.805,t2_squeezenet,20312.259,46.956,319,0
101.890,t2_squeezenet,20369.132,85.527,320,0
101.977,t2_squeezenet,20434.171,86.715,319,0
102.070,t2_squeezenet,20463.882,92.927,318,0
102.163,t2_squeezenet,20519.936,92.578,320,0
102.205,t2_squeezenet,20466.971,42.501,319,0
102.291,t2_squeezenet,20474.495,85.833,321,0
102.379,t2_squeezenet,20548.478,87.813,323,0
102.472,t2_squeezenet,20634.430,93.176,324,0
102.562,t2_squeezenet,20701.333,89.868,323,0
102.605,t2_squeezenet,20734.594,42.572,322,0
102.692,t2_squeezenet,20754.595,87.067,323,0
102.753,t2_squeezenet,20742.601,60.852,322,0
102.799,t2_squeezenet,20755.024,45.772,322,0
102.883,t2_squeezenet,20837.177,84.631,322,0
102.975,t2_squeezenet,20840.114,91.322,323,0
103.064,t2_squeezenet,20887.649,89.708,323,0
103.161,t2_squeezenet,20928.785,96.378,322,0
103.199,t2_squeezenet,20784.628,38.091,321,0
103.286,t2_squeezenet,20797.022,87.120,322,0
103.380,t2_squeezenet,20831.406,94.359,322,0
103.471,t2_squeezenet,20910.607,90.630,322,0
103.560,t2_squeezenet,20977.718,89.111,323,0
103.604,t2_squeezenet,20988.679,43.337,322,0
103.695,t2_squeezenet,21013.839,91.053,328,0
103.758,t2_squeezenet,21038.679,63.067,331,0
103.800,t2_squeezenet,21031.941,42.625,330,0
103.886,t2_squeezenet,21112.753,85.089,329,0
103.974,t2_squeezenet,21139.548,88.005,329,0
104.068,t2_squeezenet,21222.216,94.249,329,0
104.111,t2_squeezenet,21176.677,43.323,330,0
104.197,t2_squeezenet,21244.469,85.892,333,0
104.290,t2_squeezenet,21303.434,92.165,332,0
104.378,t2_squeezenet,21359.088,88.854,334,0
104.471,t2_squeezenet,21296.450,92.143,334,0
104.563,t2_squeezenet,21383.276,92.675,334,0
104.606,t2_squeezenet,21308.312,43.005,334,0
104.696,t2_squeezenet,21273.979,89.077,336,0
104.761,t2_squeezenet,21139.403,65.932,336,0
104.804,t2_squeezenet,21168.493,42.332,335,0
104.893,t2_squeezenet,21123.043,89.217,335,0
104.988,t2_squeezenet,21217.359,94.573,335,0
105.081,t2_squeezenet,21309.094,93.251,336,0
105.166,t2_squeezenet,21392.858,84.706,336,0
105.209,t2_squeezenet,21420.127,42.837,335,0
105.300,t2_squeezenet,21499.417,91.080,337,0
105.394,t2_squeezenet,21589.386,94.371,336,0
105.482,t2_squeezenet,21420.352,87.582,335,0
105.570,t2_squeezenet,21507.264,88.137,335,0
105.662,t2_squeezenet,21584.821,91.321,335,0
105.707,t2_squeezenet,21616.275,45.060,334,0
105.765,t2_squeezenet,21613.388,58.176,335,0
105.807,t2_squeezenet,21626.022,42.272,334,0
105.895,t2_squeezenet,21658.769,88.297,334,0
105.985,t2_squeezenet,21747.672,89.994,336,0
106.079,t2_squeezenet,21754.236,93.790,336,0
106.170,t2_squeezenet,21811.779,90.156,335,0
106.263,t2_squeezenet,21887.133,93.231,335,0
106.308,t2_squeezenet,21904.714,45.225,335,0
106.400,t2_squeezenet,21996.209,91.593,335,0
106.490,t2_squeezenet,22073.900,90.176,336,0
106.581,t2_squeezenet,22074.585,90.589,335,0
106.673,t2_squeezenet,22153.448,92.010,335,0
106.742,t2_squeezenet,22197.572,69.098,335,0
106.785,t2_squeezenet,22133.433,43.374,334,0
106.877,t2_squeezenet,22200.464,91.663,333,0
106.965,t2_squeezenet,22266.914,87.954,332,0
107.064,t2_squeezenet,22204.002,98.601,332,0
107.108,t2_squeezenet,22183.426,44.870,332,0
107.197,t2_squeezenet,22181.673,88.202,333,0
107.290,t2_squeezenet,22268.203,92.927,334,0
107.380,t2_squeezenet,22352.115,90.775,335,0
107.473,t2_squeezenet,22366.565,92.520,335,0
107.563,t2_squeezenet,22260.894,90.039,337,0
107.606,t2_squeezenet,22210.310,43.309,336,0
107.697,t2_squeezenet,22223.642,90.493,335,0
107.762,t2_squeezenet,22173.494,64.493,335,0
107.805,t2_squeezenet,22095.885,43.162,335,0
107.892,t2_squeezenet,22109.530,86.830,336,0
107.982,t2_squeezenet,22122.465,90.321,336,0
108.075,t2_squeezenet,22195.434,92.695,338,0
108.168,t2_squeezenet,22208.010,92.722,340,0
108.260,t2_squeezenet,22265.825,92.555,341,0
108.300,t2_squeezenet,22240.862,40.221,340,0
108.395,t2_squeezenet,22318.869,94.562,342,0
108.486,t2_squeezenet,22326.831,91.330,343,0
108.579,t2_squeezenet,22418.180,92.721,346,0
108.671,t2_squeezenet,22490.155,91.709,346,0
108.736,t2_squeezenet,22452.089,64.874,346,0
108.784,t2_squeezenet,22424.541,48.264,347,0
108.872,t2_squeezenet,22479.287,88.386,349,0
108.968,t2_squeezenet,22498.128,95.190,349,0
109.062,t2_squeezenet,22553.274,94.468,350,0
109.107,t2_squeezenet,22547.846,45.087,349,0
109.196,t2_squeezenet,22536.155,88.275,349,0
109.286,t2_squeezenet,22557.130,90.131,348,0
109.381,t2_squeezenet,22369.715,94.731,347,0
109.481,t2_squeezenet,22317.994,100.304,348,0
109.572,t2_squeezenet,22306.951,91.250,348,0
109.664,t2_squeezenet,22303.149,91.631,347,0
109.728,t2_squeezenet,22327.687,64.136,347,0
109.775,t2_squeezenet,22315.753,47.156,346,0
109.865,t2_squeezenet,22365.623,89.647,346,0
109.908,t2_squeezenet,22241.246,43.053,345,0
110.000,t2_squeezenet,22273.642,91.807,344,0
110.095,t2_squeezenet,22328.697,94.826,346,0
110.189,t2_squeezenet,22409.302,94.012,352,0
110.274,t2_squeezenet,22414.742,85.405,353,0
110.367,t2_squeezenet,22407.809,93.011,354,0
110.462,t2_squeezenet,22466.887,94.543,353,0
110.504,t2_squeezenet,22244.758,42.235,353,0
110.590,t2_squeezenet,22230.574,85.783,353,0
110.681,t2_squeezenet,22310.083,90.861,355,0
110.745,t2_squeezenet,22363.267,64.033,354,0
110.792,t2_squeezenet,22331.978,46.377,353,0
110.877,t2_squeezenet,22316.212,85.119,354,0
110.967,t2_squeezenet,22393.537,90.652,355,0
111.061,t2_squeezenet,22475.545,93.787,354,0
111.107,t2_squeezenet,22340.155,45.859,353,0
111.191,t2_squeezenet,22402.622,84.007,353,0
111.283,t2_squeezenet,22471.817,91.461,355,0
111.372,t2_squeezenet,22412.849,89.733,356,0
111.467,t2_squeezenet,22407.215,94.339,357,0
111.562,t2_squeezenet,22402.524,95.263,359,0
111.606,t2_squeezenet,22437.974,43.756,358,0
111.694,t2_squeezenet,22503.551,87.738,359,0
111.763,t2_squeezenet,22296.469,68.850,360,0
111.806,t2_squeezenet,22246.469,43.424,359,0
111.895,t2_squeezenet,22322.982,88.527,359,0
111.987,t2_squeezenet,22327.779,92.669,360,0
112.083,t2_squeezenet,22313.329,95.598,360,0
112.176,t2_squeezenet,22395.265,93.028,360,0
112.262,t2_squeezenet,22402.427,85.891,359,0
112.306,t2_squeezenet,22346.021,43.564,359,0
112.399,t2_squeezenet,22339.477,93.434,359,0
112.488,t2_squeezenet,22328.710,89.187,359,0
112.579,t2_squeezenet,22173.154,90.688,360,0
112.669,t2_squeezenet,22257.625,90.132,363,0
112.732,t2_squeezenet,22272.190,62.524,362,0
112.781,t2_squeezenet,22290.255,49.428,362,0
112.866,t2_squeezenet,22306.127,84.417,361,0
112.961,t2_squeezenet,22363.025,95.187,362,0
113.002,t2_squeezenet,22336.830,41.223,361,0
113.093,t2_squeezenet,22407.253,90.374,363,0
113.183,t2_squeezenet,22456.334,90.073,364,0
113.271,t2_squeezenet,22512.224,88.189,364,0
113.366,t2_squeezenet,22597.204,94.480,364,0
113.460,t2_squeezenet,22647.665,94.784,366,0
113.503,t2_squeezenet,22643.303,42.495,367,0
113.593,t2_squeezenet,22533.920,90.570,368,0
113.681,t2_squeezenet,22519.119,87.652,370,0
113.747,t2_squeezenet,22487.089,65.399,370,0
113.793,t2_squeezenet,22518.596,46.499,371,0
113.881,t2_squeezenet,22507.599,88.265,370,0
113.973,t2_squeezenet,22593.406,90.999,369,0
114.063,t2_squeezenet,22603.307,90.305,370,0
114.108,t2_squeezenet,22548.004,44.668,369,0
114.197,t2_squeezenet,22622.042,89.864,368,0
114.286,t2_squeezenet,22699.101,88.854,369,0
114.381,t2_squeezenet,22714.250,94.904,370,0
114.472,t2_squeezenet,22745.562,90.776,370,0
114.561,t2_squeezenet,22829.677,89.264,370,0
114.604,t2_squeezenet,22819.193,42.332,369,0
114.693,t2_squeezenet,22893.174,88.907,368,0
114.753,t2_squeezenet,22862.055,60.000,367,0
114.795,t2_squeezenet,22835.840,42.579,367,0
114.882,t2_squeezenet,22795.493,86.953,366,0
114.972,t2_squeezenet,22776.904,89.567,367,0
115.068,t2_squeezenet,22808.289,95.769,368,0
115.111,t2_squeezenet,22413.740,43.096,368,0
115.199,t2_squeezenet,22419.418,88.366,370,0
115.288,t2_squeezenet,22487.490,88.701,372,0
115.377,t2_squeezenet,22517.844,89.256,372,0
115.465,t2_squeezenet,22558.922,87.568,374,0
115.505,t2_squeezenet,22524.582,39.762,375,0
115.595,t2_squeezenet,22601.648,90.435,375,0
115.686,t2_squeezenet,22571.935,90.662,376,0
115.747,t2_squeezenet,22452.181,60.930,376,0
115.789,t2_squeezenet,22490.040,41.724,377,0
115.877,t2_squeezenet,22547.204,88.591,379,0
115.970,t2_squeezenet,22623.522,92.250,379,0
116.062,t2_squeezenet,22533.389,91.986,379,0
116.102,t2_squeezenet,22546.749,39.848,378,0
116.189,t2_squeezenet,22627.711,87.842,381,0
116.282,t2_squeezenet,22676.004,92.577,382,0
116.376,t2_squeezenet,22724.276,94.328,383,0
116.464,t2_squeezenet,22762.039,87.669,383,0
116.507,t2_squeezenet,22772.669,42.631,382,0
116.596,t2_squeezenet,22821.609,88.969,384,0
116.690,t2_squeezenet,22904.121,94.067,384,0
116.751,t2_squeezenet,22953.664,60.806,383,0
116.793,t2_squeezenet,22908.824,42.659,383,0
116.880,t2_squeezenet,22875.480,86.249,383,0
116.971,t2_squeezenet,22900.861,91.257,382,0
117.061,t2_squeezenet,22961.500,89.983,384,0
117.101,t2_squeezenet,22979.649,39.709,384,0
117.192,t2_squeezenet,22973.771,90.959,386,0
117.282,t2_squeezenet,23048.948,89.671,386,0
117.378,t2_squeezenet,23118.586,96.493,385,0
117.465,t2_squeezenet,23178.559,86.510,386,0
117.508,t2_squeezenet,23148.782,43.642,386,0
117.604,t2_squeezenet,23185.845,95.555,385,0
117.696,t2_squeezenet,23201.651,91.789,385,0
117.757,t2_squeezenet,23099.063,61.471,385,0
117.801,t2_squeezenet,23070.797,43.627,385,0
117.895,t2_squeezenet,23157.942,93.867,386,0
117.983,t2_squeezenet,23217.413,88.342,386,0
118.073,t2_squeezenet,23213.108,89.445,387,0
118.163,t2_squeezenet,23281.105,90.487,388,0
118.209,t2_squeezenet,23318.465,45.807,388,0
118.299,t2_squeezenet,23376.316,89.555,389,0
118.391,t2_squeezenet,23404.955,92.300,390,0
118.478,t2_squeezenet,23454.241,86.665,391,0
118.569,t2_squeezenet,23391.115,91.453,392,0
118.665,t2_squeezenet,23409.307,95.664,391,0
118.714,t2_squeezenet,23423.839,48.949,391,0
118.771,t2_squeezenet,23380.313,57.444,390,0
118.864,t2_squeezenet,23428.994,92.433,390,0
118.911,t2_squeezenet,23451.432,46.693,390,0
118.997,t2_squeezenet,23462.811,86.449,390,0
119.086,t2_squeezenet,23542.420,89.288,390,0
119.179,t2_squeezenet,23601.280,92.906,391,0
119.275,t2_squeezenet,23668.689,95.563,391,0
119.371,t2_squeezenet,23697.429,95.977,391,0
119.413,t2_squeezenet,23731.017,42.148,392,0
119.502,t2_squeezenet,23745.502,88.608,392,0
119.597,t2_squeezenet,23801.347,95.011,391,0
119.693,t2_squeezenet,23823.936,95.877,392,0
119.755,t2_squeezenet,23864.619,61.684,391,0
119.797,t2_squeezenet,23787.533,42.006,390,0
119.891,t2_squeezenet,23848.693,94.008,389,0
119.982,t2_squeezenet,23939.208,91.261,390,0
120.076,t2_squeezenet,23982.171,94.201,391,0
120.165,t2_squeezenet,24053.512,89.066,391,0
120.210,t2_squeezenet,24077.080,44.164,392,0
120.302,t2_squeezenet,24095.847,92.296,395,0
120.396,t2_squeezenet,24167.494,93.973,396,0
120.486,t2_squeezenet,24243.275,90.397,396,0
120.575,t2_squeezenet,24226.130,89.035,396,0
120.669,t2_squeezenet,24282.831,93.430,395,0
120.735,t2_squeezenet,24336.467,66.155,395,0
120.777,t2_squeezenet,24361.457,41.670,394,0
120.866,t2_squeezenet,24443.764,89.422,397,0
120.960,t2_squeezenet,24461.683,93.518,397,0
121.003,t2_squeezenet,24501.856,43.336,397,0
121.094,t2_squeezenet,24545.459,90.572,397,0
121.184,t2_squeezenet,24555.634,90.263,397,0
121.276,t2_squeezenet,24601.904,91.842,397,0
121.371,t2_squeezenet,24690.981,94.808,397,0
121.469,t2_squeezenet,24786.295,98.042,398,0
121.561,t2_squeezenet,24828.543,91.980,398,0
121.601,t2_squeezenet,24856.910,40.160,397,0
121.692,t2_squeezenet,24856.555,90.837,398,0
121.759,t2_squeezenet,24701.538,66.480,397,0
121.802,t2_squeezenet,24715.587,43.087,398,0
121.890,t2_squeezenet,24731.288,87.816,398,0
121.983,t2_squeezenet,24589.134,93.647,399,0
122.079,t2_squeezenet,24679.557,96.082,398,0
122.166,t2_squeezenet,24736.305,86.816,397,0
122.210,t2_squeezenet,24707.659,43.456,396,0
122.305,t2_squeezenet,24677.859,95.019,396,0
122.401,t2_squeezenet,24741.145,95.814,395,0
122.487,t2_squeezenet,24816.996,86.427,396,0
122.578,t2_squeezenet,24849.255,91.148,396,0
122.669,t2_squeezenet,24927.465,90.890,396,0
122.732,t2_squeezenet,24779.153,62.286,395,0
122.777,t2_squeezenet,24583.170,45.538,396,0
122.866,t2_squeezenet,24562.873,88.966,399,0
122.913,t2_squeezenet,24438.859,46.654,398,0
123.003,t2_squeezenet,24455.362,90.365,398,0
123.096,t2_squeezenet,24470.618,92.695,398,0
123.187,t2_squeezenet,24488.425,90.441,399,0
123.275,t2_squeezenet,24415.549,88.534,399,0
123.367,t2_squeezenet,24336.438,92.035,400,0
123.464,t2_squeezenet,24421.184,96.778,405,0
123.504,t2_squeezenet,24451.680,40.226,404,0
123.595,t2_squeezenet,24496.956,90.823,407,0
123.688,t2_squeezenet,24435.307,93.237,408,0
123.754,t2_squeezenet,24481.818,65.749,408,0
123.800,t2_squeezenet,24505.435,45.297,408,0
123.889,t2_squeezenet,24511.199,88.923,408,0
123.983,t2_squeezenet,24529.862,94.366,408,0
124.077,t2_squeezenet,24566.399,93.638,408,0
124.168,t2_squeezenet,24608.761,91.668,407,0
124.263,t2_squeezenet,24677.025,94.776,406,0
124.307,t2_squeezenet,24689.168,44.122,406,0
124.400,t2_squeezenet,24646.600,92.455,405,0
124.491,t2_squeezenet,24717.374,90.821,405,0
124.581,t2_squeezenet,24755.141,90.456,407,0
124.673,t2_squeezenet,24816.016,92.040,406,0
124.740,t2_squeezenet,24820.627,66.363,405,0
124.787,t2_squeezenet,24848.983,46.787,405,0
124.874,t2_squeezenet,24899.570,87.180,406,0
124.966,t2_squeezenet,24955.909,92.243,407,0
125.060,t2_squeezenet,25003.762,94.073,409,0
125.104,t2_squeezenet,24943.026,43.907,408,0
125.191,t2_squeezenet,24959.229,87.246,408,0
125.288,t2_squeezenet,25038.558,96.213,408,0
125.380,t2_squeezenet,25106.237,92.671,409,0
125.475,t2_squeezenet,25156.964,94.403,410,0
125.568,t2_squeezenet,25208.004,92.725,409,0
125.610,t2_squeezenet,25219.867,42.368,408,0
125.704,t2_squeezenet,25252.483,93.685,408,0
125.775,t2_squeezenet,25320.463,71.214,407,0
125.868,t2_squeezenet,25389.381,92.598,409,0
125.962,t2_squeezenet,25477.638,94.604,409,0
126.005,t2_squeezenet,25491.111,43.196,408,0
126.099,t2_squeezenet,25482.475,93.915,412,0
126.193,t2_squeezenet,25233.796,93.820,412,0
126.285,t2_squeezenet,25306.615,91.249,414,0
126.376,t2_squeezenet,25362.630,91.340,417,0
126.474,t2_squeezenet,25438.823,97.684,418,0
126.569,t2_squeezenet,25443.141,95.538,418,0
126.662,t2_squeezenet,25528.337,92.206,418,0
126.705,t2_squeezenet,25487.231,43.641,417,0
126.776,t2_squeezenet,25520.248,70.702,417,0
126.869,t2_squeezenet,25414.329,93.007,418,0
126.963,t2_squeezenet,25453.182,94.136,421,0
127.008,t2_squeezenet,25469.353,44.708,421,0
127.100,t2_squeezenet,25325.710,91.757,421,0
127.192,t2_squeezenet,25380.578,92.618,424,0
127.287,t2_squeezenet,25427.080,94.174,424,0
127.377,t2_squeezenet,25302.937,90.435,425,0
127.474,t2_squeezenet,25386.134,96.378,425,0
127.571,t2_squeezenet,25430.311,97.027,426,0
127.666,t2_squeezenet,25401.526,95.022,425,0
127.734,t2_squeezenet,25459.478,67.823,425,0
127.780,t2_squeezenet,25494.514,45.977,424,0
127.873,t2_squeezenet,25515.794,93.445,423,0
127.969,t2_squeezenet,25594.540,95.536,424,0
128.063,t2_squeezenet,25688.301,94.026,424,0
128.104,t2_squeezenet,25720.110,41.767,423,0
128.197,t2_squeezenet,25731.376,92.537,423,0
128.289,t2_squeezenet,25630.656,91.404,424,0
128.383,t2_squeezenet,25723.714,94.833,424,0
128.476,t2_squeezenet,25682.374,92.941,426,0
128.575,t2_squeezenet,25712.615,98.330,428,0
128.669,t2_squeezenet,25749.456,94.001,427,0
128.734,t2_squeezenet,25787.714,64.984,428,0
128.781,t2_squeezenet,25786.599,46.766,427,0
128.873,t2_squeezenet,25636.523,92.127,427,0
128.969,t2_squeezenet,25725.076,96.128,428,0
129.060,t2_squeezenet,25702.463,91.098,428,0
129.100,t2_squeezenet,25635.543,39.648,427,0
129.197,t2_squeezenet,25682.739,96.889,428,0
129.289,t2_squeezenet,25750.416,91.940,429,0
129.381,t2_squeezenet,25774.947,92.213,430,0
129.474,t2_squeezenet,25867.146,92.958,430,0
129.567,t2_squeezenet,25953.249,93.272,431,0
129.663,t2_squeezenet,26003.671,95.836,431,0
129.731,t2_squeezenet,26057.117,67.987,430,0
129.775,t2_squeezenet,26098.500,43.747,429,0
129.868,t2_squeezenet,26176.279,93.242,429,0
129.966,t2_squeezenet,26265.448,97.788,429,0
130.010,t2_squeezenet,26299.188,43.777,431,0
130.100,t2_squeezenet,26382.579,40.119,431,0
130.191,t2_squeezenet,26441.849,90.792,430,0
130.286,t2_squeezenet,26322.670,95.885,431,0
130.380,t2_squeezenet,26401.937,93.488,432,0
130.475,t2_squeezenet,26404.521,94.521,434,0
130.568,t2_squeezenet,26462.719,93.261,435,0
130.662,t2_squeezenet,26518.450,94.061,435,0
130.731,t2_squeezenet,26580.907,68.697,435,0
130.774,t2_squeezenet,26615.061,43.017,435,0
130.867,t2_squeezenet,26677.340,93.591,435,0
130.961,t2_squeezenet,26655.471,93.984,436,0
131.005,t2_squeezenet,26672.693,43.156,435,0
131.096,t2_squeezenet,26725.403,90.746,434,0
131.186,t2_squeezenet,26719.455,90.625,433,0
131.280,t2_squeezenet,26777.299,93.482,434,0
131.377,t2_squeezenet,26810.534,97.172,435,0
131.469,t2_squeezenet,26829.157,91.572,435,0
131.561,t2_squeezenet,26910.421,92.362,434,0
131.608,t2_squeezenet,26918.001,47.139,436,0
131.703,t2_squeezenet,26964.142,95.233,435,0
131.768,t2_squeezenet,26954.893,64.091,436,0
131.809,t2_squeezenet,26914.431,41.496,435,0
131.900,t2_squeezenet,26899.736,90.600,435,0
131.993,t2_squeezenet,26975.752,93.571,437,0
132.091,t2_squeezenet,26988.987,97.693,440,0
132.183,t2_squeezenet,26971.263,91.468,440,0
132.276,t2_squeezenet,27061.136,93.762,443,0
132.370,t2_squeezenet,27133.507,93.840,445,0
132.468,t2_squeezenet,26938.172,97.477,445,0
132.561,t2_squeezenet,26937.782,93.087,446,0
132.605,t2_squeezenet,26858.939,44.073,446,0
132.697,t2_squeezenet,26942.967,91.831,446,0
132.765,t2_squeezenet,26947.335,67.967,445,0
132.860,t2_squeezenet,26928.263,94.602,448,0
132.901,t2_squeezenet,26955.043,41.269,450,0
133.001,t2_squeezenet,27022.820,99.990,450,0
133.097,t2_squeezenet,27084.408,96.268,449,0
133.193,t2_squeezenet,27010.522,95.308,448,0
133.285,t2_squeezenet,26993.087,92.806,447,0
133.381,t2_squeezenet,27001.738,95.230,448,0
133.483,t2_squeezenet,27079.387,101.813,452,0
133.581,t2_squeezenet,27135.214,98.419,453,0
133.673,t2_squeezenet,27058.837,91.776,454,0
133.747,t2_squeezenet,27052.741,73.919,453,0
133.793,t2_squeezenet,26807.109,46.532,452,0
133.887,t2_squeezenet,26798.054,93.509,454,0
133.982,t2_squeezenet,26860.264,95.198,453,0
134.080,t2_squeezenet,26949.512,98.033,452,0
134.177,t2_squeezenet,26975.041,96.776,452,0
134.277,t2_squeezenet,27025.234,99.445,452,0
134.371,t2_squeezenet,27077.129,94.550,452,0
134.470,t2_squeezenet,27107.600,98.974,453,0
134.565,t2_squeezenet,27179.296,95.134,453,0
134.664,t2_squeezenet,27163.533,98.278,454,0
134.706,t2_squeezenet,27179.276,42.152,454,0
134.776,t2_squeezenet,27245.289,69.585,453,0
134.871,t2_squeezenet,27112.912,95.418,453,0
134.973,t2_squeezenet,27188.317,101.894,455,0
135.069,t2_squeezenet,27246.919,96.174,455,0
135.164,t2_squeezenet,27281.777,94.695,455,0
135.261,t2_squeezenet,27321.045,97.029,456,0
135.361,t2_squeezenet,27374.853,100.037,457,0
135.460,t2_squeezenet,27443.626,99.134,457,0
135.498,t2_squeezenet,27464.601,37.654,456,0
135.593,t2_squeezenet,27484.176,94.978,457,0
135.693,t2_squeezenet,27560.162,99.960,458,0
135.762,t2_squeezenet,27613.805,68.899,459,0
135.809,t2_squeezenet,27618.392,46.612,458,0
135.894,t2_squeezenet,27653.445,85.638,457,0
135.989,t2_squeezenet,27652.222,94.795,458,0
136.092,t2_squeezenet,27714.076,103.075,457,0
136.189,t2_squeezenet,27798.728,96.301,458,0
136.282,t2_squeezenet,27875.788,93.558,459,0
136.375,t2_squeezenet,27899.286,92.576,459,0
136.473,t2_squeezenet,27973.647,97.746,458,0
136.573,t2_squeezenet,28060.519,100.084,459,0
136.667,t2_squeezenet,28153.235,93.772,461,0
136.738,t2_squeezenet,28190.869,71.093,460,0
136.784,t2_squeezenet,28113.545,45.964,459,0
136.874,t2_squeezenet,28187.466,90.154,458,0
136.967,t2_squeezenet,28224.735,92.938,457,0
137.066,t2_squeezenet,28291.972,99.319,459,0
137.164,t2_squeezenet,28329.449,97.963,460,0
137.262,t2_squeezenet,28405.074,98.128,461,0
137.305,t2_squeezenet,28440.032,42.671,461,0
137.400,t2_squeezenet,28470.877,94.847,461,0
137.500,t2_squeezenet,28489.237,100.384,461,0
137.599,t2_squeezenet,28569.796,98.095,463,0
137.697,t2_squeezenet,28503.425,97.924,462,0
137.759,t2_squeezenet,28358.547,62.209,462,0
137.805,t2_squeezenet,28402.611,45.954,461,0
137.895,t2_squeezenet,28388.960,89.751,461,0
137.991,t2_squeezenet,28308.538,96.107,461,0
138.084,t2_squeezenet,28224.661,93.448,463,0
138.180,t2_squeezenet,28170.391,95.514,463,0
138.273,t2_squeezenet,28244.030,92.928,463,0
138.373,t2_squeezenet,28342.829,100.574,464,0
138.467,t2_squeezenet,28368.673,93.709,463,0
138.561,t2_squeezenet,28462.866,94.287,466,0
138.605,t2_squeezenet,28495.125,43.931,467,0
138.706,t2_squeezenet,28595.119,100.428,466,0
138.773,t2_squeezenet,28631.953,66.907,467,0
138.865,t2_squeezenet,28722.630,91.841,468,0
138.962,t2_squeezenet,28818.516,97.077,471,0
139.006,t2_squeezenet,28771.086,43.934,470,0
139.103,t2_squeezenet,28849.184,96.795,472,0
139.198,t2_squeezenet,28920.315,95.718,473,0
139.291,t2_squeezenet,28981.179,92.485,473,0
139.386,t2_squeezenet,28903.652,95.235,473,0
139.485,t2_squeezenet,28972.566,98.949,473,0
139.581,t2_squeezenet,28964.648,95.843,472,0
139.674,t2_squeezenet,29046.937,92.413,473,0
139.744,t2_squeezenet,29107.802,70.528,472,0
139.791,t2_squeezenet,28931.732,47.091,471,0
139.882,t2_squeezenet,29017.708,90.281,471,0
139.975,t2_squeezenet,29042.637,92.884,472,0
140.074,t2_squeezenet,29132.704,99.003,473,0
140.174,t2_squeezenet,29029.473,100.010,476,0
140.271,t2_squeezenet,29058.657,97.556,475,0
140.366,t2_squeezenet,29132.222,94.595,475,0
140.464,t2_squeezenet,29192.856,97.631,476,0
140.563,t2_squeezenet,29245.753,99.056,476,0
140.662,t2_squeezenet,29323.053,99.315,477,0
140.701,t2_squeezenet,29294.855,39.046,477,0
140.770,t2_squeezenet,29321.915,69.358,478,0
140.862,t2_squeezenet,29350.426,91.913,477,0
140.907,t2_squeezenet,29393.675,44.869,476,0
141.000,t2_squeezenet,29482.104,92.480,476,0
141.094,t2_squeezenet,29452.531,93.817,477,0
141.188,t2_squeezenet,29528.254,94.568,478,0
141.286,t2_squeezenet,29585.042,97.986,481,0
141.382,t2_squeezenet,29657.051,95.975,482,0
141.477,t2_squeezenet,29617.417,94.573,484,0
141.573,t2_squeezenet,29629.912,95.535,484,0
141.664,t2_squeezenet,29711.172,91.590,487,0
141.734,t2_squeezenet,29680.785,69.513,486,0
141.779,t2_squeezenet,29634.626,45.004,487,0
141.868,t2_squeezenet,29566.938,88.779,488,0
141.968,t2_squeezenet,29658.910,100.619,489,0
142.067,t2_squeezenet,29606.099,98.509,492,0
142.161,t2_squeezenet,29670.823,94.496,494,0
142.205,t2_squeezenet,29714.053,43.430,493,0
142.302,t2_squeezenet,29673.081,97.292,493,0
142.401,t2_squeezenet,29769.104,98.577,494,0
142.494,t2_squeezenet,29858.328,93.230,493,0
142.582,t2_squeezenet,29941.829,87.906,492,0
142.678,t2_squeezenet,29901.605,96.168,494,0
142.751,t2_squeezenet,29869.034,72.684,494,0
142.796,t2_squeezenet,29886.077,45.226,495,0
142.885,t2_squeezenet,29878.068,87.994,494,0
142.979,t2_squeezenet,29951.851,94.687,495,0
143.072,t2_squeezenet,30016.893,92.731,494,0
143.168,t2_squeezenet,30034.171,95.711,497,0
143.264,t2_squeezenet,30125.004,95.674,498,0
143.307,t2_squeezenet,30113.515,43.636,497,0
143.400,t2_squeezenet,30124.933,92.543,498,0
143.495,t2_squeezenet,30125.334,95.177,500,0
143.584,t2_squeezenet,30198.665,89.064,499,0
143.678,t2_squeezenet,30260.329,93.430,500,0
143.745,t2_squeezenet,30263.629,67.529,500,0
143.791,t2_squeezenet,30306.038,46.106,500,0
143.875,t2_squeezenet,30359.447,83.796,500,0
143.972,t2_squeezenet,30388.155,96.354,500,0
144.068,t2_squeezenet,30461.240,96.767,499,0
144.171,t2_squeezenet,30549.504,102.561,499,0
144.269,t2_squeezenet,30635.960,98.352,499,0
144.364,t2_squeezenet,30668.503,94.590,498,0
144.408,t2_squeezenet,30637.240,44.419,499,0
144.503,t2_squeezenet,30713.899,94.468,500,0
144.600,t2_squeezenet,30588.701,96.803,500,0
144.692,t2_squeezenet,30674.525,91.899,500,0
144.764,t2_squeezenet,30490.073,72.446,500,0
144.811,t2_squeezenet,30524.648,46.245,499,0
144.898,t2_squeezenet,30561.111,87.799,500,0
144.992,t2_squeezenet,30618.118,93.899,500,0
145.087,t2_squeezenet,30690.484,94.705,500,0
145.182,t2_squeezenet,30630.386,94.460,500,0
145.274,t2_squeezenet,30499.410,92.065,500,0
145.369,t2_squeezenet,30437.094,95.402,500,0
145.464,t2_squeezenet,30500.738,94.458,500,0
145.560,t2_squeezenet,30549.188,96.891,500,0
145.602,t2_squeezenet,30541.241,41.153,499,0
145.698,t2_squeezenet,30611.120,96.372,499,0
145.766,t2_squeezenet,30646.137,67.540,499,0
145.812,t2_squeezenet,30664.655,46.192,500,0
145.960,t2_squeezenet,30805.119,148.440,500,0
146.005,t2_squeezenet,30780.207,44.454,500,0
146.097,t2_squeezenet,30838.465,91.860,500,0
146.192,t2_squeezenet,30930.234,95.272,499,0
146.283,t2_squeezenet,30970.195,91.014,500,0
146.382,t2_squeezenet,30996.682,98.385,500,0
146.479,t2_squeezenet,31044.253,97.745,500,0
146.573,t2_squeezenet,31124.943,93.450,500,0
146.670,t2_squeezenet,31205.061,97.185,500,0
146.741,t2_squeezenet,31249.330,70.441,500,0
146.787,t2_squeezenet,31246.651,45.810,500,0
146.873,t2_squeezenet,31253.428,85.976,500,0
146.969,t2_squeezenet,31286.143,96.425,500,0
147.064,t2_squeezenet,31364.908,94.816,500,0
147.163,t2_squeezenet,31411.938,98.710,500,0
147.205,t2_squeezenet,31437.819,42.653,500,0
147.302,t2_squeezenet,31503.723,96.993,500,0
147.396,t2_squeezenet,31581.628,93.135,500,0
147.494,t2_squeezenet,31617.687,98.377,499,0
147.589,t2_squeezenet,31649.042,95.492,500,0
147.685,t2_squeezenet,31706.321,95.239,500,0
147.757,t2_squeezenet,31650.811,72.468,500,0
147.806,t2_squeezenet,31695.581,48.302,499,0
147.890,t2_squeezenet,31730.424,84.230,500,0
147.984,t2_squeezenet,31820.137,93.663,500,0
148.076,t2_squeezenet,31848.325,92.449,500,0
148.174,t2_squeezenet,31930.219,98.272,500,0
148.272,t2_squeezenet,31961.775,97.985,499,0
148.363,t2_squeezenet,31998.996,90.297,498,0
148.405,t2_squeezenet,31952.891,42.165,498,0
148.502,t2_squeezenet,31961.227,96.565,499,0
148.594,t2_squeezenet,32020.454,92.682,500,0
148.689,t2_squeezenet,32102.461,94.371,500,0
148.759,t2_squeezenet,32137.558,69.793,500,0
148.804,t2_squeezenet,32034.046,45.094,499,0
148.894,t2_squeezenet,32081.952,90.355,499,0
148.985,t2_squeezenet,32006.555,90.376,499,0
149.077,t2_squeezenet,32093.862,92.841,499,0
149.168,t2_squeezenet,32128.891,90.874,498,0
149.262,t2_squeezenet,32186.916,93.326,497,0
149.302,t2_squeezenet,32185.946,40.313,497,0
149.395,t2_squeezenet,32257.841,92.714,498,0
149.489,t2_squeezenet,32302.484,94.199,499,0
149.586,t2_squeezenet,32357.253,96.786,498,0
149.679,t2_squeezenet,32257.685,92.997,500,0
149.747,t2_squeezenet,32287.483,68.004,500,0
149.792,t2_squeezenet,32284.186,44.756,500,0
149.879,t2_squeezenet,32188.687,87.350,500,0
149.973,t2_squeezenet,32249.475,93.862,499,0
150.064,t2_squeezenet,32286.390,90.404,498,0
150.105,t2_squeezenet,32226.592,41.124,497,0
150.195,t2_squeezenet,32313.239,89.803,496,0
150.291,t2_squeezenet,32366.140,96.166,496,0
150.382,t2_squeezenet,32346.521,91.633,499,0
150.474,t2_squeezenet,32402.364,91.057,499,0
150.566,t2_squeezenet,32421.855,92.419,500,0
150.661,t2_squeezenet,32501.928,94.464,500,0
150.702,t2_squeezenet,32496.031,41.512,499,0
150.772,t2_squeezenet,32512.351,69.731,499,0
150.860,t2_squeezenet,32594.070,88.456,498,0
150.904,t2_squeezenet,32527.330,43.249,497,0
150.998,t2_squeezenet,32619.844,93.973,497,0
151.087,t2_squeezenet,32688.186,89.069,498,0
151.175,t2_squeezenet,32715.859,88.586,497,0
151.267,t2_squeezenet,32783.549,91.301,496,0
151.362,t2_squeezenet,32802.379,95.145,496,0
151.404,t2_squeezenet,32717.105,41.855,495,0
151.496,t2_squeezenet,32636.463,92.171,494,0
151.587,t2_squeezenet,32698.402,90.697,496,0
151.680,t2_squeezenet,32720.694,93.415,495,0
151.746,t2_squeezenet,32684.732,65.576,495,0
151.790,t2_squeezenet,32630.223,43.880,495,0
151.879,t2_squeezenet,32713.738,89.109,496,0
151.974,t2_squeezenet,32703.574,95.255,499,0
152.068,t2_squeezenet,32708.515,93.811,500,0
152.161,t2_squeezenet,32783.899,92.850,500,0
152.202,t2_squeezenet,32809.849,40.862,500,0
152.294,t2_squeezenet,32834.858,92.505,500,0
152.388,t2_squeezenet,32728.196,93.295,500,0
152.481,t2_squeezenet,32810.809,92.859,500,0
152.571,t2_squeezenet,32611.542,90.425,500,0
152.668,t2_squeezenet,32690.052,97.157,500,0
152.737,t2_squeezenet,32731.913,68.934,500,0
152.780,t2_squeezenet,32720.477,42.711,500,0
152.866,t2_squeezenet,32706.365,85.850,500,0
152.910,t2_squeezenet,32739.583,43.799,500,0
153.003,t2_squeezenet,32796.382,93.261,499,0
153.100,t2_squeezenet,32878.691,96.914,500,0
153.192,t2_squeezenet,32965.256,91.578,500,0
153.288,t2_squeezenet,33026.196,96.440,500,0
153.381,t2_squeezenet,33101.778,92.971,499,0
153.475,t2_squeezenet,33135.048,93.752,498,0
153.568,t2_squeezenet,33174.265,93.358,497,0
153.609,t2_squeezenet,33149.893,41.050,497,0
153.700,t2_squeezenet,33138.912,90.729,498,0
153.767,t2_squeezenet,33037.671,66.579,498,0
153.812,t2_squeezenet,33033.935,44.807,499,0
153.899,t2_squeezenet,33106.112,87.744,499,0
153.992,t2_squeezenet,33193.474,92.050,499,0
154.089,t2_squeezenet,33229.936,97.878,499,0
154.184,t2_squeezenet,33224.860,94.885,499,0
154.275,t2_squeezenet,33302.424,90.103,500,0
154.373,t2_squeezenet,33313.710,98.609,500,0
154.467,t2_squeezenet,33307.316,93.568,500,0
154.566,t2_squeezenet,33306.947,99.582,499,0
154.610,t2_squeezenet,33250.162,43.184,499,0
154.705,t2_squeezenet,33311.085,94.897,499,0
154.776,t2_squeezenet,33316.701,71.560,499,0
154.868,t2_squeezenet,33308.772,92.038,499,0
154.963,t2_squeezenet,33303.452,94.637,498,0
155.005,t2_squeezenet,33339.473,42.411,497,0
155.097,t2_squeezenet,33320.112,91.597,500,0
155.190,t2_squeezenet,33389.668,93.233,500,0
155.286,t2_squeezenet,33403.050,95.231,500,0
155.378,t2_squeezenet,33410.799,92.754,500,0
155.471,t2_squeezenet,33500.493,92.414,500,0
155.570,t2_squeezenet,33275.458,98.649,500,0
155.665,t2_squeezenet,33205.845,95.759,500,0
155.735,t2_squeezenet,33263.635,69.893,500,0
155.781,t2_squeezenet,33218.497,45.199,500,0
155.872,t2_squeezenet,33264.122,91.542,500,0
155.965,t2_squeezenet,33222.110,93.060,499,0
156.006,t2_squeezenet,33235.633,40.692,498,0
156.099,t2_squeezenet,33310.323,39.101,499,0
156.190,t2_squeezenet,33398.756,91.232,500,0
156.289,t2_squeezenet,33484.982,98.845,500,0
156.383,t2_squeezenet,33523.368,93.623,500,0
156.474,t2_squeezenet,33480.001,90.777,500,0
156.569,t2_squeezenet,33474.405,95.052,500,0
156.665,t2_squeezenet,33498.324,96.190,500,0
156.738,t2_squeezenet,33553.441,72.875,500,0
156.780,t2_squeezenet,33514.345,42.170,500,0
156.870,t2_squeezenet,33510.516,89.864,500,0
156.962,t2_squeezenet,33600.965,91.885,500,0
157.004,t2_squeezenet,33628.897,42.121,500,0
157.095,t2_squeezenet,33715.981,91.179,500,0
157.186,t2_squeezenet,33805.858,90.396,500,0
157.280,t2_squeezenet,33879.621,94.237,499,0
157.372,t2_squeezenet,33969.679,92.215,498,0
157.465,t2_squeezenet,34005.460,92.610,498,0
157.560,t2_squeezenet,34053.134,95.118,499,0
157.604,t2_squeezenet,34044.950,44.312,499,0
157.698,t2_squeezenet,34129.453,93.778,499,0
157.765,t2_squeezenet,34172.047,66.288,498,0
157.808,t2_squeezenet,34174.157,42.829,497,0
157.897,t2_squeezenet,34245.440,89.246,499,0
157.988,t2_squeezenet,34290.753,91.163,499,0
158.079,t2_squeezenet,34287.584,90.590,500,0
158.171,t2_squeezenet,34315.990,92.504,500,0
158.260,t2_squeezenet,34313.574,88.706,500,0
158.303,t2_squeezenet,34292.397,42.773,499,0
158.394,t2_squeezenet,34102.512,91.577,498,0
158.487,t2_squeezenet,34045.337,92.259,499,0
158.575,t2_squeezenet,34011.634,88.620,498,0
158.669,t2_squeezenet,34095.606,93.326,497,0
158.738,t2_squeezenet,34159.518,68.857,496,0
158.784,t2_squeezenet,34003.563,46.722,496,0
158.868,t2_squeezenet,34021.513,83.601,496,0
158.964,t2_squeezenet,34096.977,95.868,497,0
159.012,t2_squeezenet,34133.971,48.130,497,0
159.097,t2_squeezenet,34151.418,85.152,498,0
159.189,t2_squeezenet,34221.045,91.328,498,0
159.275,t2_squeezenet,34288.288,85.945,498,0
159.372,t2_squeezenet,34350.592,96.829,499,0
159.463,t2_squeezenet,34318.614,91.086,500,0
159.505,t2_squeezenet,34312.913,42.018,499,0
159.591,t2_squeezenet,34270.978,86.582,498,0
159.683,t2_squeezenet,34328.054,91.784,497,0
159.747,t2_squeezenet,34359.988,64.194,497,0
159.791,t2_squeezenet,34331.222,43.815,497,0
159.873,t2_squeezenet,34213.656,81.868,497,0
159.964,t2_squeezenet,34168.933,90.290,497,0
160.009,t2_squeezenet,34211.433,45.671,497,0
160.095,t2_squeezenet,34251.262,86.053,498,0
160.185,t2_squeezenet,34296.798,89.159,500,0
160.273,t2_squeezenet,34260.545,87.986,500,0
160.363,t2_squeezenet,34328.511,90.778,499,0
160.409,t2_squeezenet,34345.448,45.210,498,0
160.492,t2_squeezenet,34410.659,83.776,500,0
160.582,t2_squeezenet,34495.399,89.677,500,0
160.676,t2_squeezenet,34516.080,93.304,499,0
160.740,t2_squeezenet,34483.211,64.339,498,0
160.784,t2_squeezenet,34524.068,43.830,498,0
160.870,t2_squeezenet,34595.749,86.258,498,0
160.962,t2_squeezenet,34653.869,91.732,500,0
161.007,t2_squeezenet,34678.976,45.237,500,0
161.094,t2_squeezenet,34762.608,86.724,500,0
161.182,t2_squeezenet,34825.314,87.640,500,0
161.269,t2_squeezenet,34857.376,87.251,500,0
161.362,t2_squeezenet,34891.743,92.882,500,0
161.403,t2_squeezenet,34848.344,40.846,499,0
161.488,t2_squeezenet,34915.037,85.666,500,0
161.577,t2_squeezenet,34804.378,88.199,500,0
161.668,t2_squeezenet,34860.984,91.376,500,0
161.733,t2_squeezenet,34904.546,64.433,500,0
161.775,t2_squeezenet,34897.599,42.284,499,0
161.861,t2_squeezenet,34980.253,86.526,499,0
161.904,t2_squeezenet,34970.649,42.621,499,0
161.991,t2_squeezenet,35035.399,86.787,500,0
162.079,t2_squeezenet,35098.863,88.482,500,0
162.167,t2_squeezenet,35118.988,87.547,500,0
162.261,t2_squeezenet,35142.467,93.426,500,0
162.305,t2_squeezenet,35154.995,44.122,499,0
162.391,t2_squeezenet,35239.785,85.844,498,0
162.478,t2_squeezenet,35307.841,86.918,498,0
162.565,t2_squeezenet,35329.080,87.907,499,0
162.613,t2_squeezenet,35316.154,47.533,500,0
162.699,t2_squeezenet,35338.898,86.106,499,0
162.760,t2_squeezenet,35291.311,61.081,500,0
162.805,t2_squeezenet,35305.062,44.586,499,0
162.888,t2_squeezenet,35327.814,82.932,498,0
162.977,t2_squeezenet,35284.296,89.068,498,0
163.065,t2_squeezenet,35178.574,87.720,500,0
163.113,t2_squeezenet,35193.117,47.987,500,0
163.201,t2_squeezenet,35187.190,88.681,500,0
163.293,t2_squeezenet,35141.394,91.583,500,0
163.377,t2_squeezenet,35179.425,83.793,500,0
163.463,t2_squeezenet,35200.321,86.411,500,0
163.506,t2_squeezenet,35183.325,43.013,500,0
163.597,t2_squeezenet,35202.483,90.742,500,0
163.684,t2_squeezenet,35267.215,86.978,499,0
163.747,t2_squeezenet,35289.008,62.724,498,0
163.792,t2_squeezenet,35305.009,45.025,500,0
163.881,t2_squeezenet,35386.237,88.385,500,0
163.968,t2_squeezenet,35436.238,87.508,500,0
164.012,t2_squeezenet,35341.748,44.197,499,0
164.100,t2_squeezenet,35428.254,87.689,499,0
164.191,t2_squeezenet,35385.062,91.263,500,0
164.280,t2_squeezenet,35366.219,88.758,500,0
164.366,t2_squeezenet,35433.045,85.840,500,0
164.410,t2_squeezenet,35376.073,43.785,499,0
164.497,t2_squeezenet,35344.579,87.276,500,0
164.587,t2_squeezenet,35424.083,89.226,500,0
164.676,t2_squeezenet,35422.346,89.094,499,0
164.737,t2_squeezenet,35475.051,61.076,498,0
164.784,t2_squeezenet,35464.414,47.002,499,0
164.864,t2_squeezenet,35503.237,80.003,498,0
164.907,t2_squeezenet,35521.080,42.889,497,0
164.994,t2_squeezenet,35511.550,87.485,497,0
165.083,t2_squeezenet,35518.190,88.387,496,0
165.173,t2_squeezenet,35549.925,90.670,495,0
165.267,t2_squeezenet,35400.873,93.556,495,0
165.310,t2_squeezenet,35350.084,42.606,496,0
165.399,t2_squeezenet,35427.105,89.370,498,0
165.487,t2_squeezenet,35510.831,88.269,499,0
165.580,t2_squeezenet,35584.106,92.664,499,0
165.669,t2_squeezenet,35609.514,88.956,499,0
165.713,t2_squeezenet,35453.088,43.424,498,0
165.778,t2_squeezenet,35497.329,65.170,498,0
165.867,t2_squeezenet,35567.432,88.994,498,0
165.912,t2_squeezenet,35552.715,45.370,498,0
165.999,t2_squeezenet,35612.147,86.692,498,0
166.092,t2_squeezenet,35686.579,92.728,498,0
166.182,t2_squeezenet,35722.289,90.014,499,0
166.269,t2_squeezenet,35709.220,86.900,500,0
166.311,t2_squeezenet,35746.413,41.850,499,0
166.398,t2_squeezenet,35738.643,87.467,499,0
166.488,t2_squeezenet,35758.422,90.058,500,0
166.581,t2_squeezenet,35838.795,92.386,500,0
166.667,t2_squeezenet,35807.926,86.700,500,0
166.713,t2_squeezenet,35811.065,45.982,499,0
166.778,t2_squeezenet,35818.169,64.195,499,0
166.867,t2_squeezenet,35678.842,89.200,499,0
166.908,t2_squeezenet,35715.089,40.949,498,0
166.996,t2_squeezenet,35697.294,87.609,498,0
167.090,t2_squeezenet,35730.366,94.279,499,0
167.180,t2_squeezenet,35779.768,90.101,500,0
167.268,t2_squeezenet,35687.213,87.954,500,0
167.312,t2_squeezenet,35730.558,44.366,499,0
167.401,t2_squeezenet,35817.251,88.250,500,0
167.491,t2_squeezenet,35787.020,89.845,500,0
167.582,t2_squeezenet,35841.597,90.948,499,0
167.666,t2_squeezenet,35806.606,84.514,499,0
167.712,t2_squeezenet,35752.487,45.834,499,0
167.777,t2_squeezenet,35810.171,64.890,500,0
167.863,t2_squeezenet,35876.537,85.711,500,0
167.903,t2_squeezenet,35890.615,40.485,500,0
167.994,t2_squeezenet,35947.183,91.063,500,0
168.086,t2_squeezenet,36008.973,91.461,500,0
168.179,t2_squeezenet,36092.948,93.249,500,0
168.268,t2_squeezenet,36164.907,88.614,500,0
168.360,t2_squeezenet,36174.469,92.050,500,0
168.402,t2_squeezenet,36176.054,42.400,499,0
168.492,t2_squeezenet,36246.047,89.830,499,0
168.579,t2_squeezenet,36322.810,86.785,498,0
168.670,t2_squeezenet,36353.585,91.090,500,0
168.740,t2_squeezenet,36422.099,70.155,500,0
168.788,t2_squeezenet,36467.940,47.282,500,0
168.874,t2_squeezenet,36414.372,85.824,500,0
168.961,t2_squeezenet,36420.863,87.188,499,0
169.004,t2_squeezenet,36461.679,43.218,500,0
169.100,t2_squeezenet,36499.198,96.116,499,0
169.189,t2_squeezenet,36531.991,89.065,499,0
169.281,t2_squeezenet,36515.260,91.642,498,0
169.366,t2_squeezenet,36573.133,85.278,497,0
169.461,t2_squeezenet,36665.844,94.615,498,0
169.505,t2_squeezenet,36645.800,44.244,497,0
169.592,t2_squeezenet,36722.718,86.308,497,0
169.683,t2_squeezenet,36799.964,91.671,496,0
169.749,t2_squeezenet,36855.449,65.509,496,0
169.796,t2_squeezenet,36813.386,47.438,496,0
169.879,t2_squeezenet,36574.552,82.576,496,0
169.969,t2_squeezenet,36630.197,90.281,497,0
170.014,t2_squeezenet,36627.301,44.606,500,0
170.102,t2_squeezenet,36664.390,42.690,499,0
170.193,t2_squeezenet,36754.552,90.686,499,0
170.279,t2_squeezenet,36815.381,85.653,500,0
170.371,t2_squeezenet,36890.155,92.283,500,0
170.462,t2_squeezenet,36972.904,91.349,500,0
170.510,t2_squeezenet,36929.182,47.733,499,0
170.595,t2_squeezenet,36973.774,84.497,499,0
170.689,t2_squeezenet,37038.659,93.980,500,0
170.754,t2_squeezenet,36957.518,64.656,500,0
170.801,t2_squeezenet,36973.369,47.090,500,0
170.883,t2_squeezenet,37015.923,81.801,500,0
170.971,t2_squeezenet,36872.837,88.830,500,0
171.065,t2_squeezenet,36862.037,93.526,500,0
171.161,t2_squeezenet,36802.927,95.666,500,0
171.202,t2_squeezenet,36814.647,41.667,500,0
171.290,t2_squeezenet,36836.183,87.458,499,0
171.383,t2_squeezenet,36851.787,92.803,500,0
171.473,t2_squeezenet,36828.533,89.764,500,0
171.566,t2_squeezenet,36906.576,93.532,499,0
171.608,t2_squeezenet,36918.807,41.744,499,0
171.695,t2_squeezenet,36891.954,87.320,499,0
171.758,t2_squeezenet,36867.742,62.585,499,0
171.807,t2_squeezenet,36897.278,49.390,498,0
171.888,t2_squeezenet,36963.045,81.045,497,0
171.981,t2_squeezenet,36945.844,92.031,497,0
172.071,t2_squeezenet,36917.337,90.909,497,0
172.164,t2_squeezenet,36978.125,92.541,498,0
172.208,t2_squeezenet,37009.915,43.793,497,0
172.295,t2_squeezenet,36995.299,86.795,498,0
172.386,t2_squeezenet,37036.797,91.264,498,0
172.480,t2_squeezenet,37064.883,93.756,499,0
172.572,t2_squeezenet,37041.793,92.215,499,0
172.660,t2_squeezenet,37086.180,87.680,499,0
172.702,t2_squeezenet,37107.061,42.338,498,0
172.772,t2_squeezenet,37086.989,69.276,498,0
172.863,t2_squeezenet,37153.934,91.778,499,0
172.903,t2_squeezenet,37174.661,39.975,499,0
172.989,t2_squeezenet,37029.443,85.581,500,0
173.083,t2_squeezenet,37102.945,93.738,500,0
173.177,t2_squeezenet,37061.056,94.607,500,0
173.269,t2_squeezenet,37131.097,91.455,500,0
173.313,t2_squeezenet,37059.821,44.501,500,0
173.401,t2_squeezenet,37139.151,87.021,500,0
173.495,t2_squeezenet,37166.036,94.130,500,0
173.586,t2_squeezenet,37112.735,91.671,500,0
173.678,t2_squeezenet,37183.137,91.111,500,0
173.743,t2_squeezenet,37141.887,65.246,499,0
173.787,t2_squeezenet,37167.673,44.047,498,0
173.873,t2_squeezenet,37213.419,85.985,498,0
173.964,t2_squeezenet,36979.443,90.836,498,0
174.008,t2_squeezenet,36953.646,44.256,500,0
174.104,t2_squeezenet,37049.222,95.706,500,0
174.200,t2_squeezenet,37103.464,96.498,500,0
174.290,t2_squeezenet,37184.026,89.482,500,0
174.382,t2_squeezenet,37153.711,91.793,500,0
174.469,t2_squeezenet,37237.057,87.307,500,0
174.564,t2_squeezenet,37300.162,94.357,499,0
174.606,t2_squeezenet,37258.396,42.712,498,0
174.696,t2_squeezenet,37267.946,89.242,498,0
174.762,t2_squeezenet,37210.098,65.907,497,0
174.809,t2_squeezenet,37244.759,47.530,500,0
174.897,t2_squeezenet,37319.271,87.845,499,0
174.984,t2_squeezenet,37261.931,87.230,498,0
175.075,t2_squeezenet,37215.554,90.762,498,0
175.168,t2_squeezenet,37268.439,93.185,499,0
175.213,t2_squeezenet,37218.111,44.994,498,0
175.297,t2_squeezenet,37289.588,83.731,500,0
175.388,t2_squeezenet,37338.744,90.606,500,0
175.481,t2_squeezenet,37330.324,93.232,500,0
175.577,t2_squeezenet,37339.737,95.965,500,0
175.663,t2_squeezenet,37371.980,85.758,500,0
175.705,t2_squeezenet,37377.651,42.281,499,0
175.778,t2_squeezenet,37290.287,72.218,499,0
175.864,t2_squeezenet,37348.626,86.016,500,0
175.909,t2_squeezenet,37387.648,45.173,499,0
175.999,t2_squeezenet,37473.935,90.275,500,0
176.086,t2_squeezenet,37505.969,86.437,500,0
176.180,t2_squeezenet,37579.948,93.877,500,0
176.270,t2_squeezenet,37543.426,90.020,500,0
176.360,t2_squeezenet,37606.026,90.140,499,0
176.404,t2_squeezenet,37593.098,44.041,499,0
176.498,t2_squeezenet,37667.334,93.538,498,0
176.587,t2_squeezenet,37709.069,89.876,498,0
176.677,t2_squeezenet,37785.640,89.956,500,0
176.740,t2_squeezenet,37803.133,62.328,499,0
176.786,t2_squeezenet,37841.409,46.412,500,0
176.873,t2_squeezenet,37858.387,86.132,499,0
176.965,t2_squeezenet,37944.781,92.115,498,0
177.008,t2_squeezenet,37960.086,42.875,498,0
177.100,t2_squeezenet,37908.769,92.112,497,0
177.192,t2_squeezenet,37997.978,92.189,497,0
177.284,t2_squeezenet,38001.474,91.736,497,0
177.373,t2_squeezenet,38006.653,89.644,500,0
177.461,t2_squeezenet,38050.558,87.665,499,0
177.503,t2_squeezenet,37911.914,42.129,498,0
177.595,t2_squeezenet,37994.387,91.290,500,0
177.685,t2_squeezenet,37817.098,90.188,500,0
177.753,t2_squeezenet,37817.968,68.176,500,0
177.800,t2_squeezenet,37826.617,46.551,500,0
177.891,t2_squeezenet,37851.964,91.323,500,0
177.974,t2_squeezenet,37905.086,83.098,500,0
178.065,t2_squeezenet,37936.746,90.739,500,0
178.113,t2_squeezenet,37962.294,47.684,500,0
178.201,t2_squeezenet,38035.300,88.748,500,0
178.291,t2_squeezenet,38120.757,89.347,500,0
178.380,t2_squeezenet,38034.407,88.882,500,0
178.473,t2_squeezenet,38093.795,93.244,500,0
178.565,t2_squeezenet,38105.150,92.327,499,0
178.661,t2_squeezenet,38142.524,96.042,499,0
178.702,t2_squeezenet,38112.263,40.917,498,0
178.773,t2_squeezenet,38179.033,70.653,498,0
178.862,t2_squeezenet,38194.209,88.373,498,0
178.903,t2_squeezenet,38191.871,41.099,497,0
178.996,t2_squeezenet,38227.587,92.938,497,0
179.087,t2_squeezenet,38102.243,91.430,497,0
179.175,t2_squeezenet,38095.490,87.762,500,0
179.270,t2_squeezenet,38182.427,94.726,500,0
179.361,t2_squeezenet,38261.832,91.595,500,0
179.407,t2_squeezenet,38304.873,45.249,500,0
179.500,t2_squeezenet,38299.611,93.510,500,0
179.591,t2_squeezenet,38383.692,90.902,500,0
179.681,t2_squeezenet,38421.332,89.688,500,0
179.747,t2_squeezenet,38465.843,66.218,499,0
179.793,t2_squeezenet,38503.066,45.768,498,0
179.878,t2_squeezenet,38531.110,84.839,499,0
179.972,t2_squeezenet,38545.256,94.054,500,0
180.064,t2_squeezenet,38636.210,92.457,499,0
180.109,t2_squeezenet,38679.493,44.654,500,0
180.204,t2_squeezenet,38654.880,94.440,500,0
180.294,t2_squeezenet,38711.253,90.049,500,0
180.383,t2_squeezenet,38772.535,88.918,500,0
180.473,t2_squeezenet,38825.557,90.765,500,0
180.565,t2_squeezenet,38910.012,91.798,500,0
180.612,t2_squeezenet,38871.414,46.936,499,0
180.698,t2_squeezenet,38941.132,85.515,499,0
180.765,t2_squeezenet,38980.557,66.884,499,0
180.813,t2_squeezenet,38971.759,48.306,499,0
180.902,t2_squeezenet,39003.679,88.791,500,0
180.991,t2_squeezenet,39042.135,88.890,499,0
181.080,t2_squeezenet,39107.314,89.250,499,0
181.172,t2_squeezenet,39189.803,91.883,498,0
181.263,t2_squeezenet,39251.536,90.403,498,0
181.307,t2_squeezenet,39258.351,44.467,498,0
181.394,t2_squeezenet,39314.047,87.146,500,0
181.486,t2_squeezenet,39384.940,91.916,500,0
181.580,t2_squeezenet,39439.847,93.702,500,0
181.670,t2_squeezenet,39440.919,90.169,499,0
181.746,t2_squeezenet,39431.671,76.310,499,0
181.811,t2_squeezenet,39491.986,64.800,498,0
181.868,t2_squeezenet,39267.134,56.421,497,0
181.913,t2_squeezenet,39302.767,45.257,497,0
181.959,t2_squeezenet,39325.758,45.467,496,0
182.005,t2_squeezenet,39267.967,46.267,498,0
182.051,t2_squeezenet,39274.731,45.952,497,0
182.102,t2_squeezenet,39316.372,50.592,498,0
182.144,t2_squeezenet,39193.335,42.189,497,0
182.187,t2_squeezenet,39228.120,42.839,497,0
182.238,t2_squeezenet,39152.237,51.586,498,0
182.285,t2_squeezenet,39185.236,46.765,497,0
182.330,t2_squeezenet,39163.932,44.383,497,0
182.373,t2_squeezenet,39205.229,43.063,497,0
182.418,t2_squeezenet,39230.947,45.154,497,0
182.468,t2_squeezenet,39220.709,50.044,497,0
182.513,t2_squeezenet,39176.924,45.276,496,0
182.558,t2_squeezenet,39174.380,44.285,496,0
182.607,t2_squeezenet,39197.903,49.593,495,0
182.656,t2_squeezenet,39226.083,48.198,494,0
182.699,t2_squeezenet,39268.090,43.255,496,0
182.746,t2_squeezenet,39140.201,46.978,496,0
182.791,t2_squeezenet,39149.543,45.017,495,0
182.839,t2_squeezenet,39096.061,48.149,496,0
182.885,t2_squeezenet,39110.681,45.885,495,0
182.927,t2_squeezenet,39129.861,42.281,495,0
182.974,t2_squeezenet,39092.679,46.390,495,0
183.020,t2_squeezenet,38928.078,46.545,495,0
183.066,t2_squeezenet,38888.604,45.837,495,0
183.110,t2_squeezenet,38740.552,43.226,494,0
183.155,t2_squeezenet,38755.912,45.800,494,0
183.202,t2_squeezenet,38777.675,46.739,493,0
183.250,t2_squeezenet,38811.612,47.595,492,0
183.293,t2_squeezenet,38767.314,43.219,491,0
183.337,t2_squeezenet,38707.738,44.104,492,0
183.384,t2_squeezenet,38691.829,46.906,492,0
183.431,t2_squeezenet,38572.833,46.784,491,0
183.474,t2_squeezenet,38592.637,42.367,490,0
183.518,t2_squeezenet,38610.506,44.281,490,0
183.563,t2_squeezenet,38500.771,44.815,489,0
183.610,t2_squeezenet,38454.275,47.579,489,0
183.657,t2_squeezenet,38468.777,47.082,488,0
183.701,t2_squeezenet,38392.269,43.474,488,0
183.746,t2_squeezenet,38375.387,44.670,488,0
183.796,t2_squeezenet,38254.961,49.938,487,0
183.840,t2_squeezenet,38192.750,44.775,487,0
183.884,t2_squeezenet,38125.542,43.289,486,0
183.928,t2_squeezenet,38142.797,44.538,485,0
183.975,t2_squeezenet,38175.697,46.208,484,0
184.020,t2_squeezenet,38204.071,45.418,483,0
184.063,t2_squeezenet,38094.248,43.259,483,0
184.108,t2_squeezenet,38094.146,44.188,482,0
184.157,t2_squeezenet,37946.022,49.186,483,0
184.205,t2_squeezenet,37945.543,48.256,483,0
184.247,t2_squeezenet,37916.955,42.274,483,0
184.292,t2_squeezenet,37909.089,44.966,482,0
184.339,t2_squeezenet,37786.318,46.191,481,0
184.386,t2_squeezenet,37729.619,47.042,482,0
184.432,t2_squeezenet,37694.856,46.369,482,0
184.474,t2_squeezenet,37709.746,42.135,481,0
184.520,t2_squeezenet,37721.520,45.322,480,0
184.569,t2_squeezenet,37695.217,48.755,480,0
184.613,t2_squeezenet,37615.585,44.414,479,0
184.656,t2_squeezenet,37583.000,42.668,479,0
184.704,t2_squeezenet,37518.786,47.921,481,0
184.751,t2_squeezenet,37519.044,47.022,482,0
184.797,t2_squeezenet,37477.338,46.028,481,0
184.842,t2_squeezenet,37339.086,45.105,482,0
184.886,t2_squeezenet,37354.836,43.481,481,0
184.932,t2_squeezenet,37333.444,45.913,480,0
184.980,t2_squeezenet,37248.222,48.871,480,0
185.020,t2_squeezenet,37187.133,39.726,481,0
