t_s,tenant,latency_ms,service_ms,qdepth,warmup
0.116,t2_squeezenet,46.266,43.973,1,1
0.159,t2_squeezenet,70.318,43.037,0,1
0.209,t2_squeezenet,45.738,44.883,0,1
0.293,t2_squeezenet,43.061,42.966,1,1
0.332,t2_squeezenet,53.966,39.731,1,1
0.370,t2_squeezenet,76.602,37.305,0,1
0.444,t2_squeezenet,46.946,43.443,0,1
0.516,t2_squeezenet,35.244,32.038,1,1
0.549,t2_squeezenet,53.726,33.284,0,1
0.665,t2_squeezenet,37.274,34.516,0,1
0.718,t2_squeezenet,42.011,37.287,0,1
0.855,t2_squeezenet,40.886,36.730,0,1
0.947,t2_squeezenet,38.605,35.854,0,1
1.028,t2_squeezenet,40.508,35.792,1,1
1.064,t2_squeezenet,42.151,35.538,1,1
1.094,t2_squeezenet,40.193,30.344,1,1
1.124,t2_squeezenet,55.284,29.504,0,1
1.172,t2_squeezenet,33.746,33.087,0,1
1.328,t2_squeezenet,40.816,39.091,0,1
1.367,t2_squeezenet,35.061,33.344,1,1
1.403,t2_squeezenet,63.771,35.924,0,1
1.499,t2_squeezenet,46.259,45.797,0,1
1.560,t2_squeezenet,56.571,55.641,0,1
1.648,t2_squeezenet,82.398,78.163,2,1
1.712,t2_squeezenet,144.139,63.285,1,1
1.770,t2_squeezenet,139.174,58.358,1,1
1.821,t2_squeezenet,109.061,51.102,0,1
1.908,t2_squeezenet,52.336,51.325,0,1
1.981,t2_squeezenet,38.169,36.858,1,1
2.029,t2_squeezenet,60.170,48.527,0,1
2.234,t2_squeezenet,54.497,54.039,0,1
2.391,t2_squeezenet,55.224,55.060,2,1
2.450,t2_squeezenet,92.532,58.414,2,1
2.508,t2_squeezenet,138.331,57.881,2,1
2.547,t2_squeezenet,124.557,38.810,1,1
2.601,t2_squeezenet,141.504,53.994,0,1
2.686,t2_squeezenet,47.734,44.399,0,1
2.746,t2_squeezenet,39.754,34.796,1,1
2.801,t2_squeezenet,79.608,54.691,4,1
2.858,t2_squeezenet,95.729,57.792,3,1
2.914,t2_squeezenet,141.290,55.670,3,1
2.968,t2_squeezenet,194.575,53.617,5,1
3.021,t2_squeezenet,245.926,52.837,6,1
3.063,t2_squeezenet,152.405,42.251,6,1
3.101,t2_squeezenet,178.789,38.377,6,1
3.152,t2_squeezenet,226.506,50.176,6,1
3.190,t2_squeezenet,225.364,38.049,5,1
3.227,t2_squeezenet,226.001,37.488,4,1
3.265,t2_squeezenet,247.907,37.367,4,1
3.308,t2_squeezenet,285.323,43.164,6,1
3.351,t2_squeezenet,277.755,43.579,7,1
3.404,t2_squeezenet,300.110,52.675,6,1
3.452,t2_squeezenet,211.581,47.895,5,1
3.504,t2_squeezenet,222.881,52.238,5,1
3.540,t2_squeezenet,251.400,35.382,5,1
3.595,t2_squeezenet,290.555,54.874,5,1
3.650,t2_squeezenet,323.816,55.491,5,1
3.706,t2_squeezenet,361.806,56.355,5,1
3.755,t2_squeezenet,290.982,48.766,4,1
3.797,t2_squeezenet,275.646,41.470,3,1
3.882,t2_squeezenet,313.306,84.673,3,1
3.965,t2_squeezenet,320.294,82.903,4,1
4.056,t2_squeezenet,355.803,91.080,4,1
4.095,t2_squeezenet,240.894,38.903,4,1
4.179,t2_squeezenet,283.192,84.760,5,1
4.265,t2_squeezenet,331.627,85.109,5,1
4.355,t2_squeezenet,366.899,90.576,5,1
4.396,t2_squeezenet,303.936,41.122,4,1
4.479,t2_squeezenet,353.900,82.110,3,1
4.563,t2_squeezenet,426.736,84.623,4,1
4.609,t2_squeezenet,372.448,45.276,4,1
4.692,t2_squeezenet,396.141,83.315,3,1
4.746,t2_squeezenet,255.451,54.002,4,1
4.791,t2_squeezenet,292.523,45.318,4,1
4.876,t2_squeezenet,305.901,84.381,4,1
4.964,t2_squeezenet,260.983,88.399,5,1
5.009,t2_squeezenet,265.059,44.589,5,1
5.089,t2_squeezenet,320.812,80.276,8,1
5.173,t2_squeezenet,323.414,83.790,7,1
5.264,t2_squeezenet,359.930,90.714,7,1
5.307,t2_squeezenet,382.514,43.218,6,1
5.392,t2_squeezenet,402.984,85.397,6,1
5.476,t2_squeezenet,463.509,83.906,10,1
5.564,t2_squeezenet,540.942,87.568,11,1
5.606,t2_squeezenet,562.363,41.908,10,1
5.690,t2_squeezenet,615.385,84.362,10,1
5.748,t2_squeezenet,489.877,57.763,9,1
5.798,t2_squeezenet,480.662,50.107,8,1
5.880,t2_squeezenet,476.409,81.296,9,1
5.965,t2_squeezenet,540.349,85.392,9,1
6.054,t2_squeezenet,618.551,88.934,10,1
6.098,t2_squeezenet,644.058,43.916,9,1
6.182,t2_squeezenet,728.171,84.205,9,1
6.266,t2_squeezenet,788.683,84.185,8,1
6.310,t2_squeezenet,821.428,43.102,7,1
6.394,t2_squeezenet,764.176,83.883,6,1
6.483,t2_squeezenet,629.663,89.742,5,1
6.567,t2_squeezenet,688.791,83.609,7,1
6.655,t2_squeezenet,756.049,88.242,7,1
6.702,t2_squeezenet,715.802,47.194,6,1
6.760,t2_squeezenet,761.358,57.303,6,1
6.803,t2_squeezenet,694.254,43.561,5,1
6.886,t2_squeezenet,377.141,82.044,4,1
6.970,t2_squeezenet,436.165,84.706,4,1
7.059,t2_squeezenet,494.933,89.055,7,1
7.101,t2_squeezenet,490.237,41.957,7,1
7.185,t2_squeezenet,476.343,83.385,7,1
7.268,t2_squeezenet,308.625,83.290,8,1
7.357,t2_squeezenet,361.503,88.367,10,1
7.398,t2_squeezenet,368.129,41.215,10,1
7.482,t2_squeezenet,443.202,83.913,12,1
7.570,t2_squeezenet,524.922,87.654,12,1
7.654,t2_squeezenet,567.901,84.245,12,1
7.700,t2_squeezenet,567.877,46.059,11,1
7.752,t2_squeezenet,519.301,52.438,12,1
7.796,t2_squeezenet,562.985,44.005,12,1
7.878,t2_squeezenet,609.411,81.936,13,1
7.963,t2_squeezenet,662.786,84.822,15,1
8.005,t2_squeezenet,674.210,41.570,14,1
8.088,t2_squeezenet,691.854,82.829,14,1
8.174,t2_squeezenet,720.734,85.716,16,1
8.263,t2_squeezenet,805.141,89.417,16,1
8.307,t2_squeezenet,842.861,43.652,17,1
8.390,t2_squeezenet,887.262,83.223,16,1
8.477,t2_squeezenet,898.584,86.578,15,1
8.562,t2_squeezenet,853.663,85.244,16,1
8.608,t2_squeezenet,863.557,46.528,16,1
8.691,t2_squeezenet,910.140,82.516,18,1
8.750,t2_squeezenet,947.666,58.902,18,1
8.793,t2_squeezenet,937.041,42.529,18,1
8.880,t2_squeezenet,969.933,87.295,20,1
8.962,t2_squeezenet,1024.986,82.034,20,1
9.009,t2_squeezenet,1051.007,47.150,20,1
9.090,t2_squeezenet,1012.314,80.597,21,1
9.179,t2_squeezenet,1090.935,89.225,23,1
9.261,t2_squeezenet,1163.117,81.662,22,1
9.302,t2_squeezenet,1137.500,41.553,22,1
9.385,t2_squeezenet,1148.743,82.899,22,1
9.468,t2_squeezenet,1195.018,82.944,22,1
9.555,t2_squeezenet,1263.647,86.297,22,1
9.597,t2_squeezenet,1116.525,42.234,21,1
9.681,t2_squeezenet,1130.590,83.902,21,1
9.741,t2_squeezenet,1177.211,60.366,23,1
9.787,t2_squeezenet,1132.609,45.685,23,1
9.865,t2_squeezenet,1193.600,77.622,25,1
9.909,t2_squeezenet,1224.316,43.693,25,1
9.991,t2_squeezenet,1282.111,82.524,24,1
10.076,t2_squeezenet,1322.706,84.414,26,1
10.161,t2_squeezenet,1366.385,85.184,25,1
10.204,t2_squeezenet,1341.427,43.405,25,1
10.287,t2_squeezenet,1416.867,83.131,25,1
10.370,t2_squeezenet,1464.076,82.792,24,1
10.412,t2_squeezenet,1416.533,41.502,24,1
10.494,t2_squeezenet,1462.751,81.646,26,1
10.574,t2_squeezenet,1525.381,80.707,25,1
10.662,t2_squeezenet,1542.024,87.795,25,1
10.711,t2_squeezenet,1558.558,48.771,24,1
10.762,t2_squeezenet,1599.832,51.511,25,1
10.796,t2_squeezenet,1506.535,33.504,26,1
10.862,t2_squeezenet,1490.472,65.624,26,1
10.895,t2_squeezenet,1431.474,33.284,25,1
10.977,t2_squeezenet,1425.239,81.901,26,1
11.062,t2_squeezenet,1449.734,84.649,27,1
11.108,t2_squeezenet,1411.604,46.184,26,1
11.194,t2_squeezenet,1481.594,86.081,27,1
11.274,t2_squeezenet,1550.042,80.223,27,1
11.356,t2_squeezenet,1600.850,82.104,27,1
11.399,t2_squeezenet,1591.827,42.357,29,1
11.482,t2_squeezenet,1653.237,83.553,29,1
11.568,t2_squeezenet,1720.647,85.987,28,1
11.611,t2_squeezenet,1726.375,42.329,28,1
11.704,t2_squeezenet,1698.659,92.787,28,1
11.754,t2_squeezenet,1726.228,50.621,27,1
11.800,t2_squeezenet,1746.850,46.070,28,1
11.882,t2_squeezenet,1720.328,80.976,27,1
11.966,t2_squeezenet,1719.649,84.293,27,1
12.011,t2_squeezenet,1630.357,45.491,26,1
12.091,t2_squeezenet,1645.309,79.163,28,1
12.171,t2_squeezenet,1713.741,80.695,30,1
12.255,t2_squeezenet,1796.687,83.687,29,1
12.300,t2_squeezenet,1665.753,44.933,28,1
12.383,t2_squeezenet,1665.004,82.534,30,1
12.467,t2_squeezenet,1735.395,84.042,29,1
12.509,t2_squeezenet,1743.344,42.462,28,1
12.592,t2_squeezenet,1809.395,83.098,29,1
12.678,t2_squeezenet,1826.901,85.339,28,1
12.730,t2_squeezenet,1808.167,51.820,27,1
12.771,t2_squeezenet,1799.999,41.654,30,1
12.818,t2_squeezenet,1831.119,46.254,30,1
12.893,t2_squeezenet,1901.893,75.697,32,1
12.978,t2_squeezenet,1828.170,84.450,33,1
13.058,t2_squeezenet,1876.527,80.038,33,1
13.100,t2_squeezenet,1839.827,41.773,32,1
13.184,t2_squeezenet,1905.902,83.652,32,1
13.270,t2_squeezenet,1910.261,86.233,32,1
13.356,t2_squeezenet,1974.788,85.623,33,1
13.396,t2_squeezenet,2012.864,40.045,33,1
13.479,t2_squeezenet,2057.368,83.581,34,1
13.564,t2_squeezenet,1954.697,84.693,35,1
13.607,t2_squeezenet,1924.084,43.512,36,1
13.686,t2_squeezenet,1930.682,78.770,37,1
13.776,t2_squeezenet,1996.120,89.357,39,1
13.822,t2_squeezenet,1906.295,45.972,39,1
13.888,t2_squeezenet,1857.952,66.452,40,1
13.970,t2_squeezenet,1938.445,81.636,40,1
14.054,t2_squeezenet,2003.002,84.368,41,1
14.098,t2_squeezenet,1999.751,43.189,42,1
14.182,t2_squeezenet,2078.667,84.770,42,1
14.265,t2_squeezenet,2148.974,82.147,42,1
14.306,t2_squeezenet,2004.450,41.318,42,1
14.389,t2_squeezenet,2042.446,82.709,42,1
14.477,t2_squeezenet,2109.313,87.831,44,1
14.563,t2_squeezenet,2038.094,85.920,45,1
14.604,t2_squeezenet,2043.409,41.441,45,1
14.690,t2_squeezenet,1946.973,85.957,45,1
14.748,t2_squeezenet,1993.721,57.882,45,1
14.796,t2_squeezenet,2034.501,47.512,44,1
14.877,t2_squeezenet,2108.951,81.018,45,1
14.961,t2_squeezenet,2161.409,83.791,45,1
15.007,t2_squeezenet,2165.760,46.062,44,1
15.092,t2_squeezenet,2235.352,84.725,46,1
15.172,t2_squeezenet,2308.934,80.906,47,1
15.255,t2_squeezenet,2335.370,82.733,47,1
15.297,t2_squeezenet,2339.749,41.455,46,1
15.380,t2_squeezenet,2373.452,83.584,47,1
15.466,t2_squeezenet,2287.462,86.083,48,1
15.508,t2_squeezenet,2269.321,41.665,47,1
15.593,t2_squeezenet,2264.084,84.499,47,1
15.676,t2_squeezenet,2322.647,83.383,48,1
15.737,t2_squeezenet,2343.203,60.603,47,1
15.779,t2_squeezenet,2367.198,42.271,47,1
15.861,t2_squeezenet,2389.327,81.965,47,1
15.909,t2_squeezenet,2365.072,47.790,48,1
15.991,t2_squeezenet,2434.765,82.075,49,1
16.072,t2_squeezenet,2490.648,80.924,48,1
16.160,t2_squeezenet,2555.392,87.684,52,1
16.205,t2_squeezenet,2582.962,45.282,51,1
16.291,t2_squeezenet,2663.274,85.481,50,1
16.375,t2_squeezenet,2672.774,84.609,50,1
16.458,t2_squeezenet,2742.242,83.229,51,1
16.500,t2_squeezenet,2744.131,41.798,51,1
16.584,t2_squeezenet,2772.350,83.590,51,1
16.667,t2_squeezenet,2834.900,83.476,50,1
16.724,t2_squeezenet,2848.149,56.455,50,1
16.768,t2_squeezenet,2848.974,44.065,52,1
16.854,t2_squeezenet,2844.756,86.114,52,1
16.898,t2_squeezenet,2863.733,43.637,52,1
16.985,t2_squeezenet,2921.238,86.585,55,1
17.066,t2_squeezenet,2968.129,81.018,54,1
17.154,t2_squeezenet,3017.099,88.299,54,1
17.196,t2_squeezenet,2957.149,42.226,56,1
17.278,t2_squeezenet,3005.047,81.928,55,1
17.366,t2_squeezenet,3028.307,87.982,55,1
17.410,t2_squeezenet,3018.122,43.629,55,1
17.494,t2_squeezenet,3055.308,84.068,55,1
17.584,t2_squeezenet,3114.056,89.740,54,1
17.668,t2_squeezenet,3164.741,84.026,55,1
17.727,t2_squeezenet,3219.421,59.175,55,1
17.771,t2_squeezenet,3167.464,43.592,54,1
17.857,t2_squeezenet,3196.182,85.919,53,1
17.897,t2_squeezenet,3180.450,39.807,52,1
17.985,t2_squeezenet,3177.747,87.997,51,1
18.069,t2_squeezenet,3257.541,84.460,52,1
18.161,t2_squeezenet,3218.754,91.823,55,1
18.204,t2_squeezenet,3161.417,43.163,54,1
18.291,t2_squeezenet,3244.401,86.784,54,1
18.375,t2_squeezenet,3322.199,83.483,54,1
18.463,t2_squeezenet,3350.157,87.790,54,1
18.506,t2_squeezenet,3349.534,43.085,54,1
18.586,t2_squeezenet,3333.618,80.308,53,1
18.676,t2_squeezenet,3366.868,89.863,56,1
18.737,t2_squeezenet,3392.076,60.653,57,1
18.782,t2_squeezenet,3363.741,44.896,57,1
18.862,t2_squeezenet,3414.195,80.705,59,1
18.905,t2_squeezenet,3391.123,43.092,58,1
18.993,t2_squeezenet,3384.183,87.557,58,1
19.077,t2_squeezenet,3426.560,84.304,62,1
19.165,t2_squeezenet,3417.594,87.195,64,1
19.208,t2_squeezenet,3366.957,43.075,63,1
19.296,t2_squeezenet,3424.230,87.714,64,1
19.382,t2_squeezenet,3474.428,85.946,63,1
19.468,t2_squeezenet,3517.503,85.968,63,1
19.511,t2_squeezenet,3531.212,43.366,63,1
19.593,t2_squeezenet,3520.466,82.053,65,1
19.684,t2_squeezenet,3589.489,90.682,66,1
19.739,t2_squeezenet,3634.829,55.239,66,1
19.781,t2_squeezenet,3638.585,42.202,65,1
19.862,t2_squeezenet,3706.791,80.300,66,1
19.912,t2_squeezenet,3601.541,49.698,66,1
19.994,t2_squeezenet,3611.808,82.093,66,1
20.076,t2_squeezenet,3619.508,82.690,68,0
20.163,t2_squeezenet,3686.845,86.308,70,0
20.208,t2_squeezenet,3625.282,44.863,69,0
20.291,t2_squeezenet,3572.682,83.490,71,0
20.373,t2_squeezenet,3613.862,82.207,70,0
20.463,t2_squeezenet,3701.650,89.162,70,0
20.507,t2_squeezenet,3739.937,44.700,69,0
20.593,t2_squeezenet,3793.883,85.488,70,0
20.675,t2_squeezenet,3805.653,81.968,70,0
20.732,t2_squeezenet,3816.905,56.597,69,0
20.774,t2_squeezenet,3853.638,42.333,68,0
20.856,t2_squeezenet,3922.184,81.924,68,0
20.898,t2_squeezenet,3919.278,42.399,67,0
20.983,t2_squeezenet,3862.899,84.624,66,0
21.066,t2_squeezenet,3906.857,82.809,65,0
21.156,t2_squeezenet,3985.035,89.616,66,0
21.199,t2_squeezenet,4025.325,43.679,67,0
21.282,t2_squeezenet,3947.324,82.963,71,0
21.369,t2_squeezenet,3999.194,87.093,70,0
21.458,t2_squeezenet,3986.609,87.980,70,0
21.502,t2_squeezenet,3885.166,44.507,69,0
21.583,t2_squeezenet,3946.199,80.828,69,0
21.670,t2_squeezenet,3977.664,86.939,70,0
21.729,t2_squeezenet,3675.214,58.957,71,0
21.775,t2_squeezenet,3716.095,46.127,72,0
21.859,t2_squeezenet,3782.932,83.889,71,0
21.901,t2_squeezenet,3821.978,41.768,71,0
21.988,t2_squeezenet,3872.709,87.166,70,0
22.072,t2_squeezenet,3921.698,83.585,71,0
22.161,t2_squeezenet,3910.891,89.183,72,0
22.206,t2_squeezenet,3914.281,44.818,72,0
22.289,t2_squeezenet,3908.832,82.951,73,0
22.377,t2_squeezenet,3873.036,87.996,74,0
22.466,t2_squeezenet,3869.143,89.595,75,0
22.508,t2_squeezenet,3896.750,41.164,75,0
22.588,t2_squeezenet,3931.880,80.550,75,0
22.675,t2_squeezenet,3999.272,86.868,75,0
22.743,t2_squeezenet,4038.363,67.572,76,0
22.785,t2_squeezenet,4069.486,42.425,76,0
22.864,t2_squeezenet,4083.005,79.087,76,0
22.908,t2_squeezenet,4089.647,43.289,75,0
22.998,t2_squeezenet,4173.292,89.951,74,0
23.082,t2_squeezenet,4249.383,84.166,74,0
23.168,t2_squeezenet,4235.979,85.540,75,0
23.254,t2_squeezenet,4260.088,86.098,75,0
23.295,t2_squeezenet,4296.423,41.594,74,0
23.383,t2_squeezenet,4371.528,87.691,74,0
23.468,t2_squeezenet,4416.797,84.708,76,0
23.512,t2_squeezenet,4454.509,44.122,75,0
23.595,t2_squeezenet,4496.782,83.058,76,0
23.685,t2_squeezenet,4525.753,89.386,75,0
23.740,t2_squeezenet,4578.688,55.096,76,0
23.783,t2_squeezenet,4544.092,43.005,76,0
23.862,t2_squeezenet,4594.428,78.741,75,0
23.954,t2_squeezenet,4496.029,92.670,78,0
23.997,t2_squeezenet,4524.121,42.500,77,0
24.079,t2_squeezenet,4542.874,82.493,76,0
24.165,t2_squeezenet,4600.123,85.303,77,0
24.210,t2_squeezenet,4623.495,44.873,77,0
24.293,t2_squeezenet,4693.542,83.184,77,0
24.380,t2_squeezenet,4737.851,86.913,76,0
24.464,t2_squeezenet,4724.897,84.119,76,0
24.554,t2_squeezenet,4735.737,90.403,78,0
24.598,t2_squeezenet,4738.346,43.941,78,0
24.685,t2_squeezenet,4816.887,86.712,77,0
24.738,t2_squeezenet,4820.682,53.318,76,0
24.784,t2_squeezenet,4766.225,46.026,75,0
24.864,t2_squeezenet,4831.901,79.824,76,0
24.954,t2_squeezenet,4897.663,89.974,75,0
24.992,t2_squeezenet,4905.519,37.958,75,0
25.078,t2_squeezenet,4987.406,85.885,75,0
25.168,t2_squeezenet,5037.873,89.982,77,0
25.259,t2_squeezenet,5035.766,90.256,77,0
25.303,t2_squeezenet,5062.668,43.876,79,0
25.389,t2_squeezenet,5130.903,86.195,79,0
25.474,t2_squeezenet,5079.028,84.848,78,0
25.563,t2_squeezenet,5019.363,89.054,77,0
25.605,t2_squeezenet,5050.225,41.965,76,0
25.691,t2_squeezenet,5016.648,85.799,76,0
25.746,t2_squeezenet,4962.120,55.623,77,0
25.794,t2_squeezenet,4714.244,47.649,76,0
25.873,t2_squeezenet,4792.659,78.632,77,0
25.956,t2_squeezenet,4778.038,83.495,77,0
25.998,t2_squeezenet,4802.239,41.825,77,0
26.084,t2_squeezenet,4869.695,85.545,77,0
26.169,t2_squeezenet,4943.134,84.892,77,0
26.211,t2_squeezenet,4944.832,41.991,76,0
26.296,t2_squeezenet,5019.634,85.005,75,0
26.383,t2_squeezenet,5103.777,87.527,74,0
26.468,t2_squeezenet,5011.743,84.232,73,0
26.509,t2_squeezenet,4999.562,41.519,74,0
26.588,t2_squeezenet,4956.594,79.297,74,0
26.676,t2_squeezenet,5010.002,87.589,78,0
26.740,t2_squeezenet,5064.007,63.940,78,0
26.783,t2_squeezenet,5082.857,43.128,80,0
26.867,t2_squeezenet,5131.065,84.172,79,0
26.911,t2_squeezenet,5140.601,43.872,79,0
26.997,t2_squeezenet,5134.600,85.889,79,0
27.082,t2_squeezenet,5079.110,84.578,79,0
27.166,t2_squeezenet,5102.608,84.071,79,0
27.211,t2_squeezenet,5107.396,45.269,79,0
27.293,t2_squeezenet,5156.326,81.844,80,0
27.383,t2_squeezenet,5203.504,89.236,80,0
27.466,t2_squeezenet,5225.742,83.053,79,0
27.510,t2_squeezenet,5242.711,43.870,79,0
27.595,t2_squeezenet,5301.198,85.677,79,0
27.684,t2_squeezenet,5367.550,88.386,78,0
27.741,t2_squeezenet,5352.155,57.235,78,0
27.783,t2_squeezenet,5338.188,42.316,78,0
27.865,t2_squeezenet,5378.816,81.785,77,0
27.911,t2_squeezenet,5328.998,46.043,78,0
27.991,t2_squeezenet,5343.007,79.523,79,0
28.073,t2_squeezenet,5375.040,81.796,80,0
28.163,t2_squeezenet,5458.987,90.458,80,0
28.211,t2_squeezenet,5440.479,47.845,80,0
28.294,t2_squeezenet,5503.533,82.405,79,0
28.375,t2_squeezenet,5341.916,81.628,80,0
28.460,t2_squeezenet,5320.306,84.605,79,0
28.506,t2_squeezenet,5350.995,45.750,79,0
28.588,t2_squeezenet,5417.980,82.606,78,0
28.671,t2_squeezenet,5364.870,82.608,77,0
28.731,t2_squeezenet,5291.972,60.099,77,0
28.778,t2_squeezenet,5334.787,47.256,77,0
28.861,t2_squeezenet,5402.699,82.572,77,0
28.904,t2_squeezenet,5358.343,42.437,76,0
28.986,t2_squeezenet,5428.432,81.915,77,0
29.075,t2_squeezenet,5378.381,89.109,80,0
29.159,t2_squeezenet,5424.119,83.892,82,0
29.200,t2_squeezenet,5450.405,41.158,81,0
29.282,t2_squeezenet,5375.066,82.277,82,0
29.369,t2_squeezenet,5434.651,86.877,82,0
29.457,t2_squeezenet,5520.907,88.148,84,0
29.499,t2_squeezenet,5559.132,42.016,85,0
29.582,t2_squeezenet,5494.773,82.883,85,0
29.669,t2_squeezenet,5575.455,86.523,84,0
29.728,t2_squeezenet,5559.053,58.942,85,0
29.772,t2_squeezenet,5530.093,44.074,87,0
29.855,t2_squeezenet,5399.017,82.836,90,0
29.894,t2_squeezenet,5424.316,39.359,90,0
29.983,t2_squeezenet,5509.105,89.167,89,0
30.069,t2_squeezenet,5544.392,85.891,89,0
30.156,t2_squeezenet,5579.866,86.515,92,0
30.199,t2_squeezenet,5345.419,43.121,91,0
30.282,t2_squeezenet,5428.036,83.269,91,0
30.373,t2_squeezenet,5417.904,90.107,93,0
30.455,t2_squeezenet,5398.413,82.757,93,0
30.496,t2_squeezenet,5356.946,40.312,93,0
30.582,t2_squeezenet,5416.790,86.107,93,0
30.671,t2_squeezenet,5503.156,89.518,95,0
30.729,t2_squeezenet,5545.022,58.007,94,0
30.772,t2_squeezenet,5510.868,42.303,95,0
30.857,t2_squeezenet,5573.473,84.933,97,0
30.900,t2_squeezenet,5616.336,43.405,96,0
30.987,t2_squeezenet,5650.105,87.237,95,0
31.068,t2_squeezenet,5444.502,80.671,96,0
31.157,t2_squeezenet,5444.585,88.601,96,0
31.202,t2_squeezenet,5490.036,45.607,99,0
31.289,t2_squeezenet,5435.815,86.988,101,0
31.375,t2_squeezenet,5520.484,85.594,101,0
31.458,t2_squeezenet,5544.295,83.003,102,0
31.501,t2_squeezenet,5527.077,42.422,101,0
31.591,t2_squeezenet,5534.533,90.613,101,0
31.678,t2_squeezenet,5537.375,86.885,101,0
31.735,t2_squeezenet,5256.535,57.173,102,0
31.779,t2_squeezenet,5278.052,43.403,102,0
31.865,t2_squeezenet,5310.943,85.759,102,0
31.908,t2_squeezenet,5317.086,43.081,103,0
31.994,t2_squeezenet,5398.423,86.231,103,0
32.076,t2_squeezenet,5405.318,81.329,102,0
32.164,t2_squeezenet,5490.559,88.448,103,0
32.209,t2_squeezenet,5533.563,45.074,103,0
32.288,t2_squeezenet,5608.243,78.646,104,0
32.376,t2_squeezenet,5634.914,87.805,105,0
32.460,t2_squeezenet,5716.111,84.395,107,0
32.507,t2_squeezenet,5729.828,46.668,107,0
32.595,t2_squeezenet,5701.996,88.364,109,0
32.682,t2_squeezenet,5704.254,87.194,111,0
32.743,t2_squeezenet,5670.740,60.230,111,0
32.788,t2_squeezenet,5675.746,45.471,110,0
32.868,t2_squeezenet,5699.521,79.515,110,0
32.955,t2_squeezenet,5716.020,87.518,111,0
32.998,t2_squeezenet,5756.211,42.226,110,0
33.086,t2_squeezenet,5730.184,88.276,110,0
33.173,t2_squeezenet,5681.621,87.074,113,0
33.260,t2_squeezenet,5732.054,86.648,115,0
33.303,t2_squeezenet,5572.268,43.416,115,0
33.394,t2_squeezenet,5623.091,90.348,114,0
33.477,t2_squeezenet,5585.915,83.735,114,0
33.563,t2_squeezenet,5670.757,85.644,113,0
33.604,t2_squeezenet,5688.242,40.922,113,0
33.692,t2_squeezenet,5750.730,88.131,115,0
33.753,t2_squeezenet,5723.906,61.048,114,0
33.796,t2_squeezenet,5756.181,42.704,113,0
33.879,t2_squeezenet,5759.012,82.895,115,0
33.968,t2_squeezenet,5800.260,88.553,116,0
34.056,t2_squeezenet,5753.358,88.521,115,0
34.098,t2_squeezenet,5760.176,41.230,114,0
34.184,t2_squeezenet,5687.568,86.538,114,0
34.267,t2_squeezenet,5592.706,82.410,116,0
34.355,t2_squeezenet,5591.791,88.320,117,0
34.396,t2_squeezenet,5595.075,40.881,117,0
34.478,t2_squeezenet,5573.172,82.232,116,0
34.565,t2_squeezenet,5652.057,87.066,116,0
34.655,t2_squeezenet,5620.500,90.059,117,0
34.703,t2_squeezenet,5655.901,47.163,117,0
34.755,t2_squeezenet,5701.291,52.577,118,0
34.801,t2_squeezenet,5738.252,45.798,118,0
34.884,t2_squeezenet,5789.599,83.389,118,0
34.974,t2_squeezenet,5845.633,89.183,120,0
35.056,t2_squeezenet,5913.979,82.196,121,0
35.097,t2_squeezenet,5894.424,40.618,121,0
35.184,t2_squeezenet,5936.840,87.235,122,0
35.269,t2_squeezenet,5932.465,84.745,123,0
35.358,t2_squeezenet,5974.204,88.960,122,0
35.399,t2_squeezenet,5987.402,40.879,121,0
35.480,t2_squeezenet,6036.105,81.408,121,0
35.570,t2_squeezenet,6076.593,89.384,121,0
35.659,t2_squeezenet,6161.480,89.444,121,0
35.706,t2_squeezenet,6200.651,47.254,121,0
35.760,t2_squeezenet,6089.683,53.578,121,0
35.807,t2_squeezenet,6120.869,47.452,121,0
35.891,t2_squeezenet,6138.839,83.630,122,0
35.977,t2_squeezenet,6210.751,85.351,122,0
36.063,t2_squeezenet,6291.036,86.075,122,0
36.107,t2_squeezenet,6316.534,44.285,121,0
36.193,t2_squeezenet,6357.233,86.082,121,0
36.281,t2_squeezenet,6444.067,87.770,120,0
36.363,t2_squeezenet,6513.948,81.950,120,0
36.407,t2_squeezenet,6535.721,43.621,119,0
36.495,t2_squeezenet,6459.913,88.736,120,0
36.577,t2_squeezenet,6499.446,81.992,120,0
36.663,t2_squeezenet,6576.230,85.846,120,0
36.723,t2_squeezenet,6618.748,60.131,121,0
36.769,t2_squeezenet,6614.574,45.541,121,0
36.855,t2_squeezenet,6602.741,86.219,120,0
36.895,t2_squeezenet,6584.211,39.736,120,0
36.978,t2_squeezenet,6642.814,82.890,122,0
37.059,t2_squeezenet,6716.827,81.298,122,0
37.105,t2_squeezenet,6673.064,45.580,123,0
37.191,t2_squeezenet,6729.251,85.864,123,0
37.274,t2_squeezenet,6741.090,83.100,122,0
37.364,t2_squeezenet,6772.305,89.680,125,0
37.410,t2_squeezenet,6806.629,46.335,124,0
37.493,t2_squeezenet,6882.168,82.439,127,0
37.573,t2_squeezenet,6839.714,80.428,128,0
37.657,t2_squeezenet,6918.211,83.890,131,0
37.723,t2_squeezenet,6925.056,65.720,131,0
37.765,t2_squeezenet,6965.162,42.567,131,0
37.808,t2_squeezenet,6999.520,42.639,130,0
37.892,t2_squeezenet,6897.237,83.406,132,0
37.981,t2_squeezenet,6982.959,89.107,132,0
38.065,t2_squeezenet,6935.034,83.981,133,0
38.108,t2_squeezenet,6949.521,42.805,132,0
38.194,t2_squeezenet,7030.004,86.373,131,0
38.279,t2_squeezenet,7111.804,84.693,130,0
38.369,t2_squeezenet,7169.516,89.818,130,0
38.410,t2_squeezenet,7200.962,40.983,129,0
38.494,t2_squeezenet,7281.824,83.879,129,0
38.579,t2_squeezenet,7298.323,85.287,129,0
38.667,t2_squeezenet,7349.979,87.680,129,0
38.723,t2_squeezenet,7335.329,55.987,130,0
38.766,t2_squeezenet,7346.224,42.930,131,0
38.809,t2_squeezenet,7277.576,43.165,131,0
38.889,t2_squeezenet,7264.326,80.115,132,0
38.975,t2_squeezenet,7294.215,86.012,132,0
39.065,t2_squeezenet,7340.708,89.793,135,0
39.154,t2_squeezenet,7378.852,88.716,136,0
39.197,t2_squeezenet,7387.439,43.577,136,0
39.287,t2_squeezenet,7415.561,89.248,137,0
39.368,t2_squeezenet,7466.304,81.613,137,0
39.455,t2_squeezenet,7508.248,86.974,137,0
39.499,t2_squeezenet,7422.939,43.816,137,0
39.586,t2_squeezenet,7470.767,86.734,137,0
39.672,t2_squeezenet,7499.443,85.968,137,0
39.731,t2_squeezenet,7490.342,58.691,137,0
39.778,t2_squeezenet,7506.037,47.539,137,0
39.863,t2_squeezenet,7563.725,84.536,136,0
39.908,t2_squeezenet,7555.936,44.696,135,0
39.991,t2_squeezenet,7606.692,83.278,134,0
40.081,t2_squeezenet,7650.233,89.708,135,0
40.170,t2_squeezenet,7719.676,89.576,138,0
40.259,t2_squeezenet,7759.236,89.113,139,0
40.302,t2_squeezenet,7729.702,42.118,138,0
40.387,t2_squeezenet,7803.822,85.830,137,0
40.478,t2_squeezenet,7885.799,90.041,138,0
40.566,t2_squeezenet,7957.582,87.799,137,0
40.657,t2_squeezenet,8003.048,91.105,136,0
40.703,t2_squeezenet,8030.874,46.287,136,0
40.757,t2_squeezenet,8050.065,54.245,137,0
40.806,t2_squeezenet,7952.443,48.705,139,0
40.889,t2_squeezenet,7992.852,82.922,139,0
40.974,t2_squeezenet,8042.907,85.084,140,0
41.060,t2_squeezenet,8051.362,85.381,139,0
41.103,t2_squeezenet,7986.401,42.965,139,0
41.192,t2_squeezenet,8055.278,89.015,140,0
41.279,t2_squeezenet,8141.797,87.696,140,0
41.367,t2_squeezenet,8228.570,87.192,139,0
41.455,t2_squeezenet,8275.143,88.753,139,0
41.498,t2_squeezenet,8297.356,42.594,139,0
41.589,t2_squeezenet,8346.658,90.821,138,0
41.677,t2_squeezenet,8412.330,87.662,137,0
41.738,t2_squeezenet,8283.046,61.075,137,0
41.783,t2_squeezenet,8190.511,44.801,136,0
41.869,t2_squeezenet,8259.686,86.658,138,0
41.957,t2_squeezenet,8296.508,87.083,138,0
42.000,t2_squeezenet,8308.515,43.632,137,0
42.095,t2_squeezenet,8241.068,94.462,138,0
42.186,t2_squeezenet,8328.336,91.239,139,0
42.277,t2_squeezenet,8412.736,90.880,142,0
42.367,t2_squeezenet,8467.808,90.214,141,0
42.461,t2_squeezenet,8535.140,93.364,143,0
42.557,t2_squeezenet,8432.673,95.843,144,0
42.599,t2_squeezenet,8395.207,42.847,143,0
42.693,t2_squeezenet,8436.505,93.864,143,0
42.755,t2_squeezenet,8494.809,61.210,145,0
42.800,t2_squeezenet,8466.936,45.717,145,0
42.881,t2_squeezenet,8526.850,80.799,144,0
42.965,t2_squeezenet,8597.084,84.055,144,0
43.056,t2_squeezenet,8496.016,90.750,144,0
43.101,t2_squeezenet,8501.083,45.285,145,0
43.189,t2_squeezenet,8588.044,87.769,145,0
43.277,t2_squeezenet,8597.529,87.950,146,0
43.365,t2_squeezenet,8623.835,87.453,145,0
43.454,t2_squeezenet,8704.512,89.409,145,0
43.496,t2_squeezenet,8725.452,41.747,144,0
43.580,t2_squeezenet,8748.886,84.460,145,0
43.668,t2_squeezenet,8752.037,87.779,144,0
43.729,t2_squeezenet,8789.635,60.244,143,0
43.778,t2_squeezenet,8813.560,49.196,142,0
43.863,t2_squeezenet,8885.732,85.359,143,0
43.954,t2_squeezenet,8972.189,91.091,144,0
43.995,t2_squeezenet,8899.975,40.893,145,0
44.087,t2_squeezenet,8984.781,91.580,147,0
44.178,t2_squeezenet,9038.040,91.367,150,0
44.263,t2_squeezenet,9039.250,85.027,151,0
44.307,t2_squeezenet,9056.702,43.873,151,0
44.396,t2_squeezenet,8939.955,89.147,151,0
44.485,t2_squeezenet,9004.360,88.234,151,0
44.573,t2_squeezenet,8979.457,88.187,150,0
44.659,t2_squeezenet,8995.568,86.009,150,0
44.706,t2_squeezenet,8951.665,47.159,151,0
44.765,t2_squeezenet,9004.439,58.335,153,0
44.805,t2_squeezenet,8951.734,40.819,153,0
44.891,t2_squeezenet,9012.366,85.917,152,0
44.979,t2_squeezenet,9062.785,87.699,155,0
45.069,t2_squeezenet,9026.994,90.222,156,0
45.157,t2_squeezenet,9039.295,87.356,157,0
45.199,t2_squeezenet,8915.488,41.795,156,0
45.287,t2_squeezenet,8874.730,87.852,155,0
45.376,t2_squeezenet,8954.415,89.658,156,0
45.463,t2_squeezenet,8901.722,86.673,157,0
45.504,t2_squeezenet,8910.827,41.275,156,0
45.590,t2_squeezenet,8901.682,85.643,156,0
45.680,t2_squeezenet,8987.720,90.075,157,0
45.739,t2_squeezenet,9005.822,59.019,157,0
45.782,t2_squeezenet,8912.585,43.313,157,0
45.865,t2_squeezenet,8943.875,82.433,156,0
45.954,t2_squeezenet,9005.921,89.497,156,0
45.995,t2_squeezenet,9029.582,40.443,156,0
46.081,t2_squeezenet,9067.315,86.479,157,0
46.168,t2_squeezenet,9080.884,86.433,158,0
46.260,t2_squeezenet,9169.129,92.110,159,0
46.308,t2_squeezenet,9124.527,47.567,158,0
46.394,t2_squeezenet,9116.252,86.199,159,0
46.478,t2_squeezenet,9139.589,83.910,161,0
46.570,t2_squeezenet,9230.547,91.958,161,0
46.660,t2_squeezenet,9309.914,90.114,162,0
46.721,t2_squeezenet,9292.193,60.498,163,0
46.763,t2_squeezenet,9331.501,42.484,163,0
46.807,t2_squeezenet,9345.231,43.720,163,0
46.891,t2_squeezenet,9414.644,84.353,163,0
46.981,t2_squeezenet,9463.717,89.427,162,0
47.066,t2_squeezenet,9541.157,85.164,164,0
47.154,t2_squeezenet,9578.950,87.886,165,0
47.194,t2_squeezenet,9585.412,39.982,167,0
47.287,t2_squeezenet,9642.079,92.902,166,0
47.373,t2_squeezenet,9726.420,86.304,168,0
47.459,t2_squeezenet,9746.500,85.532,170,0
47.501,t2_squeezenet,9752.268,42.614,169,0
47.594,t2_squeezenet,9754.900,93.023,172,0
47.681,t2_squeezenet,9798.132,86.489,172,0
47.738,t2_squeezenet,9852.313,57.143,172,0
47.782,t2_squeezenet,9851.600,43.929,172,0
47.867,t2_squeezenet,9872.633,84.476,172,0
47.958,t2_squeezenet,9932.271,91.193,173,0
48.002,t2_squeezenet,9645.599,44.317,172,0
48.092,t2_squeezenet,9635.438,89.411,173,0
48.180,t2_squeezenet,9647.327,88.334,174,0
48.272,t2_squeezenet,9654.612,91.944,174,0
48.359,t2_squeezenet,9663.005,87.070,174,0
48.403,t2_squeezenet,9690.873,43.799,173,0
48.494,t2_squeezenet,9755.356,91.210,176,0
48.583,t2_squeezenet,9818.938,89.001,175,0
48.673,t2_squeezenet,9906.419,89.840,179,0
48.727,t2_squeezenet,9851.592,53.448,179,0
48.770,t2_squeezenet,9892.020,43.436,179,0
48.858,t2_squeezenet,9913.218,88.057,179,0
48.905,t2_squeezenet,9928.008,46.393,179,0
48.989,t2_squeezenet,10000.296,84.456,178,0
49.078,t2_squeezenet,10065.429,88.634,179,0
49.168,t2_squeezenet,10129.807,89.822,180,0
49.257,t2_squeezenet,10188.517,89.134,181,0
49.300,t2_squeezenet,10213.363,43.426,180,0
49.390,t2_squeezenet,10213.520,89.223,182,0
49.481,t2_squeezenet,10281.946,91.346,182,0
49.570,t2_squeezenet,10291.074,89.026,182,0
49.663,t2_squeezenet,10365.921,92.707,181,0
49.722,t2_squeezenet,10316.386,58.913,181,0
49.766,t2_squeezenet,10287.979,43.825,181,0
49.854,t2_squeezenet,10287.858,88.013,180,0
49.897,t2_squeezenet,10287.151,42.875,182,0
49.983,t2_squeezenet,10286.273,85.853,182,0
50.069,t2_squeezenet,10294.720,86.659,182,0
50.158,t2_squeezenet,10133.582,88.876,181,0
50.255,t2_squeezenet,10206.565,96.403,184,0
50.298,t2_squeezenet,10214.854,43.444,184,0
50.389,t2_squeezenet,10258.095,90.329,187,0
50.477,t2_squeezenet,10342.627,88.210,187,0
50.564,t2_squeezenet,10422.944,86.909,187,0
50.656,t2_squeezenet,10422.088,92.317,188,0
50.700,t2_squeezenet,10464.260,43.915,188,0
50.756,t2_squeezenet,10361.255,56.200,187,0
50.805,t2_squeezenet,10366.652,48.005,187,0
50.890,t2_squeezenet,10214.339,85.419,188,0
50.978,t2_squeezenet,10234.591,88.014,190,0
51.063,t2_squeezenet,10306.383,85.158,190,0
51.156,t2_squeezenet,10393.677,92.700,190,0
51.201,t2_squeezenet,10418.153,45.463,189,0
51.287,t2_squeezenet,10499.609,85.371,189,0
51.377,t2_squeezenet,10519.120,90.120,188,0
51.465,t2_squeezenet,10514.137,88.201,187,0
51.556,t2_squeezenet,10597.644,90.864,189,0
51.599,t2_squeezenet,10537.999,42.499,188,0
51.689,t2_squeezenet,10552.890,90.104,190,0
51.753,t2_squeezenet,10563.243,64.455,190,0
51.799,t2_squeezenet,10553.580,45.557,189,0
51.884,t2_squeezenet,10457.149,84.560,190,0
51.970,t2_squeezenet,10513.310,86.144,191,0
52.063,t2_squeezenet,10334.933,93.409,193,0
52.158,t2_squeezenet,10294.140,94.623,195,0
52.203,t2_squeezenet,10334.906,44.881,195,0
52.292,t2_squeezenet,10423.411,88.768,198,0
52.378,t2_squeezenet,10441.763,86.578,199,0
52.470,t2_squeezenet,10432.846,91.783,201,0
52.566,t2_squeezenet,10527.555,95.348,202,0
52.655,t2_squeezenet,10536.813,89.329,206,0
52.698,t2_squeezenet,10514.845,43.361,205,0
52.759,t2_squeezenet,10567.700,60.766,206,0
52.806,t2_squeezenet,10595.369,46.416,207,0
52.886,t2_squeezenet,10645.593,80.215,207,0
52.976,t2_squeezenet,10706.146,90.553,206,0
53.068,t2_squeezenet,10669.852,91.384,206,0
53.157,t2_squeezenet,10730.528,89.221,207,0
53.202,t2_squeezenet,10769.382,44.390,206,0
53.295,t2_squeezenet,10766.212,93.161,211,0
53.385,t2_squeezenet,10850.344,90.346,212,0
53.480,t2_squeezenet,10872.489,94.796,214,0
53.570,t2_squeezenet,10865.912,90.192,213,0
53.663,t2_squeezenet,10951.562,92.723,215,0
53.730,t2_squeezenet,10978.188,67.230,214,0
53.777,t2_squeezenet,11005.375,46.945,214,0
53.863,t2_squeezenet,10920.178,85.839,214,0
53.958,t2_squeezenet,10971.225,94.790,215,0
54.000,t2_squeezenet,10928.112,41.892,215,0
54.093,t2_squeezenet,11014.901,93.172,215,0
54.185,t2_squeezenet,11036.743,91.906,214,0
54.273,t2_squeezenet,11030.202,87.409,213,0
54.360,t2_squeezenet,11104.321,87.151,213,0
54.402,t2_squeezenet,11005.766,42.297,213,0
54.493,t2_squeezenet,10969.520,90.900,212,0
54.585,t2_squeezenet,11031.421,91.841,212,0
54.675,t2_squeezenet,10867.107,90.279,213,0
54.736,t2_squeezenet,10908.755,60.700,214,0
54.783,t2_squeezenet,10912.388,46.540,214,0
54.871,t2_squeezenet,10981.953,88.078,213,0
54.959,t2_squeezenet,10996.047,88.370,213,0
55.003,t2_squeezenet,11031.887,43.515,212,0
55.091,t2_squeezenet,11054.587,88.587,212,0
55.188,t2_squeezenet,11142.781,96.818,213,0
55.281,t2_squeezenet,11202.150,92.589,214,0
55.372,t2_squeezenet,11279.242,91.065,214,0
55.465,t2_squeezenet,11352.940,92.590,214,0
55.555,t2_squeezenet,11401.820,90.913,214,0
55.598,t2_squeezenet,11441.440,42.000,213,0
55.690,t2_squeezenet,11501.638,92.790,214,0
55.748,t2_squeezenet,11527.462,57.474,216,0
55.796,t2_squeezenet,11520.865,47.570,216,0
55.891,t2_squeezenet,11500.105,95.193,216,0
55.980,t2_squeezenet,11550.011,89.198,215,0
56.070,t2_squeezenet,11452.619,90.098,215,0
56.165,t2_squeezenet,11491.188,94.990,215,0
56.258,t2_squeezenet,11579.527,93.207,217,0
56.355,t2_squeezenet,11618.482,96.476,220,0
56.393,t2_squeezenet,11643.283,38.055,219,0
56.488,t2_squeezenet,11738.482,95.277,221,0
56.581,t2_squeezenet,11806.603,92.125,221,0
56.674,t2_squeezenet,11766.994,93.837,222,0
56.732,t2_squeezenet,11786.456,57.915,222,0
56.776,t2_squeezenet,11821.194,43.541,221,0
56.868,t2_squeezenet,11898.212,91.786,221,0
56.967,t2_squeezenet,11976.472,98.861,222,0
57.057,t2_squeezenet,12061.724,89.792,221,0
57.096,t2_squeezenet,12025.500,39.872,220,0
57.191,t2_squeezenet,12043.759,94.647,221,0
57.288,t2_squeezenet,11995.640,96.808,223,0
57.377,t2_squeezenet,12054.403,89.056,222,0
57.470,t2_squeezenet,12035.452,92.785,221,0
57.564,t2_squeezenet,12111.232,93.895,221,0
57.657,t2_squeezenet,12067.318,92.781,222,0
57.718,t2_squeezenet,12118.511,61.524,223,0
57.759,t2_squeezenet,12111.570,41.132,223,0
57.855,t2_squeezenet,12146.441,95.339,224,0
57.897,t2_squeezenet,12156.376,42.032,224,0
57.990,t2_squeezenet,12110.847,93.540,224,0
58.082,t2_squeezenet,12100.120,91.282,224,0
58.174,t2_squeezenet,12149.807,92.162,225,0
58.271,t2_squeezenet,12236.233,97.056,226,0
58.370,t2_squeezenet,12252.466,98.563,226,0
58.463,t2_squeezenet,12343.275,93.332,227,0
58.557,t2_squeezenet,12346.888,94.215,227,0
58.600,t2_squeezenet,12382.936,42.591,227,0
58.701,t2_squeezenet,12343.592,100.665,228,0
58.756,t2_squeezenet,12378.262,55.597,228,0
58.801,t2_squeezenet,12404.726,44.191,227,0
58.887,t2_squeezenet,12487.348,85.979,226,0
58.982,t2_squeezenet,12546.814,95.302,225,0
59.080,t2_squeezenet,12573.743,97.760,227,0
59.177,t2_squeezenet,12592.826,96.824,226,0
59.269,t2_squeezenet,12620.497,92.519,228,0
59.365,t2_squeezenet,12676.265,95.356,227,0
59.464,t2_squeezenet,12756.938,98.999,227,0
59.559,t2_squeezenet,12822.663,95.682,229,0
59.603,t2_squeezenet,12802.242,43.914,228,0
59.698,t2_squeezenet,12883.576,94.703,228,0
59.761,t2_squeezenet,12766.892,62.725,228,0
59.856,t2_squeezenet,12813.787,95.528,229,0
59.897,t2_squeezenet,12831.495,40.350,228,0
59.991,t2_squeezenet,12918.811,94.523,229,0
60.091,t2_squeezenet,12941.706,99.989,228,0
60.181,t2_squeezenet,13015.539,89.813,227,0
60.278,t2_squeezenet,13102.780,96.811,233,0
60.373,t2_squeezenet,13179.228,94.912,233,0
60.469,t2_squeezenet,13173.542,96.386,233,0
60.568,t2_squeezenet,13216.750,98.501,236,0
60.663,t2_squeezenet,13294.513,94.852,236,0
60.724,t2_squeezenet,13335.137,61.649,237,0
60.769,t2_squeezenet,13376.827,44.873,236,0
60.861,t2_squeezenet,13411.901,91.209,236,0
60.958,t2_squeezenet,13449.428,97.360,238,0
61.056,t2_squeezenet,13542.428,97.576,238,0
61.098,t2_squeezenet,13573.976,42.137,237,0
61.196,t2_squeezenet,13618.673,97.912,236,0
61.287,t2_squeezenet,13614.849,91.641,237,0
61.382,t2_squeezenet,13700.534,94.400,237,0
61.476,t2_squeezenet,13729.147,94.231,238,0
61.575,t2_squeezenet,13747.510,98.592,239,0
61.666,t2_squeezenet,13771.039,91.007,241,0
61.724,t2_squeezenet,13818.024,57.976,241,0
61.771,t2_squeezenet,13735.756,47.168,241,0
61.865,t2_squeezenet,13812.792,93.609,243,0
61.966,t2_squeezenet,13840.099,101.496,246,0
62.060,t2_squeezenet,13891.498,94.103,245,0
62.103,t2_squeezenet,13835.698,42.877,244,0
62.194,t2_squeezenet,13917.000,90.254,245,0
62.291,t2_squeezenet,13887.434,97.286,245,0
62.384,t2_squeezenet,13944.270,92.997,246,0
62.477,t2_squeezenet,14016.173,92.979,249,0
62.569,t2_squeezenet,14105.670,92.037,251,0
62.667,t2_squeezenet,14056.388,97.458,250,0
62.727,t2_squeezenet,14115.244,60.716,250,0
62.771,t2_squeezenet,14131.486,43.771,250,0
62.867,t2_squeezenet,14224.691,95.608,251,0
62.965,t2_squeezenet,14299.613,97.582,251,0
63.060,t2_squeezenet,14367.659,95.084,251,0
63.099,t2_squeezenet,14335.851,39.322,251,0
63.193,t2_squeezenet,14401.196,93.512,251,0
63.289,t2_squeezenet,14397.084,96.307,252,0
63.386,t2_squeezenet,14379.597,97.456,254,0
63.480,t2_squeezenet,14423.581,93.955,255,0
63.572,t2_squeezenet,14441.532,91.801,254,0
63.667,t2_squeezenet,14515.895,94.511,253,0
63.732,t2_squeezenet,14513.350,64.854,252,0
63.775,t2_squeezenet,14546.334,43.523,252,0
63.865,t2_squeezenet,14539.263,89.638,251,0
63.961,t2_squeezenet,14622.513,95.432,251,0
64.058,t2_squeezenet,14703.034,97.698,251,0
64.157,t2_squeezenet,14741.428,98.949,255,0
64.200,t2_squeezenet,14662.850,42.781,255,0
64.295,t2_squeezenet,14573.583,94.496,255,0
64.390,t2_squeezenet,14626.727,95.728,256,0
64.490,t2_squeezenet,14622.074,99.829,257,0
64.583,t2_squeezenet,14708.598,92.679,259,0
64.676,t2_squeezenet,14781.409,93.306,260,0
64.741,t2_squeezenet,14775.530,64.517,261,0
64.788,t2_squeezenet,14766.397,46.715,262,0
64.874,t2_squeezenet,14689.431,86.729,264,0
64.966,t2_squeezenet,14763.729,91.881,266,0
65.059,t2_squeezenet,14843.648,92.565,269,0
65.155,t2_squeezenet,14933.386,96.495,271,0
65.198,t2_squeezenet,14923.129,43.006,271,0
65.292,t2_squeezenet,14976.561,93.340,270,0
65.386,t2_squeezenet,15061.452,93.664,271,0
65.479,t2_squeezenet,15143.155,93.533,275,0
65.575,t2_squeezenet,15201.461,95.785,275,0
65.672,t2_squeezenet,15280.120,96.597,278,0
65.731,t2_squeezenet,15234.143,58.929,277,0
65.775,t2_squeezenet,15182.957,44.413,278,0
65.871,t2_squeezenet,15273.101,96.311,278,0
65.969,t2_squeezenet,15293.727,97.311,279,0
66.065,t2_squeezenet,15303.546,96.147,278,0
66.162,t2_squeezenet,15338.706,97.146,281,0
66.259,t2_squeezenet,15382.787,96.939,282,0
66.359,t2_squeezenet,15460.440,100.166,285,0
66.455,t2_squeezenet,15506.917,95.438,286,0
66.498,t2_squeezenet,15524.480,42.880,286,0
66.592,t2_squeezenet,15597.141,94.320,286,0
66.686,t2_squeezenet,15573.196,93.679,289,0
66.746,t2_squeezenet,15515.401,60.086,289,0
66.790,t2_squeezenet,15259.135,44.214,289,0
66.887,t2_squeezenet,15335.203,96.329,289,0
66.984,t2_squeezenet,15431.697,97.060,289,0
67.082,t2_squeezenet,15427.478,98.104,289,0
67.174,t2_squeezenet,15512.307,92.546,290,0
67.269,t2_squeezenet,15603.390,94.459,289,0
67.371,t2_squeezenet,15665.951,102.269,290,0
67.466,t2_squeezenet,15666.902,94.740,290,0
67.560,t2_squeezenet,15712.428,93.839,292,0
67.660,t2_squeezenet,15772.198,100.311,293,0
67.722,t2_squeezenet,15817.759,61.895,293,0
67.768,t2_squeezenet,15784.672,45.361,294,0
67.863,t2_squeezenet,15837.275,95.364,294,0
67.959,t2_squeezenet,15931.229,95.890,294,0
68.055,t2_squeezenet,15966.715,96.373,294,0
68.155,t2_squeezenet,16057.320,99.770,294,0
68.196,t2_squeezenet,16070.348,40.351,294,0
68.288,t2_squeezenet,16102.677,92.648,295,0
68.384,t2_squeezenet,16162.899,95.808,298,0
68.484,t2_squeezenet,16258.996,99.555,301,0
68.578,t2_squeezenet,16349.674,94.199,303,0
68.673,t2_squeezenet,16398.317,95.371,303,0
68.735,t2_squeezenet,16415.761,61.087,302,0
68.779,t2_squeezenet,16433.443,44.199,301,0
68.877,t2_squeezenet,16476.855,98.007,301,0
68.970,t2_squeezenet,16537.194,93.074,305,0
69.067,t2_squeezenet,16601.125,97.103,307,0
69.164,t2_squeezenet,16677.534,96.500,307,0
69.266,t2_squeezenet,16750.150,102.300,307,0
69.363,t2_squeezenet,16797.040,96.914,309,0
69.458,t2_squeezenet,16881.712,95.372,308,0
69.558,t2_squeezenet,16973.779,99.271,308,0
69.655,t2_squeezenet,17044.163,97.645,309,0
69.694,t2_squeezenet,17081.119,39.057,309,0
69.757,t2_squeezenet,17039.317,62.478,310,0
69.855,t2_squeezenet,17128.496,97.427,310,0
69.896,t2_squeezenet,17125.916,40.849,310,0
69.989,t2_squeezenet,17186.701,93.428,309,0
70.086,t2_squeezenet,17265.301,97.034,308,0
70.183,t2_squeezenet,17199.036,96.872,309,0
70.280,t2_squeezenet,17156.608,96.907,309,0
70.375,t2_squeezenet,17220.602,95.361,309,0
70.474,t2_squeezenet,17249.968,98.691,311,0
70.567,t2_squeezenet,17339.226,93.042,310,0
70.669,t2_squeezenet,17419.350,101.421,311,0
70.733,t2_squeezenet,17474.070,63.874,312,0
70.773,t2_squeezenet,17502.661,40.565,312,0
70.871,t2_squeezenet,17580.340,97.659,313,0
70.967,t2_squeezenet,17650.481,96.306,314,0
71.068,t2_squeezenet,17725.471,100.294,315,0
71.163,t2_squeezenet,17714.022,95.495,317,0
71.258,t2_squeezenet,17801.434,94.985,318,0
71.358,t2_squeezenet,17887.116,99.427,320,0
71.455,t2_squeezenet,17882.539,97.112,321,0
71.494,t2_squeezenet,17839.850,38.697,322,0
71.587,t2_squeezenet,17929.586,93.676,322,0
71.685,t2_squeezenet,17937.654,97.927,322,0
71.750,t2_squeezenet,17888.252,64.520,322,0
71.794,t2_squeezenet,17920.984,43.766,322,0
71.883,t2_squeezenet,18004.722,89.072,323,0
71.983,t2_squeezenet,17998.347,100.318,326,0
72.078,t2_squeezenet,18020.781,94.977,326,0
72.180,t2_squeezenet,17894.691,101.578,328,0
72.276,t2_squeezenet,17912.290,96.046,328,0
72.373,t2_squeezenet,17808.742,97.096,328,0
72.469,t2_squeezenet,17882.015,95.831,329,0
72.571,t2_squeezenet,17917.359,102.249,331,0
72.667,t2_squeezenet,17973.940,96.431,330,0
72.729,t2_squeezenet,18033.850,61.236,329,0
72.773,t2_squeezenet,18017.427,43.945,328,0
72.864,t2_squeezenet,17981.093,91.238,328,0
72.964,t2_squeezenet,17874.492,100.100,331,0
73.058,t2_squeezenet,17904.814,94.096,330,0
73.159,t2_squeezenet,17990.817,100.404,331,0
73.261,t2_squeezenet,18065.094,102.194,333,0
73.358,t2_squeezenet,18104.724,97.178,334,0
73.456,t2_squeezenet,18102.330,97.584,336,0
73.499,t2_squeezenet,18045.223,42.867,335,0
73.593,t2_squeezenet,18039.673,94.407,336,0
73.693,t2_squeezenet,18039.667,99.868,338,0
73.755,t2_squeezenet,18087.893,61.143,339,0
73.797,t2_squeezenet,18100.483,42.161,339,0
73.889,t2_squeezenet,18166.311,92.726,339,0
73.992,t2_squeezenet,18258.501,102.173,339,0
74.086,t2_squeezenet,18311.480,94.520,339,0
74.186,t2_squeezenet,18331.842,99.234,340,0
74.280,t2_squeezenet,18211.251,94.181,340,0
74.381,t2_squeezenet,18227.267,101.079,341,0
74.481,t2_squeezenet,18293.438,100.094,342,0
74.575,t2_squeezenet,18381.027,93.621,343,0
74.673,t2_squeezenet,18417.184,98.596,343,0
74.737,t2_squeezenet,18460.561,63.420,342,0
74.784,t2_squeezenet,18493.131,47.329,341,0
74.876,t2_squeezenet,18571.464,92.112,341,0
74.970,t2_squeezenet,18617.592,93.783,342,0
75.070,t2_squeezenet,18639.930,99.356,342,0
75.166,t2_squeezenet,18726.038,96.796,342,0
75.259,t2_squeezenet,18802.352,92.800,345,0
75.359,t2_squeezenet,18831.263,99.155,344,0
75.456,t2_squeezenet,18811.750,97.486,344,0
75.556,t2_squeezenet,18887.872,100.102,344,0
75.655,t2_squeezenet,18951.262,99.273,344,0
75.698,t2_squeezenet,18844.330,42.490,345,0
75.758,t2_squeezenet,18821.695,60.432,345,0
75.856,t2_squeezenet,18908.893,97.802,345,0
75.899,t2_squeezenet,18745.689,42.211,344,0
75.991,t2_squeezenet,18820.385,91.869,343,0
76.089,t2_squeezenet,18872.869,98.892,344,0
76.185,t2_squeezenet,18968.362,95.700,346,0
76.282,t2_squeezenet,19020.485,96.838,346,0
76.381,t2_squeezenet,18906.522,98.805,348,0
76.475,t2_squeezenet,18889.465,94.315,347,0
76.573,t2_squeezenet,18916.095,97.273,349,0
76.670,t2_squeezenet,18987.229,97.158,351,0
76.729,t2_squeezenet,19013.156,59.536,351,0
76.776,t2_squeezenet,19045.550,46.350,351,0
76.866,t2_squeezenet,19070.799,90.528,351,0
76.966,t2_squeezenet,19139.533,99.140,351,0
77.063,t2_squeezenet,19186.123,97.177,350,0
77.157,t2_squeezenet,19205.543,94.040,352,0
77.199,t2_squeezenet,19150.011,42.133,352,0
77.296,t2_squeezenet,19188.210,96.784,353,0
77.390,t2_squeezenet,19270.748,93.979,356,0
77.479,t2_squeezenet,19300.454,89.297,355,0
77.574,t2_squeezenet,19343.969,94.389,356,0
77.669,t2_squeezenet,19308.482,95.032,359,0
77.732,t2_squeezenet,19312.435,62.725,358,0
77.775,t2_squeezenet,19325.271,43.041,357,0
77.867,t2_squeezenet,19323.013,92.177,358,0
77.961,t2_squeezenet,19385.427,94.342,358,0
78.055,t2_squeezenet,19412.127,93.798,358,0
78.093,t2_squeezenet,19400.694,37.870,357,0
78.187,t2_squeezenet,19483.808,94.018,356,0
78.282,t2_squeezenet,19223.635,94.608,361,0
78.380,t2_squeezenet,19316.554,98.428,360,0
78.474,t2_squeezenet,19400.748,93.817,361,0
78.567,t2_squeezenet,19359.819,92.607,363,0
78.659,t2_squeezenet,19441.920,92.069,363,0
78.720,t2_squeezenet,19503.162,61.375,364,0
78.764,t2_squeezenet,19383.453,43.812,364,0
78.856,t2_squeezenet,19362.081,92.069,364,0
78.898,t2_squeezenet,19398.584,42.092,364,0
78.996,t2_squeezenet,19489.202,97.233,364,0
79.092,t2_squeezenet,19405.861,96.621,366,0
79.188,t2_squeezenet,19439.085,96.189,367,0
79.283,t2_squeezenet,19492.325,94.452,366,0
79.379,t2_squeezenet,19573.408,96.181,367,0
79.476,t2_squeezenet,19540.096,97.104,369,0
79.572,t2_squeezenet,19583.768,95.832,369,0
79.667,t2_squeezenet,19481.184,94.575,370,0
79.732,t2_squeezenet,19524.736,64.783,369,0
79.778,t2_squeezenet,19554.053,46.115,368,0
79.868,t2_squeezenet,19614.069,90.562,368,0
79.960,t2_squeezenet,19704.269,91.159,369,0
80.054,t2_squeezenet,19792.842,94.625,372,0
80.096,t2_squeezenet,19819.856,41.924,371,0
80.193,t2_squeezenet,19868.051,96.602,371,0
80.286,t2_squeezenet,19848.010,93.371,371,0
80.381,t2_squeezenet,19909.412,94.400,371,0
80.475,t2_squeezenet,19990.956,93.897,371,0
80.570,t2_squeezenet,20026.334,95.545,371,0
80.665,t2_squeezenet,20104.926,94.670,371,0
80.728,t2_squeezenet,20085.857,63.426,371,0
80.771,t2_squeezenet,20105.822,42.035,370,0
80.870,t2_squeezenet,20170.029,99.629,372,0
80.969,t2_squeezenet,20115.504,98.795,372,0
81.064,t2_squeezenet,20183.061,95.257,372,0
81.163,t2_squeezenet,20274.406,98.130,371,0
81.262,t2_squeezenet,20323.200,99.725,371,0
81.362,t2_squeezenet,20327.827,100.024,372,0
81.456,t2_squeezenet,20255.817,93.589,375,0
81.497,t2_squeezenet,20213.589,40.752,376,0
81.591,t2_squeezenet,20285.344,93.826,378,0
81.691,t2_squeezenet,20267.665,100.425,381,0
81.750,t2_squeezenet,20274.912,59.081,381,0
81.794,t2_squeezenet,20308.859,43.738,383,0
81.886,t2_squeezenet,20325.014,91.985,382,0
81.984,t2_squeezenet,20375.222,97.341,381,0
82.083,t2_squeezenet,20456.864,98.954,383,0
82.178,t2_squeezenet,20529.434,95.016,383,0
82.273,t2_squeezenet,20572.925,95.356,383,0
82.373,t2_squeezenet,20640.987,100.154,384,0
82.469,t2_squeezenet,20643.373,95.529,386,0
82.563,t2_squeezenet,20733.729,93.686,387,0
82.662,t2_squeezenet,20828.126,99.272,388,0
82.727,t2_squeezenet,20862.216,65.025,390,0
82.771,t2_squeezenet,20856.607,44.036,391,0
82.859,t2_squeezenet,20917.194,88.308,391,0
82.954,t2_squeezenet,21004.140,94.371,391,0
82.994,t2_squeezenet,20869.330,40.097,390,0
83.093,t2_squeezenet,20964.435,99.270,393,0
83.193,t2_squeezenet,20977.468,99.236,395,0
83.287,t2_squeezenet,20979.906,94.229,395,0
83.386,t2_squeezenet,21060.951,99.057,395,0
83.482,t2_squeezenet,21065.726,95.917,396,0
83.576,t2_squeezenet,21141.400,94.329,396,0
83.671,t2_squeezenet,21235.701,94.480,400,0
83.737,t2_squeezenet,21270.840,65.706,401,0
83.782,t2_squeezenet,21260.573,44.985,401,0
83.877,t2_squeezenet,21325.660,95.113,401,0
83.970,t2_squeezenet,21412.087,93.487,403,0
84.069,t2_squeezenet,21400.608,98.812,404,0
84.167,t2_squeezenet,21399.909,97.862,405,0
84.262,t2_squeezenet,21436.564,94.456,405,0
84.358,t2_squeezenet,21494.902,96.281,406,0
84.399,t2_squeezenet,21507.906,40.536,406,0
84.493,t2_squeezenet,21448.752,94.848,407,0
84.592,t2_squeezenet,21515.298,98.825,408,0
84.690,t2_squeezenet,21536.512,98.001,409,0
84.751,t2_squeezenet,21523.550,60.806,410,0
84.796,t2_squeezenet,21537.263,44.290,409,0
84.888,t2_squeezenet,21579.420,92.496,410,0
84.989,t2_squeezenet,21646.442,100.361,410,0
85.082,t2_squeezenet,21711.351,92.959,413,0
85.180,t2_squeezenet,21754.646,98.773,412,0
85.281,t2_squeezenet,21827.553,100.712,413,0
85.379,t2_squeezenet,21606.697,97.694,414,0
85.475,t2_squeezenet,21601.633,96.483,415,0
85.571,t2_squeezenet,21522.516,95.664,416,0
85.670,t2_squeezenet,21607.291,98.725,417,0
85.731,t2_squeezenet,21658.413,60.919,416,0
85.774,t2_squeezenet,21663.172,42.952,416,0
85.869,t2_squeezenet,21752.482,95.544,416,0
85.970,t2_squeezenet,21833.649,100.083,420,0
86.069,t2_squeezenet,21897.899,98.866,420,0
86.167,t2_squeezenet,21913.255,98.385,423,0
86.265,t2_squeezenet,21959.702,98.376,423,0
86.359,t2_squeezenet,21995.053,93.963,425,0
86.460,t2_squeezenet,22059.628,100.732,425,0
86.557,t2_squeezenet,22125.123,96.509,425,0
86.595,t2_squeezenet,22103.229,38.316,424,0
86.692,t2_squeezenet,22157.418,97.381,425,0
86.755,t2_squeezenet,22211.978,62.764,425,0
86.803,t2_squeezenet,22185.506,47.352,425,0
86.893,t2_squeezenet,22233.311,90.386,425,0
86.990,t2_squeezenet,22270.214,97.314,427,0
87.085,t2_squeezenet,22357.975,94.921,427,0
87.185,t2_squeezenet,22433.305,99.551,428,0
87.279,t2_squeezenet,22522.607,94.162,428,0
87.377,t2_squeezenet,22577.434,98.191,428,0
87.474,t2_squeezenet,22662.050,96.442,429,0
87.574,t2_squeezenet,22741.995,99.994,432,0
87.671,t2_squeezenet,22774.867,97.024,432,0
87.731,t2_squeezenet,22800.913,59.949,432,0
87.774,t2_squeezenet,22820.222,42.759,432,0
87.869,t2_squeezenet,22884.945,95.234,437,0
87.968,t2_squeezenet,22975.734,98.269,437,0
88.066,t2_squeezenet,23045.354,98.851,437,0
88.165,t2_squeezenet,23129.354,98.944,438,0
88.264,t2_squeezenet,23200.063,98.897,438,0
88.366,t2_squeezenet,23268.906,102.127,440,0
88.462,t2_squeezenet,23351.923,95.665,442,0
88.558,t2_squeezenet,23377.838,95.789,441,0
88.655,t2_squeezenet,23361.132,97.225,444,0
88.718,t2_squeezenet,23346.739,62.739,443,0
88.761,t2_squeezenet,23373.715,43.149,442,0
88.854,t2_squeezenet,23456.881,92.906,441,0
88.896,t2_squeezenet,23441.345,41.831,441,0
88.996,t2_squeezenet,23540.657,99.729,441,0
89.089,t2_squeezenet,23612.483,92.914,442,0
89.183,t2_squeezenet,23687.165,93.948,442,0
89.279,t2_squeezenet,23655.861,96.164,444,0
89.376,t2_squeezenet,23747.347,97.120,443,0
89.474,t2_squeezenet,23820.693,97.392,443,0
89.566,t2_squeezenet,23912.392,92.703,442,0
89.663,t2_squeezenet,23898.373,96.215,443,0
89.730,t2_squeezenet,23960.828,67.818,443,0
89.775,t2_squeezenet,23929.774,44.919,442,0
89.866,t2_squeezenet,23978.061,90.753,442,0
89.964,t2_squeezenet,24040.086,97.761,442,0
90.059,t2_squeezenet,23974.324,94.355,443,0
90.162,t2_squeezenet,24075.444,102.951,445,0
90.261,t2_squeezenet,24150.598,98.912,445,0
90.354,t2_squeezenet,24213.644,93.556,445,0
90.394,t2_squeezenet,24217.864,39.877,444,0
90.494,t2_squeezenet,24283.283,99.871,443,0
90.592,t2_squeezenet,24324.072,98.271,444,0
90.691,t2_squeezenet,24378.071,98.369,444,0
90.752,t2_squeezenet,24433.871,60.983,443,0
90.797,t2_squeezenet,24464.278,45.168,442,0
90.889,t2_squeezenet,24496.294,91.500,441,0
90.987,t2_squeezenet,24578.626,98.861,441,0
91.084,t2_squeezenet,24588.076,96.833,441,0
91.184,t2_squeezenet,24604.421,99.239,442,0
91.284,t2_squeezenet,24642.877,100.280,441,0
91.379,t2_squeezenet,24733.557,94.981,441,0
91.477,t2_squeezenet,24821.990,97.656,442,0
91.575,t2_squeezenet,24891.255,98.825,443,0
91.677,t2_squeezenet,24990.916,101.375,442,0
91.740,t2_squeezenet,24965.324,63.085,443,0
91.783,t2_squeezenet,24952.425,43.245,444,0
91.880,t2_squeezenet,24924.392,96.938,446,0
91.981,t2_squeezenet,24980.615,100.467,445,0
92.082,t2_squeezenet,24968.567,100.648,446,0
92.181,t2_squeezenet,25012.378,99.009,447,0
92.279,t2_squeezenet,24976.270,98.798,447,0
92.379,t2_squeezenet,25015.401,99.078,448,0
92.479,t2_squeezenet,25064.873,100.394,450,0
92.577,t2_squeezenet,25096.450,97.609,450,0
92.674,t2_squeezenet,25146.471,97.541,451,0
92.735,t2_squeezenet,25180.995,60.936,450,0
92.783,t2_squeezenet,25174.553,47.482,450,0
92.883,t2_squeezenet,25251.196,100.516,450,0
92.981,t2_squeezenet,25317.034,97.951,449,0
93.079,t2_squeezenet,25343.312,97.608,450,0
93.179,t2_squeezenet,25442.276,100.157,454,0
93.281,t2_squeezenet,25426.494,102.289,454,0
93.377,t2_squeezenet,25449.074,95.213,455,0
93.475,t2_squeezenet,25451.108,98.497,457,0
93.573,t2_squeezenet,25469.023,97.887,458,0
93.674,t2_squeezenet,25486.160,101.086,458,0
93.735,t2_squeezenet,25523.360,60.998,458,0
93.777,t2_squeezenet,25508.597,41.344,458,0
93.873,t2_squeezenet,25552.403,96.599,457,0
93.975,t2_squeezenet,25640.700,101.265,457,0
94.072,t2_squeezenet,25696.009,97.393,458,0
94.171,t2_squeezenet,25791.578,98.287,461,0
94.264,t2_squeezenet,25875.079,93.731,462,0
94.365,t2_squeezenet,25932.348,100.866,465,0
94.465,t2_squeezenet,26027.170,99.576,465,0
94.563,t2_squeezenet,26098.735,98.130,467,0
94.663,t2_squeezenet,26166.884,100.215,470,0
94.726,t2_squeezenet,26218.263,63.165,469,0
94.773,t2_squeezenet,26237.363,46.244,468,0
94.869,t2_squeezenet,26280.943,96.382,468,0
94.967,t2_squeezenet,26113.155,97.607,469,0
95.064,t2_squeezenet,26184.081,97.499,469,0
95.163,t2_squeezenet,26278.299,98.318,469,0
95.262,t2_squeezenet,26367.255,99.697,468,0
95.356,t2_squeezenet,26449.439,93.126,467,0
95.396,t2_squeezenet,26427.772,40.359,467,0
95.495,t2_squeezenet,26508.674,99.393,468,0
95.655,t2_squeezenet,26610.740,159.398,467,0
95.697,t2_squeezenet,26644.750,41.903,466,0
95.760,t2_squeezenet,26652.131,62.721,467,0
95.857,t2_squeezenet,26685.049,97.764,467,0
95.957,t2_squeezenet,26657.945,100.014,466,0
96.056,t2_squeezenet,26747.263,98.783,466,0
96.154,t2_squeezenet,26798.810,97.533,465,0
96.195,t2_squeezenet,26642.154,41.132,464,0
96.294,t2_squeezenet,26729.206,98.607,464,0
96.388,t2_squeezenet,26782.152,93.972,464,0
96.487,t2_squeezenet,26823.983,98.893,466,0
96.589,t2_squeezenet,26867.539,101.959,466,0
96.686,t2_squeezenet,26945.441,97.068,466,0
96.750,t2_squeezenet,26963.242,64.002,466,0
96.792,t2_squeezenet,26923.228,42.224,465,0
96.886,t2_squeezenet,26734.632,94.319,465,0
96.982,t2_squeezenet,26811.255,95.862,466,0
97.079,t2_squeezenet,26860.116,96.965,468,0
97.178,t2_squeezenet,26817.906,98.421,470,0
97.274,t2_squeezenet,26877.194,96.155,471,0
97.375,t2_squeezenet,26920.835,100.507,471,0
97.470,t2_squeezenet,27000.621,95.585,471,0
97.572,t2_squeezenet,26928.867,101.384,471,0
97.665,t2_squeezenet,27015.604,93.439,471,0
97.773,t2_squeezenet,27073.101,108.279,471,0
97.860,t2_squeezenet,27141.231,86.594,470,0
97.958,t2_squeezenet,27187.445,97.973,470,0
98.054,t2_squeezenet,27258.646,96.284,470,0
98.155,t2_squeezenet,27358.270,100.278,471,0
98.198,t2_squeezenet,27326.073,43.746,470,0
98.294,t2_squeezenet,27362.445,95.771,469,0
98.388,t2_squeezenet,27393.185,94.203,468,0
98.482,t2_squeezenet,27439.279,93.506,469,0
98.582,t2_squeezenet,27495.441,99.908,470,0
98.678,t2_squeezenet,27580.630,95.914,472,0
98.738,t2_squeezenet,27616.684,60.345,474,0
98.785,t2_squeezenet,27600.453,46.760,473,0
98.882,t2_squeezenet,27679.244,96.499,474,0
98.976,t2_squeezenet,27637.477,94.029,474,0
99.071,t2_squeezenet,27729.162,94.712,473,0
99.163,t2_squeezenet,27816.751,92.127,473,0
99.258,t2_squeezenet,27852.055,95.012,473,0
99.360,t2_squeezenet,27920.387,102.190,472,0
99.459,t2_squeezenet,27978.040,98.614,473,0
99.554,t2_squeezenet,28065.697,95.411,474,0
99.596,t2_squeezenet,28024.894,42.352,473,0
99.695,t2_squeezenet,28017.920,98.054,472,0
99.758,t2_squeezenet,28012.836,63.053,472,0
99.855,t2_squeezenet,28063.270,96.955,474,0
99.895,t2_squeezenet,28075.840,39.983,474,0
99.994,t2_squeezenet,28132.461,98.999,475,0
100.092,t2_squeezenet,28202.107,97.845,478,0
100.188,t2_squeezenet,28293.022,96.163,478,0
100.287,t2_squeezenet,28364.460,98.809,478,0
100.386,t2_squeezenet,28420.971,99.466,477,0
100.487,t2_squeezenet,28465.126,100.633,479,0
100.586,t2_squeezenet,28480.490,99.136,480,0
100.684,t2_squeezenet,28548.048,97.788,481,0
100.749,t2_squeezenet,28604.752,65.565,481,0
100.797,t2_squeezenet,28530.012,47.306,482,0
100.890,t2_squeezenet,28571.884,93.148,482,0
100.985,t2_squeezenet,28578.726,95.183,482,0
101.084,t2_squeezenet,28630.372,98.718,481,0
101.185,t2_squeezenet,28702.106,100.965,483,0
101.286,t2_squeezenet,28773.151,101.285,484,0
101.385,t2_squeezenet,28859.369,98.602,483,0
101.484,t2_squeezenet,28703.543,98.591,483,0
101.583,t2_squeezenet,28695.998,98.778,485,0
101.684,t2_squeezenet,28789.724,101.678,484,0
101.747,t2_squeezenet,28849.661,62.452,483,0
101.790,t2_squeezenet,28875.638,42.711,484,0
101.886,t2_squeezenet,28813.612,96.250,484,0
101.988,t2_squeezenet,28886.599,102.056,483,0
102.089,t2_squeezenet,28913.864,100.894,483,0
102.188,t2_squeezenet,28957.997,98.611,483,0
102.289,t2_squeezenet,29048.208,101.463,482,0
102.384,t2_squeezenet,29083.413,94.528,482,0
102.483,t2_squeezenet,29129.633,99.641,483,0
102.584,t2_squeezenet,29204.186,101.093,483,0
102.683,t2_squeezenet,29285.908,98.070,484,0
102.748,t2_squeezenet,29338.727,65.408,484,0
102.794,t2_squeezenet,29253.395,45.632,483,0
102.888,t2_squeezenet,29320.811,94.756,483,0
102.981,t2_squeezenet,29379.285,92.397,482,0
103.079,t2_squeezenet,29475.451,98.501,482,0
103.183,t2_squeezenet,29576.837,103.201,482,0
103.278,t2_squeezenet,29533.618,95.123,482,0
103.375,t2_squeezenet,29622.613,96.614,482,0
103.470,t2_squeezenet,29688.915,95.539,482,0
103.570,t2_squeezenet,29765.032,99.734,481,0
103.669,t2_squeezenet,29732.089,99.549,481,0
103.732,t2_squeezenet,29695.250,62.243,481,0
103.774,t2_squeezenet,29686.117,42.500,482,0
103.863,t2_squeezenet,29726.458,88.506,482,0
103.966,t2_squeezenet,29697.391,102.669,482,0
104.066,t2_squeezenet,29772.921,100.781,483,0
104.162,t2_squeezenet,29788.498,95.394,484,0
104.263,t2_squeezenet,29875.779,101.016,485,0
104.360,t2_squeezenet,29883.330,96.572,485,0
104.458,t2_squeezenet,29909.349,98.901,485,0
104.556,t2_squeezenet,29987.888,97.601,487,0
104.655,t2_squeezenet,30048.222,98.943,487,0
104.697,t2_squeezenet,29842.404,41.535,487,0
104.762,t2_squeezenet,29845.007,64.801,488,0
104.857,t2_squeezenet,29892.513,95.170,489,0
104.954,t2_squeezenet,29921.310,97.196,489,0
105.055,t2_squeezenet,29903.674,101.458,489,0
105.155,t2_squeezenet,29958.876,99.630,488,0
105.194,t2_squeezenet,29978.856,39.216,487,0
105.287,t2_squeezenet,30061.975,92.225,487,0
105.385,t2_squeezenet,30142.622,97.999,487,0
105.486,t2_squeezenet,30039.227,100.968,488,0
105.583,t2_squeezenet,30028.450,97.215,489,0
105.677,t2_squeezenet,30068.568,93.761,490,0
105.744,t2_squeezenet,30079.315,66.720,490,0
105.789,t2_squeezenet,30093.583,45.629,489,0
105.882,t2_squeezenet,30143.595,92.900,490,0
105.980,t2_squeezenet,30140.227,97.445,491,0
106.078,t2_squeezenet,30069.017,98.173,490,0
106.178,t2_squeezenet,30129.121,100.020,491,0
106.280,t2_squeezenet,30176.286,102.306,492,0
106.373,t2_squeezenet,30225.067,93.146,495,0
106.472,t2_squeezenet,30301.020,98.753,497,0
106.570,t2_squeezenet,30356.923,97.673,496,0
106.669,t2_squeezenet,30379.628,99.065,496,0
106.739,t2_squeezenet,30443.946,69.713,496,0
106.782,t2_squeezenet,30420.021,42.785,496,0
106.879,t2_squeezenet,30386.545,97.126,495,0
106.976,t2_squeezenet,30422.207,96.971,496,0
107.075,t2_squeezenet,30505.175,99.098,496,0
107.169,t2_squeezenet,30584.613,94.247,496,0
107.264,t2_squeezenet,30610.637,94.917,497,0
107.365,t2_squeezenet,30710.816,101.096,498,0
107.466,t2_squeezenet,30761.619,100.355,498,0
107.559,t2_squeezenet,30819.368,93.582,498,0
107.657,t2_squeezenet,30862.042,97.209,499,0
107.699,t2_squeezenet,30812.162,42.383,499,0
107.763,t2_squeezenet,30698.301,64.219,500,0
107.856,t2_squeezenet,30787.911,92.868,500,0
107.954,t2_squeezenet,30863.153,97.331,500,0
107.997,t2_squeezenet,30831.020,42.940,500,0
108.094,t2_squeezenet,30817.075,97.050,500,0
108.189,t2_squeezenet,30907.149,95.505,500,0
108.287,t2_squeezenet,30947.226,97.357,500,0
108.382,t2_squeezenet,31039.746,94.742,499,0
108.484,t2_squeezenet,31139.000,102.808,500,0
108.578,t2_squeezenet,31209.698,93.111,500,0
108.671,t2_squeezenet,31156.204,93.792,500,0
108.734,t2_squeezenet,31202.143,63.013,500,0
108.781,t2_squeezenet,31190.308,46.869,500,0
108.875,t2_squeezenet,31235.115,93.769,499,0
108.967,t2_squeezenet,31304.407,91.773,499,0
109.060,t2_squeezenet,31391.480,92.465,500,0
109.155,t2_squeezenet,31369.558,95.825,500,0
109.199,t2_squeezenet,31345.803,43.159,499,0
109.292,t2_squeezenet,31412.952,93.597,500,0
109.387,t2_squeezenet,31385.197,94.336,499,0
109.479,t2_squeezenet,31264.038,92.111,498,0
109.575,t2_squeezenet,31350.895,96.380,498,0
109.669,t2_squeezenet,31419.821,93.958,498,0
109.739,t2_squeezenet,31485.892,69.492,498,0
109.782,t2_squeezenet,31519.732,43.136,498,0
109.873,t2_squeezenet,31610.432,91.075,498,0
109.970,t2_squeezenet,31525.562,97.290,497,0
110.065,t2_squeezenet,31618.838,94.329,497,0
110.162,t2_squeezenet,31635.316,96.952,500,0
110.259,t2_squeezenet,31730.493,97.724,499,0
110.357,t2_squeezenet,31822.238,97.859,499,0
110.399,t2_squeezenet,31803.780,41.148,498,0
110.492,t2_squeezenet,31788.768,93.479,497,0
110.586,t2_squeezenet,31867.498,93.702,499,0
110.682,t2_squeezenet,31930.285,96.673,500,0
110.747,t2_squeezenet,31952.345,64.321,500,0
110.789,t2_squeezenet,31894.260,42.489,499,0
110.882,t2_squeezenet,31925.084,92.507,500,0
110.977,t2_squeezenet,31970.980,95.538,500,0
111.072,t2_squeezenet,31992.119,94.330,500,0
111.164,t2_squeezenet,32078.994,91.754,500,0
111.258,t2_squeezenet,32118.872,94.175,500,0
111.354,t2_squeezenet,32178.705,95.821,500,0
111.396,t2_squeezenet,32092.483,42.495,500,0
111.489,t2_squeezenet,32120.078,92.954,500,0
111.583,t2_squeezenet,32151.503,93.947,500,0
111.680,t2_squeezenet,32226.856,97.230,500,0
111.751,t2_squeezenet,32290.011,70.107,500,0
111.794,t2_squeezenet,32305.150,42.907,499,0
111.883,t2_squeezenet,32273.258,89.788,500,0
111.978,t2_squeezenet,32354.832,94.044,500,0
112.074,t2_squeezenet,32220.747,96.792,500,0
112.172,t2_squeezenet,32263.085,97.107,499,0
112.267,t2_squeezenet,32339.494,95.191,499,0
112.363,t2_squeezenet,32397.386,96.148,500,0
112.460,t2_squeezenet,32443.097,96.453,500,0
112.558,t2_squeezenet,32538.591,98.400,499,0
112.654,t2_squeezenet,32627.094,95.916,498,0
112.694,t2_squeezenet,32536.896,40.280,497,0
112.761,t2_squeezenet,32497.653,66.646,496,0
112.854,t2_squeezenet,32499.862,92.925,496,0
112.893,t2_squeezenet,32483.686,39.170,495,0
112.988,t2_squeezenet,32512.406,94.743,495,0
113.088,t2_squeezenet,32489.176,99.827,494,0
113.186,t2_squeezenet,32478.892,98.073,496,0
113.279,t2_squeezenet,32503.142,93.584,497,0
113.379,t2_squeezenet,32593.503,99.231,496,0
113.473,t2_squeezenet,32617.482,94.116,497,0
113.571,t2_squeezenet,32671.737,97.614,496,0
113.672,t2_squeezenet,32674.332,101.250,498,0
113.734,t2_squeezenet,32519.159,62.367,497,0
113.780,t2_squeezenet,32493.228,46.052,497,0
113.873,t2_squeezenet,32572.588,92.990,498,0
113.974,t2_squeezenet,32578.686,100.268,497,0
114.067,t2_squeezenet,32638.102,92.976,497,0
114.164,t2_squeezenet,32727.789,96.974,500,0
114.258,t2_squeezenet,32817.149,94.096,500,0
114.359,t2_squeezenet,32897.294,101.306,499,0
114.459,t2_squeezenet,32983.687,100.223,500,0
114.557,t2_squeezenet,33045.042,97.430,500,0
114.658,t2_squeezenet,33090.872,100.644,500,0
114.722,t2_squeezenet,33139.262,64.632,499,0
114.767,t2_squeezenet,33166.191,44.433,500,0
114.858,t2_squeezenet,33247.560,90.991,499,0
114.956,t2_squeezenet,33335.696,98.468,500,0
115.000,t2_squeezenet,33365.672,43.340,499,0
115.093,t2_squeezenet,33388.498,93.058,500,0
115.190,t2_squeezenet,33420.015,97.132,499,0
115.287,t2_squeezenet,33513.948,97.383,498,0
115.383,t2_squeezenet,33599.143,95.471,498,0
115.486,t2_squeezenet,33482.438,103.283,499,0
115.580,t2_squeezenet,33553.529,93.612,500,0
115.681,t2_squeezenet,33643.903,100.988,500,0
115.743,t2_squeezenet,33609.273,62.536,499,0
115.789,t2_squeezenet,33535.305,45.901,499,0
115.879,t2_squeezenet,33593.675,89.972,500,0
115.977,t2_squeezenet,33649.496,97.917,500,0
116.073,t2_squeezenet,33667.200,95.374,500,0
116.172,t2_squeezenet,33731.965,99.611,500,0
116.271,t2_squeezenet,33819.759,98.625,500,0
116.366,t2_squeezenet,33846.024,94.486,499,0
116.463,t2_squeezenet,33937.883,97.308,498,0
116.560,t2_squeezenet,33953.728,96.693,498,0
116.663,t2_squeezenet,34008.911,102.795,497,0
116.723,t2_squeezenet,34042.077,60.532,496,0
116.768,t2_squeezenet,34060.183,45.168,496,0
116.863,t2_squeezenet,34139.120,94.379,498,0
116.964,t2_squeezenet,34233.060,101.385,498,0
117.057,t2_squeezenet,34317.913,93.030,497,0
117.154,t2_squeezenet,34328.815,96.788,497,0
117.196,t2_squeezenet,34334.078,41.389,499,0
117.295,t2_squeezenet,34292.753,99.497,499,0
117.395,t2_squeezenet,34386.104,99.993,500,0
117.495,t2_squeezenet,34474.541,99.910,500,0
117.590,t2_squeezenet,34511.777,95.096,500,0
117.687,t2_squeezenet,34584.676,96.644,500,0
117.757,t2_squeezenet,34627.608,69.694,500,0
117.800,t2_squeezenet,34624.252,43.410,499,0
117.890,t2_squeezenet,34647.750,89.971,500,0
117.989,t2_squeezenet,34604.736,98.613,499,0
118.085,t2_squeezenet,34684.379,96.259,500,0
118.182,t2_squeezenet,34761.620,96.833,500,0
118.278,t2_squeezenet,34747.559,96.025,500,0
118.376,t2_squeezenet,34759.046,98.025,500,0
118.473,t2_squeezenet,34853.871,97.166,500,0
118.572,t2_squeezenet,34949.003,98.556,499,0
118.672,t2_squeezenet,35030.184,99.590,498,0
118.734,t2_squeezenet,35084.475,62.714,498,0
118.780,t2_squeezenet,35060.199,45.630,497,0
118.873,t2_squeezenet,35142.579,92.745,497,0
118.967,t2_squeezenet,35192.933,94.332,499,0
119.065,t2_squeezenet,35208.798,97.781,500,0
119.161,t2_squeezenet,35246.287,95.792,500,0
119.258,t2_squeezenet,35314.183,97.519,500,0
119.356,t2_squeezenet,35397.462,98.023,499,0
119.397,t2_squeezenet,35418.851,40.633,499,0
119.490,t2_squeezenet,35461.731,92.915,500,0
119.588,t2_squeezenet,35510.623,97.983,500,0
119.683,t2_squeezenet,35576.542,94.301,500,0
119.748,t2_squeezenet,35499.178,65.419,500,0
119.792,t2_squeezenet,35525.839,43.719,499,0
119.890,t2_squeezenet,35549.697,97.827,500,0
119.988,t2_squeezenet,35599.295,98.099,500,0
120.082,t2_squeezenet,35602.069,94.600,500,0
120.179,t2_squeezenet,35691.307,96.620,499,0
120.277,t2_squeezenet,35782.274,97.665,500,0
120.375,t2_squeezenet,35785.271,97.825,500,0
120.469,t2_squeezenet,35853.658,94.357,500,0
120.565,t2_squeezenet,35894.016,95.757,500,0
120.666,t2_squeezenet,35961.689,101.064,500,0
120.731,t2_squeezenet,36014.976,65.286,500,0
120.773,t2_squeezenet,35918.935,41.344,500,0
120.863,t2_squeezenet,36008.443,90.549,500,0
120.957,t2_squeezenet,36023.700,94.029,500,0
121.055,t2_squeezenet,36050.675,97.612,500,0
121.098,t2_squeezenet,36077.321,42.722,499,0
121.192,t2_squeezenet,36170.206,94.701,500,0
121.288,t2_squeezenet,36256.300,95.067,500,0
121.389,t2_squeezenet,36166.339,101.828,500,0
121.484,t2_squeezenet,36225.925,94.900,499,0
121.579,t2_squeezenet,36233.883,94.789,498,0
121.676,t2_squeezenet,36317.692,97.142,498,0
121.746,t2_squeezenet,36348.800,70.020,499,0
121.788,t2_squeezenet,36317.968,41.334,499,0
121.873,t2_squeezenet,36368.271,85.290,498,0
121.967,t2_squeezenet,36422.748,93.764,499,0
122.064,t2_squeezenet,36438.087,97.131,498,0
122.163,t2_squeezenet,36500.843,98.644,499,0
122.256,t2_squeezenet,36484.004,93.374,500,0
122.297,t2_squeezenet,36439.206,40.232,499,0
122.390,t2_squeezenet,36509.781,93.486,500,0
122.485,t2_squeezenet,36599.675,94.681,499,0
122.578,t2_squeezenet,36684.189,93.640,499,0
122.674,t2_squeezenet,36766.450,95.776,500,0
122.739,t2_squeezenet,36806.637,64.474,499,0
122.787,t2_squeezenet,36780.956,47.884,498,0
122.880,t2_squeezenet,36783.454,92.917,497,0
122.973,t2_squeezenet,36845.627,92.947,497,0
123.068,t2_squeezenet,36937.740,94.860,499,0
123.162,t2_squeezenet,37026.722,94.113,500,0
123.259,t2_squeezenet,37062.475,96.842,500,0
123.300,t2_squeezenet,37020.568,41.312,500,0
123.396,t2_squeezenet,37070.179,95.815,499,0
123.493,t2_squeezenet,37135.834,97.398,500,0
123.591,t2_squeezenet,37202.289,97.136,500,0
123.686,t2_squeezenet,37224.799,95.180,500,0
123.751,t2_squeezenet,37148.459,64.832,500,0
123.796,t2_squeezenet,37154.964,45.822,500,0
123.892,t2_squeezenet,37171.403,95.186,499,0
123.985,t2_squeezenet,37191.062,93.282,498,0
124.080,t2_squeezenet,37249.727,94.664,498,0
124.176,t2_squeezenet,37281.056,96.009,500,0
124.276,t2_squeezenet,37363.218,99.974,500,0
124.371,t2_squeezenet,37430.494,94.923,500,0
124.465,t2_squeezenet,37427.833,94.068,500,0
124.558,t2_squeezenet,37444.176,92.842,500,0
124.656,t2_squeezenet,37540.931,97.846,500,0
124.698,t2_squeezenet,37420.419,42.612,499,0
124.761,t2_squeezenet,37397.466,62.973,499,0
124.855,t2_squeezenet,37477.402,93.911,500,0
124.900,t2_squeezenet,37496.518,44.642,499,0
124.998,t2_squeezenet,37518.447,98.093,500,0
125.092,t2_squeezenet,37587.197,94.086,500,0
125.192,t2_squeezenet,37662.808,100.037,500,0
125.290,t2_squeezenet,37740.362,97.742,500,0
125.388,t2_squeezenet,37778.635,98.236,500,0
125.483,t2_squeezenet,37766.495,94.244,500,0
125.576,t2_squeezenet,37802.631,93.559,499,0
125.671,t2_squeezenet,37887.812,94.876,498,0
125.741,t2_squeezenet,37950.155,69.865,497,0
125.788,t2_squeezenet,37993.916,47.189,496,0
125.878,t2_squeezenet,38079.283,89.991,496,0
125.975,t2_squeezenet,38123.146,96.478,495,0
126.069,t2_squeezenet,38212.828,94.367,497,0
126.172,t2_squeezenet,38258.913,102.617,497,0
126.266,t2_squeezenet,38265.942,93.766,498,0
126.367,t2_squeezenet,38295.487,101.174,498,0
126.464,t2_squeezenet,38341.990,97.320,497,0
126.566,t2_squeezenet,38389.686,101.253,500,0
126.665,t2_squeezenet,38369.756,99.607,500,0
126.729,t2_squeezenet,38374.926,63.884,500,0
126.772,t2_squeezenet,38408.097,43.120,499,0
126.864,t2_squeezenet,38487.449,91.344,498,0
126.959,t2_squeezenet,38572.934,94.759,498,0
126.999,t2_squeezenet,38566.394,40.792,497,0
127.092,t2_squeezenet,38530.296,92.248,500,0
127.188,t2_squeezenet,38570.189,96.333,500,0
127.286,t2_squeezenet,38651.530,98.076,500,0
127.380,t2_squeezenet,38742.074,94.276,500,0
127.478,t2_squeezenet,38609.128,97.204,500,0
127.573,t2_squeezenet,38618.906,94.807,500,0
127.670,t2_squeezenet,38638.493,97.715,500,0
127.735,t2_squeezenet,38659.786,64.946,499,0
127.776,t2_squeezenet,38626.150,40.064,499,0
127.869,t2_squeezenet,38648.872,93.372,498,0
127.966,t2_squeezenet,38723.554,97.323,499,0
128.062,t2_squeezenet,38802.162,96.147,500,0
128.157,t2_squeezenet,38764.443,94.332,500,0
128.254,t2_squeezenet,38680.743,96.885,500,0
128.296,t2_squeezenet,38704.400,42.548,500,0
128.392,t2_squeezenet,38683.374,95.242,500,0
128.484,t2_squeezenet,38700.850,92.015,499,0
128.582,t2_squeezenet,38708.808,98.109,500,0
128.678,t2_squeezenet,38709.291,96.393,500,0
128.743,t2_squeezenet,38746.799,64.682,500,0
128.787,t2_squeezenet,38702.414,43.639,500,0
128.879,t2_squeezenet,38784.524,92.385,499,0
128.973,t2_squeezenet,38837.342,94.071,499,0
129.069,t2_squeezenet,38865.463,95.935,499,0
129.165,t2_squeezenet,38887.796,95.355,499,0
129.258,t2_squeezenet,38721.948,93.379,500,0
129.354,t2_squeezenet,38774.786,95.716,499,0
129.395,t2_squeezenet,38727.123,40.756,498,0
129.490,t2_squeezenet,38536.423,95.476,499,0
129.584,t2_squeezenet,38511.997,93.930,499,0
129.680,t2_squeezenet,38546.466,95.840,500,0
129.752,t2_squeezenet,38609.998,71.621,499,0
129.797,t2_squeezenet,38481.835,45.359,499,0
129.891,t2_squeezenet,38508.996,93.737,500,0
129.987,t2_squeezenet,38574.967,95.597,500,0
130.089,t2_squeezenet,38530.525,102.374,500,0
130.185,t2_squeezenet,38610.703,96.376,500,0
130.279,t2_squeezenet,38581.013,93.587,500,0
130.377,t2_squeezenet,38664.165,97.837,500,0
130.474,t2_squeezenet,38707.685,96.824,500,0
130.571,t2_squeezenet,38795.892,97.270,500,0
130.670,t2_squeezenet,38883.341,98.824,499,0
130.733,t2_squeezenet,38902.083,63.188,498,0
130.776,t2_squeezenet,38923.266,43.157,498,0
130.872,t2_squeezenet,38885.348,95.577,497,0
130.968,t2_squeezenet,38960.547,95.912,497,0
131.066,t2_squeezenet,38931.791,98.375,497,0
131.164,t2_squeezenet,39010.222,97.614,497,0
131.265,t2_squeezenet,39083.827,100.821,497,0
131.364,t2_squeezenet,39017.766,98.727,499,0
131.458,t2_squeezenet,39094.899,93.970,500,0
131.556,t2_squeezenet,39108.793,98.495,500,0
131.656,t2_squeezenet,39180.506,100.069,500,0
131.700,t2_squeezenet,39223.542,43.456,499,0
131.764,t2_squeezenet,39247.406,64.524,499,0
131.857,t2_squeezenet,39239.105,92.868,499,0
131.900,t2_squeezenet,39270.805,42.276,498,0
132.056,t2_squeezenet,39287.751,156.395,498,0
132.100,t2_squeezenet,39300.201,43.332,498,0
132.194,t2_squeezenet,39188.851,94.301,499,0
132.290,t2_squeezenet,39256.891,96.175,499,0
132.393,t2_squeezenet,39299.474,103.027,500,0
132.489,t2_squeezenet,39382.324,96.286,500,0
132.583,t2_squeezenet,39438.575,93.158,500,0
132.676,t2_squeezenet,39523.348,93.591,500,0
132.747,t2_squeezenet,39577.461,70.742,500,0
132.793,t2_squeezenet,39544.823,45.493,499,0
132.884,t2_squeezenet,39581.686,91.421,500,0
132.979,t2_squeezenet,39670.332,94.956,500,0
133.076,t2_squeezenet,39684.819,97.180,499,0
133.177,t2_squeezenet,39779.114,100.305,500,0
133.271,t2_squeezenet,39819.202,94.458,499,0
133.365,t2_squeezenet,39863.550,93.299,498,0
133.462,t2_squeezenet,39948.056,96.943,497,0
133.566,t2_squeezenet,39919.293,104.103,497,0
133.662,t2_squeezenet,39938.134,96.121,497,0
133.728,t2_squeezenet,39960.917,66.325,496,0
133.775,t2_squeezenet,39804.512,46.948,496,0
133.871,t2_squeezenet,39870.646,95.402,496,0
133.967,t2_squeezenet,39918.313,96.473,496,0
134.058,t2_squeezenet,39978.526,90.588,495,0
134.154,t2_squeezenet,40061.475,95.954,496,0
134.195,t2_squeezenet,40090.230,40.728,496,0
134.291,t2_squeezenet,40176.350,96.105,498,0
134.384,t2_squeezenet,40135.434,92.851,499,0
134.478,t2_squeezenet,40225.794,94.129,500,0
134.574,t2_squeezenet,40306.033,96.271,499,0
134.668,t2_squeezenet,40393.970,94.386,499,0
134.727,t2_squeezenet,40443.818,58.452,500,0
134.772,t2_squeezenet,40485.087,45.076,500,0
134.867,t2_squeezenet,40458.245,94.301,500,0
134.966,t2_squeezenet,40482.338,99.204,500,0
135.062,t2_squeezenet,40560.201,96.409,499,0
135.157,t2_squeezenet,40652.308,95.192,500,0
135.254,t2_squeezenet,40675.375,96.597,499,0
135.300,t2_squeezenet,40707.055,45.474,498,0
135.396,t2_squeezenet,40791.165,96.762,500,0
135.490,t2_squeezenet,40844.913,93.269,500,0
135.584,t2_squeezenet,40730.570,94.491,500,0
135.679,t2_squeezenet,40768.911,95.015,500,0
135.753,t2_squeezenet,40804.462,74.031,500,0
135.795,t2_squeezenet,40805.418,42.016,499,0
135.886,t2_squeezenet,40757.271,90.529,500,0
135.983,t2_squeezenet,40589.213,97.057,500,0
136.076,t2_squeezenet,40623.512,92.705,499,0
136.171,t2_squeezenet,40699.884,95.274,500,0
136.265,t2_squeezenet,40541.961,94.108,500,0
136.359,t2_squeezenet,40626.543,93.452,499,0
136.456,t2_squeezenet,40600.092,97.417,500,0
136.496,t2_squeezenet,40513.863,39.211,500,0
136.588,t2_squeezenet,40334.772,92.817,500,0
136.679,t2_squeezenet,40324.898,90.095,500,0
136.750,t2_squeezenet,40296.272,71.331,499,0
136.796,t2_squeezenet,40336.833,45.834,500,0
136.886,t2_squeezenet,40408.608,90.647,499,0
136.978,t2_squeezenet,40399.209,90.983,500,0
137.071,t2_squeezenet,40417.293,93.409,499,0
137.164,t2_squeezenet,40449.441,93.009,500,0
137.258,t2_squeezenet,40404.301,93.897,500,0
137.354,t2_squeezenet,40400.787,96.462,499,0
137.397,t2_squeezenet,40428.405,42.325,499,0
137.490,t2_squeezenet,40436.014,92.835,499,0
137.584,t2_squeezenet,40527.008,94.633,500,0
137.676,t2_squeezenet,40615.430,91.875,500,0
137.740,t2_squeezenet,40653.168,64.094,500,0
137.787,t2_squeezenet,40633.175,46.383,499,0
137.879,t2_squeezenet,40702.329,92.272,499,0
137.975,t2_squeezenet,40784.333,95.513,500,0
138.071,t2_squeezenet,40875.710,96.505,500,0
138.165,t2_squeezenet,40793.772,93.339,500,0
138.262,t2_squeezenet,40808.199,97.195,499,0
138.354,t2_squeezenet,40883.456,92.403,499,0
138.397,t2_squeezenet,40809.479,42.254,500,0
138.495,t2_squeezenet,40738.893,98.613,500,0
138.593,t2_squeezenet,40639.667,98.048,500,0
138.686,t2_squeezenet,40702.815,92.806,499,0
138.750,t2_squeezenet,40675.132,63.652,499,0
138.794,t2_squeezenet,40710.751,44.219,498,0
138.887,t2_squeezenet,40474.636,93.161,500,0
138.981,t2_squeezenet,40541.312,93.717,500,0
139.073,t2_squeezenet,40588.847,92.034,500,0
139.170,t2_squeezenet,40626.447,97.149,500,0
139.268,t2_squeezenet,40637.666,97.511,500,0
139.363,t2_squeezenet,40719.419,95.410,499,0
139.456,t2_squeezenet,40794.382,92.349,498,0
139.499,t2_squeezenet,40816.588,43.576,497,0
139.597,t2_squeezenet,40873.113,97.938,497,0
139.687,t2_squeezenet,40961.354,89.965,497,0
139.753,t2_squeezenet,40959.200,66.132,497,0
139.798,t2_squeezenet,40933.003,44.643,496,0
139.889,t2_squeezenet,41006.171,90.571,496,0
139.984,t2_squeezenet,40903.690,95.670,499,0
140.075,t2_squeezenet,40858.732,90.969,499,0
140.170,t2_squeezenet,40782.609,94.707,500,0
140.267,t2_squeezenet,40859.310,96.576,499,0
140.359,t2_squeezenet,40863.710,92.168,500,0
140.454,t2_squeezenet,40920.059,95.129,500,0
140.496,t2_squeezenet,40790.626,41.391,500,0
140.590,t2_squeezenet,40825.626,94.147,500,0
140.682,t2_squeezenet,40867.331,92.016,499,0
140.747,t2_squeezenet,40921.774,65.352,498,0
140.791,t2_squeezenet,40897.286,43.853,497,0
140.889,t2_squeezenet,40953.400,98.137,499,0
140.987,t2_squeezenet,41050.243,97.516,498,0
141.078,t2_squeezenet,41071.378,91.163,498,0
141.171,t2_squeezenet,41138.344,92.703,498,0
141.263,t2_squeezenet,41219.288,92.217,497,0
141.356,t2_squeezenet,41301.275,92.704,497,0
141.397,t2_squeezenet,41238.365,40.768,496,0
141.489,t2_squeezenet,41221.564,92.699,498,0
141.583,t2_squeezenet,41178.659,93.887,499,0
141.679,t2_squeezenet,41224.980,95.189,498,0
141.746,t2_squeezenet,41285.152,66.995,500,0
141.787,t2_squeezenet,41227.432,41.756,499,0
141.880,t2_squeezenet,41296.698,92.541,500,0
141.977,t2_squeezenet,41356.261,97.157,500,0
142.076,t2_squeezenet,41434.653,98.428,500,0
142.169,t2_squeezenet,41442.466,93.230,500,0
142.264,t2_squeezenet,41507.387,94.688,500,0
142.362,t2_squeezenet,41594.168,98.286,500,0
142.460,t2_squeezenet,41586.239,97.402,499,0
142.559,t2_squeezenet,41639.186,99.606,499,0
142.602,t2_squeezenet,41516.662,42.449,498,0
142.693,t2_squeezenet,41597.665,91.204,500,0
142.762,t2_squeezenet,41588.674,69.388,500,0
142.860,t2_squeezenet,41615.815,97.220,499,0
142.955,t2_squeezenet,41703.561,95.069,500,0
142.995,t2_squeezenet,41560.552,39.855,500,0
143.089,t2_squeezenet,41586.187,94.759,500,0
143.186,t2_squeezenet,41645.541,96.245,500,0
143.280,t2_squeezenet,41697.898,93.845,500,0
143.376,t2_squeezenet,41605.805,96.056,499,0
143.472,t2_squeezenet,41695.702,96.480,498,0
143.570,t2_squeezenet,41760.976,97.445,500,0
143.663,t2_squeezenet,41592.305,93.566,500,0
143.728,t2_squeezenet,41598.506,64.327,499,0
143.771,t2_squeezenet,41475.942,42.894,498,0
143.866,t2_squeezenet,41449.766,94.911,497,0
143.959,t2_squeezenet,41531.153,93.267,499,0
144.054,t2_squeezenet,41520.925,95.184,500,0
144.096,t2_squeezenet,41447.636,41.741,499,0
144.195,t2_squeezenet,41530.997,99.335,498,0
144.293,t2_squeezenet,41591.817,97.368,498,0
144.386,t2_squeezenet,41530.051,93.572,497,0
144.480,t2_squeezenet,41426.358,93.745,496,0
144.576,t2_squeezenet,41422.368,95.958,496,0
144.674,t2_squeezenet,41420.281,97.828,496,0
144.739,t2_squeezenet,41376.193,65.422,495,0
144.783,t2_squeezenet,41395.736,43.950,494,0
144.878,t2_squeezenet,41224.653,94.879,494,0
144.975,t2_squeezenet,41279.424,96.755,493,0
145.069,t2_squeezenet,41332.281,93.584,494,0
145.163,t2_squeezenet,41401.403,94.654,496,0
145.260,t2_squeezenet,41406.240,96.410,497,0
145.357,t2_squeezenet,41403.094,96.763,496,0
145.397,t2_squeezenet,41411.772,39.999,496,0
145.488,t2_squeezenet,41434.354,91.161,497,0
145.585,t2_squeezenet,41500.284,96.756,496,0
145.681,t2_squeezenet,41526.881,95.700,497,0
145.746,t2_squeezenet,41578.581,65.342,497,0
145.788,t2_squeezenet,41534.100,41.800,496,0
145.881,t2_squeezenet,41522.060,93.029,498,0
145.975,t2_squeezenet,41521.719,94.497,498,0
146.068,t2_squeezenet,41599.265,92.221,497,0
146.160,t2_squeezenet,41634.241,92.800,497,0
146.255,t2_squeezenet,41709.661,94.348,496,0
146.296,t2_squeezenet,41695.444,41.219,495,0
146.394,t2_squeezenet,41718.671,97.913,498,0
146.485,t2_squeezenet,41783.467,90.746,497,0
146.579,t2_squeezenet,41869.722,94.067,497,0
146.674,t2_squeezenet,41878.377,94.954,498,0
146.745,t2_squeezenet,41939.186,70.522,499,0
146.786,t2_squeezenet,41928.505,41.761,499,0
146.877,t2_squeezenet,41900.890,90.696,499,0
146.972,t2_squeezenet,41698.910,94.916,498,0
147.070,t2_squeezenet,41687.823,98.139,499,0
147.168,t2_squeezenet,41752.614,97.742,500,0
147.263,t2_squeezenet,41815.539,95.121,500,0
147.356,t2_squeezenet,41833.541,92.731,500,0
147.454,t2_squeezenet,41910.595,98.146,499,0
147.497,t2_squeezenet,41896.502,42.947,498,0
147.589,t2_squeezenet,41916.373,91.765,499,0
147.686,t2_squeezenet,42001.305,96.575,498,0
147.755,t2_squeezenet,41885.457,69.246,498,0
147.798,t2_squeezenet,41918.271,43.037,498,0
147.889,t2_squeezenet,41987.803,90.747,498,0
147.983,t2_squeezenet,42046.263,93.974,500,0
148.076,t2_squeezenet,41988.243,93.240,500,0
148.173,t2_squeezenet,42030.586,97.014,500,0
148.267,t2_squeezenet,42073.235,93.516,499,0
148.361,t2_squeezenet,42123.716,94.388,500,0
148.404,t2_squeezenet,42115.783,42.912,500,0
148.497,t2_squeezenet,42188.473,93.135,500,0
148.590,t2_squeezenet,42225.969,92.806,500,0
148.679,t2_squeezenet,42312.711,89.051,500,0
148.746,t2_squeezenet,42356.587,66.559,499,0
148.793,t2_squeezenet,42358.829,46.809,499,0
148.887,t2_squeezenet,42429.059,94.146,499,0
148.979,t2_squeezenet,42340.402,92.416,500,0
149.068,t2_squeezenet,42335.857,88.698,500,0
149.163,t2_squeezenet,42408.121,94.979,500,0
149.260,t2_squeezenet,42344.472,96.586,500,0
149.356,t2_squeezenet,42439.800,96.034,500,0
149.396,t2_squeezenet,42400.252,40.633,499,0
149.488,t2_squeezenet,42375.898,91.785,498,0
149.586,t2_squeezenet,42354.239,97.308,497,0
149.679,t2_squeezenet,42425.992,93.780,498,0
149.742,t2_squeezenet,42475.429,62.801,497,0
149.789,t2_squeezenet,42518.151,46.561,497,0
149.883,t2_squeezenet,42429.133,94.220,499,0
149.979,t2_squeezenet,42433.575,95.405,500,0
150.073,t2_squeezenet,42464.598,94.733,499,0
150.167,t2_squeezenet,42543.088,93.756,500,0
150.265,t2_squeezenet,42572.176,98.148,500,0
150.366,t2_squeezenet,42660.438,100.829,500,0
150.461,t2_squeezenet,42754.506,94.423,500,0
150.556,t2_squeezenet,42765.748,95.684,500,0
150.599,t2_squeezenet,42651.257,42.735,500,0
150.696,t2_squeezenet,42723.472,96.774,500,0
150.764,t2_squeezenet,42738.209,68.429,500,0
150.859,t2_squeezenet,42702.564,94.626,500,0
150.957,t2_squeezenet,42703.945,97.427,499,0
151.000,t2_squeezenet,42608.123,43.178,499,0
151.092,t2_squeezenet,42643.880,91.632,499,0
151.186,t2_squeezenet,42700.068,94.680,499,0
151.282,t2_squeezenet,42694.656,95.795,500,0
151.377,t2_squeezenet,42678.883,94.573,499,0
151.471,t2_squeezenet,42735.043,93.866,498,0
151.562,t2_squeezenet,42657.966,91.371,498,0
151.659,t2_squeezenet,42683.507,96.884,500,0
151.725,t2_squeezenet,42713.932,65.572,499,0
151.768,t2_squeezenet,42706.981,43.293,499,0
151.865,t2_squeezenet,42628.339,96.934,500,0
151.962,t2_squeezenet,42670.816,97.382,500,0
152.060,t2_squeezenet,42559.156,97.433,500,0
152.163,t2_squeezenet,42530.463,103.060,500,0
152.259,t2_squeezenet,42584.019,96.091,500,0
152.357,t2_squeezenet,42611.327,98.416,500,0
152.454,t2_squeezenet,42656.492,96.217,499,0
152.496,t2_squeezenet,42482.676,41.917,498,0
152.592,t2_squeezenet,42525.380,96.093,500,0
152.684,t2_squeezenet,42592.591,92.367,500,0
152.754,t2_squeezenet,42606.759,69.353,499,0
152.855,t2_squeezenet,42698.607,101.221,500,0
152.892,t2_squeezenet,42619.996,37.433,500,0
152.988,t2_squeezenet,42464.899,95.256,499,0
153.083,t2_squeezenet,42557.781,95.119,500,0
153.181,t2_squeezenet,42636.912,98.506,499,0
153.278,t2_squeezenet,42657.508,96.589,500,0
153.376,t2_squeezenet,42751.381,98.337,500,0
153.470,t2_squeezenet,42775.187,93.720,500,0
153.567,t2_squeezenet,42769.231,96.573,500,0
153.669,t2_squeezenet,42858.715,102.489,500,0
153.738,t2_squeezenet,42846.573,68.873,500,0
153.782,t2_squeezenet,42804.149,43.598,500,0
153.878,t2_squeezenet,42769.596,95.925,500,0
153.978,t2_squeezenet,42766.235,100.385,499,0
154.074,t2_squeezenet,42720.700,96.139,500,0
154.171,t2_squeezenet,42787.048,96.809,500,0
154.266,t2_squeezenet,42815.856,94.522,500,0
154.366,t2_squeezenet,42855.865,100.113,500,0
154.462,t2_squeezenet,42790.705,96.351,500,0
154.563,t2_squeezenet,42817.715,100.350,499,0
154.665,t2_squeezenet,42820.890,101.743,500,0
154.764,t2_squeezenet,42908.933,99.077,500,0
154.812,t2_squeezenet,42915.550,48.062,500,0
154.879,t2_squeezenet,42883.219,66.695,500,0
154.973,t2_squeezenet,42715.078,94.548,500,0
155.076,t2_squeezenet,42804.242,103.309,500,0
155.171,t2_squeezenet,42824.221,94.550,500,0
155.272,t2_squeezenet,42876.192,101.328,500,0
155.372,t2_squeezenet,42603.926,99.730,500,0
155.473,t2_squeezenet,42568.383,100.538,499,0
155.569,t2_squeezenet,42481.008,96.399,498,0
155.674,t2_squeezenet,42545.341,104.413,499,0
155.746,t2_squeezenet,42607.669,72.633,500,0
155.791,t2_squeezenet,42594.847,44.684,500,0
155.893,t2_squeezenet,42683.035,101.426,500,0
155.986,t2_squeezenet,42605.986,93.671,500,0
156.083,t2_squeezenet,42622.650,96.908,500,0
156.181,t2_squeezenet,42605.518,97.814,500,0
156.281,t2_squeezenet,42672.496,99.609,500,0
156.378,t2_squeezenet,42766.098,97.514,500,0
156.479,t2_squeezenet,42742.598,100.441,500,0
156.578,t2_squeezenet,42779.333,98.826,500,0
156.680,t2_squeezenet,42865.206,101.876,499,0
156.746,t2_squeezenet,42741.956,66.437,498,0
156.790,t2_squeezenet,42717.850,43.868,499,0
156.883,t2_squeezenet,42806.241,92.746,499,0
156.981,t2_squeezenet,42899.868,98.328,500,0
157.080,t2_squeezenet,42993.825,98.378,500,0
157.178,t2_squeezenet,43001.500,98.018,499,0
157.270,t2_squeezenet,42889.427,91.875,499,0
157.370,t2_squeezenet,42949.077,100.242,500,0
157.472,t2_squeezenet,42972.674,101.864,500,0
157.565,t2_squeezenet,42984.366,93.314,500,0
157.664,t2_squeezenet,42926.464,98.881,500,0
157.732,t2_squeezenet,42968.345,67.890,500,0
157.778,t2_squeezenet,42912.602,46.218,500,0
157.876,t2_squeezenet,43008.078,97.568,500,0
157.969,t2_squeezenet,42949.864,93.472,500,0
158.069,t2_squeezenet,43041.325,99.157,499,0
158.165,t2_squeezenet,42801.645,95.874,500,0
158.265,t2_squeezenet,42823.251,100.419,500,0
158.357,t2_squeezenet,42894.458,92.111,499,0
158.456,t2_squeezenet,42945.772,98.527,500,0
158.497,t2_squeezenet,42974.058,41.562,499,0
158.596,t2_squeezenet,42960.192,98.495,498,0
158.691,t2_squeezenet,42931.030,94.848,500,0
158.760,t2_squeezenet,42924.814,69.631,499,0
158.857,t2_squeezenet,43004.005,96.317,499,0
158.955,t2_squeezenet,42998.027,98.597,499,0
159.054,t2_squeezenet,43063.306,98.824,498,0
159.098,t2_squeezenet,42954.299,43.268,498,0
159.192,t2_squeezenet,43009.098,94.021,498,0
159.287,t2_squeezenet,42757.790,95.157,499,0
159.385,t2_squeezenet,42634.935,97.991,499,0
159.479,t2_squeezenet,42697.850,93.581,500,0
159.574,t2_squeezenet,42789.301,94.970,500,0
159.675,t2_squeezenet,42816.887,101.119,500,0
159.744,t2_squeezenet,42828.388,69.176,500,0
159.786,t2_squeezenet,42644.352,42.026,499,0
159.876,t2_squeezenet,42696.641,89.689,499,0
159.971,t2_squeezenet,42789.385,95.051,499,0
160.073,t2_squeezenet,42881.433,102.444,498,0
160.168,t2_squeezenet,42888.771,94.252,497,0
160.262,t2_squeezenet,42965.270,94.394,496,0
160.359,t2_squeezenet,43011.389,96.674,495,0
160.461,t2_squeezenet,43027.588,102.392,496,0
160.559,t2_squeezenet,43022.760,97.471,496,0
160.600,t2_squeezenet,42986.114,40.951,496,0
160.693,t2_squeezenet,42937.449,93.051,496,0
160.765,t2_squeezenet,42959.618,71.957,495,0
160.859,t2_squeezenet,43044.158,94.304,495,0
160.954,t2_squeezenet,42922.163,94.757,495,0
160.995,t2_squeezenet,42920.027,40.515,495,0
161.089,t2_squeezenet,43002.854,94.139,495,0
161.184,t2_squeezenet,42918.926,95.582,496,0
161.279,t2_squeezenet,42994.748,94.208,496,0
161.373,t2_squeezenet,42918.869,93.900,498,0
161.467,t2_squeezenet,42735.158,94.495,499,0
161.564,t2_squeezenet,42763.071,96.849,500,0
161.663,t2_squeezenet,42780.204,98.881,500,0
161.728,t2_squeezenet,42838.545,65.532,499,0
161.775,t2_squeezenet,42846.625,46.047,499,0
161.872,t2_squeezenet,42878.551,97.629,500,0
161.972,t2_squeezenet,42974.566,99.252,500,0
162.066,t2_squeezenet,42983.793,94.821,500,0
162.166,t2_squeezenet,42961.241,99.388,500,0
162.261,t2_squeezenet,42872.219,95.128,500,0
162.359,t2_squeezenet,42923.251,98.337,500,0
162.457,t2_squeezenet,43011.603,97.291,499,0
162.497,t2_squeezenet,42923.744,40.254,498,0
162.592,t2_squeezenet,42914.199,94.992,498,0
162.692,t2_squeezenet,43008.099,99.459,498,0
162.756,t2_squeezenet,42961.645,64.066,498,0
162.854,t2_squeezenet,43056.066,98.174,498,0
162.956,t2_squeezenet,42998.343,102.162,499,0
163.054,t2_squeezenet,43016.181,98.079,500,0
163.093,t2_squeezenet,42872.862,38.980,499,0
163.192,t2_squeezenet,42965.467,98.523,500,0
163.289,t2_squeezenet,43008.597,96.928,499,0
163.387,t2_squeezenet,42938.470,97.665,499,0
163.481,t2_squeezenet,43002.546,94.652,499,0
163.577,t2_squeezenet,43005.615,96.021,499,0
163.673,t2_squeezenet,42963.452,95.630,499,0
163.743,t2_squeezenet,42981.778,69.720,498,0
163.787,t2_squeezenet,42989.612,44.590,498,0
163.882,t2_squeezenet,43015.610,94.238,499,0
163.976,t2_squeezenet,43007.139,94.267,498,0
164.077,t2_squeezenet,42969.750,100.903,498,0
164.171,t2_squeezenet,43008.590,94.545,498,0
164.267,t2_squeezenet,43052.545,95.348,498,0
164.365,t2_squeezenet,43023.204,97.753,499,0
164.465,t2_squeezenet,42869.648,100.788,500,0
164.563,t2_squeezenet,42871.698,97.707,499,0
164.661,t2_squeezenet,42916.447,97.490,500,0
164.733,t2_squeezenet,42979.127,72.562,500,0
164.778,t2_squeezenet,42878.202,44.603,499,0
164.874,t2_squeezenet,42945.260,96.459,498,0
164.967,t2_squeezenet,42901.971,92.849,498,0
165.065,t2_squeezenet,42908.098,97.310,498,0
165.160,t2_squeezenet,42979.138,95.025,497,0
165.263,t2_squeezenet,43072.941,103.061,498,0
165.359,t2_squeezenet,43046.056,96.344,499,0
165.459,t2_squeezenet,43128.364,99.343,500,0
165.556,t2_squeezenet,43054.286,97.259,500,0
165.657,t2_squeezenet,43062.000,100.981,500,0
165.732,t2_squeezenet,43110.317,74.853,500,0
165.774,t2_squeezenet,42884.421,42.321,500,0
165.869,t2_squeezenet,42874.434,95.188,500,0
165.970,t2_squeezenet,42947.634,100.618,499,0
166.064,t2_squeezenet,43026.888,93.751,498,0
166.160,t2_squeezenet,43091.111,96.579,498,0
166.256,t2_squeezenet,43100.473,95.806,500,0
166.356,t2_squeezenet,43189.895,99.517,499,0
166.398,t2_squeezenet,43117.814,42.555,500,0
166.492,t2_squeezenet,43064.005,93.748,499,0
166.594,t2_squeezenet,43146.325,101.305,500,0
166.691,t2_squeezenet,43145.763,96.927,500,0
166.765,t2_squeezenet,43110.078,74.702,499,0
166.858,t2_squeezenet,43128.593,92.238,499,0
166.955,t2_squeezenet,43173.723,97.811,498,0
166.999,t2_squeezenet,42941.724,43.738,497,0
167.096,t2_squeezenet,42998.433,96.382,497,0
167.191,t2_squeezenet,43046.381,94.909,498,0
167.285,t2_squeezenet,43111.753,94.664,498,0
167.383,t2_squeezenet,43175.334,97.537,497,0
167.480,t2_squeezenet,43189.889,96.827,497,0
167.580,t2_squeezenet,43208.085,99.810,498,0
167.679,t2_squeezenet,43180.919,99.211,500,0
167.747,t2_squeezenet,43156.677,68.386,500,0
167.794,t2_squeezenet,43036.170,46.205,500,0
167.884,t2_squeezenet,43071.045,89.926,500,0
167.981,t2_squeezenet,43156.541,97.775,500,0
168.076,t2_squeezenet,43169.603,94.664,500,0
168.177,t2_squeezenet,43266.485,100.793,499,0
168.272,t2_squeezenet,43219.935,94.781,498,0
168.368,t2_squeezenet,43257.482,96.117,499,0
168.461,t2_squeezenet,43259.302,92.678,499,0
168.562,t2_squeezenet,43219.309,101.519,500,0
168.663,t2_squeezenet,43258.808,100.563,499,0
168.732,t2_squeezenet,42878.078,68.923,500,0
168.776,t2_squeezenet,42778.904,44.016,499,0
168.872,t2_squeezenet,42874.796,96.372,499,0
168.975,t2_squeezenet,42937.589,102.878,500,0
169.070,t2_squeezenet,42997.861,95.219,499,0
169.166,t2_squeezenet,42964.341,95.494,498,0
169.263,t2_squeezenet,43037.138,97.369,497,0
169.358,t2_squeezenet,43022.025,94.772,498,0
169.462,t2_squeezenet,42980.752,103.701,498,0
169.557,t2_squeezenet,43051.937,94.680,500,0
169.655,t2_squeezenet,43142.037,98.538,500,0
169.699,t2_squeezenet,43173.615,43.279,499,0
169.770,t2_squeezenet,43158.067,71.523,498,0
169.865,t2_squeezenet,43157.350,95.068,498,0
169.964,t2_squeezenet,43010.808,99.263,497,0
170.059,t2_squeezenet,43054.342,94.763,500,0
170.159,t2_squeezenet,43147.032,99.662,500,0
170.257,t2_squeezenet,43217.061,97.910,500,0
170.299,t2_squeezenet,43238.744,41.955,500,0
170.394,t2_squeezenet,43270.468,94.506,499,0
170.493,t2_squeezenet,43285.014,99.707,499,0
170.588,t2_squeezenet,43292.180,94.658,498,0
170.688,t2_squeezenet,43303.889,99.636,498,0
170.756,t2_squeezenet,43263.240,68.423,499,0
170.855,t2_squeezenet,43235.345,98.570,500,0
170.897,t2_squeezenet,43134.895,41.806,499,0
170.989,t2_squeezenet,43102.751,92.174,499,0
171.087,t2_squeezenet,43128.059,97.876,499,0
171.182,t2_squeezenet,43192.955,95.078,500,0
171.278,t2_squeezenet,43228.825,95.897,500,0
171.372,t2_squeezenet,43229.139,94.323,499,0
171.469,t2_squeezenet,43303.907,97.090,498,0
171.565,t2_squeezenet,43294.801,95.109,498,0
171.661,t2_squeezenet,43303.943,95.990,497,0
171.733,t2_squeezenet,43183.994,71.997,496,0
171.775,t2_squeezenet,43200.372,42.111,495,0
171.864,t2_squeezenet,43272.292,88.969,495,0
171.961,t2_squeezenet,43220.226,97.672,496,0
172.064,t2_squeezenet,43292.761,102.738,495,0
172.161,t2_squeezenet,43240.238,96.805,497,0
172.257,t2_squeezenet,43226.342,95.916,497,0
172.356,t2_squeezenet,43233.130,99.119,496,0
172.399,t2_squeezenet,43227.544,42.830,495,0
172.491,t2_squeezenet,43295.445,91.910,494,0
172.585,t2_squeezenet,43157.876,93.613,495,0
172.681,t2_squeezenet,43227.982,96.374,495,0
172.755,t2_squeezenet,43229.844,73.536,496,0
172.797,t2_squeezenet,43197.464,42.726,497,0
172.889,t2_squeezenet,43215.865,91.236,498,0
172.985,t2_squeezenet,43218.902,95.895,499,0
173.081,t2_squeezenet,43265.743,96.391,500,0
173.183,t2_squeezenet,43354.321,101.777,500,0
173.276,t2_squeezenet,43370.141,93.086,500,0
173.371,t2_squeezenet,43377.409,94.911,500,0
173.472,t2_squeezenet,43350.668,100.722,499,0
173.571,t2_squeezenet,43303.074,99.079,500,0
173.664,t2_squeezenet,43366.162,92.872,499,0
173.734,t2_squeezenet,43331.598,70.449,499,0
173.781,t2_squeezenet,43299.342,46.484,498,0
173.873,t2_squeezenet,43114.652,91.853,500,0
173.968,t2_squeezenet,43050.426,94.659,500,0
174.068,t2_squeezenet,43095.639,100.357,500,0
174.163,t2_squeezenet,43034.203,95.002,500,0
174.262,t2_squeezenet,43070.774,98.449,499,0
174.363,t2_squeezenet,43072.934,100.867,498,0
174.460,t2_squeezenet,43161.409,97.225,500,0
174.558,t2_squeezenet,43215.708,98.613,500,0
174.655,t2_squeezenet,43258.798,96.621,500,0
174.696,t2_squeezenet,43275.254,40.469,499,0
174.764,t2_squeezenet,43303.171,68.034,500,0
174.855,t2_squeezenet,43238.101,91.493,499,0
174.899,t2_squeezenet,43138.306,43.369,499,0
174.995,t2_squeezenet,43154.840,96.130,499,0
175.089,t2_squeezenet,43117.296,94.189,500,0
175.188,t2_squeezenet,43131.098,98.439,500,0
175.284,t2_squeezenet,43153.922,96.005,500,0
175.381,t2_squeezenet,43249.354,97.731,499,0
175.480,t2_squeezenet,43202.215,99.092,499,0
175.574,t2_squeezenet,43241.792,93.485,498,0
175.669,t2_squeezenet,43310.186,95.402,497,0
175.742,t2_squeezenet,43322.728,72.893,497,0
175.790,t2_squeezenet,43265.352,47.241,496,0
175.881,t2_squeezenet,43213.527,91.078,498,0
175.975,t2_squeezenet,43258.827,94.138,498,0
176.073,t2_squeezenet,43275.829,98.279,498,0
176.169,t2_squeezenet,43343.766,95.227,500,0
176.261,t2_squeezenet,43366.355,92.574,500,0
176.361,t2_squeezenet,43217.237,99.992,499,0
176.459,t2_squeezenet,43307.975,97.615,499,0
176.561,t2_squeezenet,43084.074,102.247,500,0
176.657,t2_squeezenet,43013.507,95.740,500,0
176.725,t2_squeezenet,42964.878,67.559,500,0
176.769,t2_squeezenet,42910.414,44.291,499,0
176.862,t2_squeezenet,42971.857,92.749,499,0
176.960,t2_squeezenet,42877.650,98.168,500,0
177.001,t2_squeezenet,42898.771,40.734,499,0
177.089,t2_squeezenet,42924.262,88.315,500,0
177.185,t2_squeezenet,42978.107,95.528,500,0
177.281,t2_squeezenet,43061.347,96.366,499,0
177.375,t2_squeezenet,43099.980,94.199,498,0
177.468,t2_squeezenet,43152.425,92.852,499,0
177.564,t2_squeezenet,43229.104,96.164,500,0
177.660,t2_squeezenet,43250.025,95.125,499,0
177.728,t2_squeezenet,43274.427,68.399,498,0
177.768,t2_squeezenet,43135.881,40.104,497,0
177.859,t2_squeezenet,43138.791,90.360,498,0
177.960,t2_squeezenet,43234.512,101.121,498,0
178.054,t2_squeezenet,43298.903,93.904,499,0
178.095,t2_squeezenet,43292.540,41.167,498,0
178.193,t2_squeezenet,43258.466,97.678,500,0
178.288,t2_squeezenet,43167.882,95.132,500,0
178.383,t2_squeezenet,43237.099,95.440,500,0
178.478,t2_squeezenet,43158.019,94.296,499,0
178.574,t2_squeezenet,43227.467,95.963,499,0
178.667,t2_squeezenet,43313.313,93.101,500,0
178.743,t2_squeezenet,43300.621,76.122,499,0
178.785,t2_squeezenet,43265.046,41.792,499,0
178.871,t2_squeezenet,43273.762,86.482,499,0
178.967,t2_squeezenet,43243.856,95.721,499,0
179.063,t2_squeezenet,43262.704,96.096,500,0
179.159,t2_squeezenet,43356.344,95.540,499,0
179.254,t2_squeezenet,43333.319,95.189,499,0
179.293,t2_squeezenet,43170.032,39.249,498,0
179.387,t2_squeezenet,43226.194,93.480,500,0
179.488,t2_squeezenet,43261.039,100.743,500,0
179.577,t2_squeezenet,43216.588,89.035,500,0
179.671,t2_squeezenet,43283.307,94.003,500,0
179.742,t2_squeezenet,43267.578,71.451,499,0
179.788,t2_squeezenet,43233.902,45.794,498,0
179.876,t2_squeezenet,43251.518,88.284,499,0
179.972,t2_squeezenet,43200.855,95.204,500,0
180.070,t2_squeezenet,43298.451,98.042,500,0
180.171,t2_squeezenet,43215.714,100.915,500,0
180.265,t2_squeezenet,43297.031,94.351,500,0
180.358,t2_squeezenet,43258.353,93.352,500,0
180.457,t2_squeezenet,43337.853,98.836,499,0
180.555,t2_squeezenet,43363.137,97.686,498,0
180.596,t2_squeezenet,43204.273,40.645,497,0
180.688,t2_squeezenet,43246.738,92.411,497,0
180.756,t2_squeezenet,43227.564,67.655,497,0
180.802,t2_squeezenet,43267.508,45.850,497,0
180.896,t2_squeezenet,43306.878,93.872,500,0
180.996,t2_squeezenet,43306.158,100.452,500,0
181.089,t2_squeezenet,43235.056,92.477,500,0
181.184,t2_squeezenet,43297.567,94.767,499,0
181.284,t2_squeezenet,43363.441,100.265,499,0
181.380,t2_squeezenet,43355.735,96.553,498,0
181.480,t2_squeezenet,43394.707,99.208,497,0
181.575,t2_squeezenet,43275.265,95.257,496,0
181.671,t2_squeezenet,43301.460,96.179,495,0
181.747,t2_squeezenet,43376.265,75.746,495,0
181.789,t2_squeezenet,43328.360,42.411,495,0
181.880,t2_squeezenet,43348.440,90.036,497,0
181.977,t2_squeezenet,43252.548,97.246,498,0
182.076,t2_squeezenet,43263.002,99.024,500,0
182.173,t2_squeezenet,43338.430,96.896,500,0
182.266,t2_squeezenet,43415.247,93.331,500,0
182.362,t2_squeezenet,43472.876,95.355,500,0
182.465,t2_squeezenet,43466.069,103.663,500,0
182.559,t2_squeezenet,43436.083,93.575,500,0
182.654,t2_squeezenet,43471.626,94.862,500,0
182.695,t2_squeezenet,43102.978,41.453,499,0
182.767,t2_squeezenet,43156.858,71.559,498,0
182.824,t2_squeezenet,43088.031,57.076,497,0
182.886,t2_squeezenet,43074.246,61.840,498,0
182.944,t2_squeezenet,43038.983,58.150,497,0
183.001,t2_squeezenet,43086.521,56.440,496,0
183.068,t2_squeezenet,43108.853,66.763,495,0
183.123,t2_squeezenet,43153.471,55.228,494,0
183.179,t2_squeezenet,43173.956,56.088,493,0
183.238,t2_squeezenet,43092.928,59.261,492,0
183.297,t2_squeezenet,43135.430,58.526,492,0
183.343,t2_squeezenet,43060.689,45.914,492,0
183.385,t2_squeezenet,43093.301,42.469,492,0
183.429,t2_squeezenet,43059.522,44.137,492,0
183.477,t2_squeezenet,43001.138,47.231,491,0
183.522,t2_squeezenet,42968.707,44.739,490,0
183.564,t2_squeezenet,42767.521,42.110,491,0
183.607,t2_squeezenet,42792.684,43.620,491,0
183.651,t2_squeezenet,42767.062,43.522,491,0
183.697,t2_squeezenet,42636.736,45.835,490,0
183.741,t2_squeezenet,42600.512,43.789,489,0
183.784,t2_squeezenet,42438.601,42.946,488,0
183.831,t2_squeezenet,42421.903,46.823,488,0
183.878,t2_squeezenet,42463.553,47.750,488,0
183.921,t2_squeezenet,42445.112,42.904,489,0
183.965,t2_squeezenet,42448.689,43.472,489,0
184.009,t2_squeezenet,42452.823,43.629,489,0
184.053,t2_squeezenet,42372.277,43.979,490,0
184.099,t2_squeezenet,42415.675,46.721,489,0
184.143,t2_squeezenet,42440.834,43.349,488,0
184.186,t2_squeezenet,42332.402,43.286,487,0
184.233,t2_squeezenet,42355.378,46.426,487,0
184.279,t2_squeezenet,42358.872,46.484,486,0
184.322,t2_squeezenet,42327.981,42.792,487,0
184.366,t2_squeezenet,42288.189,43.840,486,0
184.411,t2_squeezenet,42194.754,45.410,486,0
184.456,t2_squeezenet,42144.408,44.832,485,0
184.501,t2_squeezenet,42029.641,44.422,486,0
184.542,t2_squeezenet,41933.037,41.701,486,0
184.586,t2_squeezenet,41945.212,43.394,486,0
184.635,t2_squeezenet,41981.795,48.784,485,0
184.680,t2_squeezenet,41984.536,45.492,486,0
184.722,t2_squeezenet,41808.582,41.808,486,0
184.768,t2_squeezenet,41820.557,45.857,486,0
184.812,t2_squeezenet,41844.008,44.029,486,0
184.857,t2_squeezenet,41826.802,45.492,487,0
184.902,t2_squeezenet,41805.927,44.733,486,0
184.942,t2_squeezenet,41717.330,39.780,485,0
184.983,t2_squeezenet,41510.050,41.134,484,0
185.026,t2_squeezenet,41533.929,42.677,483,0
