t_s,tenant,latency_ms,service_ms,qdepth,warmup
0.074,t2_squeezenet,63.775,62.638,1,1
0.117,t2_squeezenet,46.107,43.150,2,1
0.160,t2_squeezenet,61.156,42.203,3,1
0.208,t2_squeezenet,94.825,47.994,3,1
0.253,t2_squeezenet,111.733,44.990,3,1
0.299,t2_squeezenet,143.802,46.413,2,1
0.343,t2_squeezenet,154.073,43.848,1,1
0.388,t2_squeezenet,179.059,45.434,3,1
0.438,t2_squeezenet,74.996,49.413,3,1
0.485,t2_squeezenet,120.380,47.153,3,1
0.527,t2_squeezenet,154.024,42.295,3,1
0.574,t2_squeezenet,147.779,46.653,4,1
0.620,t2_squeezenet,154.919,46.243,4,1
0.666,t2_squeezenet,141.302,45.276,3,1
0.702,t2_squeezenet,172.805,36.076,2,1
0.738,t2_squeezenet,204.477,35.783,5,1
0.774,t2_squeezenet,173.575,35.771,6,1
0.809,t2_squeezenet,102.773,35.297,7,1
0.848,t2_squeezenet,132.753,38.655,7,1
0.884,t2_squeezenet,155.150,36.283,7,1
0.920,t2_squeezenet,189.121,35.984,7,1
0.957,t2_squeezenet,214.433,37.416,7,1
0.993,t2_squeezenet,220.665,35.983,7,1
1.029,t2_squeezenet,249.195,35.339,8,1
1.064,t2_squeezenet,281.229,35.040,8,1
1.100,t2_squeezenet,254.916,35.870,7,1
1.136,t2_squeezenet,254.291,35.915,7,1
1.172,t2_squeezenet,257.513,35.822,8,1
1.214,t2_squeezenet,264.620,42.343,7,1
1.257,t2_squeezenet,274.176,43.097,6,1
1.301,t2_squeezenet,294.530,43.898,6,1
1.349,t2_squeezenet,340.566,48.293,9,1
1.397,t2_squeezenet,346.441,47.664,10,1
1.439,t2_squeezenet,324.444,42.082,10,1
1.484,t2_squeezenet,342.282,44.971,9,1
1.531,t2_squeezenet,377.426,46.322,8,1
1.576,t2_squeezenet,288.103,45.657,9,1
1.631,t2_squeezenet,308.928,54.935,10,1
1.692,t2_squeezenet,363.738,60.383,11,1
1.764,t2_squeezenet,428.589,72.528,11,1
1.821,t2_squeezenet,480.174,57.029,10,1
1.882,t2_squeezenet,520.903,60.178,10,1
1.934,t2_squeezenet,556.255,52.485,10,1
1.979,t2_squeezenet,568.592,44.489,11,1
2.028,t2_squeezenet,494.898,49.566,13,1
2.074,t2_squeezenet,516.525,45.720,15,1
2.117,t2_squeezenet,523.545,43.290,17,1
2.163,t2_squeezenet,537.636,45.873,17,1
2.207,t2_squeezenet,568.522,43.988,18,1
2.257,t2_squeezenet,575.307,49.404,18,1
2.300,t2_squeezenet,580.453,43.378,17,1
2.344,t2_squeezenet,490.592,43.619,16,1
2.391,t2_squeezenet,484.659,47.374,15,1
2.440,t2_squeezenet,504.372,49.052,16,1
2.483,t2_squeezenet,505.133,42.785,16,1
2.530,t2_squeezenet,541.602,46.262,15,1
2.575,t2_squeezenet,582.192,45.436,15,1
2.623,t2_squeezenet,628.330,47.587,18,1
2.670,t2_squeezenet,636.342,47.166,17,1
2.712,t2_squeezenet,663.355,42.150,20,1
2.757,t2_squeezenet,697.579,44.798,19,1
2.805,t2_squeezenet,710.955,48.222,21,1
2.851,t2_squeezenet,751.903,45.899,21,1
2.895,t2_squeezenet,784.090,44.229,24,1
2.942,t2_squeezenet,779.659,46.669,25,1
2.989,t2_squeezenet,823.681,47.166,25,1
3.038,t2_squeezenet,871.634,48.507,24,1
3.081,t2_squeezenet,851.542,43.254,23,1
3.125,t2_squeezenet,725.771,43.750,22,1
3.173,t2_squeezenet,739.017,48.081,22,1
3.221,t2_squeezenet,767.067,47.960,22,1
3.264,t2_squeezenet,705.046,42.308,21,1
3.309,t2_squeezenet,732.715,45.407,22,1
3.355,t2_squeezenet,775.354,45.668,23,1
3.400,t2_squeezenet,811.791,45.262,23,1
3.447,t2_squeezenet,842.650,46.875,22,1
3.490,t2_squeezenet,811.755,43.213,25,1
3.535,t2_squeezenet,841.368,44.289,26,1
3.585,t2_squeezenet,888.361,50.757,28,1
3.630,t2_squeezenet,926.306,44.919,28,1
3.675,t2_squeezenet,912.776,44.192,27,1
3.720,t2_squeezenet,955.910,45.479,27,1
3.766,t2_squeezenet,966.647,45.993,27,1
3.811,t2_squeezenet,1004.852,44.774,30,1
3.847,t2_squeezenet,985.221,35.864,30,1
3.881,t2_squeezenet,1004.321,33.952,30,1
3.917,t2_squeezenet,1034.553,36.178,29,1
3.956,t2_squeezenet,1062.715,38.768,31,1
3.992,t2_squeezenet,1095.980,36.375,32,1
4.029,t2_squeezenet,1111.516,36.254,32,1
4.065,t2_squeezenet,1107.380,36.748,31,1
4.104,t2_squeezenet,959.502,38.944,33,1
4.147,t2_squeezenet,935.146,42.131,32,1
4.192,t2_squeezenet,926.939,45.433,32,1
4.238,t2_squeezenet,959.545,45.508,32,1
4.286,t2_squeezenet,958.385,48.449,33,1
4.329,t2_squeezenet,988.303,43.260,36,1
4.374,t2_squeezenet,1015.094,44.872,39,1
4.420,t2_squeezenet,970.171,45.283,39,1
4.470,t2_squeezenet,1000.806,50.440,40,1
4.515,t2_squeezenet,1042.603,44.441,39,1
4.558,t2_squeezenet,1083.333,43.020,45,1
4.605,t2_squeezenet,1099.075,47.118,48,1
4.652,t2_squeezenet,1129.668,46.593,47,1
4.698,t2_squeezenet,1156.772,46.190,47,1
4.741,t2_squeezenet,1199.251,43.137,48,1
4.785,t2_squeezenet,1213.799,44.223,49,1
4.831,t2_squeezenet,1210.319,45.317,49,1
4.879,t2_squeezenet,1195.856,48.380,49,1
4.922,t2_squeezenet,1190.759,43.028,48,1
4.969,t2_squeezenet,1193.282,46.371,48,1
5.015,t2_squeezenet,1234.496,46.848,47,1
5.063,t2_squeezenet,1269.221,47.607,50,1
5.109,t2_squeezenet,1310.656,45.789,51,1
5.154,t2_squeezenet,1313.765,45.171,51,1
5.199,t2_squeezenet,1324.700,44.492,53,1
5.249,t2_squeezenet,1327.059,50.057,53,1
5.293,t2_squeezenet,1364.534,43.933,56,1
5.334,t2_squeezenet,1382.003,41.565,57,1
5.380,t2_squeezenet,1424.254,45.777,57,1
5.427,t2_squeezenet,1451.208,46.200,59,1
5.472,t2_squeezenet,1459.590,45.730,59,1
5.519,t2_squeezenet,1444.933,46.430,59,1
5.563,t2_squeezenet,1478.294,44.605,59,1
5.612,t2_squeezenet,1513.417,48.379,58,1
5.661,t2_squeezenet,1509.842,49.389,60,1
5.703,t2_squeezenet,1487.690,41.347,59,1
5.748,t2_squeezenet,1494.742,44.807,59,1
5.794,t2_squeezenet,1509.977,46.226,58,1
5.842,t2_squeezenet,1544.518,47.690,57,1
5.885,t2_squeezenet,1570.258,42.976,60,1
5.930,t2_squeezenet,1607.501,45.167,60,1
5.974,t2_squeezenet,1651.441,44.464,60,1
6.025,t2_squeezenet,1685.501,50.666,62,1
6.070,t2_squeezenet,1723.792,44.658,64,1
6.113,t2_squeezenet,1760.930,42.758,65,1
6.160,t2_squeezenet,1801.511,47.761,67,1
6.207,t2_squeezenet,1815.280,46.746,66,1
6.253,t2_squeezenet,1794.576,45.471,65,1
6.297,t2_squeezenet,1829.254,43.813,64,1
6.341,t2_squeezenet,1826.059,44.434,63,1
6.387,t2_squeezenet,1866.639,46.319,62,1
6.436,t2_squeezenet,1911.365,48.440,64,1
6.478,t2_squeezenet,1946.167,41.995,65,1
6.524,t2_squeezenet,1981.587,45.892,65,1
6.571,t2_squeezenet,2018.720,47.095,64,1
6.618,t2_squeezenet,2063.159,46.540,63,1
6.663,t2_squeezenet,2096.826,45.130,63,1
6.707,t2_squeezenet,2129.062,44.549,64,1
6.752,t2_squeezenet,2152.661,44.088,64,1
6.802,t2_squeezenet,2200.625,50.742,64,1
6.847,t2_squeezenet,2183.379,44.852,66,1
6.890,t2_squeezenet,2157.229,43.213,68,1
6.936,t2_squeezenet,2195.622,45.287,68,1
6.984,t2_squeezenet,2229.622,47.764,67,1
7.028,t2_squeezenet,2243.611,44.523,67,1
7.075,t2_squeezenet,2262.504,46.502,67,1
7.120,t2_squeezenet,2243.953,45.301,69,1
7.168,t2_squeezenet,2216.128,47.843,68,1
7.216,t2_squeezenet,2190.643,48.464,70,1
7.259,t2_squeezenet,2220.252,42.136,70,1
7.305,t2_squeezenet,2260.767,45.787,70,1
7.352,t2_squeezenet,2294.145,47.141,69,1
7.398,t2_squeezenet,2298.947,46.160,69,1
7.443,t2_squeezenet,2338.506,44.928,68,1
7.486,t2_squeezenet,2342.252,42.905,68,1
7.531,t2_squeezenet,2370.640,45.376,68,1
7.582,t2_squeezenet,2389.538,50.923,69,1
7.627,t2_squeezenet,2430.925,44.390,68,1
7.670,t2_squeezenet,2459.266,43.435,68,1
7.718,t2_squeezenet,2465.872,47.420,67,1
7.765,t2_squeezenet,2498.483,47.862,69,1
7.811,t2_squeezenet,2525.924,45.482,68,1
7.855,t2_squeezenet,2562.734,43.948,68,1
7.899,t2_squeezenet,2579.929,43.668,68,1
7.948,t2_squeezenet,2621.497,49.500,70,1
7.994,t2_squeezenet,2620.343,45.400,69,1
8.036,t2_squeezenet,2619.953,42.513,69,1
8.082,t2_squeezenet,2660.662,46.000,70,1
8.131,t2_squeezenet,2707.773,48.309,75,1
8.178,t2_squeezenet,2706.568,47.194,75,1
8.222,t2_squeezenet,2703.557,44.152,76,1
8.268,t2_squeezenet,2742.047,45.873,75,1
8.313,t2_squeezenet,2689.053,45.398,76,1
8.363,t2_squeezenet,2733.373,49.340,77,1
8.406,t2_squeezenet,2748.574,43.209,78,1
8.448,t2_squeezenet,2707.246,42.114,79,1
8.494,t2_squeezenet,2641.995,45.666,80,1
8.542,t2_squeezenet,2679.757,47.681,79,1
8.586,t2_squeezenet,2716.651,43.527,78,1
8.633,t2_squeezenet,2755.286,47.024,79,1
8.677,t2_squeezenet,2758.978,44.750,79,1
8.726,t2_squeezenet,2760.425,48.528,80,1
8.773,t2_squeezenet,2796.712,47.179,83,1
8.815,t2_squeezenet,2817.779,42.153,84,1
8.859,t2_squeezenet,2844.465,44.094,84,1
8.906,t2_squeezenet,2879.461,46.225,83,1
8.954,t2_squeezenet,2909.324,48.293,86,1
8.995,t2_squeezenet,2950.194,41.122,86,1
9.040,t2_squeezenet,2962.671,45.002,85,1
9.086,t2_squeezenet,2980.288,45.842,87,1
9.137,t2_squeezenet,3012.431,50.462,88,1
9.180,t2_squeezenet,3041.236,43.482,88,1
9.223,t2_squeezenet,3078.268,43.075,89,1
9.271,t2_squeezenet,2883.294,47.546,90,1
9.318,t2_squeezenet,2917.237,47.493,91,1
9.363,t2_squeezenet,2958.491,44.420,93,1
9.408,t2_squeezenet,2958.235,44.733,93,1
9.452,t2_squeezenet,2983.202,44.128,95,1
9.499,t2_squeezenet,2992.516,46.538,95,1
9.546,t2_squeezenet,2907.408,47.063,94,1
9.588,t2_squeezenet,2890.865,42.018,96,1
9.635,t2_squeezenet,2931.797,46.745,97,1
9.684,t2_squeezenet,2944.610,48.930,96,1
9.730,t2_squeezenet,2942.261,45.904,96,1
9.774,t2_squeezenet,2955.652,43.996,97,1
9.819,t2_squeezenet,2981.847,45.659,97,1
9.863,t2_squeezenet,3019.779,43.921,96,1
9.914,t2_squeezenet,3064.446,50.781,100,1
9.958,t2_squeezenet,3091.402,43.344,99,1
9.999,t2_squeezenet,3123.085,41.813,99,1
10.046,t2_squeezenet,3128.325,46.226,101,1
10.093,t2_squeezenet,3066.213,47.574,103,1
10.138,t2_squeezenet,3080.422,44.156,103,1
10.184,t2_squeezenet,3107.515,46.661,102,1
10.229,t2_squeezenet,3140.686,44.547,102,1
10.278,t2_squeezenet,3187.442,49.164,104,1
10.325,t2_squeezenet,3150.004,46.352,103,1
10.367,t2_squeezenet,3187.864,41.908,103,1
10.412,t2_squeezenet,3231.981,45.678,104,1
10.459,t2_squeezenet,3205.230,47.070,106,1
10.505,t2_squeezenet,3214.389,45.079,107,1
10.549,t2_squeezenet,3154.086,43.793,108,1
10.593,t2_squeezenet,3129.499,44.794,108,1
10.640,t2_squeezenet,3108.945,46.228,107,1
10.690,t2_squeezenet,3157.012,50.175,111,1
10.735,t2_squeezenet,3171.000,44.859,112,1
10.779,t2_squeezenet,3117.247,44.178,113,1
10.828,t2_squeezenet,3106.217,49.126,112,1
10.876,t2_squeezenet,3125.657,48.154,112,1
10.922,t2_squeezenet,3161.775,45.887,112,1
10.967,t2_squeezenet,3137.047,45.101,111,1
11.012,t2_squeezenet,3147.717,44.771,110,1
11.062,t2_squeezenet,3155.795,49.592,110,1
11.107,t2_squeezenet,3195.588,45.362,110,1
11.148,t2_squeezenet,3230.333,40.758,111,1
11.195,t2_squeezenet,3199.053,47.099,111,1
11.244,t2_squeezenet,3196.010,48.968,110,1
11.289,t2_squeezenet,3235.648,44.791,111,1
11.336,t2_squeezenet,3244.427,46.951,113,1
11.381,t2_squeezenet,3281.859,45.047,114,1
11.429,t2_squeezenet,3320.141,47.423,115,1
11.481,t2_squeezenet,3370.826,52.711,114,1
11.525,t2_squeezenet,3407.666,43.426,116,1
11.571,t2_squeezenet,3441.867,46.140,116,1
11.619,t2_squeezenet,3466.502,47.756,116,1
11.664,t2_squeezenet,3470.976,45.299,117,1
11.708,t2_squeezenet,3489.603,43.533,117,1
11.751,t2_squeezenet,3475.148,43.582,116,1
11.798,t2_squeezenet,3516.871,47.035,117,1
11.850,t2_squeezenet,3500.041,51.092,117,1
11.892,t2_squeezenet,3534.938,42.042,116,1
11.938,t2_squeezenet,3568.828,45.756,118,1
11.988,t2_squeezenet,3618.070,50.208,118,1
12.035,t2_squeezenet,3596.115,47.252,119,1
12.080,t2_squeezenet,3632.875,45.258,119,1
12.127,t2_squeezenet,3647.121,46.243,119,1
12.172,t2_squeezenet,3680.871,45.321,118,1
12.221,t2_squeezenet,3632.117,49.093,119,1
12.266,t2_squeezenet,3656.114,44.986,119,1
12.308,t2_squeezenet,3660.428,42.018,119,1
12.356,t2_squeezenet,3673.962,47.354,120,1
12.402,t2_squeezenet,3691.724,46.547,119,1
12.446,t2_squeezenet,3717.422,43.702,119,1
12.491,t2_squeezenet,3735.547,45.151,122,1
12.538,t2_squeezenet,3780.115,46.478,122,1
12.586,t2_squeezenet,3823.565,48.066,124,1
12.635,t2_squeezenet,3861.432,48.905,126,1
12.678,t2_squeezenet,3897.952,42.907,128,1
12.722,t2_squeezenet,3866.949,44.167,129,1
12.773,t2_squeezenet,3861.458,51.255,130,1
12.819,t2_squeezenet,3895.609,45.813,130,1
12.864,t2_squeezenet,3928.700,44.548,131,1
12.910,t2_squeezenet,3969.952,45.578,134,1
12.957,t2_squeezenet,3962.849,47.528,135,1
13.004,t2_squeezenet,3954.652,46.786,137,1
13.047,t2_squeezenet,3980.238,43.305,138,1
13.091,t2_squeezenet,4016.046,43.246,138,1
13.139,t2_squeezenet,4010.909,48.411,137,1
13.189,t2_squeezenet,4055.875,49.695,138,1
13.232,t2_squeezenet,4085.727,43.105,138,1
13.279,t2_squeezenet,4096.782,46.833,138,1
13.326,t2_squeezenet,4136.595,47.127,139,1
13.374,t2_squeezenet,4148.489,47.958,139,1
13.421,t2_squeezenet,4163.412,46.942,141,1
13.464,t2_squeezenet,4185.281,42.471,141,1
13.507,t2_squeezenet,4221.033,43.493,141,1
13.558,t2_squeezenet,4222.536,50.778,140,1
13.602,t2_squeezenet,4264.488,43.610,141,1
13.646,t2_squeezenet,4304.304,44.378,142,1
13.693,t2_squeezenet,4318.893,46.874,144,1
13.740,t2_squeezenet,4319.233,46.776,143,1
13.788,t2_squeezenet,4353.089,47.866,142,1
13.832,t2_squeezenet,4387.794,44.302,142,1
13.877,t2_squeezenet,4404.963,45.009,143,1
13.929,t2_squeezenet,4381.346,51.445,143,1
13.976,t2_squeezenet,4428.503,47.443,146,1
14.018,t2_squeezenet,4437.744,42.143,146,1
14.066,t2_squeezenet,4464.798,47.279,146,1
14.110,t2_squeezenet,4497.393,44.789,147,1
14.156,t2_squeezenet,4448.277,45.878,150,1
14.204,t2_squeezenet,4451.270,47.251,152,1
14.245,t2_squeezenet,4472.939,40.963,152,1
14.289,t2_squeezenet,4509.421,44.650,152,1
14.342,t2_squeezenet,4468.910,52.830,155,1
14.386,t2_squeezenet,4502.581,43.288,154,1
14.430,t2_squeezenet,4523.330,44.078,154,1
14.478,t2_squeezenet,4568.595,48.236,157,1
14.525,t2_squeezenet,4613.188,47.172,159,1
14.572,t2_squeezenet,4606.033,46.572,160,1
14.616,t2_squeezenet,4612.648,44.451,160,1
14.660,t2_squeezenet,4649.148,43.315,159,1
14.709,t2_squeezenet,4667.964,49.322,159,1
14.756,t2_squeezenet,4695.336,46.710,158,1
14.798,t2_squeezenet,4736.085,42.492,159,1
14.843,t2_squeezenet,4756.291,44.364,159,1
14.893,t2_squeezenet,4764.253,50.131,159,1
14.940,t2_squeezenet,4732.800,47.345,159,1
14.986,t2_squeezenet,4728.715,45.961,159,1
15.031,t2_squeezenet,4769.200,44.733,159,1
15.077,t2_squeezenet,4805.907,45.838,160,1
15.128,t2_squeezenet,4792.410,50.473,161,1
15.171,t2_squeezenet,4769.716,43.427,161,1
15.217,t2_squeezenet,4814.609,46.083,163,1
15.264,t2_squeezenet,4847.069,46.525,165,1
15.311,t2_squeezenet,4874.589,46.862,164,1
15.357,t2_squeezenet,4912.695,46.260,163,1
15.401,t2_squeezenet,4940.380,44.008,163,1
15.446,t2_squeezenet,4955.725,45.086,162,1
15.495,t2_squeezenet,4982.060,48.693,162,1
15.539,t2_squeezenet,5002.501,44.450,161,1
15.582,t2_squeezenet,4991.593,42.609,163,1
15.630,t2_squeezenet,4973.214,47.884,163,1
15.678,t2_squeezenet,5016.854,47.930,163,1
15.723,t2_squeezenet,5058.892,44.922,164,1
15.770,t2_squeezenet,5095.787,46.650,163,1
15.814,t2_squeezenet,5125.971,44.303,163,1
15.863,t2_squeezenet,5149.831,49.150,164,1
15.911,t2_squeezenet,5197.492,47.876,165,1
15.955,t2_squeezenet,5197.155,43.475,166,1
16.000,t2_squeezenet,5223.140,45.023,167,1
16.048,t2_squeezenet,5207.219,47.878,166,1
16.093,t2_squeezenet,5181.482,44.872,166,1
16.138,t2_squeezenet,5109.531,45.293,166,1
16.183,t2_squeezenet,5095.451,44.923,165,1
16.229,t2_squeezenet,5113.178,45.545,166,1
16.281,t2_squeezenet,5161.533,52.248,170,1
16.325,t2_squeezenet,5147.207,43.676,170,1
16.368,t2_squeezenet,5123.127,43.017,170,1
16.416,t2_squeezenet,5160.777,48.770,171,1
16.464,t2_squeezenet,5157.358,47.357,172,1
16.508,t2_squeezenet,5197.376,43.737,172,1
16.553,t2_squeezenet,5220.218,45.582,173,1
16.598,t2_squeezenet,5242.571,44.508,172,1
16.642,t2_squeezenet,5279.183,44.200,172,1
16.692,t2_squeezenet,5302.118,49.457,171,1
16.734,t2_squeezenet,5335.789,42.656,173,1
16.780,t2_squeezenet,5294.689,45.851,175,1
16.828,t2_squeezenet,5340.915,47.724,176,1
16.874,t2_squeezenet,5352.664,46.434,177,1
16.919,t2_squeezenet,5357.244,44.101,177,1
16.965,t2_squeezenet,5367.385,46.223,177,1
17.009,t2_squeezenet,5369.242,44.341,177,1
17.059,t2_squeezenet,5410.784,49.692,180,1
17.103,t2_squeezenet,5399.389,43.849,179,1
17.145,t2_squeezenet,5363.570,42.197,178,1
17.192,t2_squeezenet,5407.965,46.544,177,1
17.241,t2_squeezenet,5426.984,48.775,178,1
17.286,t2_squeezenet,5393.048,44.643,178,1
17.331,t2_squeezenet,5422.713,45.263,177,1
17.376,t2_squeezenet,5452.952,45.018,179,1
17.423,t2_squeezenet,5461.984,47.405,179,1
17.472,t2_squeezenet,5467.481,48.249,181,1
17.514,t2_squeezenet,5482.212,42.035,182,1
17.557,t2_squeezenet,5496.762,43.504,181,1
17.607,t2_squeezenet,5522.998,48.954,181,1
17.652,t2_squeezenet,5466.001,45.451,180,1
17.694,t2_squeezenet,5506.776,41.452,184,1
17.741,t2_squeezenet,5517.039,46.796,185,1
17.787,t2_squeezenet,5494.714,46.472,185,1
17.836,t2_squeezenet,5505.724,48.840,187,1
17.881,t2_squeezenet,5545.513,44.527,186,1
17.925,t2_squeezenet,5512.081,43.942,185,1
17.972,t2_squeezenet,5523.404,47.659,185,1
18.022,t2_squeezenet,5543.486,49.985,189,1
18.065,t2_squeezenet,5577.644,42.616,189,1
18.110,t2_squeezenet,5619.704,44.584,189,1
18.155,t2_squeezenet,5641.615,45.383,189,1
18.201,t2_squeezenet,5660.328,46.382,191,1
18.248,t2_squeezenet,5672.021,46.418,192,1
18.291,t2_squeezenet,5708.515,42.393,192,1
18.336,t2_squeezenet,5727.811,45.375,194,1
18.386,t2_squeezenet,5774.169,50.192,196,1
18.432,t2_squeezenet,5798.289,46.060,195,1
18.475,t2_squeezenet,5824.230,42.285,194,1
18.523,t2_squeezenet,5854.667,48.305,195,1
18.568,t2_squeezenet,5891.483,45.292,196,1
18.616,t2_squeezenet,5927.626,47.583,196,1
18.659,t2_squeezenet,5957.473,43.208,197,1
18.703,t2_squeezenet,5966.716,43.357,198,1
18.747,t2_squeezenet,5997.762,43.876,198,1
18.796,t2_squeezenet,5999.595,49.372,198,1
18.840,t2_squeezenet,6015.315,44.357,201,1
18.886,t2_squeezenet,6054.156,45.924,203,1
18.934,t2_squeezenet,6062.971,47.402,203,1
18.981,t2_squeezenet,6100.645,47.044,202,1
19.029,t2_squeezenet,6141.098,48.068,201,1
19.071,t2_squeezenet,6164.311,42.422,201,1
19.115,t2_squeezenet,6199.458,43.325,200,1
19.163,t2_squeezenet,6211.666,48.082,199,1
19.209,t2_squeezenet,6240.134,46.402,199,1
19.249,t2_squeezenet,6276.669,39.599,198,1
19.296,t2_squeezenet,6307.504,46.581,198,1
19.342,t2_squeezenet,6328.042,46.231,199,1
19.389,t2_squeezenet,6372.641,46.965,199,1
19.435,t2_squeezenet,6356.862,45.856,199,1
19.479,t2_squeezenet,6338.155,44.091,200,1
19.527,t2_squeezenet,6377.620,47.600,204,1
19.576,t2_squeezenet,6384.648,48.947,203,1
19.619,t2_squeezenet,6347.266,42.893,205,1
19.663,t2_squeezenet,6343.404,44.106,205,1
19.709,t2_squeezenet,6387.462,46.215,204,1
19.754,t2_squeezenet,6427.589,45.057,206,1
19.801,t2_squeezenet,6414.297,46.383,206,1
19.845,t2_squeezenet,6454.096,44.242,206,1
19.890,t2_squeezenet,6472.075,45.310,206,1
19.941,t2_squeezenet,6483.943,50.526,207,1
19.988,t2_squeezenet,6491.199,47.057,208,1
20.030,t2_squeezenet,6466.206,42.400,207,0
20.076,t2_squeezenet,6493.290,45.646,207,0
20.123,t2_squeezenet,6489.038,46.472,208,0
20.168,t2_squeezenet,6522.624,45.819,209,0
20.213,t2_squeezenet,6552.529,44.526,211,0
20.256,t2_squeezenet,6575.109,42.796,211,0
20.300,t2_squeezenet,6609.198,43.868,211,0
20.351,t2_squeezenet,6541.561,51.373,210,0
20.395,t2_squeezenet,6559.742,43.341,209,0
20.437,t2_squeezenet,6594.262,42.705,210,0
20.486,t2_squeezenet,6572.633,48.085,211,0
20.532,t2_squeezenet,6603.013,46.553,212,0
20.579,t2_squeezenet,6642.904,46.380,214,0
20.621,t2_squeezenet,6669.500,42.638,214,0
20.666,t2_squeezenet,6691.114,44.417,213,0
20.711,t2_squeezenet,6733.869,45.333,213,0
20.759,t2_squeezenet,6731.788,47.364,212,0
20.802,t2_squeezenet,6718.938,42.807,211,0
20.847,t2_squeezenet,6744.809,45.782,210,0
20.894,t2_squeezenet,6762.455,46.396,210,0
20.942,t2_squeezenet,6799.896,47.867,213,0
20.987,t2_squeezenet,6843.889,44.986,213,0
21.030,t2_squeezenet,6885.368,43.402,212,0
21.076,t2_squeezenet,6917.966,45.653,212,0
21.126,t2_squeezenet,6953.911,49.616,213,0
21.168,t2_squeezenet,6965.009,42.536,212,0
21.211,t2_squeezenet,7003.488,42.722,211,0
21.258,t2_squeezenet,7010.749,46.662,210,0
21.306,t2_squeezenet,7014.099,48.321,212,0
21.352,t2_squeezenet,7052.119,45.584,212,0
21.397,t2_squeezenet,7077.512,45.322,213,0
21.441,t2_squeezenet,7100.815,43.830,212,0
21.489,t2_squeezenet,7077.971,47.504,216,0
21.537,t2_squeezenet,7092.305,48.815,215,0
21.579,t2_squeezenet,7127.674,41.660,215,0
21.623,t2_squeezenet,7157.069,44.147,216,0
21.670,t2_squeezenet,7202.047,46.922,217,0
21.716,t2_squeezenet,7235.987,45.720,219,0
21.761,t2_squeezenet,7258.851,44.765,222,0
21.805,t2_squeezenet,7293.333,44.074,224,0
21.850,t2_squeezenet,7324.358,45.356,223,0
21.901,t2_squeezenet,7349.498,50.191,225,0
21.947,t2_squeezenet,7354.402,46.709,227,0
21.990,t2_squeezenet,7295.115,42.944,227,0
22.036,t2_squeezenet,7260.727,45.736,229,0
22.083,t2_squeezenet,7303.417,46.721,229,0
22.127,t2_squeezenet,7297.534,44.010,228,0
22.171,t2_squeezenet,7308.381,44.060,228,0
22.215,t2_squeezenet,7316.972,44.110,228,0
22.261,t2_squeezenet,7293.684,45.420,229,0
22.311,t2_squeezenet,7302.013,50.206,229,0
22.353,t2_squeezenet,7312.959,42.164,230,0
22.398,t2_squeezenet,7337.279,44.359,232,0
22.444,t2_squeezenet,7361.328,46.630,232,0
22.492,t2_squeezenet,7373.899,47.810,232,0
22.536,t2_squeezenet,7404.250,43.529,232,0
22.580,t2_squeezenet,7407.743,44.025,231,0
22.624,t2_squeezenet,7421.722,43.999,233,0
22.673,t2_squeezenet,7468.924,49.201,234,0
22.717,t2_squeezenet,7488.050,43.821,234,0
22.759,t2_squeezenet,7517.210,42.057,235,0
22.806,t2_squeezenet,7549.756,47.024,235,0
22.855,t2_squeezenet,7458.845,48.542,235,0
22.901,t2_squeezenet,7433.973,45.892,234,0
22.946,t2_squeezenet,7404.349,45.221,235,0
22.991,t2_squeezenet,7427.964,45.369,234,0
23.037,t2_squeezenet,7466.394,46.066,236,0
23.087,t2_squeezenet,7489.335,49.340,237,0
23.130,t2_squeezenet,7458.799,42.822,237,0
23.172,t2_squeezenet,7491.827,42.380,236,0
23.218,t2_squeezenet,7529.305,45.906,237,0
23.267,t2_squeezenet,7478.595,48.467,238,0
23.309,t2_squeezenet,7476.360,42.664,239,0
23.355,t2_squeezenet,7516.158,45.757,239,0
23.400,t2_squeezenet,7524.896,44.965,239,0
23.449,t2_squeezenet,7551.195,48.440,238,0
23.496,t2_squeezenet,7547.074,46.799,240,0
23.538,t2_squeezenet,7584.532,42.494,241,0
23.583,t2_squeezenet,7618.647,44.544,241,0
23.632,t2_squeezenet,7664.256,48.691,241,0
23.677,t2_squeezenet,7598.196,45.868,241,0
23.720,t2_squeezenet,7605.970,42.291,241,0
23.766,t2_squeezenet,7563.026,46.093,240,0
23.811,t2_squeezenet,7591.062,45.271,241,0
23.861,t2_squeezenet,7627.086,49.729,240,0
23.907,t2_squeezenet,7667.365,46.169,242,0
23.952,t2_squeezenet,7702.495,44.364,244,0
23.998,t2_squeezenet,7745.101,46.174,244,0
24.047,t2_squeezenet,7769.263,49.300,246,0
24.091,t2_squeezenet,7791.828,43.598,246,0
24.136,t2_squeezenet,7801.818,44.925,246,0
24.180,t2_squeezenet,7766.692,44.534,245,0
24.226,t2_squeezenet,7810.385,45.926,245,0
24.275,t2_squeezenet,7851.474,48.893,244,0
24.316,t2_squeezenet,7874.742,40.311,243,0
24.360,t2_squeezenet,7874.012,44.500,249,0
24.411,t2_squeezenet,7899.284,50.354,249,0
24.458,t2_squeezenet,7914.551,46.755,250,0
24.500,t2_squeezenet,7858.194,42.195,251,0
24.547,t2_squeezenet,7853.529,47.239,255,0
24.593,t2_squeezenet,7896.673,45.842,258,0
24.641,t2_squeezenet,7912.570,48.501,262,0
24.684,t2_squeezenet,7929.707,42.867,262,0
24.726,t2_squeezenet,7954.328,41.974,261,0
24.772,t2_squeezenet,7992.980,45.967,260,0
24.821,t2_squeezenet,8027.368,47.995,260,0
24.865,t2_squeezenet,8042.804,44.834,259,0
24.910,t2_squeezenet,8078.382,44.700,261,0
24.958,t2_squeezenet,8103.621,47.452,265,0
25.005,t2_squeezenet,8106.891,47.380,266,0
25.052,t2_squeezenet,8124.204,46.710,267,0
25.096,t2_squeezenet,8090.253,43.814,267,0
25.139,t2_squeezenet,8125.286,43.734,266,0
25.187,t2_squeezenet,8170.530,47.798,267,0
25.235,t2_squeezenet,8194.501,47.458,268,0
25.276,t2_squeezenet,8222.986,40.751,267,0
25.322,t2_squeezenet,8099.502,46.896,266,0
25.366,t2_squeezenet,8127.898,43.777,267,0
25.413,t2_squeezenet,8162.112,46.987,272,0
25.461,t2_squeezenet,8121.833,47.004,271,0
25.504,t2_squeezenet,8148.586,43.421,273,0
25.550,t2_squeezenet,8178.652,46.339,272,0
25.600,t2_squeezenet,8205.613,49.193,273,0
25.644,t2_squeezenet,8208.874,44.242,273,0
25.688,t2_squeezenet,8246.475,44.281,273,0
25.733,t2_squeezenet,8274.391,44.705,273,0
25.779,t2_squeezenet,8307.362,46.112,273,0
25.827,t2_squeezenet,8313.373,47.344,274,0
25.868,t2_squeezenet,8278.238,41.311,273,0
25.912,t2_squeezenet,8248.106,44.348,274,0
25.962,t2_squeezenet,8296.786,49.427,276,0
26.010,t2_squeezenet,8343.775,48.568,278,0
26.053,t2_squeezenet,8385.795,42.507,280,0
26.100,t2_squeezenet,8416.111,46.677,280,0
26.145,t2_squeezenet,8443.290,45.288,279,0
26.193,t2_squeezenet,8471.157,48.159,280,0
26.239,t2_squeezenet,8484.036,45.307,281,0
26.281,t2_squeezenet,8490.840,42.465,281,0
26.325,t2_squeezenet,8520.333,43.285,281,0
26.375,t2_squeezenet,8567.556,50.422,281,0
26.418,t2_squeezenet,8478.182,42.805,280,0
26.461,t2_squeezenet,8483.491,42.997,279,0
26.509,t2_squeezenet,8527.573,47.878,279,0
26.557,t2_squeezenet,8569.407,47.562,283,0
26.604,t2_squeezenet,8608.744,47.518,285,0
26.647,t2_squeezenet,8634.049,43.309,285,0
26.692,t2_squeezenet,8631.866,44.163,288,0
26.738,t2_squeezenet,8641.242,46.606,290,0
26.786,t2_squeezenet,8656.069,48.116,291,0
26.829,t2_squeezenet,8670.049,42.129,292,0
26.874,t2_squeezenet,8710.971,45.165,293,0
26.918,t2_squeezenet,8746.253,44.012,293,0
26.968,t2_squeezenet,8746.308,49.722,295,0
27.012,t2_squeezenet,8765.768,44.307,294,0
27.057,t2_squeezenet,8793.586,44.803,294,0
27.103,t2_squeezenet,8793.721,45.797,295,0
27.153,t2_squeezenet,8830.195,50.011,297,0
27.198,t2_squeezenet,8874.640,45.066,297,0
27.240,t2_squeezenet,8901.619,41.988,296,0
27.286,t2_squeezenet,8938.436,46.406,296,0
27.331,t2_squeezenet,8967.206,45.075,297,0
27.378,t2_squeezenet,8892.880,46.352,296,0
27.421,t2_squeezenet,8905.879,42.821,297,0
27.465,t2_squeezenet,8921.916,44.295,299,0
27.513,t2_squeezenet,8959.643,47.425,301,0
27.560,t2_squeezenet,8945.071,47.852,302,0
27.604,t2_squeezenet,8977.270,43.266,302,0
27.649,t2_squeezenet,8992.644,45.203,302,0
27.695,t2_squeezenet,9034.838,46.401,302,0
27.743,t2_squeezenet,9073.135,47.330,302,0
27.788,t2_squeezenet,9060.582,45.377,302,0
27.832,t2_squeezenet,9085.002,43.597,303,0
27.876,t2_squeezenet,9070.482,44.165,304,0
27.923,t2_squeezenet,9116.117,46.726,304,0
27.970,t2_squeezenet,9153.598,47.342,306,0
28.012,t2_squeezenet,9181.393,41.629,305,0
28.059,t2_squeezenet,9209.972,46.930,306,0
28.107,t2_squeezenet,9253.508,47.659,306,0
28.153,t2_squeezenet,9291.841,46.016,307,0
28.198,t2_squeezenet,9271.087,45.213,309,0
28.241,t2_squeezenet,9176.955,43.138,309,0
28.287,t2_squeezenet,9119.261,45.600,308,0
28.336,t2_squeezenet,9069.582,48.864,309,0
28.379,t2_squeezenet,9078.698,43.339,309,0
28.421,t2_squeezenet,9087.651,42.269,311,0
28.467,t2_squeezenet,9081.864,45.993,311,0
28.515,t2_squeezenet,9109.769,47.365,312,0
28.562,t2_squeezenet,9102.784,46.854,312,0
28.606,t2_squeezenet,9131.962,44.594,312,0
28.651,t2_squeezenet,9168.780,44.155,312,0
28.700,t2_squeezenet,9214.493,49.229,313,0
28.748,t2_squeezenet,9252.825,47.613,313,0
28.789,t2_squeezenet,9290.579,41.630,315,0
28.835,t2_squeezenet,9326.516,45.995,315,0
28.881,t2_squeezenet,9302.269,45.871,316,0
28.926,t2_squeezenet,9322.718,45.005,317,0
28.971,t2_squeezenet,9363.111,44.895,319,0
29.015,t2_squeezenet,9359.161,43.206,320,0
29.061,t2_squeezenet,9318.335,46.091,319,0
29.112,t2_squeezenet,9365.810,51.090,319,0
29.155,t2_squeezenet,9402.631,43.092,320,0
29.198,t2_squeezenet,9416.893,43.175,319,0
29.245,t2_squeezenet,9431.021,47.153,318,0
29.292,t2_squeezenet,9424.060,46.707,320,0
29.338,t2_squeezenet,9442.182,45.924,321,0
29.382,t2_squeezenet,9458.782,43.854,322,0
29.424,t2_squeezenet,9469.349,41.560,321,0
29.472,t2_squeezenet,9486.305,48.005,322,0
29.518,t2_squeezenet,9482.519,45.945,322,0
29.560,t2_squeezenet,9476.553,42.200,321,0
29.606,t2_squeezenet,9493.235,46.031,321,0
29.653,t2_squeezenet,9527.897,46.819,323,0
29.700,t2_squeezenet,9533.303,46.936,324,0
29.745,t2_squeezenet,9572.455,44.720,325,0
29.789,t2_squeezenet,9610.538,44.487,325,0
29.833,t2_squeezenet,9620.683,43.861,324,0
29.885,t2_squeezenet,9669.449,51.296,326,0
29.927,t2_squeezenet,9648.984,41.884,326,0
29.971,t2_squeezenet,9569.368,44.124,326,0
30.017,t2_squeezenet,9604.820,46.391,327,0
30.065,t2_squeezenet,9625.761,47.502,330,0
30.109,t2_squeezenet,9635.664,44.431,329,0
30.155,t2_squeezenet,9668.586,45.898,328,0
30.200,t2_squeezenet,9675.815,44.607,328,0
30.248,t2_squeezenet,9705.632,48.291,328,0
30.295,t2_squeezenet,9739.159,46.507,327,0
30.336,t2_squeezenet,9769.404,41.507,326,0
30.382,t2_squeezenet,9774.241,45.049,326,0
30.426,t2_squeezenet,9729.761,43.918,327,0
30.473,t2_squeezenet,9601.003,47.306,330,0
30.519,t2_squeezenet,9616.394,45.945,331,0
30.564,t2_squeezenet,9645.135,44.728,330,0
30.609,t2_squeezenet,9679.121,45.164,331,0
30.658,t2_squeezenet,9724.071,49.381,332,0
30.704,t2_squeezenet,9723.129,45.716,333,0
30.747,t2_squeezenet,9679.130,42.603,334,0
30.793,t2_squeezenet,9694.988,45.840,335,0
30.842,t2_squeezenet,9726.779,49.351,336,0
30.886,t2_squeezenet,9617.240,44.286,337,0
30.932,t2_squeezenet,9635.240,45.100,337,0
30.976,t2_squeezenet,9678.493,43.940,338,0
31.022,t2_squeezenet,9701.270,46.453,337,0
31.072,t2_squeezenet,9692.803,49.935,338,0
31.115,t2_squeezenet,9727.839,42.593,338,0
31.160,t2_squeezenet,9715.650,45.051,338,0
31.207,t2_squeezenet,9740.859,47.243,339,0
31.255,t2_squeezenet,9785.180,47.345,339,0
31.299,t2_squeezenet,9820.844,44.584,341,0
31.343,t2_squeezenet,9862.340,43.459,342,0
31.387,t2_squeezenet,9835.217,43.769,343,0
31.435,t2_squeezenet,9844.782,48.903,342,0
31.479,t2_squeezenet,9861.817,43.478,342,0
31.522,t2_squeezenet,9891.351,42.454,341,0
31.568,t2_squeezenet,9911.351,46.273,341,0
31.617,t2_squeezenet,9946.454,49.094,342,0
31.663,t2_squeezenet,9978.784,45.679,342,0
31.707,t2_squeezenet,9994.420,44.149,342,0
31.753,t2_squeezenet,10031.900,45.949,345,0
31.799,t2_squeezenet,10071.740,46.217,347,0
31.849,t2_squeezenet,10110.040,49.930,347,0
31.891,t2_squeezenet,10149.582,41.447,347,0
31.934,t2_squeezenet,10165.521,43.309,347,0
31.983,t2_squeezenet,10204.785,48.645,347,0
32.029,t2_squeezenet,10239.378,46.497,347,0
32.073,t2_squeezenet,10199.660,43.133,347,0
32.120,t2_squeezenet,10238.998,47.076,346,0
32.165,t2_squeezenet,10266.196,45.399,345,0
32.215,t2_squeezenet,10288.024,49.934,346,0
32.261,t2_squeezenet,10328.840,45.760,347,0
32.305,t2_squeezenet,10371.445,43.570,348,0
32.350,t2_squeezenet,10398.174,45.069,348,0
32.397,t2_squeezenet,10397.806,47.425,349,0
32.442,t2_squeezenet,10417.971,44.944,351,0
32.486,t2_squeezenet,10461.418,44.247,353,0
32.530,t2_squeezenet,10477.493,43.093,352,0
32.575,t2_squeezenet,10440.407,45.829,353,0
32.624,t2_squeezenet,10435.356,48.495,353,0
32.669,t2_squeezenet,10453.048,44.922,353,0
32.713,t2_squeezenet,10453.521,44.221,352,0
32.762,t2_squeezenet,10473.626,48.245,354,0
32.810,t2_squeezenet,10486.083,48.324,354,0
32.853,t2_squeezenet,10517.135,43.231,357,0
32.898,t2_squeezenet,10536.003,44.892,357,0
32.943,t2_squeezenet,10576.105,44.796,358,0
32.990,t2_squeezenet,10597.448,47.021,358,0
33.035,t2_squeezenet,10634.509,45.151,357,0
33.078,t2_squeezenet,10607.937,42.584,357,0
33.122,t2_squeezenet,10616.378,43.822,358,0
33.173,t2_squeezenet,10590.810,50.839,357,0
33.218,t2_squeezenet,10634.720,45.638,357,0
33.261,t2_squeezenet,10675.007,42.436,357,0
33.308,t2_squeezenet,10667.251,47.010,358,0
33.354,t2_squeezenet,10686.123,45.850,358,0
33.401,t2_squeezenet,10689.824,47.184,359,0
33.444,t2_squeezenet,10691.724,43.165,358,0
33.487,t2_squeezenet,10733.593,42.571,360,0
33.531,t2_squeezenet,10735.049,43.823,359,0
33.580,t2_squeezenet,10763.114,49.326,360,0
33.623,t2_squeezenet,10696.154,42.956,362,0
33.668,t2_squeezenet,10735.373,44.937,362,0
33.714,t2_squeezenet,10717.769,45.632,361,0
33.761,t2_squeezenet,10747.473,46.846,361,0
33.809,t2_squeezenet,10772.215,47.458,365,0
33.853,t2_squeezenet,10810.803,44.545,369,0
33.897,t2_squeezenet,10834.410,43.507,370,0
33.947,t2_squeezenet,10854.941,50.061,373,0
33.992,t2_squeezenet,10783.802,45.134,373,0
34.033,t2_squeezenet,10820.718,40.720,373,0
34.079,t2_squeezenet,10857.727,46.129,374,0
34.125,t2_squeezenet,10858.837,45.435,375,0
34.171,t2_squeezenet,10898.300,46.934,374,0
34.219,t2_squeezenet,10914.251,47.063,375,0
34.261,t2_squeezenet,10910.312,42.658,374,0
34.306,t2_squeezenet,10907.557,44.818,374,0
34.358,t2_squeezenet,10907.451,51.425,374,0
34.401,t2_squeezenet,10940.547,43.319,378,0
34.445,t2_squeezenet,10971.116,43.675,377,0
34.489,t2_squeezenet,10981.566,44.448,376,0
34.535,t2_squeezenet,11021.189,45.930,375,0
34.582,t2_squeezenet,11011.920,46.627,376,0
34.626,t2_squeezenet,11023.263,44.218,378,0
34.671,t2_squeezenet,11027.287,44.461,379,0
34.720,t2_squeezenet,11005.673,49.456,379,0
34.769,t2_squeezenet,10981.322,48.398,380,0
34.811,t2_squeezenet,11013.703,41.651,381,0
34.857,t2_squeezenet,10988.796,46.119,382,0
34.903,t2_squeezenet,11021.400,46.681,382,0
34.952,t2_squeezenet,11058.415,48.479,384,0
34.997,t2_squeezenet,11088.793,44.943,384,0
35.039,t2_squeezenet,11104.976,42.145,383,0
35.083,t2_squeezenet,11143.380,44.038,383,0
35.133,t2_squeezenet,11180.228,49.241,383,0
35.177,t2_squeezenet,11175.598,44.041,384,0
35.220,t2_squeezenet,11208.591,43.614,385,0
35.268,t2_squeezenet,11244.031,47.752,386,0
35.316,t2_squeezenet,11265.023,48.042,387,0
35.364,t2_squeezenet,11272.271,47.911,388,0
35.408,t2_squeezenet,11190.793,43.773,387,0
35.451,t2_squeezenet,11132.773,43.418,386,0
35.500,t2_squeezenet,11177.492,48.016,385,0
35.547,t2_squeezenet,11219.671,47.338,386,0
35.589,t2_squeezenet,11259.536,42.088,387,0
35.632,t2_squeezenet,11300.702,42.793,388,0
35.679,t2_squeezenet,11341.428,47.276,391,0
35.727,t2_squeezenet,11370.118,47.686,391,0
35.772,t2_squeezenet,11363.716,45.253,391,0
35.818,t2_squeezenet,11404.195,45.771,395,0
35.863,t2_squeezenet,11445.267,45.353,396,0
35.915,t2_squeezenet,11438.057,51.090,396,0
35.960,t2_squeezenet,11464.337,44.979,397,0
36.001,t2_squeezenet,11496.298,41.364,397,0
36.048,t2_squeezenet,11518.893,47.284,397,0
36.095,t2_squeezenet,11564.010,46.149,399,0
36.139,t2_squeezenet,11604.119,44.219,399,0
36.184,t2_squeezenet,11637.361,45.032,401,0
36.228,t2_squeezenet,11676.920,43.666,403,0
36.276,t2_squeezenet,11717.732,47.778,402,0
36.325,t2_squeezenet,11764.976,49.328,410,0
36.368,t2_squeezenet,11783.847,42.814,410,0
36.414,t2_squeezenet,11811.167,46.082,411,0
36.461,t2_squeezenet,11856.524,47.308,411,0
36.508,t2_squeezenet,11899.082,46.897,413,0
36.552,t2_squeezenet,11942.047,44.114,414,0
36.596,t2_squeezenet,11962.308,43.285,416,0
36.640,t2_squeezenet,11988.066,44.571,415,0
36.688,t2_squeezenet,11910.635,47.854,418,0
36.735,t2_squeezenet,11863.835,46.240,417,0
36.778,t2_squeezenet,11876.760,43.132,417,0
36.826,t2_squeezenet,11918.680,47.854,418,0
36.873,t2_squeezenet,11961.806,47.646,418,0
36.918,t2_squeezenet,11991.182,44.817,418,0
36.964,t2_squeezenet,12032.532,46.265,419,0
37.009,t2_squeezenet,12075.280,44.350,421,0
37.056,t2_squeezenet,12113.756,47.318,425,0
37.105,t2_squeezenet,12133.697,48.667,427,0
37.146,t2_squeezenet,12146.343,41.077,426,0
37.189,t2_squeezenet,12148.265,43.044,425,0
37.237,t2_squeezenet,12194.376,47.369,424,0
37.283,t2_squeezenet,12215.860,46.302,423,0
37.328,t2_squeezenet,12187.338,44.546,422,0
37.373,t2_squeezenet,12216.453,45.624,425,0
37.418,t2_squeezenet,12227.880,44.160,424,0
37.467,t2_squeezenet,12248.168,48.867,425,0
37.512,t2_squeezenet,12177.829,45.784,427,0
37.554,t2_squeezenet,12200.053,41.693,426,0
37.599,t2_squeezenet,12228.176,45.191,425,0
37.647,t2_squeezenet,12275.392,47.559,426,0
37.692,t2_squeezenet,12315.177,44.502,426,0
37.736,t2_squeezenet,12357.592,44.649,426,0
37.780,t2_squeezenet,12398.813,43.967,427,0
37.826,t2_squeezenet,12416.439,46.038,428,0
37.877,t2_squeezenet,12405.766,50.046,427,0
37.920,t2_squeezenet,12425.460,43.508,428,0
37.965,t2_squeezenet,12462.044,44.781,429,0
38.013,t2_squeezenet,12455.477,48.280,429,0
38.061,t2_squeezenet,12473.907,47.305,429,0
38.105,t2_squeezenet,12492.794,44.359,430,0
38.148,t2_squeezenet,12503.870,43.253,429,0
38.193,t2_squeezenet,12461.200,44.915,428,0
38.240,t2_squeezenet,12492.557,46.493,429,0
38.286,t2_squeezenet,12487.745,46.247,428,0
38.329,t2_squeezenet,12520.167,42.322,429,0
38.374,t2_squeezenet,12483.900,45.528,428,0
38.423,t2_squeezenet,12523.890,48.513,429,0
38.469,t2_squeezenet,12551.710,45.797,429,0
38.513,t2_squeezenet,12589.375,44.492,429,0
38.558,t2_squeezenet,12628.124,45.045,430,0
38.604,t2_squeezenet,12641.279,45.403,432,0
38.654,t2_squeezenet,12690.405,50.729,435,0
38.696,t2_squeezenet,12695.172,41.880,434,0
38.739,t2_squeezenet,12726.998,42.202,434,0
38.786,t2_squeezenet,12762.392,47.222,433,0
38.834,t2_squeezenet,12809.228,48.322,432,0
38.878,t2_squeezenet,12794.521,43.183,432,0
38.925,t2_squeezenet,12751.076,46.860,432,0
38.971,t2_squeezenet,12778.648,46.478,432,0
39.018,t2_squeezenet,12810.908,46.981,432,0
39.066,t2_squeezenet,12858.741,48.060,432,0
39.109,t2_squeezenet,12867.020,42.464,433,0
39.153,t2_squeezenet,12868.640,43.703,433,0
39.201,t2_squeezenet,12840.739,48.087,433,0
39.247,t2_squeezenet,12763.118,46.310,432,0
39.287,t2_squeezenet,12774.789,39.781,433,0
39.335,t2_squeezenet,12802.223,47.855,434,0
39.380,t2_squeezenet,12834.426,45.533,433,0
39.429,t2_squeezenet,12876.161,48.446,435,0
39.473,t2_squeezenet,12919.465,44.188,434,0
39.516,t2_squeezenet,12944.564,43.290,433,0
39.563,t2_squeezenet,12972.058,46.685,433,0
39.612,t2_squeezenet,13016.775,48.455,435,0
39.655,t2_squeezenet,13029.887,42.844,435,0
39.699,t2_squeezenet,13040.792,44.070,437,0
39.745,t2_squeezenet,13064.329,45.838,439,0
39.789,t2_squeezenet,13101.377,44.904,439,0
39.836,t2_squeezenet,13146.631,46.920,441,0
39.880,t2_squeezenet,13172.470,43.608,442,0
39.925,t2_squeezenet,13213.469,44.434,441,0
39.975,t2_squeezenet,13239.170,50.586,442,0
40.022,t2_squeezenet,13260.409,46.760,442,0
40.064,t2_squeezenet,13295.208,42.227,444,0
40.111,t2_squeezenet,13322.331,46.706,443,0
40.157,t2_squeezenet,13343.618,45.596,444,0
40.203,t2_squeezenet,13359.204,46.359,444,0
40.250,t2_squeezenet,13377.674,46.359,443,0
40.293,t2_squeezenet,13393.092,43.550,442,0
40.336,t2_squeezenet,13414.722,43.115,443,0
40.387,t2_squeezenet,13453.506,50.410,442,0
40.431,t2_squeezenet,13474.402,44.266,443,0
40.476,t2_squeezenet,13440.344,44.930,444,0
40.522,t2_squeezenet,13443.331,46.059,445,0
40.569,t2_squeezenet,13487.273,47.107,445,0
40.616,t2_squeezenet,13483.844,46.497,447,0
40.659,t2_squeezenet,13520.329,42.745,446,0
40.702,t2_squeezenet,13558.830,43.516,445,0
40.749,t2_squeezenet,13594.700,46.978,447,0
40.797,t2_squeezenet,13551.202,47.786,446,0
40.837,t2_squeezenet,13529.210,40.026,445,0
40.883,t2_squeezenet,13573.544,46.222,449,0
40.930,t2_squeezenet,13546.274,46.625,448,0
40.979,t2_squeezenet,13569.854,48.821,447,0
41.025,t2_squeezenet,13603.632,46.399,448,0
41.068,t2_squeezenet,13632.301,42.687,447,0
41.114,t2_squeezenet,13655.637,45.435,447,0
41.165,t2_squeezenet,13696.695,51.130,447,0
41.208,t2_squeezenet,13714.053,43.237,449,0
41.250,t2_squeezenet,13740.187,41.942,449,0
41.298,t2_squeezenet,13781.640,47.356,449,0
41.344,t2_squeezenet,13815.411,46.124,450,0
41.390,t2_squeezenet,13813.241,46.426,449,0
41.434,t2_squeezenet,13823.517,43.160,449,0
41.478,t2_squeezenet,13787.231,43.977,449,0
41.526,t2_squeezenet,13814.394,48.792,448,0
41.576,t2_squeezenet,13801.169,49.063,450,0
41.618,t2_squeezenet,13826.592,42.309,451,0
41.663,t2_squeezenet,13840.729,45.302,452,0
41.710,t2_squeezenet,13872.796,46.322,451,0
41.757,t2_squeezenet,13906.822,47.074,452,0
41.800,t2_squeezenet,13899.771,43.679,451,0
41.845,t2_squeezenet,13910.525,44.941,453,0
41.888,t2_squeezenet,13933.671,42.847,455,0
41.938,t2_squeezenet,13981.175,49.817,455,0
41.985,t2_squeezenet,13963.784,46.944,458,0
42.028,t2_squeezenet,13977.219,42.909,457,0
42.076,t2_squeezenet,13971.758,47.754,457,0
42.123,t2_squeezenet,14010.573,46.919,458,0
42.169,t2_squeezenet,14053.995,45.719,462,0
42.213,t2_squeezenet,14052.105,44.266,466,0
42.256,t2_squeezenet,14082.120,43.212,467,0
42.302,t2_squeezenet,14106.320,45.295,471,0
42.352,t2_squeezenet,14125.929,50.550,475,0
42.392,t2_squeezenet,14085.661,40.128,475,0
42.436,t2_squeezenet,14106.209,43.189,477,0
42.484,t2_squeezenet,14127.742,48.245,480,0
42.532,t2_squeezenet,14144.525,48.300,479,0
42.577,t2_squeezenet,14180.135,44.838,480,0
42.622,t2_squeezenet,14206.832,44.621,481,0
42.667,t2_squeezenet,14239.793,45.483,482,0
42.716,t2_squeezenet,14224.405,48.865,481,0
42.761,t2_squeezenet,14258.980,44.818,482,0
42.803,t2_squeezenet,14282.594,41.689,484,0
42.850,t2_squeezenet,14270.753,46.640,486,0
42.897,t2_squeezenet,14252.527,46.489,487,0
42.942,t2_squeezenet,14267.006,45.623,487,0
42.987,t2_squeezenet,14291.512,45.065,487,0
43.033,t2_squeezenet,14290.032,46.028,488,0
43.080,t2_squeezenet,14299.209,46.458,488,0
43.130,t2_squeezenet,14348.044,50.288,489,0
43.173,t2_squeezenet,14384.324,42.662,490,0
43.217,t2_squeezenet,14427.076,44.036,490,0
43.264,t2_squeezenet,14399.264,47.079,489,0
43.312,t2_squeezenet,14433.122,47.557,490,0
43.357,t2_squeezenet,14459.308,44.551,490,0
43.401,t2_squeezenet,14487.605,43.837,490,0
43.443,t2_squeezenet,14501.196,42.230,489,0
43.491,t2_squeezenet,14522.872,48.600,488,0
43.537,t2_squeezenet,14567.649,45.541,488,0
43.580,t2_squeezenet,14600.353,43.297,492,0
43.627,t2_squeezenet,14625.535,46.306,491,0
43.675,t2_squeezenet,14577.749,47.734,491,0
43.721,t2_squeezenet,14579.036,46.113,491,0
43.765,t2_squeezenet,14615.715,44.115,490,0
43.809,t2_squeezenet,14563.470,44.469,491,0
43.854,t2_squeezenet,14584.896,44.398,491,0
43.903,t2_squeezenet,14618.552,48.748,492,0
43.945,t2_squeezenet,14650.007,42.697,493,0
43.990,t2_squeezenet,14668.655,44.408,493,0
44.036,t2_squeezenet,14692.435,46.473,493,0
44.087,t2_squeezenet,14722.171,50.042,494,0
44.131,t2_squeezenet,14705.549,44.178,493,0
44.177,t2_squeezenet,14749.754,46.196,493,0
44.223,t2_squeezenet,14728.218,46.208,494,0
44.271,t2_squeezenet,14670.748,47.517,497,0
44.318,t2_squeezenet,14709.956,46.872,496,0
44.360,t2_squeezenet,14748.064,41.726,496,0
44.403,t2_squeezenet,14789.642,43.420,499,0
44.452,t2_squeezenet,14786.873,49.290,499,0
44.496,t2_squeezenet,14822.870,43.794,498,0
44.539,t2_squeezenet,14824.411,43.184,498,0
44.586,t2_squeezenet,14846.721,46.133,497,0
44.632,t2_squeezenet,14850.858,46.370,497,0
44.682,t2_squeezenet,14834.752,49.676,500,0
44.726,t2_squeezenet,14861.756,44.591,500,0
44.770,t2_squeezenet,14901.345,43.719,500,0
44.817,t2_squeezenet,14908.525,46.867,500,0
44.866,t2_squeezenet,14925.568,48.813,500,0
44.910,t2_squeezenet,14935.227,43.734,500,0
44.954,t2_squeezenet,14950.397,44.281,499,0
45.000,t2_squeezenet,14971.506,46.204,500,0
45.046,t2_squeezenet,15010.504,45.332,500,0
45.093,t2_squeezenet,15045.431,47.634,500,0
45.136,t2_squeezenet,15083.001,42.697,500,0
45.181,t2_squeezenet,15000.988,44.823,499,0
45.231,t2_squeezenet,14994.688,50.363,498,0
45.278,t2_squeezenet,14928.945,46.009,499,0
45.320,t2_squeezenet,14909.708,42.305,500,0
45.367,t2_squeezenet,14941.366,46.904,500,0
45.411,t2_squeezenet,14979.634,44.496,499,0
45.459,t2_squeezenet,15024.732,47.744,498,0
45.503,t2_squeezenet,15051.909,44.255,497,0
45.544,t2_squeezenet,15091.151,40.531,498,0
45.590,t2_squeezenet,15100.465,45.794,500,0
45.639,t2_squeezenet,15143.169,49.262,500,0
45.684,t2_squeezenet,15112.478,44.345,500,0
45.729,t2_squeezenet,15126.241,45.222,499,0
45.775,t2_squeezenet,15155.157,45.760,500,0
45.822,t2_squeezenet,15188.781,47.527,500,0
45.869,t2_squeezenet,15209.052,46.620,500,0
45.912,t2_squeezenet,15234.337,42.956,500,0
45.956,t2_squeezenet,15249.196,44.131,500,0
46.005,t2_squeezenet,15269.926,49.249,500,0
46.050,t2_squeezenet,15265.325,44.976,500,0
46.092,t2_squeezenet,15302.498,41.450,500,0
46.138,t2_squeezenet,15327.810,45.748,500,0
46.184,t2_squeezenet,15371.614,46.030,500,0
46.231,t2_squeezenet,15386.223,47.650,499,0
46.278,t2_squeezenet,15404.677,46.295,500,0
46.321,t2_squeezenet,15414.717,43.397,500,0
46.366,t2_squeezenet,15420.352,44.449,500,0
46.416,t2_squeezenet,15451.200,49.670,500,0
46.459,t2_squeezenet,15437.064,43.745,500,0
46.504,t2_squeezenet,15435.929,44.304,499,0
46.548,t2_squeezenet,15472.402,44.181,500,0
46.595,t2_squeezenet,15444.722,46.733,500,0
46.641,t2_squeezenet,15477.489,46.055,500,0
46.685,t2_squeezenet,15505.599,43.929,500,0
46.729,t2_squeezenet,15520.640,44.011,499,0
46.777,t2_squeezenet,15499.863,48.060,499,0
46.824,t2_squeezenet,15528.618,47.281,498,0
46.867,t2_squeezenet,15569.721,42.790,498,0
46.913,t2_squeezenet,15595.363,45.345,499,0
46.960,t2_squeezenet,15635.198,47.423,499,0
47.007,t2_squeezenet,15648.802,46.528,499,0
47.053,t2_squeezenet,15673.274,46.847,500,0
47.095,t2_squeezenet,15632.056,41.128,500,0
47.140,t2_squeezenet,15598.173,44.894,500,0
47.190,t2_squeezenet,15609.551,50.037,500,0
47.235,t2_squeezenet,15630.592,44.872,499,0
47.278,t2_squeezenet,15619.450,43.045,500,0
47.325,t2_squeezenet,15659.472,47.225,500,0
47.372,t2_squeezenet,15661.912,46.744,499,0
47.418,t2_squeezenet,15703.954,45.958,500,0
47.460,t2_squeezenet,15738.708,42.664,499,0
47.504,t2_squeezenet,15760.584,43.146,500,0
47.551,t2_squeezenet,15768.757,47.213,500,0
47.599,t2_squeezenet,15807.792,47.453,500,0
47.642,t2_squeezenet,15844.824,43.451,500,0
47.687,t2_squeezenet,15881.874,44.575,499,0
47.734,t2_squeezenet,15866.017,47.274,499,0
47.783,t2_squeezenet,15860.846,49.011,500,0
47.827,t2_squeezenet,15848.778,44.434,499,0
47.872,t2_squeezenet,15862.193,44.355,498,0
47.916,t2_squeezenet,15886.153,44.304,498,0
47.966,t2_squeezenet,15783.353,49.393,498,0
48.011,t2_squeezenet,15796.591,44.964,498,0
48.052,t2_squeezenet,15829.650,41.435,498,0
48.098,t2_squeezenet,15852.275,46.170,500,0
48.145,t2_squeezenet,15876.040,46.318,499,0
48.190,t2_squeezenet,15894.562,44.949,499,0
48.235,t2_squeezenet,15909.381,45.377,499,0
48.280,t2_squeezenet,15910.174,44.280,499,0
48.325,t2_squeezenet,15944.140,45.707,499,0
48.375,t2_squeezenet,15969.565,49.703,498,0
48.419,t2_squeezenet,15997.012,43.541,500,0
48.463,t2_squeezenet,16027.018,43.954,500,0
48.509,t2_squeezenet,16064.145,46.021,500,0
48.556,t2_squeezenet,16108.697,46.920,499,0
48.601,t2_squeezenet,16124.413,45.245,498,0
48.644,t2_squeezenet,16111.422,42.925,498,0
48.689,t2_squeezenet,16143.350,44.860,499,0
48.738,t2_squeezenet,16143.296,49.425,498,0
48.785,t2_squeezenet,16132.383,46.918,498,0
48.829,t2_squeezenet,16090.662,43.229,499,0
48.874,t2_squeezenet,16129.914,45.438,500,0
48.922,t2_squeezenet,16173.325,48.299,500,0
48.969,t2_squeezenet,16201.581,46.565,499,0
49.013,t2_squeezenet,16196.721,44.212,499,0
49.058,t2_squeezenet,16232.637,44.309,499,0
49.103,t2_squeezenet,16275.371,44.767,500,0
49.151,t2_squeezenet,16318.666,47.911,500,0
49.194,t2_squeezenet,16304.879,42.936,500,0
49.236,t2_squeezenet,16304.410,42.291,499,0
49.284,t2_squeezenet,16342.802,48.179,500,0
49.332,t2_squeezenet,16371.850,48.161,500,0
49.376,t2_squeezenet,16315.571,43.934,500,0
49.422,t2_squeezenet,16339.084,45.613,500,0
49.466,t2_squeezenet,16375.765,44.190,500,0
49.514,t2_squeezenet,16337.920,47.340,499,0
49.560,t2_squeezenet,16301.098,46.542,500,0
49.602,t2_squeezenet,16332.177,41.802,500,0
49.645,t2_squeezenet,16358.007,43.135,500,0
49.694,t2_squeezenet,16370.671,48.333,500,0
49.740,t2_squeezenet,16373.089,46.584,500,0
49.785,t2_squeezenet,16386.531,44.432,500,0
49.830,t2_squeezenet,16359.281,44.731,500,0
49.875,t2_squeezenet,16401.079,44.928,500,0
49.924,t2_squeezenet,16438.461,49.682,500,0
49.969,t2_squeezenet,16429.423,45.003,500,0
50.012,t2_squeezenet,16471.333,42.241,499,0
50.057,t2_squeezenet,16475.646,45.283,498,0
50.105,t2_squeezenet,16518.525,47.982,499,0
50.148,t2_squeezenet,16525.557,43.057,499,0
50.194,t2_squeezenet,16534.085,46.106,500,0
50.239,t2_squeezenet,16495.803,44.107,499,0
50.286,t2_squeezenet,16496.910,47.121,500,0
50.334,t2_squeezenet,16542.455,48.512,500,0
50.376,t2_squeezenet,16583.678,41.940,499,0
50.420,t2_squeezenet,16618.690,43.824,500,0
50.469,t2_squeezenet,16665.261,48.759,500,0
50.516,t2_squeezenet,16702.871,46.539,500,0
50.559,t2_squeezenet,16741.160,43.509,500,0
50.604,t2_squeezenet,16784.005,44.500,499,0
50.648,t2_squeezenet,16807.800,44.626,498,0
50.697,t2_squeezenet,16844.548,48.201,500,0
50.741,t2_squeezenet,16869.693,43.973,499,0
50.785,t2_squeezenet,16901.328,43.875,498,0
50.832,t2_squeezenet,16932.368,47.001,497,0
50.881,t2_squeezenet,16979.548,49.705,498,0
50.926,t2_squeezenet,17021.098,44.884,498,0
50.972,t2_squeezenet,17064.702,45.747,497,0
51.018,t2_squeezenet,17063.248,46.009,499,0
51.064,t2_squeezenet,17046.997,45.834,498,0
51.113,t2_squeezenet,17079.627,48.437,497,0
51.154,t2_squeezenet,17109.025,41.638,498,0
51.198,t2_squeezenet,17089.208,43.337,500,0
51.245,t2_squeezenet,17133.218,47.477,500,0
51.292,t2_squeezenet,17103.531,46.085,499,0
51.335,t2_squeezenet,17119.374,43.521,500,0
51.382,t2_squeezenet,17085.788,47.251,499,0
51.428,t2_squeezenet,17077.253,45.439,500,0
51.478,t2_squeezenet,17113.362,50.249,500,0
51.523,t2_squeezenet,17137.165,45.157,500,0
51.566,t2_squeezenet,17176.579,42.486,500,0
51.611,t2_squeezenet,17221.749,45.382,500,0
51.659,t2_squeezenet,17269.328,47.966,500,0
51.705,t2_squeezenet,17158.455,45.335,500,0
51.746,t2_squeezenet,17190.449,41.548,500,0
51.792,t2_squeezenet,17205.313,45.674,499,0
51.839,t2_squeezenet,17235.113,46.375,500,0
51.887,t2_squeezenet,17264.271,47.910,500,0
51.931,t2_squeezenet,17292.729,44.506,500,0
51.976,t2_squeezenet,17318.153,45.058,500,0
52.025,t2_squeezenet,17335.664,49.095,499,0
52.072,t2_squeezenet,17349.831,46.411,498,0
52.114,t2_squeezenet,17376.794,41.942,499,0
52.159,t2_squeezenet,17382.914,45.511,499,0
52.204,t2_squeezenet,17419.785,44.583,500,0
52.250,t2_squeezenet,17401.927,46.126,500,0
52.298,t2_squeezenet,17444.801,47.452,500,0
52.340,t2_squeezenet,17447.024,42.026,499,0
52.385,t2_squeezenet,17476.473,44.920,499,0
52.435,t2_squeezenet,17519.645,50.388,499,0
52.480,t2_squeezenet,17532.660,44.714,498,0
52.524,t2_squeezenet,17552.021,44.132,498,0
52.570,t2_squeezenet,17509.980,45.284,497,0
52.616,t2_squeezenet,17509.681,45.992,498,0
52.664,t2_squeezenet,17528.517,48.542,497,0
52.707,t2_squeezenet,17536.660,42.437,499,0
52.750,t2_squeezenet,17551.642,43.041,500,0
52.797,t2_squeezenet,17592.150,47.137,500,0
52.845,t2_squeezenet,17612.799,47.768,500,0
52.888,t2_squeezenet,17631.904,43.476,500,0
52.934,t2_squeezenet,17646.963,45.363,499,0
52.981,t2_squeezenet,17677.895,46.982,498,0
53.029,t2_squeezenet,17695.495,48.078,498,0
53.075,t2_squeezenet,17729.537,46.315,500,0
53.119,t2_squeezenet,17600.679,43.760,500,0
53.163,t2_squeezenet,17622.074,44.007,499,0
53.212,t2_squeezenet,17635.801,49.150,498,0
53.258,t2_squeezenet,17670.154,45.456,497,0
53.298,t2_squeezenet,17707.470,39.858,496,0
53.345,t2_squeezenet,17723.628,46.932,497,0
53.391,t2_squeezenet,17757.881,46.324,497,0
53.438,t2_squeezenet,17775.668,46.934,500,0
53.483,t2_squeezenet,17808.197,45.046,500,0
53.527,t2_squeezenet,17848.592,43.955,499,0
53.574,t2_squeezenet,17860.161,47.317,500,0
53.623,t2_squeezenet,17867.988,48.142,500,0
53.665,t2_squeezenet,17886.826,42.649,500,0
53.709,t2_squeezenet,17927.599,43.610,500,0
53.755,t2_squeezenet,17963.424,45.972,499,0
53.801,t2_squeezenet,18001.630,45.619,499,0
53.847,t2_squeezenet,18043.542,46.349,500,0
53.891,t2_squeezenet,18072.828,44.025,500,0
53.936,t2_squeezenet,18076.333,45.229,500,0
53.988,t2_squeezenet,18092.828,51.261,500,0
54.034,t2_squeezenet,18100.408,45.802,500,0
54.076,t2_squeezenet,18132.230,42.457,499,0
54.123,t2_squeezenet,18138.462,46.491,498,0
54.170,t2_squeezenet,18124.694,46.996,500,0
54.217,t2_squeezenet,18167.750,46.963,499,0
54.260,t2_squeezenet,18199.399,43.334,500,0
54.304,t2_squeezenet,18237.113,43.819,500,0
54.350,t2_squeezenet,18245.982,46.213,500,0
54.399,t2_squeezenet,18257.300,49.051,500,0
54.443,t2_squeezenet,18277.039,43.295,500,0
54.489,t2_squeezenet,18305.720,46.422,500,0
54.535,t2_squeezenet,18328.346,46.067,500,0
54.583,t2_squeezenet,18364.608,47.807,500,0
54.629,t2_squeezenet,18404.329,46.079,500,0
54.673,t2_squeezenet,18393.995,43.722,499,0
54.717,t2_squeezenet,18419.168,43.870,500,0
54.766,t2_squeezenet,18467.193,48.557,499,0
54.812,t2_squeezenet,18513.175,46.130,499,0
54.853,t2_squeezenet,18553.346,41.209,498,0
54.899,t2_squeezenet,18587.185,46.233,498,0
54.946,t2_squeezenet,18626.889,46.488,497,0
54.994,t2_squeezenet,18674.208,48.337,497,0
55.039,t2_squeezenet,18718.008,45.237,497,0
55.083,t2_squeezenet,18748.568,43.344,496,0
55.130,t2_squeezenet,18753.826,47.264,497,0
55.179,t2_squeezenet,18785.771,48.769,498,0
55.222,t2_squeezenet,18805.754,42.591,498,0
55.265,t2_squeezenet,18795.505,43.823,498,0
55.312,t2_squeezenet,18816.225,46.086,500,0
55.357,t2_squeezenet,18859.387,45.288,499,0
55.402,t2_squeezenet,18870.771,45.537,499,0
55.446,t2_squeezenet,18896.153,43.075,500,0
55.490,t2_squeezenet,18937.410,44.522,500,0
55.539,t2_squeezenet,18964.845,49.061,500,0
55.586,t2_squeezenet,19004.353,46.910,500,0
55.629,t2_squeezenet,18974.082,42.667,500,0
55.675,t2_squeezenet,19019.671,45.774,500,0
55.721,t2_squeezenet,19059.530,45.802,499,0
55.767,t2_squeezenet,19096.394,46.232,498,0
55.813,t2_squeezenet,19052.001,46.427,497,0
55.854,t2_squeezenet,19074.954,40.865,496,0
55.899,t2_squeezenet,19074.549,45.088,498,0
55.949,t2_squeezenet,19089.704,49.745,499,0
55.993,t2_squeezenet,19109.760,44.220,498,0
56.037,t2_squeezenet,19097.355,43.054,498,0
56.084,t2_squeezenet,19127.977,47.206,497,0
56.132,t2_squeezenet,19142.987,47.967,497,0
56.178,t2_squeezenet,19183.390,46.273,499,0
56.222,t2_squeezenet,19219.166,43.870,499,0
56.266,t2_squeezenet,19250.158,43.425,499,0
56.313,t2_squeezenet,19290.860,47.795,498,0
56.360,t2_squeezenet,19335.519,46.171,499,0
56.402,t2_squeezenet,19364.771,42.459,499,0
56.448,t2_squeezenet,19406.728,45.389,500,0
56.495,t2_squeezenet,19416.157,47.471,500,0
56.543,t2_squeezenet,19456.041,47.856,500,0
56.587,t2_squeezenet,19489.896,43.903,499,0
56.632,t2_squeezenet,19298.107,44.541,500,0
56.675,t2_squeezenet,19338.749,43.803,500,0
56.724,t2_squeezenet,19382.618,48.596,499,0
56.768,t2_squeezenet,19402.792,44.123,500,0
56.811,t2_squeezenet,19382.465,42.965,500,0
56.856,t2_squeezenet,19425.019,44.424,500,0
56.903,t2_squeezenet,19422.562,47.390,500,0
56.948,t2_squeezenet,19445.138,45.182,500,0
56.994,t2_squeezenet,19490.421,45.893,499,0
57.039,t2_squeezenet,19398.984,44.466,500,0
57.085,t2_squeezenet,19443.983,46.577,500,0
57.136,t2_squeezenet,19461.735,50.528,500,0
57.178,t2_squeezenet,19468.859,41.929,499,0
57.222,t2_squeezenet,19484.428,44.219,498,0
57.268,t2_squeezenet,19489.541,45.926,500,0
57.316,t2_squeezenet,19518.207,47.673,500,0
57.358,t2_squeezenet,19540.970,42.034,500,0
57.402,t2_squeezenet,19520.354,43.941,499,0
57.447,t2_squeezenet,19538.496,44.838,500,0
57.497,t2_squeezenet,19571.741,49.749,500,0
57.543,t2_squeezenet,19582.482,45.656,500,0
57.585,t2_squeezenet,19618.925,42.872,500,0
57.632,t2_squeezenet,19573.652,46.585,500,0
57.680,t2_squeezenet,19603.578,47.546,500,0
57.725,t2_squeezenet,19636.725,45.391,499,0
57.769,t2_squeezenet,19563.322,44.305,498,0
57.814,t2_squeezenet,19579.357,44.306,499,0
57.858,t2_squeezenet,19560.067,43.735,499,0
57.907,t2_squeezenet,19585.449,49.311,500,0
57.950,t2_squeezenet,19571.444,43.105,500,0
57.995,t2_squeezenet,19612.993,44.705,500,0
58.043,t2_squeezenet,19594.741,48.599,500,0
58.091,t2_squeezenet,19618.150,47.499,499,0
58.136,t2_squeezenet,19602.264,44.688,499,0
58.180,t2_squeezenet,19638.506,44.744,500,0
58.225,t2_squeezenet,19641.711,44.826,500,0
58.273,t2_squeezenet,19681.077,47.829,500,0
58.319,t2_squeezenet,19723.667,45.332,500,0
58.361,t2_squeezenet,19750.331,42.166,500,0
58.406,t2_squeezenet,19795.449,45.209,500,0
58.454,t2_squeezenet,19835.040,47.410,499,0
58.500,t2_squeezenet,19857.710,46.135,500,0
58.545,t2_squeezenet,19821.273,44.621,500,0
58.591,t2_squeezenet,19739.574,45.906,500,0
58.636,t2_squeezenet,19751.039,45.511,500,0
58.687,t2_squeezenet,19724.230,50.387,500,0
58.730,t2_squeezenet,19732.547,42.890,500,0
58.772,t2_squeezenet,19711.944,42.186,499,0
58.819,t2_squeezenet,19748.611,47.153,498,0
58.867,t2_squeezenet,19784.384,47.532,500,0
58.909,t2_squeezenet,19764.886,42.012,500,0
58.954,t2_squeezenet,19784.541,45.599,500,0
59.000,t2_squeezenet,19721.895,45.476,499,0
59.049,t2_squeezenet,19763.455,48.835,500,0
59.095,t2_squeezenet,19799.681,46.254,500,0
59.138,t2_squeezenet,19804.345,43.175,499,0
59.185,t2_squeezenet,19781.576,46.460,499,0
59.233,t2_squeezenet,19812.554,48.381,499,0
59.279,t2_squeezenet,19854.872,45.462,500,0
59.323,t2_squeezenet,19772.679,43.923,500,0
59.367,t2_squeezenet,19783.599,44.117,500,0
59.413,t2_squeezenet,19821.126,46.130,500,0
59.460,t2_squeezenet,19856.503,46.692,500,0
59.504,t2_squeezenet,19867.369,44.100,500,0
59.547,t2_squeezenet,19882.209,43.008,500,0
59.595,t2_squeezenet,19918.337,47.795,500,0
59.644,t2_squeezenet,19950.639,48.747,499,0
59.687,t2_squeezenet,19985.422,43.176,500,0
59.733,t2_squeezenet,20015.186,45.654,500,0
59.777,t2_squeezenet,20056.115,44.273,500,0
59.824,t2_squeezenet,20066.596,46.664,500,0
59.871,t2_squeezenet,20073.779,47.440,500,0
59.914,t2_squeezenet,20112.770,42.190,499,0
59.956,t2_squeezenet,20153.136,42.269,500,0
60.007,t2_squeezenet,20163.647,50.995,500,0
60.053,t2_squeezenet,20201.346,46.020,500,0
60.097,t2_squeezenet,20163.328,43.996,500,0
60.142,t2_squeezenet,20199.213,45.254,499,0
60.188,t2_squeezenet,20208.085,45.386,500,0
60.236,t2_squeezenet,20207.994,47.911,499,0
60.279,t2_squeezenet,20220.546,43.629,500,0
60.322,t2_squeezenet,20262.152,42.325,500,0
60.368,t2_squeezenet,20219.226,45.660,500,0
60.417,t2_squeezenet,20262.696,49.208,499,0
60.458,t2_squeezenet,20276.155,41.506,498,0
60.503,t2_squeezenet,20188.323,44.630,497,0
60.549,t2_squeezenet,20230.121,46.064,497,0
60.597,t2_squeezenet,20201.414,47.604,496,0
60.646,t2_squeezenet,20228.628,48.824,495,0
60.688,t2_squeezenet,20250.870,42.483,495,0
60.733,t2_squeezenet,20285.701,44.436,496,0
60.782,t2_squeezenet,20279.571,49.074,498,0
60.829,t2_squeezenet,20319.897,47.489,499,0
60.871,t2_squeezenet,20340.149,41.417,500,0
60.918,t2_squeezenet,20345.026,47.199,500,0
60.961,t2_squeezenet,20387.728,43.257,500,0
61.012,t2_squeezenet,20404.248,50.376,500,0
61.056,t2_squeezenet,20333.374,44.573,500,0
61.100,t2_squeezenet,20357.808,43.489,500,0
61.146,t2_squeezenet,20399.812,46.437,500,0
61.196,t2_squeezenet,20357.753,49.049,500,0
61.239,t2_squeezenet,20396.153,43.731,499,0
61.284,t2_squeezenet,20439.207,44.498,499,0
61.328,t2_squeezenet,20466.749,44.299,500,0
61.375,t2_squeezenet,20512.513,47.138,500,0
61.422,t2_squeezenet,20438.208,46.216,500,0
61.464,t2_squeezenet,20459.834,42.479,500,0
61.508,t2_squeezenet,20436.746,43.831,500,0
61.556,t2_squeezenet,20440.085,48.048,500,0
61.605,t2_squeezenet,20428.969,49.088,500,0
61.648,t2_squeezenet,20464.733,42.295,500,0
61.694,t2_squeezenet,20491.122,46.201,500,0
61.741,t2_squeezenet,20532.624,47.110,500,0
61.789,t2_squeezenet,20506.669,47.774,500,0
61.835,t2_squeezenet,20530.725,45.621,500,0
61.877,t2_squeezenet,20558.621,42.194,500,0
61.921,t2_squeezenet,20503.525,44.086,500,0
61.973,t2_squeezenet,20500.397,51.558,500,0
62.016,t2_squeezenet,20474.440,43.298,500,0
62.058,t2_squeezenet,20514.914,42.361,500,0
62.105,t2_squeezenet,20556.119,46.341,500,0
62.152,t2_squeezenet,20558.512,47.264,500,0
62.199,t2_squeezenet,20596.421,47.118,500,0
62.243,t2_squeezenet,20619.985,43.921,499,0
62.287,t2_squeezenet,20657.559,43.788,499,0
62.335,t2_squeezenet,20600.243,48.256,499,0
62.383,t2_squeezenet,20632.978,47.663,499,0
62.426,t2_squeezenet,20594.698,42.389,498,0
62.470,t2_squeezenet,20637.563,44.506,500,0
62.517,t2_squeezenet,20677.730,46.702,500,0
62.563,t2_squeezenet,20710.608,45.768,500,0
62.608,t2_squeezenet,20744.247,45.460,500,0
62.653,t2_squeezenet,20788.436,44.753,500,0
62.699,t2_squeezenet,20778.918,45.640,500,0
62.750,t2_squeezenet,20799.420,50.811,500,0
62.794,t2_squeezenet,20839.761,44.265,500,0
62.837,t2_squeezenet,20869.972,42.861,500,0
62.883,t2_squeezenet,20903.730,46.653,500,0
62.929,t2_squeezenet,20872.399,45.612,499,0
62.976,t2_squeezenet,20897.361,46.721,500,0
63.021,t2_squeezenet,20905.769,45.102,500,0
63.063,t2_squeezenet,20932.431,42.081,500,0
63.109,t2_squeezenet,20958.673,45.526,500,0
63.158,t2_squeezenet,21007.146,49.492,500,0
63.201,t2_squeezenet,21049.164,42.730,499,0
63.245,t2_squeezenet,21087.521,43.720,499,0
63.293,t2_squeezenet,21118.682,47.965,500,0
63.341,t2_squeezenet,21151.867,47.842,499,0
63.386,t2_squeezenet,21193.845,44.915,498,0
63.429,t2_squeezenet,21219.973,43.709,500,0
63.473,t2_squeezenet,21263.477,43.686,499,0
63.522,t2_squeezenet,21301.911,48.069,500,0
63.567,t2_squeezenet,21321.798,45.054,499,0
63.609,t2_squeezenet,21348.934,42.301,500,0
63.654,t2_squeezenet,21383.032,45.161,500,0
63.702,t2_squeezenet,21429.945,47.904,499,0
63.748,t2_squeezenet,21460.698,46.105,499,0
63.794,t2_squeezenet,21499.138,45.225,500,0
63.839,t2_squeezenet,21533.180,45.230,499,0
63.885,t2_squeezenet,21574.131,46.049,500,0
63.934,t2_squeezenet,21600.850,48.947,500,0
63.979,t2_squeezenet,21643.695,44.831,500,0
64.022,t2_squeezenet,21672.774,42.520,499,0
64.068,t2_squeezenet,21691.533,46.728,499,0
64.116,t2_squeezenet,21715.141,47.692,499,0
64.159,t2_squeezenet,21747.340,42.860,498,0
64.205,t2_squeezenet,21773.681,45.753,497,0
64.250,t2_squeezenet,21810.137,45.505,498,0
64.299,t2_squeezenet,21827.011,48.525,499,0
64.347,t2_squeezenet,21867.459,47.405,499,0
64.390,t2_squeezenet,21907.712,43.079,500,0
64.436,t2_squeezenet,21871.338,46.201,500,0
64.484,t2_squeezenet,21907.378,47.976,500,0
64.530,t2_squeezenet,21924.886,45.748,500,0
64.573,t2_squeezenet,21952.951,43.107,500,0
64.620,t2_squeezenet,21992.293,46.563,500,0
64.663,t2_squeezenet,22013.255,43.399,500,0
64.712,t2_squeezenet,21964.005,49.463,500,0
64.759,t2_squeezenet,22003.864,46.857,499,0
64.803,t2_squeezenet,22038.916,43.376,500,0
64.851,t2_squeezenet,22064.909,48.424,500,0
64.900,t2_squeezenet,22101.068,48.259,499,0
64.944,t2_squeezenet,22140.156,44.125,499,0
64.991,t2_squeezenet,22160.103,47.133,499,0
65.036,t2_squeezenet,22188.524,44.685,498,0
65.084,t2_squeezenet,22224.179,48.362,497,0
65.130,t2_squeezenet,22240.816,46.090,496,0
65.172,t2_squeezenet,22237.334,41.596,495,0
65.216,t2_squeezenet,22260.024,44.301,495,0
65.264,t2_squeezenet,22275.746,47.409,495,0
65.309,t2_squeezenet,22313.404,45.535,498,0
65.354,t2_squeezenet,22292.835,44.314,500,0
65.400,t2_squeezenet,22311.981,46.230,499,0
65.447,t2_squeezenet,22337.811,46.700,499,0
65.495,t2_squeezenet,22358.148,47.975,500,0
65.540,t2_squeezenet,22394.983,44.640,500,0
65.583,t2_squeezenet,22385.543,43.852,500,0
65.631,t2_squeezenet,22330.425,47.830,500,0
65.679,t2_squeezenet,22370.481,47.724,500,0
65.721,t2_squeezenet,22397.930,42.308,500,0
65.768,t2_squeezenet,22374.841,46.777,499,0
65.811,t2_squeezenet,22307.574,43.160,499,0
65.859,t2_squeezenet,22315.763,47.319,498,0
65.906,t2_squeezenet,22354.095,47.596,500,0
65.950,t2_squeezenet,22394.619,43.547,500,0
65.996,t2_squeezenet,22424.371,46.196,499,0
66.045,t2_squeezenet,22467.187,48.276,499,0
66.090,t2_squeezenet,22445.813,45.118,498,0
66.134,t2_squeezenet,22450.719,44.170,498,0
66.178,t2_squeezenet,22408.674,43.776,497,0
66.223,t2_squeezenet,22433.225,45.507,497,0
66.271,t2_squeezenet,22432.069,47.845,497,0
66.312,t2_squeezenet,22455.702,40.689,496,0
66.355,t2_squeezenet,22490.287,42.907,496,0
66.402,t2_squeezenet,22495.607,46.524,496,0
66.451,t2_squeezenet,22541.323,49.116,495,0
66.494,t2_squeezenet,22527.289,43.594,495,0
66.540,t2_squeezenet,22535.592,45.495,495,0
66.587,t2_squeezenet,22536.863,46.763,496,0
66.634,t2_squeezenet,22563.034,47.304,496,0
66.680,t2_squeezenet,22513.508,46.427,497,0
66.723,t2_squeezenet,22521.719,42.282,499,0
66.767,t2_squeezenet,22558.977,44.275,500,0
66.815,t2_squeezenet,22581.135,47.689,500,0
66.863,t2_squeezenet,22613.400,47.805,500,0
66.905,t2_squeezenet,22651.295,41.884,499,0
66.952,t2_squeezenet,22685.448,47.587,500,0
67.000,t2_squeezenet,22656.021,47.533,500,0
67.049,t2_squeezenet,22687.528,48.871,500,0
67.093,t2_squeezenet,22730.953,43.570,500,0
67.137,t2_squeezenet,22757.613,44.247,500,0
67.183,t2_squeezenet,22787.494,46.232,500,0
67.232,t2_squeezenet,22793.509,48.558,500,0
67.274,t2_squeezenet,22769.556,42.617,499,0
67.319,t2_squeezenet,22691.343,44.951,498,0
67.363,t2_squeezenet,22723.601,43.497,497,0
67.410,t2_squeezenet,22769.564,46.850,496,0
67.456,t2_squeezenet,22789.204,46.405,499,0
67.501,t2_squeezenet,22824.390,44.968,498,0
67.546,t2_squeezenet,22832.823,44.498,498,0
67.595,t2_squeezenet,22841.400,48.646,500,0
67.642,t2_squeezenet,22852.906,47.414,500,0
67.685,t2_squeezenet,22824.876,42.439,500,0
67.731,t2_squeezenet,22824.191,45.921,500,0
67.777,t2_squeezenet,22817.256,46.114,500,0
67.822,t2_squeezenet,22862.081,45.605,500,0
67.867,t2_squeezenet,22841.524,44.581,500,0
67.910,t2_squeezenet,22837.751,43.165,500,0
67.954,t2_squeezenet,22842.747,43.957,499,0
68.008,t2_squeezenet,22749.908,53.743,500,0
68.052,t2_squeezenet,22778.893,43.686,499,0
68.097,t2_squeezenet,22817.515,44.849,499,0
68.143,t2_squeezenet,22830.652,45.775,500,0
68.190,t2_squeezenet,22855.240,47.420,499,0
68.236,t2_squeezenet,22714.572,45.450,500,0
68.278,t2_squeezenet,22748.916,42.465,499,0
68.322,t2_squeezenet,22756.768,43.427,500,0
68.370,t2_squeezenet,22802.610,48.637,500,0
68.415,t2_squeezenet,22838.761,45.112,499,0
68.457,t2_squeezenet,22856.774,41.838,499,0
68.504,t2_squeezenet,22845.624,46.628,500,0
68.552,t2_squeezenet,22801.644,47.767,500,0
68.599,t2_squeezenet,22828.582,47.284,500,0
68.645,t2_squeezenet,22864.689,45.610,500,0
68.688,t2_squeezenet,22835.378,43.694,500,0
68.732,t2_squeezenet,22839.946,43.781,500,0
68.783,t2_squeezenet,22836.094,50.627,500,0
68.826,t2_squeezenet,22852.945,43.458,500,0
68.869,t2_squeezenet,22843.110,42.679,500,0
68.914,t2_squeezenet,22845.672,44.758,500,0
68.962,t2_squeezenet,22848.907,48.123,500,0
69.009,t2_squeezenet,22847.017,47.094,500,0
69.055,t2_squeezenet,22811.876,45.195,500,0
69.099,t2_squeezenet,22832.319,44.636,500,0
69.148,t2_squeezenet,22864.166,48.993,500,0
69.197,t2_squeezenet,22860.928,48.029,500,0
69.239,t2_squeezenet,22845.643,42.072,500,0
69.284,t2_squeezenet,22865.838,45.745,500,0
69.330,t2_squeezenet,22822.475,45.801,500,0
69.376,t2_squeezenet,22834.085,45.848,500,0
69.421,t2_squeezenet,22868.786,45.118,499,0
69.464,t2_squeezenet,22856.263,42.567,499,0
69.509,t2_squeezenet,22862.779,44.775,498,0
69.560,t2_squeezenet,22807.850,50.864,497,0
69.604,t2_squeezenet,22753.898,44.235,497,0
69.647,t2_squeezenet,22753.850,43.353,498,0
69.695,t2_squeezenet,22797.474,47.950,497,0
69.743,t2_squeezenet,22822.406,47.286,496,0
69.788,t2_squeezenet,22788.296,45.009,495,0
69.833,t2_squeezenet,22814.797,45.148,495,0
69.876,t2_squeezenet,22853.436,42.936,495,0
69.923,t2_squeezenet,22862.067,46.919,497,0
69.972,t2_squeezenet,22867.720,48.598,498,0
70.014,t2_squeezenet,22847.623,42.053,499,0
70.058,t2_squeezenet,22796.202,44.588,500,0
70.107,t2_squeezenet,22841.525,48.358,500,0
70.155,t2_squeezenet,22840.186,47.766,500,0
70.199,t2_squeezenet,22810.782,44.346,500,0
70.244,t2_squeezenet,22833.206,44.853,500,0
70.288,t2_squeezenet,22826.686,44.337,500,0
70.337,t2_squeezenet,22871.613,48.377,500,0
70.382,t2_squeezenet,22854.072,44.876,499,0
70.425,t2_squeezenet,22859.966,43.133,500,0
70.468,t2_squeezenet,22828.760,43.153,500,0
70.516,t2_squeezenet,22821.084,47.536,500,0
70.561,t2_squeezenet,22826.288,45.109,500,0
70.606,t2_squeezenet,22837.000,44.615,500,0
70.651,t2_squeezenet,22745.174,45.491,500,0
70.698,t2_squeezenet,22742.348,46.650,500,0
70.748,t2_squeezenet,22742.039,50.707,499,0
70.790,t2_squeezenet,22757.319,41.732,500,0
70.833,t2_squeezenet,22775.000,42.804,500,0
70.880,t2_squeezenet,22801.559,47.188,500,0
70.929,t2_squeezenet,22845.455,48.371,500,0
70.970,t2_squeezenet,22787.280,41.060,500,0
71.016,t2_squeezenet,22797.140,45.585,500,0
71.060,t2_squeezenet,22823.247,44.231,500,0
71.109,t2_squeezenet,22812.738,48.650,500,0
71.155,t2_squeezenet,22777.618,46.903,500,0
71.198,t2_squeezenet,22801.878,42.592,500,0
71.244,t2_squeezenet,22834.139,46.312,500,0
71.293,t2_squeezenet,22840.145,48.212,500,0
71.338,t2_squeezenet,22874.085,45.369,500,0
71.382,t2_squeezenet,22764.911,43.411,500,0
71.427,t2_squeezenet,22776.453,45.564,500,0
71.471,t2_squeezenet,22795.371,44.159,500,0
71.520,t2_squeezenet,22773.470,48.595,500,0
71.564,t2_squeezenet,22760.364,43.828,500,0
71.608,t2_squeezenet,22788.270,44.246,500,0
71.656,t2_squeezenet,22794.242,47.948,500,0
71.705,t2_squeezenet,22838.230,48.270,499,0
71.748,t2_squeezenet,22872.304,43.391,500,0
71.795,t2_squeezenet,22783.426,46.491,499,0
71.839,t2_squeezenet,22813.188,44.323,500,0
71.885,t2_squeezenet,22817.776,46.472,500,0
71.933,t2_squeezenet,22855.051,46.979,500,0
71.975,t2_squeezenet,22849.081,42.391,499,0
72.019,t2_squeezenet,22854.418,43.855,498,0
72.069,t2_squeezenet,22817.115,49.539,498,0
72.115,t2_squeezenet,22838.673,46.005,498,0
72.158,t2_squeezenet,22858.748,43.086,499,0
72.207,t2_squeezenet,22865.464,48.785,500,0
72.253,t2_squeezenet,22865.965,46.523,499,0
72.302,t2_squeezenet,22867.476,48.723,500,0
72.346,t2_squeezenet,22827.602,43.659,500,0
72.388,t2_squeezenet,22868.931,42.520,499,0
72.435,t2_squeezenet,22870.755,47.054,500,0
72.484,t2_squeezenet,22865.886,48.679,500,0
72.526,t2_squeezenet,22856.603,41.398,499,0
72.571,t2_squeezenet,22850.897,45.475,500,0
72.617,t2_squeezenet,22875.227,46.275,500,0
72.666,t2_squeezenet,22866.641,47.995,500,0
72.713,t2_squeezenet,22843.106,46.997,500,0
72.756,t2_squeezenet,22850.223,43.651,500,0
72.801,t2_squeezenet,22867.105,44.475,500,0
72.852,t2_squeezenet,22770.493,51.075,500,0
72.897,t2_squeezenet,22794.590,45.015,500,0
72.938,t2_squeezenet,22819.380,41.448,500,0
72.988,t2_squeezenet,22835.726,49.383,500,0
73.034,t2_squeezenet,22859.735,45.681,500,0
73.082,t2_squeezenet,22818.352,48.474,500,0
73.124,t2_squeezenet,22841.857,42.199,500,0
73.168,t2_squeezenet,22855.610,44.090,500,0
73.215,t2_squeezenet,22837.235,46.820,500,0
73.264,t2_squeezenet,22878.797,48.621,500,0
73.308,t2_squeezenet,22867.525,43.750,500,0
73.352,t2_squeezenet,22879.199,44.544,500,0
73.399,t2_squeezenet,22873.716,46.703,499,0
73.447,t2_squeezenet,22789.603,47.457,500,0
73.493,t2_squeezenet,22835.561,46.654,500,0
73.538,t2_squeezenet,22875.859,44.497,500,0
73.581,t2_squeezenet,22727.658,43.368,500,0
73.632,t2_squeezenet,22752.417,50.716,500,0
73.676,t2_squeezenet,22762.447,43.519,500,0
73.718,t2_squeezenet,22733.850,42.159,499,0
73.765,t2_squeezenet,22779.745,46.662,499,0
73.813,t2_squeezenet,22798.338,47.868,499,0
73.859,t2_squeezenet,22741.810,46.649,500,0
73.905,t2_squeezenet,22757.287,45.241,499,0
73.949,t2_squeezenet,22792.760,44.760,499,0
73.998,t2_squeezenet,22834.552,48.162,499,0
74.047,t2_squeezenet,22851.732,48.936,499,0
74.090,t2_squeezenet,22891.429,43.315,500,0
74.134,t2_squeezenet,22839.060,44.367,500,0
74.181,t2_squeezenet,22870.774,46.216,499,0
74.226,t2_squeezenet,22843.664,45.633,499,0
74.271,t2_squeezenet,22885.808,44.798,499,0
74.315,t2_squeezenet,22870.120,43.938,499,0
74.361,t2_squeezenet,22848.368,45.598,500,0
74.410,t2_squeezenet,22855.754,49.543,500,0
74.456,t2_squeezenet,22876.275,45.226,499,0
74.498,t2_squeezenet,22873.034,42.568,499,0
74.544,t2_squeezenet,22882.581,46.006,499,0
74.592,t2_squeezenet,22883.466,47.591,500,0
74.637,t2_squeezenet,22825.294,45.327,500,0
74.683,t2_squeezenet,22851.440,45.492,499,0
74.725,t2_squeezenet,22885.975,42.161,498,0
74.770,t2_squeezenet,22858.937,45.271,497,0
74.821,t2_squeezenet,22889.422,50.266,498,0
74.864,t2_squeezenet,22754.267,43.176,497,0
74.907,t2_squeezenet,22793.926,43.352,497,0
74.956,t2_squeezenet,22841.238,48.170,497,0
75.005,t2_squeezenet,22839.377,49.480,499,0
75.051,t2_squeezenet,22853.021,45.699,499,0
75.095,t2_squeezenet,22881.966,44.251,499,0
75.139,t2_squeezenet,22888.785,44.149,499,0
75.187,t2_squeezenet,22818.012,47.728,498,0
75.233,t2_squeezenet,22835.357,46.283,499,0
75.274,t2_squeezenet,22752.683,40.637,499,0
75.320,t2_squeezenet,22744.759,45.812,500,0
75.367,t2_squeezenet,22765.261,47.401,500,0
75.414,t2_squeezenet,22736.114,46.248,500,0
75.458,t2_squeezenet,22771.128,43.959,500,0
75.504,t2_squeezenet,22802.177,45.916,500,0
75.550,t2_squeezenet,22835.621,46.403,500,0
75.600,t2_squeezenet,22872.257,49.896,500,0
75.643,t2_squeezenet,22866.493,43.004,500,0
75.686,t2_squeezenet,22887.161,42.400,499,0
75.732,t2_squeezenet,22881.378,46.732,500,0
75.781,t2_squeezenet,22759.176,48.553,500,0
75.822,t2_squeezenet,22782.265,41.395,500,0
75.869,t2_squeezenet,22821.454,46.335,499,0
75.913,t2_squeezenet,22864.334,44.546,500,0
75.963,t2_squeezenet,22864.031,49.140,500,0
76.010,t2_squeezenet,22680.725,47.650,500,0
76.053,t2_squeezenet,22716.682,42.408,499,0
76.099,t2_squeezenet,22718.457,45.773,498,0
76.147,t2_squeezenet,22754.400,48.368,500,0
76.192,t2_squeezenet,22777.979,45.220,500,0
76.236,t2_squeezenet,22820.951,43.912,500,0
76.281,t2_squeezenet,22863.936,44.482,500,0
76.327,t2_squeezenet,22844.789,45.979,500,0
76.374,t2_squeezenet,22811.132,46.974,500,0
76.419,t2_squeezenet,22854.394,44.633,500,0
76.462,t2_squeezenet,22874.664,43.395,500,0
76.509,t2_squeezenet,22861.480,47.109,500,0
76.559,t2_squeezenet,22852.666,49.904,500,0
76.602,t2_squeezenet,22810.088,43.159,500,0
76.650,t2_squeezenet,22841.623,47.195,499,0
76.694,t2_squeezenet,22876.697,44.858,498,0
76.741,t2_squeezenet,22886.149,46.728,499,0
76.790,t2_squeezenet,22860.199,48.218,499,0
76.831,t2_squeezenet,22854.701,41.702,499,0
76.874,t2_squeezenet,22878.469,42.640,499,0
76.924,t2_squeezenet,22768.021,49.339,499,0
76.970,t2_squeezenet,22805.754,46.336,500,0
77.014,t2_squeezenet,22844.472,44.114,500,0
77.060,t2_squeezenet,22842.024,45.756,500,0
77.107,t2_squeezenet,22885.354,46.682,500,0
77.155,t2_squeezenet,22890.165,48.247,500,0
77.199,t2_squeezenet,22872.451,43.539,500,0
77.242,t2_squeezenet,22881.858,43.676,500,0
77.290,t2_squeezenet,22884.032,47.683,500,0
77.339,t2_squeezenet,22888.548,49.264,500,0
77.382,t2_squeezenet,22887.415,42.275,500,0
77.427,t2_squeezenet,22881.588,45.399,499,0
77.471,t2_squeezenet,22877.726,44.163,500,0
77.519,t2_squeezenet,22844.405,47.304,500,0
77.566,t2_squeezenet,22859.629,47.297,500,0
77.609,t2_squeezenet,22828.136,43.152,500,0
77.654,t2_squeezenet,22794.039,44.425,499,0
77.704,t2_squeezenet,22733.670,50.563,500,0
77.750,t2_squeezenet,22739.104,45.273,500,0
77.794,t2_squeezenet,22673.236,43.921,500,0
77.839,t2_squeezenet,22709.952,45.704,500,0
77.886,t2_squeezenet,22753.268,46.537,500,0
77.934,t2_squeezenet,22794.086,47.676,499,0
77.979,t2_squeezenet,22785.797,45.009,499,0
78.020,t2_squeezenet,22776.199,41.712,500,0
78.068,t2_squeezenet,22795.098,47.458,500,0
78.116,t2_squeezenet,22834.659,48.212,500,0
78.160,t2_squeezenet,22872.810,43.447,500,0
78.206,t2_squeezenet,22836.975,46.274,500,0
78.252,t2_squeezenet,22829.778,45.991,500,0
78.300,t2_squeezenet,22876.275,48.141,500,0
78.348,t2_squeezenet,22867.318,48.159,500,0
78.391,t2_squeezenet,22861.166,42.522,500,0
78.435,t2_squeezenet,22879.428,43.960,500,0
78.485,t2_squeezenet,22894.053,49.727,500,0
78.531,t2_squeezenet,22889.020,45.756,500,0
78.570,t2_squeezenet,22709.765,39.747,500,0
78.618,t2_squeezenet,22751.161,47.552,500,0
78.664,t2_squeezenet,22780.267,45.968,500,0
78.711,t2_squeezenet,22799.767,47.302,500,0
78.756,t2_squeezenet,22812.951,44.508,500,0
78.800,t2_squeezenet,22766.575,44.476,500,0
78.849,t2_squeezenet,22763.349,48.046,500,0
78.898,t2_squeezenet,22765.054,49.187,500,0
78.941,t2_squeezenet,22802.328,43.533,500,0
78.988,t2_squeezenet,22838.670,46.146,500,0
79.033,t2_squeezenet,22846.100,45.359,499,0
79.080,t2_squeezenet,22855.366,46.617,498,0
79.124,t2_squeezenet,22794.367,44.644,498,0
79.168,t2_squeezenet,22829.280,43.653,500,0
79.213,t2_squeezenet,22851.610,44.955,500,0
79.264,t2_squeezenet,22826.784,50.896,500,0
79.310,t2_squeezenet,22868.357,45.422,500,0
79.353,t2_squeezenet,22899.529,43.208,500,0
79.401,t2_squeezenet,22891.669,48.507,500,0
79.449,t2_squeezenet,22859.989,47.550,500,0
79.494,t2_squeezenet,22882.036,45.019,499,0
79.541,t2_squeezenet,22897.159,46.533,500,0
79.584,t2_squeezenet,22860.023,43.531,500,0
79.630,t2_squeezenet,22898.390,45.729,500,0
79.679,t2_squeezenet,22884.505,48.633,500,0
79.721,t2_squeezenet,22893.451,41.808,500,0
79.765,t2_squeezenet,22889.062,44.629,500,0
79.812,t2_squeezenet,22894.188,46.560,500,0
79.860,t2_squeezenet,22858.029,47.758,499,0
79.905,t2_squeezenet,22868.861,45.314,499,0
79.951,t2_squeezenet,22887.233,45.434,500,0
79.997,t2_squeezenet,22881.048,46.171,499,0
80.048,t2_squeezenet,22815.460,50.761,500,0
80.091,t2_squeezenet,22858.544,43.651,500,0
80.133,t2_squeezenet,22893.864,41.687,500,0
80.180,t2_squeezenet,22898.479,46.900,500,0
80.225,t2_squeezenet,22899.065,44.928,500,0
80.270,t2_squeezenet,22855.128,44.899,500,0
80.316,t2_squeezenet,22884.195,45.563,499,0
80.361,t2_squeezenet,22908.474,44.858,500,0
80.408,t2_squeezenet,22895.623,47.450,500,0
80.458,t2_squeezenet,22888.407,49.209,500,0
80.500,t2_squeezenet,22884.722,42.314,500,0
80.546,t2_squeezenet,22878.110,45.785,500,0
80.593,t2_squeezenet,22817.775,47.181,500,0
80.640,t2_squeezenet,22861.160,47.264,500,0
80.686,t2_squeezenet,22848.242,45.553,500,0
80.730,t2_squeezenet,22855.215,44.227,500,0
80.774,t2_squeezenet,22882.236,43.367,499,0
80.824,t2_squeezenet,22901.427,49.815,499,0
80.869,t2_squeezenet,22890.719,45.591,499,0
80.912,t2_squeezenet,22868.831,42.516,498,0
80.960,t2_squeezenet,22827.250,48.336,500,0
81.009,t2_squeezenet,22872.096,48.703,500,0
81.054,t2_squeezenet,22895.015,45.423,500,0
81.101,t2_squeezenet,22917.324,46.232,500,0
81.145,t2_squeezenet,22901.178,44.763,500,0
81.194,t2_squeezenet,22879.666,48.190,500,0
81.241,t2_squeezenet,22919.681,47.283,500,0
81.282,t2_squeezenet,22918.374,41.331,500,0
81.328,t2_squeezenet,22864.480,45.081,500,0
81.373,t2_squeezenet,22908.279,44.920,500,0
81.420,t2_squeezenet,22896.756,47.630,500,0
81.465,t2_squeezenet,22904.920,44.791,500,0
81.510,t2_squeezenet,22893.447,45.286,500,0
81.555,t2_squeezenet,22916.831,44.955,499,0
81.605,t2_squeezenet,22907.838,49.304,500,0
81.650,t2_squeezenet,22828.503,45.640,500,0
81.693,t2_squeezenet,22864.949,42.713,500,0
81.740,t2_squeezenet,22892.753,46.945,500,0
81.788,t2_squeezenet,22888.698,47.614,500,0
81.832,t2_squeezenet,22896.303,44.222,500,0
81.878,t2_squeezenet,22865.720,45.473,500,0
81.920,t2_squeezenet,22902.978,42.392,499,0
81.967,t2_squeezenet,22908.096,46.811,499,0
82.018,t2_squeezenet,22855.799,50.983,499,0
82.060,t2_squeezenet,22828.118,42.320,500,0
82.107,t2_squeezenet,22871.172,46.404,499,0
82.153,t2_squeezenet,22901.184,46.031,500,0
82.200,t2_squeezenet,22877.874,46.986,500,0
82.244,t2_squeezenet,22920.734,44.513,499,0
82.289,t2_squeezenet,22918.648,44.215,499,0
82.334,t2_squeezenet,22913.855,45.196,500,0
82.383,t2_squeezenet,22917.984,48.850,500,0
82.428,t2_squeezenet,22909.446,45.423,500,0
82.469,t2_squeezenet,22920.009,40.348,499,0
82.516,t2_squeezenet,22857.004,46.706,499,0
82.565,t2_squeezenet,22894.649,49.072,498,0
82.611,t2_squeezenet,22911.374,45.852,499,0
82.657,t2_squeezenet,22908.370,46.633,500,0
82.701,t2_squeezenet,22908.137,44.014,500,0
82.748,t2_squeezenet,22883.006,46.703,500,0
82.798,t2_squeezenet,22853.161,49.945,500,0
82.840,t2_squeezenet,22887.842,41.787,500,0
82.884,t2_squeezenet,22908.992,44.372,500,0
82.933,t2_squeezenet,22915.947,48.900,500,0
82.982,t2_squeezenet,22925.588,48.516,500,0
83.025,t2_squeezenet,22882.263,43.028,500,0
83.070,t2_squeezenet,22922.853,45.200,499,0
83.114,t2_squeezenet,22860.963,43.936,498,0
83.165,t2_squeezenet,22906.942,50.475,500,0
83.210,t2_squeezenet,22927.935,45.256,500,0
83.254,t2_squeezenet,22928.241,43.786,500,0
83.300,t2_squeezenet,22782.013,46.314,500,0
83.350,t2_squeezenet,22664.383,49.402,500,0
83.394,t2_squeezenet,22691.271,44.165,500,0
83.438,t2_squeezenet,22719.249,44.737,500,0
83.482,t2_squeezenet,22720.188,43.792,500,0
83.529,t2_squeezenet,22756.367,46.849,500,0
83.576,t2_squeezenet,22798.841,46.514,500,0
83.618,t2_squeezenet,22797.753,42.296,499,0
83.662,t2_squeezenet,22841.380,44.059,499,0
83.711,t2_squeezenet,22860.583,49.029,498,0
83.759,t2_squeezenet,22899.881,47.368,500,0
83.803,t2_squeezenet,22928.447,44.204,500,0
83.848,t2_squeezenet,22914.662,45.146,500,0
83.893,t2_squeezenet,22925.660,44.332,500,0
83.941,t2_squeezenet,22908.735,48.216,500,0
83.987,t2_squeezenet,22916.909,45.983,499,0
84.029,t2_squeezenet,22917.224,42.374,500,0
84.075,t2_squeezenet,22897.923,45.327,500,0
84.122,t2_squeezenet,22852.664,47.549,500,0
84.166,t2_squeezenet,22859.982,43.884,500,0
84.211,t2_squeezenet,22888.817,45.012,500,0
84.258,t2_squeezenet,22926.224,46.617,499,0
84.305,t2_squeezenet,22904.095,46.855,498,0
84.354,t2_squeezenet,22912.341,49.032,499,0
84.397,t2_squeezenet,22910.448,42.694,500,0
84.440,t2_squeezenet,22921.359,43.466,500,0
84.488,t2_squeezenet,22912.010,47.454,500,0
84.534,t2_squeezenet,22924.878,46.092,500,0
84.577,t2_squeezenet,22906.246,42.874,500,0
84.621,t2_squeezenet,22921.891,43.728,499,0
84.666,t2_squeezenet,22907.319,45.314,500,0
84.715,t2_squeezenet,22924.321,49.348,500,0
84.761,t2_squeezenet,22909.590,45.491,500,0
84.804,t2_squeezenet,22909.402,43.086,500,0
84.851,t2_squeezenet,22898.173,47.166,500,0
84.900,t2_squeezenet,22901.522,48.976,500,0
84.946,t2_squeezenet,22915.287,45.348,500,0
84.990,t2_squeezenet,22901.737,44.180,500,0
85.035,t2_squeezenet,22897.078,44.512,500,0
85.082,t2_squeezenet,22912.960,47.030,500,0
85.128,t2_squeezenet,22882.114,45.908,500,0
85.172,t2_squeezenet,22870.657,43.963,500,0
85.215,t2_squeezenet,22846.348,43.399,500,0
85.263,t2_squeezenet,22809.235,47.634,500,0
85.312,t2_squeezenet,22854.653,49.368,500,0
85.355,t2_squeezenet,22892.331,42.799,500,0
85.402,t2_squeezenet,22918.445,46.895,500,0
85.446,t2_squeezenet,22921.210,44.173,500,0
85.493,t2_squeezenet,22887.254,46.505,499,0
85.540,t2_squeezenet,22921.713,46.952,500,0
85.583,t2_squeezenet,22922.911,43.047,500,0
85.625,t2_squeezenet,22877.428,41.888,500,0
85.674,t2_squeezenet,22902.968,48.954,500,0
85.719,t2_squeezenet,22918.795,45.596,500,0
85.762,t2_squeezenet,22912.245,42.780,500,0
85.810,t2_squeezenet,22876.828,47.723,500,0
85.856,t2_squeezenet,22907.970,46.018,499,0
85.905,t2_squeezenet,22892.851,48.600,500,0
85.949,t2_squeezenet,22911.756,44.188,500,0
85.993,t2_squeezenet,22917.153,43.795,499,0
86.039,t2_squeezenet,22918.813,46.277,500,0
86.087,t2_squeezenet,22862.327,48.235,500,0
86.131,t2_squeezenet,22877.207,43.272,500,0
86.174,t2_squeezenet,22908.690,43.599,500,0
86.220,t2_squeezenet,22808.408,45.496,500,0
86.267,t2_squeezenet,22855.231,47.417,500,0
86.314,t2_squeezenet,22892.653,47.043,500,0
86.359,t2_squeezenet,22869.600,44.578,500,0
86.404,t2_squeezenet,22894.852,44.412,500,0
86.454,t2_squeezenet,22876.676,50.353,500,0
86.499,t2_squeezenet,22903.975,45.417,500,0
86.541,t2_squeezenet,22895.072,41.640,500,0
86.587,t2_squeezenet,22844.293,45.982,500,0
86.634,t2_squeezenet,22865.773,46.396,500,0
86.678,t2_squeezenet,22890.560,44.677,500,0
86.724,t2_squeezenet,22868.923,45.304,500,0
86.767,t2_squeezenet,22897.479,43.520,500,0
86.812,t2_squeezenet,22911.583,45.050,500,0
86.864,t2_squeezenet,22890.341,51.410,499,0
86.907,t2_squeezenet,22868.353,43.015,498,0
86.951,t2_squeezenet,22843.927,44.646,498,0
86.998,t2_squeezenet,22781.251,46.732,497,0
87.045,t2_squeezenet,22815.165,46.660,497,0
87.092,t2_squeezenet,22801.451,47.284,496,0
87.135,t2_squeezenet,22842.251,42.400,495,0
87.179,t2_squeezenet,22837.188,43.816,498,0
87.226,t2_squeezenet,22876.249,47.067,497,0
87.273,t2_squeezenet,22922.686,46.564,496,0
87.315,t2_squeezenet,22921.478,41.918,495,0
87.361,t2_squeezenet,22918.369,46.821,498,0
87.409,t2_squeezenet,22912.253,47.027,497,0
87.455,t2_squeezenet,22901.975,46.814,498,0
87.500,t2_squeezenet,22921.328,45.052,497,0
87.545,t2_squeezenet,22894.302,44.548,498,0
87.589,t2_squeezenet,22878.247,44.371,500,0
87.640,t2_squeezenet,22867.566,50.323,500,0
87.684,t2_squeezenet,22903.494,43.839,500,0
87.724,t2_squeezenet,22907.639,40.217,500,0
87.771,t2_squeezenet,22865.803,47.275,500,0
87.819,t2_squeezenet,22863.262,47.281,499,0
87.865,t2_squeezenet,22666.390,45.803,499,0
87.911,t2_squeezenet,22675.585,46.012,500,0
87.954,t2_squeezenet,22667.705,43.708,499,0
88.004,t2_squeezenet,22712.547,49.225,499,0
88.051,t2_squeezenet,22755.819,47.597,499,0
88.092,t2_squeezenet,22783.911,40.825,499,0
88.137,t2_squeezenet,22817.895,44.555,499,0
88.183,t2_squeezenet,22857.289,45.702,498,0
88.229,t2_squeezenet,22894.996,45.915,499,0
88.273,t2_squeezenet,22853.477,44.073,498,0
88.316,t2_squeezenet,22851.939,43.421,500,0
88.363,t2_squeezenet,22886.521,46.254,500,0
88.413,t2_squeezenet,22905.480,49.973,500,0
88.459,t2_squeezenet,22916.370,46.475,499,0
88.502,t2_squeezenet,22891.438,42.983,498,0
88.549,t2_squeezenet,22910.348,47.238,497,0
88.597,t2_squeezenet,22884.871,47.067,499,0
88.642,t2_squeezenet,22844.979,45.129,500,0
88.686,t2_squeezenet,22816.792,44.461,500,0
88.731,t2_squeezenet,22843.449,44.356,500,0
88.775,t2_squeezenet,22875.914,44.358,500,0
88.825,t2_squeezenet,22899.414,49.567,500,0
88.867,t2_squeezenet,22860.302,42.325,500,0
88.912,t2_squeezenet,22778.407,44.525,500,0
88.960,t2_squeezenet,22775.374,48.638,500,0
89.008,t2_squeezenet,22741.190,48.096,500,0
89.053,t2_squeezenet,22727.404,44.732,499,0
89.098,t2_squeezenet,22717.651,44.698,500,0
89.143,t2_squeezenet,22650.255,44.817,500,0
89.193,t2_squeezenet,22684.902,49.678,500,0
89.237,t2_squeezenet,22678.154,44.374,500,0
89.279,t2_squeezenet,22712.285,42.461,500,0
89.324,t2_squeezenet,22690.618,44.400,500,0
89.373,t2_squeezenet,22719.260,48.896,500,0
89.418,t2_squeezenet,22745.861,45.408,500,0
89.463,t2_squeezenet,22778.989,44.517,500,0
89.508,t2_squeezenet,22814.260,45.324,499,0
89.555,t2_squeezenet,22857.021,46.645,500,0
89.604,t2_squeezenet,22878.879,49.182,499,0
89.646,t2_squeezenet,22890.106,41.763,500,0
89.689,t2_squeezenet,22918.663,43.078,500,0
89.736,t2_squeezenet,22909.901,47.096,500,0
89.785,t2_squeezenet,22850.960,48.153,500,0
89.825,t2_squeezenet,22876.900,40.595,500,0
89.872,t2_squeezenet,22873.027,47.017,500,0
89.917,t2_squeezenet,22890.771,44.453,499,0
89.967,t2_squeezenet,22906.690,49.770,500,0
90.014,t2_squeezenet,22889.355,47.132,500,0
90.056,t2_squeezenet,22893.445,42.273,500,0
90.102,t2_squeezenet,22915.767,46.075,499,0
90.151,t2_squeezenet,22720.343,48.411,499,0
90.195,t2_squeezenet,22762.820,44.713,498,0
90.239,t2_squeezenet,22795.292,43.118,497,0
90.284,t2_squeezenet,22836.883,45.682,496,0
90.329,t2_squeezenet,22811.478,44.260,495,0
90.377,t2_squeezenet,22819.319,48.361,495,0
90.420,t2_squeezenet,22861.221,42.449,494,0
90.464,t2_squeezenet,22891.761,43.877,494,0
90.511,t2_squeezenet,22909.002,47.488,494,0
90.559,t2_squeezenet,22912.753,48.186,493,0
90.603,t2_squeezenet,22899.654,43.075,495,0
90.648,t2_squeezenet,22915.172,45.361,496,0
90.693,t2_squeezenet,22893.579,44.710,499,0
90.739,t2_squeezenet,22902.951,46.348,498,0
90.787,t2_squeezenet,22910.369,47.640,499,0
90.828,t2_squeezenet,22857.358,41.035,500,0
90.872,t2_squeezenet,22889.345,43.978,499,0
90.923,t2_squeezenet,22855.322,51.550,500,0
90.969,t2_squeezenet,22870.782,45.498,499,0
91.014,t2_squeezenet,22892.989,45.096,498,0
91.060,t2_squeezenet,22854.709,45.662,498,0
91.107,t2_squeezenet,22893.334,46.768,500,0
91.155,t2_squeezenet,22859.821,47.965,500,0
91.197,t2_squeezenet,22882.910,42.711,500,0
91.241,t2_squeezenet,22899.742,43.696,500,0
91.288,t2_squeezenet,22846.116,46.500,500,0
91.336,t2_squeezenet,22858.137,48.605,500,0
91.378,t2_squeezenet,22883.257,41.336,500,0
91.423,t2_squeezenet,22906.160,45.210,500,0
91.469,t2_squeezenet,22903.917,45.725,499,0
91.517,t2_squeezenet,22886.969,47.843,498,0
91.564,t2_squeezenet,22880.842,47.194,498,0
91.607,t2_squeezenet,22917.715,43.143,497,0
91.652,t2_squeezenet,22903.583,44.865,498,0
91.702,t2_squeezenet,22891.263,49.712,498,0
91.746,t2_squeezenet,22903.096,44.513,497,0
91.790,t2_squeezenet,22876.479,43.372,496,0
91.835,t2_squeezenet,22887.081,45.456,495,0
91.880,t2_squeezenet,22912.470,44.109,494,0
91.927,t2_squeezenet,22880.264,47.732,493,0
91.970,t2_squeezenet,22913.741,42.927,495,0
92.015,t2_squeezenet,22905.702,44.826,495,0
92.063,t2_squeezenet,22903.836,47.566,494,0
92.110,t2_squeezenet,22910.889,47.467,495,0
92.154,t2_squeezenet,22910.244,43.304,496,0
92.198,t2_squeezenet,22870.710,44.756,496,0
92.244,t2_squeezenet,22874.772,45.720,496,0
92.292,t2_squeezenet,22837.051,47.715,500,0
92.339,t2_squeezenet,22768.769,46.831,500,0
92.379,t2_squeezenet,22762.347,40.439,500,0
92.424,t2_squeezenet,22803.948,44.454,499,0
92.474,t2_squeezenet,22651.498,50.472,500,0
92.520,t2_squeezenet,22677.881,45.116,500,0
92.563,t2_squeezenet,22671.076,42.972,500,0
92.610,t2_squeezenet,22697.775,46.960,500,0
92.657,t2_squeezenet,22737.337,47.096,500,0
92.704,t2_squeezenet,22779.885,47.224,499,0
92.747,t2_squeezenet,22779.829,43.087,499,0
92.791,t2_squeezenet,22808.867,43.475,499,0
92.839,t2_squeezenet,22849.538,47.700,499,0
92.885,t2_squeezenet,22832.401,46.048,500,0
92.928,t2_squeezenet,22870.993,42.785,500,0
92.973,t2_squeezenet,22913.034,44.981,500,0
93.020,t2_squeezenet,22890.608,46.886,500,0
93.068,t2_squeezenet,22885.617,47.984,499,0
93.113,t2_squeezenet,22888.757,45.119,499,0
93.157,t2_squeezenet,22875.571,44.328,500,0
93.202,t2_squeezenet,22884.249,45.031,500,0
93.251,t2_squeezenet,22859.861,48.988,500,0
93.296,t2_squeezenet,22890.988,44.887,500,0
93.338,t2_squeezenet,22912.667,41.710,500,0
93.384,t2_squeezenet,22913.630,46.062,500,0
93.430,t2_squeezenet,22899.948,45.737,500,0
93.475,t2_squeezenet,22889.167,45.011,499,0
93.521,t2_squeezenet,22901.692,45.406,499,0
93.565,t2_squeezenet,22908.051,44.251,499,0
93.612,t2_squeezenet,22844.674,47.550,498,0
93.662,t2_squeezenet,22889.149,49.479,499,0
93.706,t2_squeezenet,22893.396,43.420,500,0
93.750,t2_squeezenet,22916.653,44.548,500,0
93.796,t2_squeezenet,22910.321,45.660,500,0
93.843,t2_squeezenet,22883.273,46.882,500,0
93.888,t2_squeezenet,22910.703,44.967,500,0
93.930,t2_squeezenet,22883.727,41.825,499,0
93.975,t2_squeezenet,22892.011,45.074,499,0
94.026,t2_squeezenet,22902.462,51.383,500,0
94.072,t2_squeezenet,22916.314,46.197,500,0
94.116,t2_squeezenet,22905.113,43.182,499,0
94.162,t2_squeezenet,22902.230,46.820,499,0
94.212,t2_squeezenet,22885.130,49.071,500,0
94.257,t2_squeezenet,22897.908,45.001,500,0
94.300,t2_squeezenet,22907.766,43.668,500,0
94.344,t2_squeezenet,22909.081,43.348,500,0
94.391,t2_squeezenet,22908.912,46.913,499,0
94.438,t2_squeezenet,22899.971,47.733,499,0
94.481,t2_squeezenet,22914.995,41.957,498,0
94.524,t2_squeezenet,22911.515,43.128,498,0
94.573,t2_squeezenet,22857.097,49.386,498,0
94.621,t2_squeezenet,22890.975,47.729,499,0
94.665,t2_squeezenet,22857.253,44.121,499,0
94.710,t2_squeezenet,22892.696,44.897,500,0
94.755,t2_squeezenet,22907.957,44.577,500,0
94.803,t2_squeezenet,22909.492,48.209,500,0
94.848,t2_squeezenet,22806.818,44.980,500,0
94.891,t2_squeezenet,22810.342,42.676,499,0
94.934,t2_squeezenet,22813.029,42.789,498,0
94.983,t2_squeezenet,22849.706,49.425,500,0
95.029,t2_squeezenet,22842.783,45.794,499,0
95.073,t2_squeezenet,22878.962,44.265,499,0
95.119,t2_squeezenet,22836.976,45.872,500,0
95.166,t2_squeezenet,22883.490,46.911,500,0
95.216,t2_squeezenet,22890.053,49.747,500,0
95.258,t2_squeezenet,22841.991,42.593,500,0
95.302,t2_squeezenet,22872.070,43.254,500,0
95.349,t2_squeezenet,22907.824,47.041,499,0
95.396,t2_squeezenet,22843.353,46.934,499,0
95.437,t2_squeezenet,22882.876,40.646,498,0
95.483,t2_squeezenet,22903.700,45.782,500,0
95.528,t2_squeezenet,22872.285,45.130,500,0
95.576,t2_squeezenet,22876.234,48.411,500,0
95.624,t2_squeezenet,22903.590,47.442,499,0
95.667,t2_squeezenet,22901.712,42.852,499,0
95.712,t2_squeezenet,22906.830,45.810,499,0
95.762,t2_squeezenet,22883.372,49.050,498,0
95.806,t2_squeezenet,22876.660,44.780,500,0
95.850,t2_squeezenet,22888.743,43.215,499,0
95.895,t2_squeezenet,22893.305,45.587,499,0
95.940,t2_squeezenet,22902.392,44.788,498,0
95.989,t2_squeezenet,22882.064,48.346,499,0
96.033,t2_squeezenet,22906.607,44.082,498,0
96.077,t2_squeezenet,22877.441,44.650,499,0
96.125,t2_squeezenet,22909.527,47.748,499,0
96.173,t2_squeezenet,22899.086,48.043,499,0
96.216,t2_squeezenet,22906.713,42.637,499,0
96.262,t2_squeezenet,22857.021,46.092,500,0
96.308,t2_squeezenet,22897.911,45.447,500,0
96.356,t2_squeezenet,22902.778,48.328,500,0
96.402,t2_squeezenet,22895.041,45.918,500,0
96.445,t2_squeezenet,22898.156,43.061,500,0
96.488,t2_squeezenet,22883.460,43.015,500,0
96.538,t2_squeezenet,22893.581,49.533,500,0
96.583,t2_squeezenet,22857.177,45.402,500,0
96.627,t2_squeezenet,22827.301,43.192,500,0
96.675,t2_squeezenet,22859.174,48.184,500,0
96.721,t2_squeezenet,22888.399,46.564,500,0
96.769,t2_squeezenet,22863.924,47.939,499,0
96.813,t2_squeezenet,22852.313,43.476,498,0
96.858,t2_squeezenet,22853.550,44.744,498,0
96.905,t2_squeezenet,22853.390,47.558,498,0
96.953,t2_squeezenet,22897.068,47.466,500,0
96.996,t2_squeezenet,22895.913,43.503,500,0
97.040,t2_squeezenet,22825.768,43.292,500,0
97.086,t2_squeezenet,22821.017,46.126,500,0
97.134,t2_squeezenet,22831.390,47.746,500,0
97.180,t2_squeezenet,22852.373,46.044,499,0
97.224,t2_squeezenet,22867.420,43.864,500,0
97.269,t2_squeezenet,22889.785,44.838,500,0
97.320,t2_squeezenet,22840.662,50.912,500,0
97.363,t2_squeezenet,22840.534,43.683,499,0
97.405,t2_squeezenet,22844.510,42.018,500,0
97.452,t2_squeezenet,22865.189,47.041,499,0
97.500,t2_squeezenet,22907.160,47.187,500,0
97.544,t2_squeezenet,22740.681,43.998,500,0
97.589,t2_squeezenet,22773.759,44.956,499,0
97.632,t2_squeezenet,22725.770,43.579,500,0
97.681,t2_squeezenet,22747.066,48.178,499,0
97.729,t2_squeezenet,22759.115,48.748,499,0
97.771,t2_squeezenet,22798.723,41.491,498,0
97.816,t2_squeezenet,22813.912,45.351,499,0
97.863,t2_squeezenet,22819.633,46.250,498,0
97.910,t2_squeezenet,22850.128,46.900,500,0
97.954,t2_squeezenet,22841.795,44.386,499,0
97.999,t2_squeezenet,22804.709,45.222,499,0
98.041,t2_squeezenet,22809.538,42.105,498,0
98.092,t2_squeezenet,22856.749,50.795,497,0
98.137,t2_squeezenet,22852.447,44.956,499,0
98.180,t2_squeezenet,22874.401,42.969,499,0
98.228,t2_squeezenet,22901.051,47.106,499,0
98.275,t2_squeezenet,22886.686,47.250,498,0
98.320,t2_squeezenet,22893.801,45.465,498,0
98.365,t2_squeezenet,22879.237,44.250,500,0
98.408,t2_squeezenet,22899.327,43.442,500,0
98.453,t2_squeezenet,22894.788,45.202,499,0
98.504,t2_squeezenet,22893.378,50.827,499,0
98.544,t2_squeezenet,22844.484,39.641,500,0
98.587,t2_squeezenet,22859.395,43.458,500,0
98.636,t2_squeezenet,22869.654,48.951,500,0
98.684,t2_squeezenet,22866.687,48.006,500,0
98.729,t2_squeezenet,22856.800,44.700,500,0
98.774,t2_squeezenet,22891.958,45.105,500,0
98.819,t2_squeezenet,22876.626,45.047,500,0
98.870,t2_squeezenet,22899.541,50.277,499,0
98.915,t2_squeezenet,22815.442,45.165,500,0
98.957,t2_squeezenet,22853.806,42.156,500,0
99.003,t2_squeezenet,22868.355,45.948,500,0
99.050,t2_squeezenet,22901.848,46.569,500,0
99.095,t2_squeezenet,22874.923,44.897,500,0
99.139,t2_squeezenet,22863.564,44.205,500,0
99.186,t2_squeezenet,22890.290,46.366,500,0
99.233,t2_squeezenet,22895.753,47.111,499,0
99.282,t2_squeezenet,22900.265,49.642,498,0
99.324,t2_squeezenet,22888.917,41.749,499,0
99.368,t2_squeezenet,22899.210,43.294,498,0
99.415,t2_squeezenet,22890.886,47.782,499,0
99.464,t2_squeezenet,22883.237,48.138,500,0
99.506,t2_squeezenet,22808.032,42.401,500,0
99.550,t2_squeezenet,22814.234,44.155,499,0
99.595,t2_squeezenet,22850.897,44.440,498,0
99.642,t2_squeezenet,22832.665,46.990,498,0
99.691,t2_squeezenet,22827.012,48.599,500,0
99.734,t2_squeezenet,22842.168,43.052,500,0
99.779,t2_squeezenet,22840.951,45.200,500,0
99.829,t2_squeezenet,22871.294,50.334,500,0
99.875,t2_squeezenet,22872.167,45.303,500,0
99.918,t2_squeezenet,22874.258,43.750,500,0
99.963,t2_squeezenet,22892.574,45.070,500,0
100.011,t2_squeezenet,22866.980,47.155,500,0
100.059,t2_squeezenet,22889.485,48.151,500,0
100.100,t2_squeezenet,22893.898,40.821,499,0
100.144,t2_squeezenet,22891.314,44.361,499,0
100.192,t2_squeezenet,22865.835,47.654,498,0
100.241,t2_squeezenet,22889.723,48.784,499,0
100.284,t2_squeezenet,22834.415,43.403,499,0
100.329,t2_squeezenet,22875.675,45.266,499,0
100.376,t2_squeezenet,22902.508,46.794,500,0
100.424,t2_squeezenet,22900.940,47.845,499,0
100.470,t2_squeezenet,22885.141,45.738,499,0
100.513,t2_squeezenet,22857.199,42.620,499,0
100.556,t2_squeezenet,22896.652,43.467,500,0
100.604,t2_squeezenet,22877.804,48.083,500,0
100.649,t2_squeezenet,22877.972,44.393,499,0
100.691,t2_squeezenet,22891.903,41.992,499,0
100.739,t2_squeezenet,22888.479,48.202,500,0
100.786,t2_squeezenet,22834.639,47.207,500,0
100.834,t2_squeezenet,22850.732,47.072,500,0
100.878,t2_squeezenet,22873.158,44.428,500,0
100.922,t2_squeezenet,22892.846,44.099,500,0
100.968,t2_squeezenet,22893.815,45.820,500,0
101.018,t2_squeezenet,22894.834,49.679,500,0
101.060,t2_squeezenet,22895.501,41.753,499,0
101.105,t2_squeezenet,22894.101,44.990,498,0
101.149,t2_squeezenet,22894.073,44.104,497,0
101.197,t2_squeezenet,22881.554,48.109,497,0
101.242,t2_squeezenet,22864.237,45.301,498,0
101.288,t2_squeezenet,22884.767,45.187,499,0
101.333,t2_squeezenet,22890.288,45.416,499,0
101.383,t2_squeezenet,22878.570,49.808,499,0
101.429,t2_squeezenet,22868.236,46.060,500,0
101.471,t2_squeezenet,22875.097,42.237,500,0
101.518,t2_squeezenet,22881.414,46.866,500,0
101.564,t2_squeezenet,22892.219,45.555,499,0
101.610,t2_squeezenet,22882.736,45.912,500,0
101.652,t2_squeezenet,22895.224,42.367,499,0
101.696,t2_squeezenet,22867.189,44.087,498,0
101.743,t2_squeezenet,22885.939,46.169,497,0
101.794,t2_squeezenet,22883.274,51.488,498,0
101.837,t2_squeezenet,22884.164,42.474,500,0
101.880,t2_squeezenet,22786.988,43.381,500,0
101.929,t2_squeezenet,22794.593,48.435,499,0
101.982,t2_squeezenet,22840.417,53.863,499,0
102.032,t2_squeezenet,22889.508,49.770,500,0
102.077,t2_squeezenet,22891.293,44.743,499,0
102.122,t2_squeezenet,22898.507,44.420,500,0
102.184,t2_squeezenet,22895.649,62.256,500,0
102.227,t2_squeezenet,22901.065,43.478,500,0
102.272,t2_squeezenet,22917.259,44.974,500,0
102.323,t2_squeezenet,22902.065,50.183,499,0
102.369,t2_squeezenet,22865.807,45.906,500,0
102.431,t2_squeezenet,22915.457,62.719,500,0
102.485,t2_squeezenet,22939.106,53.595,500,0
102.529,t2_squeezenet,22926.048,44.226,500,0
102.590,t2_squeezenet,22955.199,60.423,500,0
102.635,t2_squeezenet,22938.977,45.490,500,0
102.680,t2_squeezenet,22952.574,44.420,500,0
102.724,t2_squeezenet,22958.250,44.473,500,0
102.771,t2_squeezenet,22909.693,46.475,500,0
102.818,t2_squeezenet,22900.985,47.358,500,0
102.859,t2_squeezenet,22935.300,40.076,500,0
102.902,t2_squeezenet,22881.370,43.906,500,0
102.950,t2_squeezenet,22915.914,47.419,500,0
102.998,t2_squeezenet,22933.302,48.100,500,0
103.041,t2_squeezenet,22924.894,42.811,500,0
103.087,t2_squeezenet,22947.781,46.359,500,0
103.133,t2_squeezenet,22920.799,45.460,500,0
103.180,t2_squeezenet,22924.275,46.774,499,0
103.224,t2_squeezenet,22906.346,43.882,499,0
103.267,t2_squeezenet,22939.754,43.362,500,0
103.311,t2_squeezenet,22924.456,43.777,499,0
103.359,t2_squeezenet,22903.587,47.773,500,0
103.404,t2_squeezenet,22943.358,44.974,500,0
103.448,t2_squeezenet,22909.090,44.064,500,0
103.494,t2_squeezenet,22937.757,45.600,500,0
103.540,t2_squeezenet,22928.703,46.299,500,0
103.587,t2_squeezenet,22944.900,46.829,500,0
103.629,t2_squeezenet,22919.307,42.518,500,0
103.672,t2_squeezenet,22857.277,42.973,500,0
103.719,t2_squeezenet,22867.015,45.993,500,0
103.766,t2_squeezenet,22849.228,47.491,500,0
103.809,t2_squeezenet,22884.765,42.941,500,0
103.856,t2_squeezenet,22915.388,46.736,500,0
103.901,t2_squeezenet,22935.892,45.334,499,0
103.949,t2_squeezenet,22937.038,47.760,500,0
103.995,t2_squeezenet,22915.124,45.735,500,0
104.037,t2_squeezenet,22925.415,42.318,500,0
104.083,t2_squeezenet,22926.614,45.342,500,0
104.131,t2_squeezenet,22934.936,48.181,500,0
104.175,t2_squeezenet,22895.638,44.085,500,0
104.219,t2_squeezenet,22915.259,44.250,500,0
104.265,t2_squeezenet,22933.719,45.676,500,0
104.313,t2_squeezenet,22907.995,47.468,500,0
104.359,t2_squeezenet,22929.230,46.401,500,0
104.401,t2_squeezenet,22923.449,42.086,499,0
104.445,t2_squeezenet,22877.269,43.289,500,0
104.492,t2_squeezenet,22919.186,46.886,499,0
104.538,t2_squeezenet,22899.887,45.793,500,0
104.580,t2_squeezenet,22915.805,42.198,500,0
104.625,t2_squeezenet,22904.268,45.590,500,0
104.672,t2_squeezenet,22927.609,46.901,500,0
104.720,t2_squeezenet,22925.103,47.175,500,0
104.766,t2_squeezenet,22933.253,46.655,500,0
104.809,t2_squeezenet,22881.826,42.470,499,0
104.854,t2_squeezenet,22840.041,44.747,500,0
104.903,t2_squeezenet,22883.953,49.208,500,0
104.945,t2_squeezenet,22907.639,42.207,500,0
104.988,t2_squeezenet,22856.515,42.591,500,0
105.036,t2_squeezenet,22890.169,48.362,499,0
105.084,t2_squeezenet,22929.173,47.526,499,0
105.130,t2_squeezenet,22856.987,46.334,499,0
105.174,t2_squeezenet,22855.463,43.581,500,0
105.218,t2_squeezenet,22893.594,43.818,500,0
105.264,t2_squeezenet,22912.653,46.746,500,0
105.312,t2_squeezenet,22922.480,47.504,500,0
105.352,t2_squeezenet,22841.890,40.284,499,0
105.396,t2_squeezenet,22827.783,44.115,499,0
105.442,t2_squeezenet,22867.433,45.633,500,0
105.490,t2_squeezenet,22862.530,48.149,500,0
105.535,t2_squeezenet,22892.528,44.942,499,0
105.580,t2_squeezenet,22921.075,44.778,499,0
105.625,t2_squeezenet,22921.569,44.984,499,0
105.675,t2_squeezenet,22904.650,49.320,498,0
105.719,t2_squeezenet,22912.639,44.197,497,0
105.760,t2_squeezenet,22904.964,41.583,496,0
105.805,t2_squeezenet,22918.694,44.756,498,0
105.852,t2_squeezenet,22912.205,46.621,497,0
105.898,t2_squeezenet,22913.127,45.608,498,0
105.943,t2_squeezenet,22827.493,45.751,500,0
105.988,t2_squeezenet,22861.610,44.837,500,0
106.037,t2_squeezenet,22875.830,48.319,500,0
106.085,t2_squeezenet,22905.106,48.676,500,0
106.127,t2_squeezenet,22897.899,41.368,500,0
106.171,t2_squeezenet,22915.979,43.986,500,0
106.217,t2_squeezenet,22915.765,45.714,499,0
106.262,t2_squeezenet,22897.625,45.465,499,0
106.306,t2_squeezenet,22895.333,44.232,500,0
106.351,t2_squeezenet,22908.351,44.204,500,0
106.396,t2_squeezenet,22897.799,45.316,500,0
106.445,t2_squeezenet,22889.551,48.603,500,0
106.490,t2_squeezenet,22860.968,45.624,500,0
106.533,t2_squeezenet,22805.841,42.366,500,0
106.579,t2_squeezenet,22845.972,46.021,500,0
106.625,t2_squeezenet,22876.389,45.965,500,0
106.669,t2_squeezenet,22884.111,43.884,499,0
106.712,t2_squeezenet,22901.163,43.557,498,0
106.757,t2_squeezenet,22902.745,44.596,498,0
106.803,t2_squeezenet,22886.621,46.283,497,0
106.853,t2_squeezenet,22864.732,49.947,497,0
106.896,t2_squeezenet,22883.471,42.056,496,0
106.941,t2_squeezenet,22907.251,45.313,497,0
106.987,t2_squeezenet,22896.684,45.942,498,0
107.036,t2_squeezenet,22883.023,49.023,500,0
107.080,t2_squeezenet,22905.352,44.083,500,0
107.122,t2_squeezenet,22807.303,41.792,500,0
107.166,t2_squeezenet,22838.888,44.276,500,0
107.216,t2_squeezenet,22846.484,49.659,500,0
107.261,t2_squeezenet,22886.680,45.033,500,0
107.304,t2_squeezenet,22901.120,43.198,500,0
107.350,t2_squeezenet,22874.958,45.346,500,0
107.397,t2_squeezenet,22903.408,47.481,500,0
107.442,t2_squeezenet,22878.570,44.660,499,0
107.487,t2_squeezenet,22866.023,45.155,499,0
107.529,t2_squeezenet,22894.504,41.622,498,0
107.576,t2_squeezenet,22901.447,46.808,500,0
107.625,t2_squeezenet,22866.838,49.032,500,0
107.668,t2_squeezenet,22897.420,42.830,500,0
107.712,t2_squeezenet,22879.230,43.993,500,0
107.761,t2_squeezenet,22908.031,48.918,499,0
107.808,t2_squeezenet,22905.121,47.697,498,0
107.852,t2_squeezenet,22900.961,43.957,498,0
107.896,t2_squeezenet,22897.578,43.703,497,0
107.940,t2_squeezenet,22859.856,43.901,497,0
107.989,t2_squeezenet,22884.601,49.193,498,0
108.035,t2_squeezenet,22904.943,45.968,498,0
108.079,t2_squeezenet,22865.258,43.280,500,0
108.125,t2_squeezenet,22896.761,45.856,500,0
108.174,t2_squeezenet,22894.902,48.828,500,0
108.218,t2_squeezenet,22901.160,44.328,500,0
108.263,t2_squeezenet,22887.719,44.842,500,0
108.308,t2_squeezenet,22893.654,44.622,500,0
108.354,t2_squeezenet,22853.556,46.232,500,0
108.402,t2_squeezenet,22884.199,48.372,500,0
108.443,t2_squeezenet,22893.832,41.004,500,0
108.488,t2_squeezenet,22881.707,44.365,500,0
108.534,t2_squeezenet,22876.326,45.933,499,0
108.581,t2_squeezenet,22901.724,47.353,498,0
108.624,t2_squeezenet,22878.762,43.007,498,0
108.671,t2_squeezenet,22900.161,46.898,500,0
108.717,t2_squeezenet,22860.642,45.536,500,0
108.765,t2_squeezenet,22904.335,48.651,500,0
108.810,t2_squeezenet,22877.765,44.789,500,0
108.854,t2_squeezenet,22848.588,43.492,500,0
108.899,t2_squeezenet,22890.314,45.336,499,0
108.946,t2_squeezenet,22906.878,47.156,499,0
108.991,t2_squeezenet,22872.956,44.643,500,0
109.037,t2_squeezenet,22876.926,45.533,499,0
109.083,t2_squeezenet,22904.186,46.465,500,0
109.131,t2_squeezenet,22892.867,47.181,500,0
109.180,t2_squeezenet,22903.768,48.818,500,0
109.222,t2_squeezenet,22865.683,42.568,500,0
109.265,t2_squeezenet,22905.877,43.223,500,0
109.312,t2_squeezenet,22881.321,47.036,500,0
109.359,t2_squeezenet,22868.665,46.214,500,0
109.400,t2_squeezenet,22896.394,41.674,500,0
109.445,t2_squeezenet,22866.120,44.514,500,0
109.490,t2_squeezenet,22896.501,44.471,500,0
109.539,t2_squeezenet,22884.234,49.703,500,0
109.584,t2_squeezenet,22876.747,44.859,499,0
109.628,t2_squeezenet,22890.134,43.453,500,0
109.674,t2_squeezenet,22887.885,45.753,500,0
109.721,t2_squeezenet,22804.518,47.822,500,0
109.767,t2_squeezenet,22734.647,45.211,500,0
109.810,t2_squeezenet,22674.593,43.264,500,0
109.855,t2_squeezenet,22701.227,44.607,500,0
109.900,t2_squeezenet,22736.159,45.603,500,0
109.948,t2_squeezenet,22781.996,47.506,499,0
109.992,t2_squeezenet,22673.114,43.846,500,0
110.037,t2_squeezenet,22717.684,44.980,500,0
110.084,t2_squeezenet,22759.215,46.950,499,0
110.132,t2_squeezenet,22784.134,47.682,499,0
110.174,t2_squeezenet,22751.983,42.298,500,0
110.219,t2_squeezenet,22787.829,44.956,499,0
110.263,t2_squeezenet,22753.618,43.996,500,0
110.311,t2_squeezenet,22786.946,47.859,500,0
110.356,t2_squeezenet,22784.430,44.753,499,0
110.399,t2_squeezenet,22825.438,42.750,498,0
110.443,t2_squeezenet,22861.105,44.433,498,0
110.494,t2_squeezenet,22899.903,50.492,498,0
110.539,t2_squeezenet,22889.380,45.384,499,0
110.583,t2_squeezenet,22890.332,43.971,498,0
110.628,t2_squeezenet,22879.078,44.754,497,0
110.674,t2_squeezenet,22842.093,45.829,496,0
110.722,t2_squeezenet,22837.650,47.966,498,0
110.766,t2_squeezenet,22880.138,43.826,499,0
110.807,t2_squeezenet,22819.004,41.210,498,0
110.855,t2_squeezenet,22816.090,47.699,499,0
110.904,t2_squeezenet,22850.504,48.768,498,0
110.947,t2_squeezenet,22850.114,43.307,500,0
110.993,t2_squeezenet,22768.021,45.644,500,0
111.040,t2_squeezenet,22811.637,47.056,500,0
111.088,t2_squeezenet,22795.802,47.464,499,0
111.133,t2_squeezenet,22830.364,45.582,500,0
111.175,t2_squeezenet,22859.563,41.658,500,0
111.219,t2_squeezenet,22902.013,43.995,500,0
111.267,t2_squeezenet,22889.820,47.539,500,0
111.312,t2_squeezenet,22759.514,45.564,500,0
111.355,t2_squeezenet,22801.847,42.614,500,0
111.403,t2_squeezenet,22829.975,47.670,500,0
111.450,t2_squeezenet,22845.301,47.394,499,0
111.498,t2_squeezenet,22892.012,47.791,500,0
111.542,t2_squeezenet,22888.073,43.692,500,0
111.586,t2_squeezenet,22890.123,43.924,500,0
111.632,t2_squeezenet,22896.348,46.301,500,0
111.679,t2_squeezenet,22898.516,47.357,500,0
111.721,t2_squeezenet,22871.822,41.831,500,0
111.766,t2_squeezenet,22876.635,44.893,499,0
111.812,t2_squeezenet,22882.004,45.120,499,0
111.860,t2_squeezenet,22885.869,48.624,499,0
111.906,t2_squeezenet,22843.089,45.433,498,0
111.949,t2_squeezenet,22860.684,43.483,497,0
111.994,t2_squeezenet,22895.329,44.557,499,0
112.044,t2_squeezenet,22863.731,50.212,499,0
112.089,t2_squeezenet,22892.961,44.622,499,0
112.130,t2_squeezenet,22869.710,41.437,498,0
112.178,t2_squeezenet,22896.522,47.720,500,0
112.222,t2_squeezenet,22866.083,44.361,499,0
112.268,t2_squeezenet,22862.605,45.726,500,0
112.315,t2_squeezenet,22852.083,46.283,500,0
112.359,t2_squeezenet,22840.889,44.333,500,0
112.405,t2_squeezenet,22858.302,46.231,500,0
112.455,t2_squeezenet,22831.648,49.224,500,0
112.498,t2_squeezenet,22871.684,43.175,500,0
112.541,t2_squeezenet,22875.499,43.121,500,0
112.587,t2_squeezenet,22869.921,45.789,500,0
112.635,t2_squeezenet,22865.152,48.505,500,0
112.678,t2_squeezenet,22883.335,42.736,500,0
112.722,t2_squeezenet,22878.886,43.788,500,0
112.767,t2_squeezenet,22849.583,44.652,500,0
112.817,t2_squeezenet,22885.778,49.792,500,0
112.863,t2_squeezenet,22888.271,46.639,500,0
112.906,t2_squeezenet,22888.826,42.988,499,0
112.953,t2_squeezenet,22815.197,46.999,500,0
113.001,t2_squeezenet,22633.530,48.000,499,0
113.046,t2_squeezenet,22614.791,44.909,499,0
113.091,t2_squeezenet,22582.628,44.172,499,0
113.134,t2_squeezenet,22561.929,43.294,498,0
113.178,t2_squeezenet,22604.276,44.308,498,0
113.227,t2_squeezenet,22652.265,49.057,499,0
113.271,t2_squeezenet,22662.795,43.440,500,0
113.315,t2_squeezenet,22671.280,43.782,500,0
113.362,t2_squeezenet,22703.065,47.319,500,0
113.410,t2_squeezenet,22728.517,47.980,500,0
113.456,t2_squeezenet,22770.198,45.407,500,0
113.499,t2_squeezenet,22806.287,43.199,500,0
113.542,t2_squeezenet,22769.660,43.513,500,0
113.591,t2_squeezenet,22811.751,48.847,500,0
113.636,t2_squeezenet,22847.982,44.970,500,0
113.679,t2_squeezenet,22869.415,42.449,500,0
113.725,t2_squeezenet,22841.497,45.757,500,0
113.774,t2_squeezenet,22862.334,49.326,500,0
113.821,t2_squeezenet,22782.678,46.408,500,0
113.865,t2_squeezenet,22802.901,44.057,500,0
113.910,t2_squeezenet,22841.692,45.485,500,0
113.956,t2_squeezenet,22860.697,45.511,500,0
114.006,t2_squeezenet,22899.719,50.667,500,0
114.049,t2_squeezenet,22883.200,42.139,499,0
114.092,t2_squeezenet,22857.170,43.346,500,0
114.138,t2_squeezenet,22884.705,45.792,500,0
114.186,t2_squeezenet,22857.250,47.820,500,0
114.230,t2_squeezenet,22873.550,43.689,500,0
114.276,t2_squeezenet,22896.996,46.101,499,0
114.321,t2_squeezenet,22780.664,44.928,499,0
114.368,t2_squeezenet,22754.281,47.769,498,0
114.416,t2_squeezenet,22780.905,47.194,498,0
114.458,t2_squeezenet,22797.784,41.821,499,0
114.501,t2_squeezenet,22546.511,43.751,500,0
114.551,t2_squeezenet,22595.515,49.486,500,0
114.595,t2_squeezenet,22627.801,44.264,500,0
114.639,t2_squeezenet,22666.227,43.318,499,0
114.685,t2_squeezenet,22615.156,45.841,500,0
114.731,t2_squeezenet,22658.257,46.236,500,0
114.778,t2_squeezenet,22660.900,47.599,500,0
114.823,t2_squeezenet,22692.822,44.287,500,0
114.865,t2_squeezenet,22686.858,42.659,499,0
114.912,t2_squeezenet,22675.431,46.145,499,0
114.960,t2_squeezenet,22715.301,48.555,499,0
115.005,t2_squeezenet,22737.761,45.117,499,0
115.048,t2_squeezenet,22775.814,42.659,500,0
115.095,t2_squeezenet,22816.291,46.502,500,0
115.142,t2_squeezenet,22854.094,47.146,500,0
115.189,t2_squeezenet,22852.835,47.171,500,0
115.232,t2_squeezenet,22880.754,42.730,500,0
115.276,t2_squeezenet,22852.013,44.354,500,0
115.325,t2_squeezenet,22872.769,48.865,500,0
115.370,t2_squeezenet,22878.546,44.855,499,0
115.411,t2_squeezenet,22864.182,41.194,500,0
115.459,t2_squeezenet,22887.887,47.812,500,0
115.503,t2_squeezenet,22864.122,43.512,500,0
115.550,t2_squeezenet,22842.959,47.476,500,0
115.596,t2_squeezenet,22818.312,45.380,500,0
115.639,t2_squeezenet,22813.018,43.512,500,0
115.686,t2_squeezenet,22844.108,46.910,500,0
115.736,t2_squeezenet,22871.700,49.606,500,0
115.780,t2_squeezenet,22854.738,44.065,500,0
115.823,t2_squeezenet,22870.953,43.391,500,0
115.868,t2_squeezenet,22855.997,44.708,500,0
115.916,t2_squeezenet,22823.014,47.360,500,0
115.960,t2_squeezenet,22833.742,44.839,500,0
116.005,t2_squeezenet,22875.667,44.003,500,0
116.049,t2_squeezenet,22885.483,44.411,500,0
116.100,t2_squeezenet,22889.845,50.486,500,0
116.145,t2_squeezenet,22885.489,45.924,499,0
116.188,t2_squeezenet,22890.126,42.630,499,0
116.235,t2_squeezenet,22894.890,46.751,500,0
116.281,t2_squeezenet,22890.020,45.623,500,0
116.328,t2_squeezenet,22818.768,47.577,500,0
116.371,t2_squeezenet,22838.153,42.937,500,0
116.414,t2_squeezenet,22773.104,43.010,500,0
116.459,t2_squeezenet,22811.193,44.588,500,0
116.508,t2_squeezenet,22843.485,48.632,500,0
116.552,t2_squeezenet,22877.035,43.909,500,0
116.597,t2_squeezenet,22888.805,44.914,500,0
116.642,t2_squeezenet,22890.765,45.611,500,0
116.690,t2_squeezenet,22884.103,47.658,500,0
116.736,t2_squeezenet,22891.742,46.325,499,0
116.780,t2_squeezenet,22826.393,43.367,499,0
116.823,t2_squeezenet,22819.517,43.574,499,0
116.872,t2_squeezenet,22860.113,48.444,499,0
116.917,t2_squeezenet,22883.647,45.302,500,0
116.960,t2_squeezenet,22806.101,42.424,500,0
117.008,t2_squeezenet,22829.421,48.182,500,0
117.056,t2_squeezenet,22868.562,47.419,500,0
117.104,t2_squeezenet,22860.515,48.259,499,0
117.147,t2_squeezenet,22866.044,43.225,499,0
117.190,t2_squeezenet,22850.524,43.261,499,0
117.237,t2_squeezenet,22808.221,46.507,500,0
117.285,t2_squeezenet,22794.944,47.796,500,0
117.327,t2_squeezenet,22765.274,42.352,500,0
117.372,t2_squeezenet,22784.442,44.598,500,0
117.417,t2_squeezenet,22799.758,45.103,499,0
117.466,t2_squeezenet,22822.471,48.333,500,0
117.511,t2_squeezenet,22845.114,45.855,500,0
117.555,t2_squeezenet,22875.231,43.941,500,0
117.600,t2_squeezenet,22858.581,44.451,499,0
117.650,t2_squeezenet,22883.016,49.704,500,0
117.695,t2_squeezenet,22884.665,45.390,499,0
117.737,t2_squeezenet,22801.406,41.396,500,0
117.782,t2_squeezenet,22807.912,45.664,500,0
117.829,t2_squeezenet,22846.597,47.026,499,0
117.876,t2_squeezenet,22836.329,46.382,499,0
117.922,t2_squeezenet,22836.959,45.884,498,0
117.967,t2_squeezenet,22860.331,44.762,498,0
118.014,t2_squeezenet,22867.664,47.623,498,0
118.063,t2_squeezenet,22873.213,48.636,497,0
118.106,t2_squeezenet,22864.979,43.468,498,0
118.150,t2_squeezenet,22889.174,43.852,498,0
118.196,t2_squeezenet,22815.951,46.059,499,0
118.244,t2_squeezenet,22805.398,47.033,499,0
118.289,t2_squeezenet,22843.119,45.628,500,0
118.331,t2_squeezenet,22861.847,42.009,499,0
118.376,t2_squeezenet,22860.794,44.623,500,0
118.426,t2_squeezenet,22881.377,49.907,499,0
118.472,t2_squeezenet,22842.396,45.901,498,0
118.515,t2_squeezenet,22832.607,42.566,498,0
118.562,t2_squeezenet,22799.800,47.524,499,0
118.609,t2_squeezenet,22807.243,46.422,498,0
118.654,t2_squeezenet,22852.498,45.424,497,0
118.699,t2_squeezenet,22809.200,44.900,500,0
118.742,t2_squeezenet,22793.715,43.140,500,0
118.788,t2_squeezenet,22822.852,45.386,500,0
118.837,t2_squeezenet,22791.406,49.071,500,0
118.881,t2_squeezenet,22829.173,43.619,499,0
118.924,t2_squeezenet,22839.919,43.897,499,0
118.973,t2_squeezenet,22838.269,48.406,499,0
119.021,t2_squeezenet,22817.874,48.457,498,0
119.066,t2_squeezenet,22839.004,44.884,498,0
119.111,t2_squeezenet,22881.936,44.348,499,0
119.155,t2_squeezenet,22854.358,43.752,499,0
119.203,t2_squeezenet,22867.163,48.723,498,0
119.247,t2_squeezenet,22888.049,43.374,497,0
119.289,t2_squeezenet,22881.080,42.506,496,0
119.335,t2_squeezenet,22882.565,45.831,498,0
119.385,t2_squeezenet,22878.305,49.525,498,0
119.430,t2_squeezenet,22890.208,45.527,498,0
119.475,t2_squeezenet,22868.754,44.121,500,0
119.520,t2_squeezenet,22881.610,45.414,500,0
119.566,t2_squeezenet,22867.598,46.378,500,0
119.616,t2_squeezenet,22798.908,49.136,500,0
119.657,t2_squeezenet,22791.983,41.344,500,0
119.700,t2_squeezenet,22789.506,42.948,499,0
119.748,t2_squeezenet,22837.409,48.153,500,0
119.795,t2_squeezenet,22868.428,47.094,500,0
119.839,t2_squeezenet,22869.780,43.870,500,0
119.886,t2_squeezenet,22866.395,46.408,500,0
119.932,t2_squeezenet,22881.886,45.828,500,0
119.981,t2_squeezenet,22888.261,49.183,499,0
120.028,t2_squeezenet,22823.337,46.831,500,0
120.070,t2_squeezenet,22851.704,42.578,500,0
120.116,t2_squeezenet,22867.217,45.191,500,0
120.165,t2_squeezenet,22890.370,48.790,500,0
120.208,t2_squeezenet,22831.909,43.438,500,0
120.252,t2_squeezenet,22851.853,43.497,499,0
120.298,t2_squeezenet,22839.388,46.123,498,0
120.345,t2_squeezenet,22856.595,46.703,498,0
120.392,t2_squeezenet,22856.299,47.371,499,0
120.436,t2_squeezenet,22845.662,44.182,500,0
120.480,t2_squeezenet,22869.178,44.232,500,0
120.528,t2_squeezenet,22821.292,47.197,500,0
120.577,t2_squeezenet,22778.639,48.990,500,0
120.618,t2_squeezenet,22804.948,41.428,500,0
120.663,t2_squeezenet,22792.017,44.596,500,0
120.709,t2_squeezenet,22835.114,45.625,500,0
120.756,t2_squeezenet,22846.830,47.183,500,0
120.803,t2_squeezenet,22807.219,46.644,500,0
120.847,t2_squeezenet,22751.331,44.251,500,0
120.891,t2_squeezenet,22793.463,44.506,500,0
120.943,t2_squeezenet,22809.565,51.002,500,0
120.987,t2_squeezenet,22821.759,43.968,500,0
121.032,t2_squeezenet,22828.886,45.173,500,0
121.076,t2_squeezenet,22794.785,44.425,500,0
121.122,t2_squeezenet,22786.466,45.521,500,0
121.168,t2_squeezenet,22806.810,46.370,500,0
121.212,t2_squeezenet,22848.280,43.180,499,0
121.256,t2_squeezenet,22891.079,44.663,498,0
121.306,t2_squeezenet,22848.055,49.237,499,0
121.353,t2_squeezenet,22814.175,47.115,500,0
121.395,t2_squeezenet,22854.898,42.162,499,0
121.441,t2_squeezenet,22870.834,46.329,500,0
121.487,t2_squeezenet,22854.200,45.679,499,0
121.533,t2_squeezenet,22893.956,46.188,500,0
121.577,t2_squeezenet,22871.318,43.983,500,0
121.621,t2_squeezenet,22891.652,44.055,500,0
121.666,t2_squeezenet,22891.343,44.265,500,0
121.717,t2_squeezenet,22845.754,51.492,500,0
121.762,t2_squeezenet,22889.421,44.505,500,0
121.804,t2_squeezenet,22856.677,42.421,499,0
121.852,t2_squeezenet,22891.651,47.410,498,0
121.899,t2_squeezenet,22852.974,46.942,499,0
121.945,t2_squeezenet,22890.589,45.713,498,0
121.987,t2_squeezenet,22874.985,42.478,497,0
122.033,t2_squeezenet,22886.719,45.803,500,0
122.079,t2_squeezenet,22759.445,46.397,500,0
122.126,t2_squeezenet,22803.209,46.165,500,0
122.168,t2_squeezenet,22773.825,42.762,499,0
122.214,t2_squeezenet,22810.514,45.815,498,0
122.261,t2_squeezenet,22843.355,46.878,500,0
122.308,t2_squeezenet,22883.117,46.568,500,0
122.354,t2_squeezenet,22880.498,45.940,500,0
122.396,t2_squeezenet,22761.253,42.496,500,0
122.441,t2_squeezenet,22796.067,44.194,500,0
122.492,t2_squeezenet,22838.238,51.130,500,0
122.534,t2_squeezenet,22862.235,41.610,500,0
122.576,t2_squeezenet,22880.555,42.546,499,0
122.624,t2_squeezenet,22878.648,47.739,499,0
122.672,t2_squeezenet,22879.018,47.776,500,0
122.717,t2_squeezenet,22878.625,44.666,499,0
122.763,t2_squeezenet,22887.874,46.071,499,0
122.808,t2_squeezenet,22869.740,44.913,500,0
122.855,t2_squeezenet,22882.768,46.846,499,0
122.903,t2_squeezenet,22864.960,47.971,500,0
122.945,t2_squeezenet,22820.338,42.269,499,0
122.989,t2_squeezenet,22776.392,43.610,500,0
123.036,t2_squeezenet,22813.176,47.155,500,0
123.083,t2_squeezenet,22818.477,47.536,500,0
123.128,t2_squeezenet,22833.476,45.056,500,0
123.174,t2_squeezenet,22830.683,45.112,500,0
123.219,t2_squeezenet,22863.091,45.241,500,0
123.268,t2_squeezenet,22816.637,49.093,500,0
123.312,t2_squeezenet,22841.783,44.076,500,0
123.355,t2_squeezenet,22839.367,42.369,500,0
123.402,t2_squeezenet,22858.728,47.196,500,0
123.449,t2_squeezenet,22884.296,46.657,500,0
123.494,t2_squeezenet,22829.298,44.931,500,0
123.538,t2_squeezenet,22845.066,44.923,499,0
123.583,t2_squeezenet,22880.729,44.887,500,0
123.630,t2_squeezenet,22885.448,46.649,500,0
123.678,t2_squeezenet,22886.648,47.885,500,0
123.720,t2_squeezenet,22877.882,41.883,500,0
123.764,t2_squeezenet,22848.459,43.527,499,0
123.812,t2_squeezenet,22854.215,48.902,500,0
123.859,t2_squeezenet,22864.021,46.416,500,0
123.901,t2_squeezenet,22751.617,41.556,500,0
123.947,t2_squeezenet,22739.299,46.281,500,0
123.993,t2_squeezenet,22762.020,46.023,499,0
124.043,t2_squeezenet,22795.172,49.992,499,0
124.088,t2_squeezenet,22837.025,44.388,498,0
124.131,t2_squeezenet,22830.488,43.572,497,0
124.177,t2_squeezenet,22832.163,45.363,499,0
124.225,t2_squeezenet,22839.393,48.490,499,0
124.268,t2_squeezenet,22846.488,43.157,499,0
124.312,t2_squeezenet,22873.656,43.189,500,0
124.357,t2_squeezenet,22859.059,45.190,499,0
124.404,t2_squeezenet,22829.714,46.583,500,0
124.451,t2_squeezenet,22875.434,47.548,500,0
124.495,t2_squeezenet,22738.368,43.926,500,0
124.539,t2_squeezenet,22759.969,44.384,500,0
124.590,t2_squeezenet,22776.543,50.440,500,0
124.636,t2_squeezenet,22809.635,46.121,499,0
124.678,t2_squeezenet,22851.075,41.594,499,0
124.724,t2_squeezenet,22852.858,45.786,500,0
124.769,t2_squeezenet,22808.543,44.995,500,0
124.815,t2_squeezenet,22826.780,46.685,500,0
124.861,t2_squeezenet,22871.866,45.746,500,0
124.905,t2_squeezenet,22809.716,43.862,500,0
124.951,t2_squeezenet,22845.331,45.645,500,0
125.003,t2_squeezenet,22873.936,51.661,500,0
125.047,t2_squeezenet,22836.426,44.118,499,0
125.091,t2_squeezenet,22829.490,44.060,500,0
125.136,t2_squeezenet,22795.211,44.997,500,0
125.183,t2_squeezenet,22834.787,46.578,500,0
125.227,t2_squeezenet,22855.072,44.712,500,0
125.270,t2_squeezenet,22812.650,42.779,500,0
125.314,t2_squeezenet,22799.851,43.983,500,0
125.365,t2_squeezenet,22832.457,50.060,500,0
125.411,t2_squeezenet,22812.816,46.593,500,0
125.454,t2_squeezenet,22774.729,42.741,500,0
125.501,t2_squeezenet,22813.653,46.713,500,0
125.547,t2_squeezenet,22801.495,45.794,499,0
125.594,t2_squeezenet,22821.697,47.606,500,0
125.638,t2_squeezenet,22786.064,44.233,500,0
125.681,t2_squeezenet,22798.810,42.089,500,0
125.727,t2_squeezenet,22814.043,46.202,500,0
125.777,t2_squeezenet,22798.904,49.770,500,0
125.821,t2_squeezenet,22821.167,43.749,499,0
125.865,t2_squeezenet,22819.700,44.786,500,0
125.911,t2_squeezenet,22821.604,45.939,500,0
125.959,t2_squeezenet,22758.935,47.993,500,0
126.005,t2_squeezenet,22766.644,45.721,500,0
126.049,t2_squeezenet,22799.515,44.080,500,0
126.094,t2_squeezenet,22777.226,44.185,500,0
126.141,t2_squeezenet,22814.174,47.186,500,0
126.187,t2_squeezenet,22806.938,46.330,500,0
126.229,t2_squeezenet,22803.871,41.845,499,0
126.276,t2_squeezenet,22817.144,46.328,500,0
126.325,t2_squeezenet,22820.499,49.180,500,0
126.371,t2_squeezenet,22829.805,46.395,500,0
126.416,t2_squeezenet,22828.440,45.154,499,0
126.460,t2_squeezenet,22797.102,44.045,499,0
126.505,t2_squeezenet,22799.849,44.772,498,0
126.555,t2_squeezenet,22810.447,49.179,499,0
126.597,t2_squeezenet,22809.828,42.112,500,0
126.640,t2_squeezenet,22816.497,43.440,499,0
126.687,t2_squeezenet,22769.007,47.095,499,0
126.736,t2_squeezenet,22815.078,48.603,499,0
126.781,t2_squeezenet,22788.687,45.277,499,0
126.826,t2_squeezenet,22814.679,44.252,500,0
126.871,t2_squeezenet,22804.666,44.849,500,0
126.919,t2_squeezenet,22832.608,48.646,500,0
126.965,t2_squeezenet,22809.304,46.168,500,0
127.007,t2_squeezenet,22822.814,41.322,500,0
127.053,t2_squeezenet,22828.038,45.694,500,0
127.100,t2_squeezenet,22824.416,47.104,499,0
127.146,t2_squeezenet,22829.334,45.625,500,0
127.190,t2_squeezenet,22784.108,44.466,499,0
127.234,t2_squeezenet,22823.658,44.395,499,0
127.280,t2_squeezenet,22773.830,45.531,499,0
127.330,t2_squeezenet,22794.698,49.535,498,0
127.372,t2_squeezenet,22821.447,42.585,499,0
127.415,t2_squeezenet,22829.440,42.969,500,0
127.463,t2_squeezenet,22826.648,47.700,500,0
127.512,t2_squeezenet,22828.746,48.919,499,0
127.555,t2_squeezenet,22817.405,42.648,500,0
127.598,t2_squeezenet,22786.143,43.703,500,0
127.644,t2_squeezenet,22810.255,45.426,499,0
127.693,t2_squeezenet,22796.261,49.397,499,0
127.739,t2_squeezenet,22826.888,45.963,500,0
127.783,t2_squeezenet,22836.106,43.195,500,0
127.828,t2_squeezenet,22748.682,44.976,500,0
127.875,t2_squeezenet,22767.662,46.860,500,0
127.920,t2_squeezenet,22789.848,45.538,500,0
127.961,t2_squeezenet,22810.722,41.095,500,0
128.006,t2_squeezenet,22807.738,44.894,500,0
128.053,t2_squeezenet,22825.699,46.629,500,0
128.103,t2_squeezenet,22828.393,50.245,500,0
128.146,t2_squeezenet,22789.669,42.964,500,0
128.191,t2_squeezenet,22785.049,44.209,500,0
128.239,t2_squeezenet,22809.137,48.585,500,0
128.287,t2_squeezenet,22837.374,47.339,499,0
128.329,t2_squeezenet,22785.601,42.768,499,0
128.375,t2_squeezenet,22780.222,45.458,498,0
128.419,t2_squeezenet,22649.433,44.119,500,0
128.468,t2_squeezenet,22697.578,48.313,500,0
128.513,t2_squeezenet,22738.256,45.421,499,0
128.556,t2_squeezenet,22695.515,43.202,500,0
128.602,t2_squeezenet,22713.886,45.713,500,0
128.651,t2_squeezenet,22724.521,48.841,500,0
128.697,t2_squeezenet,22767.167,45.619,500,0
128.740,t2_squeezenet,22806.093,43.048,499,0
128.785,t2_squeezenet,22828.448,45.222,499,0
128.831,t2_squeezenet,22825.605,45.747,500,0
128.877,t2_squeezenet,22831.719,46.744,500,0
128.921,t2_squeezenet,22806.031,43.801,500,0
128.965,t2_squeezenet,22820.707,43.884,500,0
129.014,t2_squeezenet,22768.899,48.381,500,0
129.063,t2_squeezenet,22798.606,48.955,500,0
129.106,t2_squeezenet,22830.337,43.308,500,0
129.153,t2_squeezenet,22825.553,47.063,500,0
129.198,t2_squeezenet,22827.427,44.452,500,0
129.245,t2_squeezenet,22820.272,47.628,500,0
129.291,t2_squeezenet,22807.982,45.993,500,0
129.334,t2_squeezenet,22822.328,42.427,500,0
129.377,t2_squeezenet,22843.162,43.115,499,0
129.427,t2_squeezenet,22846.408,50.123,499,0
129.473,t2_squeezenet,22752.761,45.507,500,0
129.517,t2_squeezenet,22694.878,43.722,500,0
129.563,t2_squeezenet,22647.205,46.229,500,0
129.610,t2_squeezenet,22684.315,47.306,499,0
129.657,t2_squeezenet,22702.049,46.727,499,0
129.700,t2_squeezenet,22735.144,42.830,499,0
129.743,t2_squeezenet,22748.150,43.060,498,0
129.791,t2_squeezenet,22790.320,47.903,500,0
129.838,t2_squeezenet,22829.115,46.455,500,0
129.880,t2_squeezenet,22821.811,42.405,500,0
129.927,t2_squeezenet,22841.193,46.815,500,0
129.975,t2_squeezenet,22836.177,47.863,499,0
130.023,t2_squeezenet,22848.582,48.147,500,0
130.069,t2_squeezenet,22837.892,45.908,500,0
130.112,t2_squeezenet,22817.398,43.138,500,0
130.156,t2_squeezenet,22844.595,43.958,499,0
130.206,t2_squeezenet,22839.292,50.026,500,0
130.249,t2_squeezenet,22772.600,42.892,500,0
130.292,t2_squeezenet,22746.311,42.783,500,0
130.339,t2_squeezenet,22770.389,46.572,500,0
130.387,t2_squeezenet,22811.068,47.705,500,0
130.434,t2_squeezenet,22829.216,46.946,500,0
130.477,t2_squeezenet,22834.439,43.658,499,0
130.522,t2_squeezenet,22837.322,44.586,498,0
130.570,t2_squeezenet,22749.343,48.407,500,0
130.618,t2_squeezenet,22681.862,47.589,500,0
130.660,t2_squeezenet,22685.071,41.446,500,0
130.704,t2_squeezenet,22720.174,44.637,500,0
130.750,t2_squeezenet,22736.343,46.152,500,0
130.797,t2_squeezenet,22748.296,46.876,500,0
130.843,t2_squeezenet,22775.315,45.969,499,0
130.887,t2_squeezenet,22815.800,43.719,500,0
130.932,t2_squeezenet,22835.715,45.020,499,0
130.984,t2_squeezenet,22829.151,51.280,500,0
131.028,t2_squeezenet,22827.545,44.458,500,0
131.070,t2_squeezenet,22848.707,42.302,499,0
131.117,t2_squeezenet,22839.211,47.001,498,0
131.165,t2_squeezenet,22811.316,47.497,499,0
131.210,t2_squeezenet,22832.358,44.914,500,0
131.253,t2_squeezenet,22834.300,43.064,499,0
131.298,t2_squeezenet,22847.650,44.546,498,0
131.347,t2_squeezenet,22760.136,48.693,498,0
131.394,t2_squeezenet,22767.928,47.038,499,0
131.436,t2_squeezenet,22795.554,42.566,500,0
131.481,t2_squeezenet,22830.708,44.951,499,0
131.528,t2_squeezenet,22832.979,46.538,500,0
131.574,t2_squeezenet,22831.507,45.962,500,0
131.618,t2_squeezenet,22845.512,43.939,499,0
131.662,t2_squeezenet,22846.056,43.715,498,0
131.706,t2_squeezenet,22804.767,43.999,497,0
131.757,t2_squeezenet,22802.896,50.830,499,0
131.800,t2_squeezenet,22836.180,43.431,498,0
131.844,t2_squeezenet,22805.427,43.573,497,0
131.891,t2_squeezenet,22834.745,47.486,498,0
131.938,t2_squeezenet,22813.624,46.981,497,0
131.984,t2_squeezenet,22851.607,45.314,496,0
132.028,t2_squeezenet,22827.553,44.051,497,0
132.072,t2_squeezenet,22841.203,44.414,500,0
132.119,t2_squeezenet,22836.424,46.717,499,0
132.166,t2_squeezenet,22819.047,46.602,500,0
132.209,t2_squeezenet,22826.794,43.036,500,0
132.255,t2_squeezenet,22840.721,45.898,500,0
132.304,t2_squeezenet,22833.025,49.052,500,0
132.351,t2_squeezenet,22853.127,47.077,500,0
132.396,t2_squeezenet,22795.667,45.035,500,0
132.441,t2_squeezenet,22831.429,44.707,499,0
132.486,t2_squeezenet,22818.267,45.209,500,0
132.535,t2_squeezenet,22852.426,49.179,499,0
132.577,t2_squeezenet,22849.199,41.536,499,0
132.620,t2_squeezenet,22822.538,42.985,499,0
132.667,t2_squeezenet,22851.049,46.960,500,0
132.716,t2_squeezenet,22830.030,48.564,500,0
132.760,t2_squeezenet,22811.489,44.192,499,0
132.806,t2_squeezenet,22855.335,45.614,499,0
132.851,t2_squeezenet,22852.748,45.355,500,0
132.898,t2_squeezenet,22799.946,46.633,500,0
132.946,t2_squeezenet,22791.662,47.965,500,0
132.987,t2_squeezenet,22830.846,41.530,500,0
133.032,t2_squeezenet,22789.947,44.644,500,0
133.080,t2_squeezenet,22823.043,47.768,499,0
133.126,t2_squeezenet,22856.501,46.481,499,0
133.170,t2_squeezenet,22752.007,43.342,500,0
133.216,t2_squeezenet,22771.114,45.912,500,0
133.262,t2_squeezenet,22756.393,46.121,499,0
133.310,t2_squeezenet,22779.511,47.960,499,0
133.354,t2_squeezenet,22673.662,44.566,499,0
133.397,t2_squeezenet,22704.500,42.616,499,0
133.444,t2_squeezenet,22746.060,46.670,499,0
133.492,t2_squeezenet,22756.829,48.626,500,0
133.536,t2_squeezenet,22786.780,43.831,500,0
133.579,t2_squeezenet,22771.678,42.634,500,0
133.625,t2_squeezenet,22780.998,46.134,500,0
133.673,t2_squeezenet,22758.407,48.055,499,0
133.722,t2_squeezenet,22799.028,48.698,500,0
133.766,t2_squeezenet,22835.790,43.845,500,0
133.811,t2_squeezenet,22853.526,45.021,500,0
133.861,t2_squeezenet,22853.620,49.743,500,0
133.906,t2_squeezenet,22799.250,44.916,500,0
133.948,t2_squeezenet,22814.762,41.776,500,0
133.995,t2_squeezenet,22824.056,46.865,499,0
134.042,t2_squeezenet,22832.647,47.096,500,0
134.088,t2_squeezenet,22864.258,45.924,500,0
134.132,t2_squeezenet,22853.634,44.713,500,0
134.177,t2_squeezenet,22862.314,44.130,500,0
134.224,t2_squeezenet,22848.570,47.618,500,0
134.274,t2_squeezenet,22808.466,49.723,500,0
134.317,t2_squeezenet,22846.667,42.634,500,0
134.362,t2_squeezenet,22829.390,45.024,500,0
134.407,t2_squeezenet,22861.913,44.906,500,0
134.454,t2_squeezenet,22828.652,47.334,500,0
134.499,t2_squeezenet,22835.143,44.723,500,0
134.541,t2_squeezenet,22844.208,42.005,500,0
134.585,t2_squeezenet,22800.802,44.451,500,0
134.635,t2_squeezenet,22806.795,49.714,500,0
134.683,t2_squeezenet,22714.327,47.261,500,0
134.725,t2_squeezenet,22756.290,42.618,499,0
134.772,t2_squeezenet,22801.775,46.971,500,0
134.821,t2_squeezenet,22819.853,48.998,500,0
134.868,t2_squeezenet,22810.896,46.667,500,0
134.912,t2_squeezenet,22773.166,43.824,499,0
134.955,t2_squeezenet,22813.222,42.839,498,0
135.000,t2_squeezenet,22848.805,45.146,498,0
135.050,t2_squeezenet,22819.972,50.424,500,0
135.094,t2_squeezenet,22851.366,43.113,500,0
135.139,t2_squeezenet,22853.671,45.200,500,0
135.186,t2_squeezenet,22844.093,47.464,500,0
135.234,t2_squeezenet,22872.959,48.008,500,0
135.279,t2_squeezenet,22850.298,45.026,499,0
135.323,t2_squeezenet,22852.802,43.790,498,0
135.367,t2_squeezenet,22853.781,43.268,497,0
135.415,t2_squeezenet,22859.276,48.463,498,0
135.462,t2_squeezenet,22858.169,46.967,500,0
135.502,t2_squeezenet,22845.119,39.826,500,0
135.548,t2_squeezenet,22861.309,45.710,499,0
135.596,t2_squeezenet,22870.642,48.644,499,0
135.643,t2_squeezenet,22870.021,46.378,499,0
135.687,t2_squeezenet,22869.353,44.194,500,0
135.733,t2_squeezenet,22817.126,45.617,499,0
135.779,t2_squeezenet,22854.591,46.176,498,0
135.829,t2_squeezenet,22792.792,49.475,499,0
135.871,t2_squeezenet,22806.577,42.651,498,0
135.914,t2_squeezenet,22752.769,42.403,499,0
135.962,t2_squeezenet,22779.399,48.127,498,0
136.008,t2_squeezenet,22820.437,46.155,499,0
136.052,t2_squeezenet,22819.884,43.957,499,0
136.099,t2_squeezenet,22848.564,46.642,500,0
136.144,t2_squeezenet,22867.710,45.592,500,0
136.194,t2_squeezenet,22850.538,49.454,500,0
136.239,t2_squeezenet,22839.365,45.343,499,0
136.282,t2_squeezenet,22865.539,43.099,500,0
136.327,t2_squeezenet,22868.194,44.904,500,0
136.374,t2_squeezenet,22869.799,47.026,499,0
136.420,t2_squeezenet,22837.599,45.161,500,0
136.463,t2_squeezenet,22870.737,43.100,500,0
136.506,t2_squeezenet,22864.628,43.210,500,0
136.552,t2_squeezenet,22872.899,45.659,500,0
136.602,t2_squeezenet,22831.660,50.172,500,0
136.646,t2_squeezenet,22863.603,43.286,500,0
136.689,t2_squeezenet,22861.490,43.132,499,0
136.737,t2_squeezenet,22841.829,48.656,499,0
136.785,t2_squeezenet,22866.390,47.939,500,0
136.828,t2_squeezenet,22844.759,42.432,499,0
136.873,t2_squeezenet,22788.471,45.461,500,0
136.919,t2_squeezenet,22832.591,45.292,499,0
136.965,t2_squeezenet,22837.788,45.882,500,0
137.011,t2_squeezenet,22871.091,46.386,500,0
137.055,t2_squeezenet,22828.196,43.604,500,0
137.101,t2_squeezenet,22794.394,45.871,500,0
137.150,t2_squeezenet,22749.977,49.130,500,0
137.195,t2_squeezenet,22755.844,44.879,500,0
137.240,t2_squeezenet,22795.786,44.609,500,0
137.285,t2_squeezenet,22825.636,45.225,499,0
137.331,t2_squeezenet,22864.689,46.427,499,0
137.379,t2_squeezenet,22851.657,47.250,500,0
137.422,t2_squeezenet,22852.109,43.314,499,0
137.464,t2_squeezenet,22817.668,42.049,499,0
137.511,t2_squeezenet,22845.870,46.890,500,0
137.560,t2_squeezenet,22860.462,49.172,500,0
137.603,t2_squeezenet,22834.535,43.128,500,0
137.649,t2_squeezenet,22835.308,45.316,500,0
137.696,t2_squeezenet,22815.241,46.744,499,0
137.744,t2_squeezenet,22819.921,47.996,500,0
137.790,t2_squeezenet,22812.195,46.266,500,0
137.832,t2_squeezenet,22810.655,41.950,499,0
137.876,t2_squeezenet,22829.381,43.714,498,0
137.924,t2_squeezenet,22852.811,47.761,499,0
137.969,t2_squeezenet,22850.564,45.233,499,0
138.012,t2_squeezenet,22832.077,42.784,500,0
138.061,t2_squeezenet,22856.488,49.214,500,0
138.108,t2_squeezenet,22838.142,47.185,499,0
138.156,t2_squeezenet,22868.965,47.723,499,0
138.199,t2_squeezenet,22828.248,43.393,499,0
138.243,t2_squeezenet,22859.756,43.738,500,0
138.291,t2_squeezenet,22846.273,47.471,500,0
138.338,t2_squeezenet,22870.282,47.635,500,0
138.381,t2_squeezenet,22870.891,42.699,500,0
138.425,t2_squeezenet,22858.427,43.452,500,0
138.471,t2_squeezenet,22854.550,45.977,500,0
138.519,t2_squeezenet,22878.257,48.191,500,0
138.564,t2_squeezenet,22872.598,44.922,500,0
138.608,t2_squeezenet,22858.414,44.343,500,0
138.653,t2_squeezenet,22872.014,44.722,499,0
138.703,t2_squeezenet,22843.406,50.339,498,0
138.747,t2_squeezenet,22876.271,43.703,498,0
138.789,t2_squeezenet,22856.770,41.872,498,0
138.838,t2_squeezenet,22871.954,48.422,499,0
138.882,t2_squeezenet,22876.603,44.078,498,0
138.928,t2_squeezenet,22870.109,45.707,498,0
138.974,t2_squeezenet,22793.700,46.131,500,0
139.019,t2_squeezenet,22808.321,45.245,500,0
139.068,t2_squeezenet,22836.304,48.600,500,0
139.116,t2_squeezenet,22858.176,48.254,500,0
139.159,t2_squeezenet,22861.914,42.626,500,0
139.204,t2_squeezenet,22845.611,44.759,500,0
139.250,t2_squeezenet,22870.484,46.668,499,0
139.297,t2_squeezenet,22879.121,46.289,500,0
139.342,t2_squeezenet,22845.605,45.316,500,0
139.384,t2_squeezenet,22870.626,42.461,500,0
139.429,t2_squeezenet,22839.550,44.159,500,0
139.479,t2_squeezenet,22864.786,50.477,500,0
139.523,t2_squeezenet,22877.158,44.011,499,0
139.566,t2_squeezenet,22822.458,42.522,499,0
139.614,t2_squeezenet,22829.338,48.151,500,0
139.661,t2_squeezenet,22817.761,46.675,500,0
139.706,t2_squeezenet,22828.183,44.737,500,0
139.750,t2_squeezenet,22870.754,44.426,500,0
139.795,t2_squeezenet,22855.678,44.452,500,0
139.839,t2_squeezenet,22853.689,44.912,500,0
139.889,t2_squeezenet,22853.535,49.463,500,0
139.931,t2_squeezenet,22799.241,42.452,500,0
139.976,t2_squeezenet,22808.869,44.588,500,0
140.026,t2_squeezenet,22803.924,49.496,500,0
140.072,t2_squeezenet,22842.336,46.737,500,0
140.118,t2_squeezenet,22880.362,45.514,500,0
140.162,t2_squeezenet,22852.924,44.107,500,0
140.207,t2_squeezenet,22879.323,45.087,500,0
140.257,t2_squeezenet,22830.384,49.301,500,0
140.302,t2_squeezenet,22864.732,45.285,500,0
140.342,t2_squeezenet,22876.094,40.448,499,0
140.389,t2_squeezenet,22851.683,46.543,499,0
140.438,t2_squeezenet,22827.548,48.901,500,0
140.483,t2_squeezenet,22864.035,45.219,500,0
140.528,t2_squeezenet,22825.068,44.921,500,0
140.575,t2_squeezenet,22860.077,46.315,499,0
140.622,t2_squeezenet,22880.903,47.064,500,0
140.670,t2_squeezenet,22810.837,47.905,500,0
140.712,t2_squeezenet,22780.974,42.172,500,0
140.755,t2_squeezenet,22784.435,43.444,500,0
140.805,t2_squeezenet,22718.923,49.317,500,0
140.850,t2_squeezenet,22756.721,45.201,499,0
140.893,t2_squeezenet,22759.602,42.878,499,0
140.939,t2_squeezenet,22781.424,46.417,498,0
140.986,t2_squeezenet,22813.049,46.837,498,0
141.036,t2_squeezenet,22837.255,50.028,498,0
141.081,t2_squeezenet,22830.372,45.025,499,0
141.125,t2_squeezenet,22868.402,43.452,500,0
141.171,t2_squeezenet,22828.816,45.868,500,0
141.219,t2_squeezenet,22867.749,48.378,500,0
141.263,t2_squeezenet,22767.232,43.589,500,0
141.308,t2_squeezenet,22792.011,44.817,500,0
141.352,t2_squeezenet,22829.663,43.957,500,0
141.399,t2_squeezenet,22740.802,47.557,499,0
141.447,t2_squeezenet,22775.474,47.501,499,0
141.490,t2_squeezenet,22813.845,43.010,498,0
141.536,t2_squeezenet,22849.329,45.515,499,0
141.585,t2_squeezenet,22859.265,49.527,498,0
141.632,t2_squeezenet,22882.801,46.504,500,0
141.673,t2_squeezenet,22877.989,41.596,500,0
141.721,t2_squeezenet,22829.716,47.534,499,0
141.766,t2_squeezenet,22818.915,44.688,500,0
141.814,t2_squeezenet,22784.389,47.972,500,0
141.856,t2_squeezenet,22781.626,42.376,499,0
141.899,t2_squeezenet,22791.556,43.113,499,0
141.946,t2_squeezenet,22816.169,46.389,500,0
141.997,t2_squeezenet,22695.433,50.669,500,0
142.041,t2_squeezenet,22737.953,44.194,499,0
142.086,t2_squeezenet,22782.476,44.905,499,0
142.132,t2_squeezenet,22789.686,46.291,499,0
142.179,t2_squeezenet,22791.175,46.998,498,0
142.225,t2_squeezenet,22781.906,46.315,497,0
142.268,t2_squeezenet,22810.296,42.255,499,0
142.312,t2_squeezenet,22849.899,44.438,499,0
142.360,t2_squeezenet,22874.437,48.038,499,0
142.406,t2_squeezenet,22858.023,45.503,499,0
142.449,t2_squeezenet,22874.719,42.747,500,0
142.496,t2_squeezenet,22840.455,46.958,500,0
142.542,t2_squeezenet,22837.330,46.020,500,0
142.589,t2_squeezenet,22880.168,46.928,500,0
142.634,t2_squeezenet,22879.133,45.455,500,0
142.677,t2_squeezenet,22877.809,42.463,500,0
142.723,t2_squeezenet,22860.403,45.985,500,0
142.773,t2_squeezenet,22872.531,49.425,500,0
142.815,t2_squeezenet,22815.482,42.113,500,0
142.860,t2_squeezenet,22853.455,44.908,500,0
142.906,t2_squeezenet,22867.563,45.758,500,0
142.954,t2_squeezenet,22880.163,47.899,500,0
142.999,t2_squeezenet,22848.447,45.751,500,0
143.044,t2_squeezenet,22848.022,44.650,500,0
143.089,t2_squeezenet,22762.259,44.669,500,0
143.139,t2_squeezenet,22765.713,49.891,500,0
143.184,t2_squeezenet,22810.548,45.441,499,0
143.226,t2_squeezenet,22829.328,41.612,500,0
143.273,t2_squeezenet,22844.195,46.993,500,0
143.318,t2_squeezenet,22856.900,44.761,500,0
143.364,t2_squeezenet,22869.787,46.477,500,0
143.409,t2_squeezenet,22874.382,45.166,500,0
143.455,t2_squeezenet,22843.576,45.146,500,0
143.502,t2_squeezenet,22881.490,47.528,500,0
143.551,t2_squeezenet,22853.785,48.686,500,0
143.594,t2_squeezenet,22883.034,43.197,500,0
143.638,t2_squeezenet,22856.826,44.075,500,0
143.684,t2_squeezenet,22858.235,45.843,499,0
143.731,t2_squeezenet,22876.611,47.146,500,0
143.777,t2_squeezenet,22879.414,45.497,500,0
143.819,t2_squeezenet,22845.555,42.074,499,0
143.864,t2_squeezenet,22869.650,44.854,499,0
143.914,t2_squeezenet,22867.280,50.213,500,0
143.961,t2_squeezenet,22879.976,47.133,499,0
144.006,t2_squeezenet,22846.906,44.564,500,0
144.054,t2_squeezenet,22795.891,47.641,500,0
144.101,t2_squeezenet,22821.383,47.245,500,0
144.147,t2_squeezenet,22824.866,45.618,500,0
144.192,t2_squeezenet,22859.864,45.027,500,0
144.235,t2_squeezenet,22828.446,43.169,500,0
144.282,t2_squeezenet,22873.486,47.077,500,0
144.330,t2_squeezenet,22843.019,48.216,500,0
144.372,t2_squeezenet,22875.785,42.010,500,0
144.417,t2_squeezenet,22872.125,44.160,500,0
144.465,t2_squeezenet,22881.171,48.538,500,0
144.513,t2_squeezenet,22856.615,47.566,499,0
144.558,t2_squeezenet,22880.132,44.817,499,0
144.602,t2_squeezenet,22850.838,44.608,500,0
144.646,t2_squeezenet,22784.688,43.483,500,0
144.695,t2_squeezenet,22815.827,48.726,500,0
144.741,t2_squeezenet,22746.753,45.963,500,0
144.782,t2_squeezenet,22782.655,40.953,500,0
144.828,t2_squeezenet,22820.746,46.262,500,0
144.878,t2_squeezenet,22844.880,49.606,500,0
144.924,t2_squeezenet,22867.267,46.080,500,0
144.968,t2_squeezenet,22873.483,44.274,499,0
145.014,t2_squeezenet,22788.370,45.797,498,0
145.061,t2_squeezenet,22825.634,47.031,500,0
145.111,t2_squeezenet,22858.997,49.711,500,0
145.152,t2_squeezenet,22856.376,41.323,500,0
145.195,t2_squeezenet,22856.518,42.651,499,0
145.244,t2_squeezenet,22853.487,49.211,500,0
145.290,t2_squeezenet,22864.952,45.637,500,0
145.333,t2_squeezenet,22842.145,43.389,500,0
145.380,t2_squeezenet,22875.878,46.668,500,0
145.426,t2_squeezenet,22846.730,45.713,500,0
145.476,t2_squeezenet,22818.022,50.080,500,0
145.521,t2_squeezenet,22849.765,45.211,499,0
145.564,t2_squeezenet,22833.485,43.322,499,0
145.610,t2_squeezenet,22838.482,45.800,498,0
145.658,t2_squeezenet,22876.896,48.084,500,0
145.702,t2_squeezenet,22845.489,43.881,500,0
145.747,t2_squeezenet,22865.975,44.548,500,0
145.791,t2_squeezenet,22841.112,43.703,500,0
145.838,t2_squeezenet,22885.042,46.967,500,0
145.886,t2_squeezenet,22895.918,47.826,500,0
145.930,t2_squeezenet,22882.934,44.211,500,0
145.975,t2_squeezenet,22874.872,44.597,500,0
146.025,t2_squeezenet,22872.827,50.124,500,0
146.072,t2_squeezenet,22868.415,47.517,500,0
146.114,t2_squeezenet,22854.180,41.640,500,0
146.160,t2_squeezenet,22877.992,46.031,500,0
146.205,t2_squeezenet,22862.205,44.465,499,0
146.252,t2_squeezenet,22895.366,47.934,500,0
146.296,t2_squeezenet,22888.751,43.937,500,0
146.340,t2_squeezenet,22883.341,43.486,500,0
146.385,t2_squeezenet,22841.518,45.222,500,0
146.436,t2_squeezenet,22882.839,50.543,500,0
146.481,t2_squeezenet,22862.005,44.567,499,0
146.526,t2_squeezenet,22849.312,45.093,499,0
146.572,t2_squeezenet,22868.360,46.192,500,0
146.619,t2_squeezenet,22834.813,47.237,500,0
146.667,t2_squeezenet,22868.015,47.504,500,0
146.710,t2_squeezenet,22892.490,43.391,500,0
146.755,t2_squeezenet,22894.736,44.836,500,0
146.801,t2_squeezenet,22897.751,46.024,499,0
146.849,t2_squeezenet,22826.752,47.771,498,0
146.891,t2_squeezenet,22758.755,42.468,499,0
146.940,t2_squeezenet,22793.576,48.057,499,0
146.986,t2_squeezenet,22826.409,46.759,499,0
147.034,t2_squeezenet,22848.656,47.767,499,0
147.081,t2_squeezenet,22850.370,46.413,500,0
147.124,t2_squeezenet,22846.173,42.962,500,0
147.169,t2_squeezenet,22889.966,45.735,500,0
147.219,t2_squeezenet,22844.034,49.512,500,0
147.263,t2_squeezenet,22863.380,43.918,500,0
147.305,t2_squeezenet,22889.936,42.125,499,0
147.351,t2_squeezenet,22883.933,45.357,499,0
147.399,t2_squeezenet,22874.665,48.148,499,0
147.445,t2_squeezenet,22894.947,46.255,500,0
147.488,t2_squeezenet,22829.680,43.295,500,0
147.533,t2_squeezenet,22836.115,44.735,500,0
147.582,t2_squeezenet,22878.324,49.010,500,0
147.629,t2_squeezenet,22861.631,46.779,500,0
147.671,t2_squeezenet,22867.521,41.567,500,0
147.718,t2_squeezenet,22892.015,47.076,500,0
147.762,t2_squeezenet,22896.569,44.291,500,0
147.809,t2_squeezenet,22903.140,46.977,499,0
147.853,t2_squeezenet,22894.466,44.157,498,0
147.898,t2_squeezenet,22845.148,44.149,498,0
147.944,t2_squeezenet,22856.590,46.238,498,0
147.995,t2_squeezenet,22883.063,50.944,498,0
148.039,t2_squeezenet,22894.792,44.133,498,0
148.083,t2_squeezenet,22893.809,43.655,500,0
148.130,t2_squeezenet,22894.429,47.606,500,0
148.177,t2_squeezenet,22904.033,46.773,500,0
148.223,t2_squeezenet,22894.187,45.605,500,0
148.266,t2_squeezenet,22894.694,42.553,500,0
148.310,t2_squeezenet,22887.859,44.056,499,0
148.359,t2_squeezenet,22883.768,49.638,499,0
148.406,t2_squeezenet,22848.481,47.041,498,0
148.449,t2_squeezenet,22877.854,42.490,499,0
148.495,t2_squeezenet,22898.688,45.977,498,0
148.543,t2_squeezenet,22874.779,48.077,500,0
148.589,t2_squeezenet,22897.057,45.809,500,0
148.633,t2_squeezenet,22901.377,43.731,500,0
148.678,t2_squeezenet,22840.929,44.836,499,0
148.721,t2_squeezenet,22857.835,43.097,498,0
148.771,t2_squeezenet,22881.113,49.900,498,0
148.814,t2_squeezenet,22872.143,43.332,498,0
148.858,t2_squeezenet,22897.165,43.849,497,0
148.907,t2_squeezenet,22892.167,48.546,498,0
148.955,t2_squeezenet,22903.477,47.701,499,0
148.999,t2_squeezenet,22863.060,44.002,500,0
149.046,t2_squeezenet,22891.751,47.204,500,0
149.090,t2_squeezenet,22859.425,43.877,500,0
149.137,t2_squeezenet,22883.230,47.439,500,0
149.184,t2_squeezenet,22885.497,46.391,500,0
149.224,t2_squeezenet,22879.756,40.498,500,0
149.270,t2_squeezenet,22823.288,45.589,500,0
149.317,t2_squeezenet,22801.514,47.417,500,0
149.364,t2_squeezenet,22810.715,46.175,500,0
149.408,t2_squeezenet,22848.741,44.457,500,0
149.454,t2_squeezenet,22893.693,46.174,500,0
149.501,t2_squeezenet,22855.972,46.263,500,0
149.549,t2_squeezenet,22819.269,48.381,500,0
149.593,t2_squeezenet,22813.523,44.106,500,0
149.635,t2_squeezenet,22845.924,42.279,499,0
149.683,t2_squeezenet,22867.079,47.144,500,0
149.730,t2_squeezenet,22898.071,47.173,500,0
149.773,t2_squeezenet,22871.268,43.410,500,0
149.819,t2_squeezenet,22863.886,45.531,500,0
149.866,t2_squeezenet,22871.516,46.654,500,0
149.914,t2_squeezenet,22873.652,48.088,500,0
149.961,t2_squeezenet,22822.906,47.516,500,0
150.005,t2_squeezenet,22866.022,43.569,500,0
150.049,t2_squeezenet,22854.608,43.867,499,0
150.099,t2_squeezenet,22862.388,49.792,499,0
150.144,t2_squeezenet,22802.642,45.314,500,0
150.188,t2_squeezenet,22822.298,43.534,500,0
150.232,t2_squeezenet,22852.905,44.540,500,0
150.279,t2_squeezenet,22876.710,46.726,500,0
150.328,t2_squeezenet,22912.685,49.006,500,0
150.372,t2_squeezenet,22839.178,43.674,500,0
150.416,t2_squeezenet,22877.564,43.920,500,0
150.463,t2_squeezenet,22874.395,47.252,500,0
150.512,t2_squeezenet,22841.186,48.810,500,0
150.555,t2_squeezenet,22853.715,42.881,500,0
150.600,t2_squeezenet,22872.184,44.884,500,0
150.646,t2_squeezenet,22864.966,46.267,500,0
150.695,t2_squeezenet,22905.233,48.407,500,0
150.740,t2_squeezenet,22911.990,45.359,500,0
150.783,t2_squeezenet,22903.524,43.346,500,0
150.828,t2_squeezenet,22868.217,44.607,500,0
150.880,t2_squeezenet,22900.966,51.623,500,0
150.925,t2_squeezenet,22896.674,45.596,500,0
150.967,t2_squeezenet,22864.794,42.071,500,0
151.015,t2_squeezenet,22869.065,47.607,500,0
151.061,t2_squeezenet,22893.519,45.829,500,0
151.108,t2_squeezenet,22911.724,47.339,500,0
151.152,t2_squeezenet,22844.772,43.353,500,0
151.195,t2_squeezenet,22818.857,42.625,500,0
151.241,t2_squeezenet,22858.965,46.243,500,0
151.290,t2_squeezenet,22889.190,48.791,499,0
151.333,t2_squeezenet,22876.880,43.247,499,0
151.378,t2_squeezenet,22863.020,44.888,499,0
151.424,t2_squeezenet,22901.841,46.156,499,0
151.473,t2_squeezenet,22911.061,48.437,498,0
151.518,t2_squeezenet,22891.355,44.982,499,0
151.561,t2_squeezenet,22898.767,42.948,500,0
151.604,t2_squeezenet,22832.038,43.636,500,0
151.654,t2_squeezenet,22856.602,49.258,500,0
151.698,t2_squeezenet,22879.791,43.982,500,0
151.740,t2_squeezenet,22899.375,42.547,500,0
151.787,t2_squeezenet,22902.055,46.628,500,0
151.836,t2_squeezenet,22897.087,48.944,499,0
151.882,t2_squeezenet,22914.596,46.071,500,0
151.928,t2_squeezenet,22867.989,45.361,500,0
151.972,t2_squeezenet,22879.750,44.512,500,0
152.018,t2_squeezenet,22885.206,46.250,499,0
152.068,t2_squeezenet,22887.901,49.520,500,0
152.109,t2_squeezenet,22900.375,41.366,499,0
152.153,t2_squeezenet,22890.480,43.819,500,0
152.200,t2_squeezenet,22903.994,46.850,500,0
152.248,t2_squeezenet,22822.311,47.810,500,0
152.293,t2_squeezenet,22847.080,44.538,500,0
152.337,t2_squeezenet,22887.066,44.452,500,0
152.382,t2_squeezenet,22895.612,44.761,500,0
152.431,t2_squeezenet,22896.433,49.060,500,0
152.477,t2_squeezenet,22823.632,45.487,499,0
152.518,t2_squeezenet,22828.390,41.508,498,0
152.563,t2_squeezenet,22807.539,44.703,497,0
152.612,t2_squeezenet,22849.144,48.548,497,0
152.655,t2_squeezenet,22890.238,43.565,498,0
152.699,t2_squeezenet,22870.807,43.918,499,0
152.745,t2_squeezenet,22900.891,45.639,499,0
152.792,t2_squeezenet,22893.228,46.938,498,0
152.841,t2_squeezenet,22836.053,49.223,498,0
152.883,t2_squeezenet,22860.495,42.124,498,0
152.928,t2_squeezenet,22879.088,44.267,499,0
152.975,t2_squeezenet,22880.243,47.087,498,0
153.022,t2_squeezenet,22830.435,46.637,497,0
153.064,t2_squeezenet,22857.830,42.251,496,0
153.110,t2_squeezenet,22885.542,46.607,498,0
153.153,t2_squeezenet,22875.086,42.964,499,0
153.203,t2_squeezenet,22872.153,49.437,500,0
153.249,t2_squeezenet,22885.202,45.671,499,0
153.292,t2_squeezenet,22891.129,43.125,500,0
153.338,t2_squeezenet,22810.951,46.328,499,0
153.388,t2_squeezenet,22852.406,49.292,499,0
153.433,t2_squeezenet,22877.772,45.022,500,0
153.477,t2_squeezenet,22860.298,44.287,500,0
153.523,t2_squeezenet,22900.878,46.441,500,0
153.569,t2_squeezenet,22906.595,45.642,500,0
153.618,t2_squeezenet,22890.399,48.486,499,0
153.660,t2_squeezenet,22885.736,42.036,500,0
153.704,t2_squeezenet,22855.197,44.126,500,0
153.754,t2_squeezenet,22878.897,50.173,500,0
153.802,t2_squeezenet,22861.344,47.539,500,0
153.844,t2_squeezenet,22887.813,42.431,500,0
153.892,t2_squeezenet,22894.672,47.616,500,0
153.938,t2_squeezenet,22813.231,46.200,500,0
153.987,t2_squeezenet,22836.556,49.093,500,0
154.034,t2_squeezenet,22862.672,46.243,500,0
154.077,t2_squeezenet,22883.886,43.166,500,0
154.121,t2_squeezenet,22778.055,44.324,500,0
154.173,t2_squeezenet,22792.819,51.881,500,0
154.215,t2_squeezenet,22825.257,41.989,499,0
154.260,t2_squeezenet,22846.822,44.670,500,0
154.307,t2_squeezenet,22881.724,46.681,500,0
154.354,t2_squeezenet,22846.903,47.859,500,0
154.401,t2_squeezenet,22884.289,46.639,500,0
154.445,t2_squeezenet,22898.041,44.004,500,0
154.490,t2_squeezenet,22774.837,44.828,500,0
154.539,t2_squeezenet,22820.520,49.001,500,0
154.586,t2_squeezenet,22844.048,47.060,499,0
154.628,t2_squeezenet,22764.568,41.247,498,0
154.674,t2_squeezenet,22801.963,46.849,497,0
154.720,t2_squeezenet,22723.300,45.544,497,0
154.767,t2_squeezenet,22760.118,46.632,498,0
154.812,t2_squeezenet,22771.341,45.257,498,0
154.857,t2_squeezenet,22814.504,44.452,499,0
154.903,t2_squeezenet,22858.503,46.680,500,0
154.954,t2_squeezenet,22904.526,50.891,500,0
154.997,t2_squeezenet,22848.867,42.537,500,0
155.044,t2_squeezenet,22890.269,46.714,500,0
155.092,t2_squeezenet,22903.531,47.800,500,0
155.139,t2_squeezenet,22895.279,47.008,500,0
155.183,t2_squeezenet,22928.036,44.705,500,0
155.227,t2_squeezenet,22895.814,43.725,500,0
155.272,t2_squeezenet,22891.673,44.411,499,0
155.321,t2_squeezenet,22879.141,49.270,500,0
155.367,t2_squeezenet,22909.376,46.284,500,0
155.410,t2_squeezenet,22847.433,43.143,500,0
155.458,t2_squeezenet,22847.719,47.360,500,0
155.508,t2_squeezenet,22875.134,49.587,499,0
155.552,t2_squeezenet,22889.231,44.358,500,0
155.598,t2_squeezenet,22930.581,45.948,499,0
155.643,t2_squeezenet,22846.483,45.328,500,0
155.689,t2_squeezenet,22871.784,45.836,499,0
155.740,t2_squeezenet,22909.725,50.962,500,0
155.783,t2_squeezenet,22907.160,42.193,500,0
155.828,t2_squeezenet,22923.924,45.335,500,0
155.875,t2_squeezenet,22916.517,46.667,500,0
155.922,t2_squeezenet,22894.572,46.775,499,0
155.966,t2_squeezenet,22872.125,43.996,500,0
156.011,t2_squeezenet,22852.843,45.759,500,0
156.058,t2_squeezenet,22894.491,46.697,500,0
156.107,t2_squeezenet,22896.626,48.821,500,0
156.152,t2_squeezenet,22861.100,44.629,500,0
156.195,t2_squeezenet,22874.451,43.287,500,0
156.243,t2_squeezenet,22847.625,47.534,500,0
156.291,t2_squeezenet,22876.159,48.120,500,0
156.334,t2_squeezenet,22882.536,42.921,500,0
156.380,t2_squeezenet,22901.817,46.176,499,0
156.422,t2_squeezenet,22898.504,42.481,500,0
156.472,t2_squeezenet,22921.214,49.889,500,0
156.519,t2_squeezenet,22934.177,46.308,500,0
156.562,t2_squeezenet,22872.275,43.294,500,0
156.609,t2_squeezenet,22901.108,47.034,500,0
156.658,t2_squeezenet,22930.851,48.598,500,0
156.704,t2_squeezenet,22925.321,45.789,500,0
156.749,t2_squeezenet,22928.622,44.869,500,0
156.794,t2_squeezenet,22924.455,45.033,500,0
156.840,t2_squeezenet,22896.970,46.757,500,0
156.891,t2_squeezenet,22870.395,50.527,500,0
156.933,t2_squeezenet,22909.707,42.099,500,0
156.976,t2_squeezenet,22920.962,42.690,500,0
157.025,t2_squeezenet,22907.377,49.196,500,0
157.073,t2_squeezenet,22916.004,47.463,500,0
157.117,t2_squeezenet,22935.473,43.683,500,0
157.165,t2_squeezenet,22911.014,47.752,500,0
157.209,t2_squeezenet,22904.093,44.619,500,0
157.260,t2_squeezenet,22935.890,50.516,500,0
157.305,t2_squeezenet,22930.745,44.996,500,0
157.347,t2_squeezenet,22899.960,42.382,500,0
157.394,t2_squeezenet,22902.254,47.076,500,0
157.442,t2_squeezenet,22909.897,48.072,500,0
157.487,t2_squeezenet,22926.519,44.643,500,0
157.530,t2_squeezenet,22925.281,43.029,500,0
157.576,t2_squeezenet,22896.855,45.865,499,0
157.624,t2_squeezenet,22866.062,47.443,500,0
157.673,t2_squeezenet,22902.425,49.063,500,0
157.715,t2_squeezenet,22902.196,42.636,500,0
157.760,t2_squeezenet,22921.714,44.393,500,0
157.810,t2_squeezenet,22822.646,49.963,500,0
157.857,t2_squeezenet,22841.242,46.788,500,0
157.898,t2_squeezenet,22881.384,41.134,500,0
157.947,t2_squeezenet,22898.128,49.344,500,0
157.992,t2_squeezenet,22932.176,44.799,500,0
158.042,t2_squeezenet,22904.096,49.398,500,0
158.085,t2_squeezenet,22938.862,43.327,500,0
158.129,t2_squeezenet,22896.043,43.702,500,0
158.176,t2_squeezenet,22784.009,47.637,500,0
158.226,t2_squeezenet,22830.046,49.844,500,0
158.270,t2_squeezenet,22849.111,43.518,499,0
158.316,t2_squeezenet,22879.258,45.837,498,0
158.363,t2_squeezenet,22918.375,46.748,497,0
158.410,t2_squeezenet,22928.697,47.236,497,0
158.456,t2_squeezenet,22874.916,46.536,499,0
158.499,t2_squeezenet,22865.813,42.209,498,0
158.543,t2_squeezenet,22874.941,44.489,500,0
158.590,t2_squeezenet,22919.464,46.924,499,0
158.636,t2_squeezenet,22850.843,45.649,500,0
158.678,t2_squeezenet,22855.428,42.152,500,0
158.726,t2_squeezenet,22833.833,47.789,500,0
158.774,t2_squeezenet,22865.772,47.909,500,0
158.822,t2_squeezenet,22854.857,47.616,500,0
158.865,t2_squeezenet,22881.700,43.829,499,0
158.909,t2_squeezenet,22867.035,43.683,499,0
158.955,t2_squeezenet,22902.191,46.038,500,0
159.003,t2_squeezenet,22925.887,47.554,500,0
159.047,t2_squeezenet,22918.694,43.706,500,0
159.089,t2_squeezenet,22933.449,42.711,500,0
159.135,t2_squeezenet,22889.216,45.658,500,0
159.184,t2_squeezenet,22919.355,48.549,500,0
159.229,t2_squeezenet,22944.046,44.865,499,0
159.273,t2_squeezenet,22898.023,44.568,499,0
159.318,t2_squeezenet,22917.614,45.224,500,0
159.369,t2_squeezenet,22946.343,50.656,500,0
159.414,t2_squeezenet,22933.183,44.286,500,0
159.456,t2_squeezenet,22931.088,42.535,500,0
159.502,t2_squeezenet,22950.415,46.258,499,0
159.550,t2_squeezenet,22941.056,47.161,499,0
159.594,t2_squeezenet,22891.115,44.110,500,0
159.640,t2_squeezenet,22888.387,46.171,500,0
159.684,t2_squeezenet,22925.290,44.176,499,0
159.731,t2_squeezenet,22888.393,47.060,499,0
159.781,t2_squeezenet,22936.337,49.983,499,0
159.824,t2_squeezenet,22896.554,42.477,500,0
159.870,t2_squeezenet,22925.700,45.626,500,0
159.917,t2_squeezenet,22942.841,46.775,500,0
159.964,t2_squeezenet,22921.205,46.946,500,0
160.008,t2_squeezenet,22927.558,44.636,500,0
160.053,t2_squeezenet,22919.162,44.854,500,0
160.096,t2_squeezenet,22942.313,42.786,500,0
160.146,t2_squeezenet,22916.973,50.153,499,0
160.191,t2_squeezenet,22877.679,45.051,500,0
160.234,t2_squeezenet,22900.667,43.167,500,0
160.282,t2_squeezenet,22919.823,47.313,500,0
160.330,t2_squeezenet,22883.552,48.120,499,0
160.376,t2_squeezenet,22891.415,45.969,500,0
160.420,t2_squeezenet,22930.874,44.290,499,0
160.465,t2_squeezenet,22937.184,44.360,500,0
160.513,t2_squeezenet,22935.530,47.829,500,0
160.561,t2_squeezenet,22921.364,48.173,500,0
160.601,t2_squeezenet,22874.068,40.231,500,0
160.646,t2_squeezenet,22914.630,45.003,500,0
160.694,t2_squeezenet,22910.923,47.931,500,0
160.742,t2_squeezenet,22839.333,47.367,499,0
160.787,t2_squeezenet,22864.641,44.811,500,0
160.832,t2_squeezenet,22904.254,44.990,500,0
160.877,t2_squeezenet,22878.566,45.074,500,0
160.927,t2_squeezenet,22924.617,50.640,500,0
160.970,t2_squeezenet,22933.637,42.867,500,0
161.013,t2_squeezenet,22902.253,42.198,499,0
161.061,t2_squeezenet,22904.310,48.951,500,0
161.107,t2_squeezenet,22904.139,45.263,500,0
161.152,t2_squeezenet,22944.935,45.354,500,0
161.199,t2_squeezenet,22954.044,46.178,500,0
161.244,t2_squeezenet,22922.986,45.218,500,0
161.293,t2_squeezenet,22945.154,49.392,499,0
161.340,t2_squeezenet,22938.850,47.115,500,0
161.383,t2_squeezenet,22916.080,42.614,499,0
161.428,t2_squeezenet,22944.633,44.822,498,0
161.475,t2_squeezenet,22946.672,46.570,499,0
161.521,t2_squeezenet,22915.642,46.334,500,0
161.565,t2_squeezenet,22845.370,44.492,500,0
161.609,t2_squeezenet,22821.002,43.283,500,0
161.654,t2_squeezenet,22861.852,45.013,500,0
161.705,t2_squeezenet,22868.959,50.915,499,0
161.748,t2_squeezenet,22821.782,43.458,498,0
161.792,t2_squeezenet,22837.399,43.957,500,0
161.841,t2_squeezenet,22883.982,48.281,499,0
161.889,t2_squeezenet,22924.734,48.133,498,0
161.933,t2_squeezenet,22919.418,43.977,498,0
161.979,t2_squeezenet,22953.801,45.955,498,0
162.023,t2_squeezenet,22946.929,44.234,499,0
162.070,t2_squeezenet,22931.571,47.327,499,0
162.117,t2_squeezenet,22929.959,46.583,498,0
162.160,t2_squeezenet,22870.547,42.533,498,0
162.205,t2_squeezenet,22912.455,44.815,499,0
162.254,t2_squeezenet,22932.398,49.864,498,0
162.302,t2_squeezenet,22922.584,47.011,499,0
162.345,t2_squeezenet,22931.148,43.753,500,0
162.391,t2_squeezenet,22949.101,45.682,499,0
162.436,t2_squeezenet,22893.898,44.900,499,0
162.485,t2_squeezenet,22918.949,48.935,499,0
162.530,t2_squeezenet,22955.170,44.455,499,0
162.573,t2_squeezenet,22926.382,43.541,498,0
162.618,t2_squeezenet,22957.212,45.107,498,0
162.668,t2_squeezenet,22923.430,49.536,497,0
162.712,t2_squeezenet,22960.039,43.880,497,0
162.758,t2_squeezenet,22935.728,46.264,498,0
162.804,t2_squeezenet,22941.094,45.446,498,0
162.852,t2_squeezenet,22934.086,47.909,497,0
162.899,t2_squeezenet,22957.371,47.701,497,0
162.942,t2_squeezenet,22930.564,42.452,498,0
162.986,t2_squeezenet,22936.173,44.493,498,0
163.035,t2_squeezenet,22946.807,48.475,500,0
163.081,t2_squeezenet,22926.705,46.229,500,0
163.124,t2_squeezenet,22959.700,42.507,500,0
163.169,t2_squeezenet,22938.723,45.124,500,0
163.216,t2_squeezenet,22947.886,46.782,500,0
163.264,t2_squeezenet,22896.510,48.319,500,0
163.309,t2_squeezenet,22905.135,44.889,499,0
163.353,t2_squeezenet,22943.244,43.957,499,0
163.401,t2_squeezenet,22953.706,48.306,500,0
163.449,t2_squeezenet,22950.377,47.932,500,0
163.492,t2_squeezenet,22904.786,42.758,500,0
163.537,t2_squeezenet,22949.060,44.708,499,0
163.582,t2_squeezenet,22958.433,45.211,500,0
163.628,t2_squeezenet,22943.254,45.438,500,0
163.676,t2_squeezenet,22959.114,47.811,500,0
163.719,t2_squeezenet,22962.327,43.221,500,0
163.764,t2_squeezenet,22896.251,44.794,500,0
163.815,t2_squeezenet,22872.261,51.178,500,0
163.860,t2_squeezenet,22837.830,45.236,500,0
163.905,t2_squeezenet,22848.999,44.500,500,0
163.950,t2_squeezenet,22883.575,45.013,499,0
163.996,t2_squeezenet,22906.530,46.660,500,0
164.045,t2_squeezenet,22942.066,48.702,500,0
164.089,t2_squeezenet,22962.316,44.157,500,0
164.132,t2_squeezenet,22939.902,42.531,500,0
164.179,t2_squeezenet,22936.565,46.443,500,0
164.228,t2_squeezenet,22944.573,48.996,500,0
164.271,t2_squeezenet,22944.291,42.920,500,0
164.315,t2_squeezenet,22869.264,44.467,500,0
164.362,t2_squeezenet,22863.653,46.556,500,0
164.410,t2_squeezenet,22877.894,48.007,500,0
164.456,t2_squeezenet,22861.164,46.595,500,0
164.498,t2_squeezenet,22899.961,42.005,499,0
164.543,t2_squeezenet,22932.589,44.039,499,0
164.591,t2_squeezenet,22938.208,47.964,500,0
164.636,t2_squeezenet,22884.681,45.162,500,0
164.678,t2_squeezenet,22913.236,41.747,500,0
164.725,t2_squeezenet,22958.114,47.283,499,0
164.773,t2_squeezenet,22874.655,48.337,498,0
164.820,t2_squeezenet,22909.608,46.688,500,0
164.865,t2_squeezenet,22946.982,44.907,499,0
164.909,t2_squeezenet,22916.622,44.122,500,0
164.956,t2_squeezenet,22911.042,46.395,500,0
165.004,t2_squeezenet,22914.964,47.839,500,0
165.047,t2_squeezenet,22811.218,43.484,499,0
165.090,t2_squeezenet,22844.448,42.666,499,0
165.135,t2_squeezenet,22868.948,45.409,500,0
165.184,t2_squeezenet,22905.602,48.701,500,0
165.230,t2_squeezenet,22897.103,45.999,500,0
165.274,t2_squeezenet,22894.011,43.587,500,0
165.318,t2_squeezenet,22904.514,44.227,500,0
165.368,t2_squeezenet,22944.421,49.954,500,0
165.414,t2_squeezenet,22931.107,45.541,500,0
165.455,t2_squeezenet,22930.801,41.620,500,0
165.503,t2_squeezenet,22922.471,47.917,500,0
165.548,t2_squeezenet,22926.717,44.475,500,0
165.595,t2_squeezenet,22954.643,46.714,500,0
165.640,t2_squeezenet,22962.109,44.982,500,0
165.685,t2_squeezenet,22957.765,44.780,499,0
165.730,t2_squeezenet,22942.547,45.851,498,0
165.780,t2_squeezenet,22954.388,49.823,497,0
165.824,t2_squeezenet,22956.050,43.404,497,0
165.866,t2_squeezenet,22924.303,42.746,497,0
165.917,t2_squeezenet,22954.917,50.170,498,0
165.964,t2_squeezenet,22960.012,47.187,499,0
166.007,t2_squeezenet,22938.793,43.193,500,0
166.052,t2_squeezenet,22953.424,44.989,500,0
166.097,t2_squeezenet,22895.534,44.150,500,0
166.146,t2_squeezenet,22932.123,48.992,499,0
166.192,t2_squeezenet,22945.443,46.047,499,0
166.235,t2_squeezenet,22951.653,43.113,499,0
166.282,t2_squeezenet,22951.798,46.535,499,0
166.329,t2_squeezenet,22933.033,47.464,500,0
166.375,t2_squeezenet,22947.246,45.757,500,0
166.419,t2_squeezenet,22955.189,43.859,499,0
166.463,t2_squeezenet,22952.552,43.871,500,0
166.508,t2_squeezenet,22918.108,45.145,500,0
166.557,t2_squeezenet,22945.275,49.328,500,0
166.600,t2_squeezenet,22912.915,42.490,500,0
166.644,t2_squeezenet,22927.838,43.697,500,0
166.692,t2_squeezenet,22944.005,48.488,500,0
166.740,t2_squeezenet,22918.861,47.473,500,0
166.785,t2_squeezenet,22919.902,45.007,500,0
166.828,t2_squeezenet,22943.097,43.470,500,0
166.873,t2_squeezenet,22898.822,44.142,499,0
166.922,t2_squeezenet,22926.624,49.466,500,0
166.966,t2_squeezenet,22952.072,43.602,500,0
167.009,t2_squeezenet,22936.201,43.099,500,0
167.056,t2_squeezenet,22910.959,47.122,500,0
167.105,t2_squeezenet,22921.392,48.600,500,0
167.151,t2_squeezenet,22945.587,46.566,500,0
167.196,t2_squeezenet,22936.923,44.675,500,0
167.241,t2_squeezenet,22942.653,44.702,500,0
167.287,t2_squeezenet,22940.559,46.044,500,0
167.335,t2_squeezenet,22959.511,48.358,500,0
167.378,t2_squeezenet,22950.430,42.359,499,0
167.419,t2_squeezenet,22870.007,41.035,498,0
167.466,t2_squeezenet,22895.509,47.200,500,0
167.514,t2_squeezenet,22915.933,47.799,500,0
167.557,t2_squeezenet,22934.842,43.229,499,0
167.603,t2_squeezenet,22909.745,46.062,499,0
167.648,t2_squeezenet,22940.404,44.881,499,0
167.698,t2_squeezenet,22939.731,49.535,500,0
167.742,t2_squeezenet,22943.569,44.439,500,0
167.785,t2_squeezenet,22937.484,42.818,500,0
167.831,t2_squeezenet,22951.644,46.082,500,0
167.878,t2_squeezenet,22856.694,46.513,500,0
167.923,t2_squeezenet,22886.732,45.046,500,0
167.967,t2_squeezenet,22909.391,43.892,500,0
168.014,t2_squeezenet,22929.965,46.865,500,0
168.062,t2_squeezenet,22944.789,48.137,500,0
168.110,t2_squeezenet,22912.029,48.161,499,0
168.154,t2_squeezenet,22936.599,43.978,498,0
168.197,t2_squeezenet,22925.125,42.714,498,0
168.244,t2_squeezenet,22943.199,47.267,499,0
168.292,t2_squeezenet,22946.354,47.959,500,0
168.333,t2_squeezenet,22934.070,40.622,500,0
168.378,t2_squeezenet,22932.477,45.433,499,0
168.424,t2_squeezenet,22891.378,45.398,500,0
168.473,t2_squeezenet,22861.512,48.600,500,0
168.520,t2_squeezenet,22896.454,47.173,499,0
168.563,t2_squeezenet,22931.080,43.084,499,0
168.609,t2_squeezenet,22943.558,46.541,500,0
168.658,t2_squeezenet,22943.231,48.272,500,0
168.702,t2_squeezenet,22947.214,44.545,500,0
168.746,t2_squeezenet,22944.064,43.587,500,0
168.790,t2_squeezenet,22939.553,43.664,500,0
168.836,t2_squeezenet,22938.591,46.254,500,0
168.884,t2_squeezenet,22943.427,47.857,500,0
168.928,t2_squeezenet,22923.714,43.721,500,0
168.972,t2_squeezenet,22938.725,44.326,500,0
169.021,t2_squeezenet,22914.747,48.944,500,0
169.068,t2_squeezenet,22929.633,46.876,499,0
169.111,t2_squeezenet,22885.178,42.739,500,0
169.157,t2_squeezenet,22922.503,45.716,500,0
169.200,t2_squeezenet,22905.290,43.081,499,0
169.248,t2_squeezenet,22931.928,47.745,500,0
169.294,t2_squeezenet,22946.733,46.062,500,0
169.337,t2_squeezenet,22947.367,43.348,499,0
169.382,t2_squeezenet,22858.004,45.130,500,0
169.433,t2_squeezenet,22902.196,50.483,500,0
169.478,t2_squeezenet,22908.557,44.592,499,0
169.526,t2_squeezenet,22938.987,48.740,500,0
169.571,t2_squeezenet,22951.785,45.133,500,0
169.619,t2_squeezenet,22939.964,47.540,499,0
169.667,t2_squeezenet,22954.272,47.725,498,0
169.712,t2_squeezenet,22834.497,44.860,497,0
169.758,t2_squeezenet,22870.860,46.168,496,0
169.811,t2_squeezenet,22887.926,52.816,498,0
169.858,t2_squeezenet,22902.410,47.282,499,0
169.910,t2_squeezenet,22878.343,52.144,500,0
169.961,t2_squeezenet,22920.870,50.504,500,0
170.007,t2_squeezenet,22938.539,45.870,500,0
170.063,t2_squeezenet,22961.442,56.489,500,0
170.112,t2_squeezenet,22976.504,48.582,500,0
170.154,t2_squeezenet,22974.409,42.197,500,0
170.200,t2_squeezenet,22972.138,45.404,500,0
170.245,t2_squeezenet,22906.285,44.929,500,0
170.292,t2_squeezenet,22907.835,47.153,500,0
170.338,t2_squeezenet,22933.855,46.451,499,0
170.380,t2_squeezenet,22946.803,41.934,499,0
170.425,t2_squeezenet,22979.296,44.460,500,0
170.472,t2_squeezenet,22974.577,47.064,500,0
170.517,t2_squeezenet,22972.573,45.274,500,0
170.559,t2_squeezenet,22971.634,42.125,500,0
170.607,t2_squeezenet,22970.568,47.320,500,0
170.653,t2_squeezenet,22967.940,46.488,500,0
170.701,t2_squeezenet,22957.620,47.482,500,0
170.745,t2_squeezenet,22861.741,44.083,499,0
170.788,t2_squeezenet,22872.565,42.580,500,0
170.833,t2_squeezenet,22869.381,45.406,499,0
170.881,t2_squeezenet,22850.924,47.943,500,0
170.925,t2_squeezenet,22877.073,43.730,500,0
170.967,t2_squeezenet,22915.037,41.785,499,0
171.012,t2_squeezenet,22941.831,45.041,499,0
171.059,t2_squeezenet,22947.833,46.803,499,0
171.106,t2_squeezenet,22973.870,47.026,499,0
171.150,t2_squeezenet,22965.528,44.019,500,0
171.194,t2_squeezenet,22931.853,44.061,499,0
171.243,t2_squeezenet,22915.503,48.619,499,0
171.289,t2_squeezenet,22874.299,46.576,499,0
171.332,t2_squeezenet,22883.129,42.660,499,0
171.377,t2_squeezenet,22873.393,44.751,500,0
171.422,t2_squeezenet,22912.678,45.469,500,0
171.468,t2_squeezenet,22957.809,45.614,499,0
171.515,t2_squeezenet,22968.189,47.110,499,0
171.558,t2_squeezenet,22944.154,43.039,500,0
171.603,t2_squeezenet,22865.725,44.862,500,0
171.654,t2_squeezenet,22844.249,50.346,500,0
171.699,t2_squeezenet,22839.121,45.507,500,0
171.742,t2_squeezenet,22863.237,43.179,500,0
171.788,t2_squeezenet,22849.091,45.715,500,0
171.834,t2_squeezenet,22883.069,45.537,500,0
171.881,t2_squeezenet,22923.684,47.187,500,0
171.925,t2_squeezenet,22964.463,43.630,499,0
171.967,t2_squeezenet,22951.729,41.925,499,0
172.012,t2_squeezenet,22949.913,45.170,500,0
172.061,t2_squeezenet,22954.236,49.064,500,0
172.105,t2_squeezenet,22958.367,43.854,500,0
172.149,t2_squeezenet,22949.948,43.934,500,0
172.194,t2_squeezenet,22958.282,45.559,500,0
172.241,t2_squeezenet,22969.895,46.152,500,0
172.288,t2_squeezenet,22952.208,47.096,499,0
172.329,t2_squeezenet,22934.826,41.615,500,0
172.373,t2_squeezenet,22925.051,43.945,500,0
172.420,t2_squeezenet,22964.531,46.179,499,0
172.466,t2_squeezenet,22959.706,46.739,498,0
172.511,t2_squeezenet,22937.755,43.921,500,0
172.557,t2_squeezenet,22886.747,46.113,500,0
172.602,t2_squeezenet,22924.654,45.159,500,0
172.650,t2_squeezenet,22930.443,48.240,500,0
172.697,t2_squeezenet,22946.407,46.840,499,0
172.740,t2_squeezenet,22944.382,42.535,500,0
172.785,t2_squeezenet,22955.699,45.470,500,0
172.834,t2_squeezenet,22968.054,48.736,500,0
172.878,t2_squeezenet,22939.112,44.215,500,0
172.922,t2_squeezenet,22938.697,43.645,500,0
172.967,t2_squeezenet,22889.781,45.154,500,0
173.014,t2_squeezenet,22894.416,46.816,500,0
173.063,t2_squeezenet,22932.684,49.188,500,0
173.106,t2_squeezenet,22941.672,42.775,500,0
173.150,t2_squeezenet,22947.138,44.246,500,0
173.198,t2_squeezenet,22965.744,47.727,500,0
173.247,t2_squeezenet,22958.406,48.385,499,0
173.289,t2_squeezenet,22945.377,41.978,498,0
173.335,t2_squeezenet,22952.499,46.069,499,0
173.378,t2_squeezenet,22919.429,43.408,500,0
173.426,t2_squeezenet,22957.313,47.224,500,0
173.472,t2_squeezenet,22954.062,46.560,499,0
173.516,t2_squeezenet,22941.273,43.721,499,0
173.560,t2_squeezenet,22952.086,44.476,499,0
173.610,t2_squeezenet,22953.063,49.696,499,0
173.656,t2_squeezenet,22931.487,45.618,499,0
173.699,t2_squeezenet,22942.576,42.813,498,0
173.746,t2_squeezenet,22927.238,46.767,498,0
173.792,t2_squeezenet,22958.049,46.066,499,0
173.840,t2_squeezenet,22954.871,48.298,498,0
173.882,t2_squeezenet,22951.328,41.907,500,0
173.925,t2_squeezenet,22937.965,43.330,500,0
173.973,t2_squeezenet,22946.181,47.389,500,0
174.022,t2_squeezenet,22942.556,49.444,500,0
174.065,t2_squeezenet,22942.288,42.478,500,0
174.109,t2_squeezenet,22935.487,44.525,500,0
174.155,t2_squeezenet,22942.575,45.698,500,0
174.202,t2_squeezenet,22873.593,46.583,500,0
174.249,t2_squeezenet,22915.995,47.109,500,0
174.292,t2_squeezenet,22893.099,42.337,500,0
174.334,t2_squeezenet,22847.995,42.437,500,0
174.385,t2_squeezenet,22880.944,50.637,499,0
174.430,t2_squeezenet,22903.551,45.089,499,0
174.473,t2_squeezenet,22934.615,42.660,498,0
174.520,t2_squeezenet,22919.394,47.390,499,0
174.567,t2_squeezenet,22944.973,47.354,500,0
174.616,t2_squeezenet,22928.706,48.179,500,0
174.660,t2_squeezenet,22941.230,44.449,499,0
174.703,t2_squeezenet,22959.920,43.104,499,0
174.749,t2_squeezenet,22888.028,45.426,500,0
174.799,t2_squeezenet,22922.603,49.638,499,0
174.840,t2_squeezenet,22917.414,41.671,500,0
174.885,t2_squeezenet,22947.317,44.114,499,0
174.931,t2_squeezenet,22896.879,46.327,498,0
174.979,t2_squeezenet,22927.830,48.228,500,0
175.025,t2_squeezenet,22914.190,45.774,500,0
175.070,t2_squeezenet,22956.175,44.540,499,0
175.113,t2_squeezenet,22937.716,43.538,500,0
175.162,t2_squeezenet,22936.993,49.029,500,0
175.207,t2_squeezenet,22951.349,45.196,500,0
175.250,t2_squeezenet,22928.629,42.414,500,0
175.295,t2_squeezenet,22921.887,44.986,500,0
175.341,t2_squeezenet,22922.889,45.999,499,0
175.388,t2_squeezenet,22798.663,47.137,500,0
175.435,t2_squeezenet,22821.906,46.547,499,0
175.479,t2_squeezenet,22835.179,43.922,500,0
175.527,t2_squeezenet,22838.165,47.899,500,0
175.576,t2_squeezenet,22880.039,49.661,499,0
175.620,t2_squeezenet,22909.039,43.113,499,0
175.663,t2_squeezenet,22841.028,43.749,499,0
175.709,t2_squeezenet,22833.583,45.049,500,0
175.757,t2_squeezenet,22872.109,48.264,500,0
175.801,t2_squeezenet,22893.376,43.634,500,0
175.844,t2_squeezenet,22765.479,43.203,499,0
175.889,t2_squeezenet,22809.603,45.147,499,0
175.939,t2_squeezenet,22853.277,49.713,499,0
175.985,t2_squeezenet,22864.019,46.038,498,0
176.028,t2_squeezenet,22886.581,43.138,498,0
176.075,t2_squeezenet,22915.808,46.823,498,0
176.120,t2_squeezenet,22960.326,45.143,498,0
176.167,t2_squeezenet,22899.275,46.743,500,0
176.213,t2_squeezenet,22940.415,45.689,500,0
176.254,t2_squeezenet,22892.612,41.362,499,0
176.299,t2_squeezenet,22907.077,45.262,500,0
176.350,t2_squeezenet,22936.304,50.656,500,0
176.394,t2_squeezenet,22958.797,44.174,500,0
176.440,t2_squeezenet,22947.320,45.605,500,0
176.486,t2_squeezenet,22946.696,46.462,500,0
176.534,t2_squeezenet,22912.218,47.950,500,0
176.579,t2_squeezenet,22948.416,44.683,500,0
176.623,t2_squeezenet,22920.983,44.136,500,0
176.667,t2_squeezenet,22949.556,43.535,500,0
176.715,t2_squeezenet,22941.257,48.474,499,0
176.761,t2_squeezenet,22955.513,45.109,500,0
176.803,t2_squeezenet,22957.049,42.166,500,0
176.849,t2_squeezenet,22937.741,46.401,499,0
176.898,t2_squeezenet,22956.673,48.225,500,0
176.945,t2_squeezenet,22948.220,47.196,500,0
176.990,t2_squeezenet,22940.444,45.227,500,0
177.035,t2_squeezenet,22938.322,44.379,500,0
177.081,t2_squeezenet,22912.163,46.008,500,0
177.131,t2_squeezenet,22901.594,49.896,500,0
177.173,t2_squeezenet,22938.039,42.602,500,0
177.217,t2_squeezenet,22939.547,43.292,500,0
177.262,t2_squeezenet,22947.180,45.597,500,0
177.310,t2_squeezenet,22954.154,47.812,499,0
177.356,t2_squeezenet,22943.654,45.861,498,0
177.401,t2_squeezenet,22948.331,45.014,500,0
177.446,t2_squeezenet,22930.052,44.789,499,0
177.495,t2_squeezenet,22819.480,49.194,498,0
177.542,t2_squeezenet,22804.465,46.743,500,0
177.584,t2_squeezenet,22842.759,41.941,500,0
177.630,t2_squeezenet,22854.277,45.805,499,0
177.677,t2_squeezenet,22855.625,47.068,499,0
177.724,t2_squeezenet,22898.940,46.524,498,0
177.766,t2_squeezenet,22895.960,42.327,498,0
177.810,t2_squeezenet,22916.440,44.452,499,0
177.856,t2_squeezenet,22933.756,45.835,498,0
177.907,t2_squeezenet,22927.168,50.819,497,0
177.951,t2_squeezenet,22944.060,43.465,496,0
177.994,t2_squeezenet,22916.613,43.495,497,0
178.043,t2_squeezenet,22943.854,48.263,497,0
178.090,t2_squeezenet,22948.068,47.083,498,0
178.135,t2_squeezenet,22937.720,45.542,497,0
178.179,t2_squeezenet,22881.327,43.440,497,0
178.222,t2_squeezenet,22916.269,43.394,497,0
178.269,t2_squeezenet,22926.496,46.886,497,0
178.315,t2_squeezenet,22933.686,45.954,497,0
178.358,t2_squeezenet,22934.745,42.818,497,0
178.404,t2_squeezenet,22877.373,45.609,500,0
178.452,t2_squeezenet,22911.703,48.039,500,0
178.500,t2_squeezenet,22898.082,47.736,500,0
178.544,t2_squeezenet,22940.186,43.805,500,0
178.588,t2_squeezenet,22884.506,44.079,499,0
178.633,t2_squeezenet,22923.434,45.343,500,0
178.683,t2_squeezenet,22929.695,50.031,500,0
178.725,t2_squeezenet,22933.284,41.792,500,0
178.769,t2_squeezenet,22937.471,43.821,500,0
178.816,t2_squeezenet,22891.964,46.606,499,0
178.864,t2_squeezenet,22922.832,48.214,500,0
178.910,t2_squeezenet,22943.922,45.691,500,0
178.954,t2_squeezenet,22940.209,43.953,500,0
178.998,t2_squeezenet,22895.875,44.412,500,0
179.047,t2_squeezenet,22913.161,48.688,499,0
179.093,t2_squeezenet,22913.346,46.111,498,0
179.135,t2_squeezenet,22914.783,41.841,500,0
179.181,t2_squeezenet,22923.463,45.578,499,0
179.226,t2_squeezenet,22923.658,44.967,500,0
179.273,t2_squeezenet,22882.749,47.081,499,0
179.317,t2_squeezenet,22910.123,44.036,498,0
179.363,t2_squeezenet,22924.825,46.005,500,0
179.409,t2_squeezenet,22890.839,45.847,500,0
179.459,t2_squeezenet,22920.524,50.001,499,0
179.502,t2_squeezenet,22936.866,43.602,499,0
179.545,t2_squeezenet,22935.845,42.784,500,0
179.592,t2_squeezenet,22912.375,46.932,500,0
179.639,t2_squeezenet,22893.647,46.579,500,0
179.683,t2_squeezenet,22891.907,44.414,499,0
179.727,t2_squeezenet,22924.918,43.689,500,0
179.772,t2_squeezenet,22905.421,44.811,500,0
179.820,t2_squeezenet,22907.357,48.368,500,0
179.869,t2_squeezenet,22926.636,48.586,500,0
179.912,t2_squeezenet,22902.927,42.623,499,0
179.958,t2_squeezenet,22914.120,46.271,500,0
180.006,t2_squeezenet,22917.294,47.986,500,0
180.053,t2_squeezenet,22910.391,47.317,500,0
180.097,t2_squeezenet,22888.831,43.358,500,0
180.141,t2_squeezenet,22908.670,44.385,500,0
180.187,t2_squeezenet,22913.074,46.030,500,0
180.235,t2_squeezenet,22900.821,47.629,500,0
180.279,t2_squeezenet,22923.795,43.844,500,0
180.323,t2_squeezenet,22916.873,43.626,500,0
180.371,t2_squeezenet,22925.019,48.355,500,0
180.420,t2_squeezenet,22917.153,48.506,500,0
180.464,t2_squeezenet,22876.569,44.513,500,0
180.510,t2_squeezenet,22921.060,45.523,500,0
180.554,t2_squeezenet,22926.485,44.031,499,0
180.600,t2_squeezenet,22887.931,46.198,499,0
180.648,t2_squeezenet,22927.367,48.020,498,0
180.690,t2_squeezenet,22919.224,42.294,497,0
180.734,t2_squeezenet,22922.033,43.370,496,0
180.782,t2_squeezenet,22910.270,48.142,499,0
180.830,t2_squeezenet,22923.256,47.673,498,0
180.874,t2_squeezenet,22882.433,44.009,500,0
180.919,t2_squeezenet,22896.618,44.627,500,0
180.965,t2_squeezenet,22903.272,45.973,500,0
181.014,t2_squeezenet,22922.755,49.302,500,0
181.058,t2_squeezenet,22904.245,43.872,500,0
181.100,t2_squeezenet,22910.752,41.789,499,0
181.147,t2_squeezenet,22739.130,47.000,499,0
181.193,t2_squeezenet,22777.766,46.156,498,0
181.237,t2_squeezenet,22805.271,44.211,498,0
181.282,t2_squeezenet,22830.710,45.179,498,0
181.328,t2_squeezenet,22823.947,45.709,498,0
181.376,t2_squeezenet,22870.224,47.676,498,0
181.424,t2_squeezenet,22900.506,47.735,499,0
181.466,t2_squeezenet,22870.342,42.816,500,0
181.510,t2_squeezenet,22898.552,43.358,500,0
181.560,t2_squeezenet,22913.993,49.701,500,0
181.606,t2_squeezenet,22923.052,46.284,500,0
181.648,t2_squeezenet,22895.832,42.147,499,0
181.694,t2_squeezenet,22876.812,45.338,499,0
181.739,t2_squeezenet,22869.259,44.909,500,0
181.788,t2_squeezenet,22869.346,49.165,500,0
181.833,t2_squeezenet,22888.953,44.981,500,0
181.876,t2_squeezenet,22908.968,42.902,499,0
181.922,t2_squeezenet,22899.415,46.326,500,0
181.971,t2_squeezenet,22911.674,49.071,500,0
182.015,t2_squeezenet,22909.714,43.905,500,0
182.077,t2_squeezenet,22938.370,61.405,500,0
182.139,t2_squeezenet,22880.449,62.165,500,0
182.187,t2_squeezenet,22892.203,48.134,500,0
182.234,t2_squeezenet,22928.389,46.788,500,0
182.277,t2_squeezenet,22948.455,42.757,500,0
182.322,t2_squeezenet,22942.630,45.449,500,0
182.371,t2_squeezenet,22934.616,48.820,500,0
182.419,t2_squeezenet,22899.525,47.310,500,0
182.463,t2_squeezenet,22897.310,43.751,500,0
182.509,t2_squeezenet,22930.900,46.198,500,0
182.554,t2_squeezenet,22932.930,45.690,499,0
182.603,t2_squeezenet,22907.743,48.674,499,0
182.648,t2_squeezenet,22875.365,44.574,500,0
182.690,t2_squeezenet,22871.543,42.138,499,0
182.736,t2_squeezenet,22915.812,45.783,500,0
182.785,t2_squeezenet,22948.941,49.220,500,0
182.829,t2_squeezenet,22930.771,43.646,500,0
182.875,t2_squeezenet,22958.119,46.038,500,0
182.920,t2_squeezenet,22956.723,45.242,499,0
182.968,t2_squeezenet,22951.659,47.679,500,0
183.017,t2_squeezenet,22937.552,48.561,500,0
183.060,t2_squeezenet,22885.364,43.197,500,0
183.104,t2_squeezenet,22925.962,44.070,499,0
183.154,t2_squeezenet,22938.965,50.008,500,0
183.200,t2_squeezenet,22921.409,45.354,499,0
183.243,t2_squeezenet,22911.972,43.576,499,0
183.287,t2_squeezenet,22933.282,43.463,499,0
183.333,t2_squeezenet,22907.701,46.135,499,0
183.382,t2_squeezenet,22955.622,49.111,498,0
183.427,t2_squeezenet,22954.514,44.659,498,0
183.471,t2_squeezenet,22925.657,44.070,498,0
183.519,t2_squeezenet,22928.186,47.594,500,0
183.568,t2_squeezenet,22958.913,49.258,500,0
183.611,t2_squeezenet,22951.961,43.331,500,0
183.656,t2_squeezenet,22906.843,45.050,500,0
183.701,t2_squeezenet,22935.622,44.296,500,0
183.749,t2_squeezenet,22952.569,48.107,500,0
183.794,t2_squeezenet,22959.317,45.382,500,0
183.838,t2_squeezenet,22956.156,43.595,500,0
183.882,t2_squeezenet,22929.279,43.988,500,0
183.933,t2_squeezenet,22903.842,51.243,500,0
183.979,t2_squeezenet,22944.574,46.091,500,0
184.024,t2_squeezenet,22954.794,44.458,499,0
184.071,t2_squeezenet,22961.136,46.576,500,0
184.117,t2_squeezenet,22949.914,46.767,500,0
184.165,t2_squeezenet,22935.366,47.480,500,0
184.208,t2_squeezenet,22899.273,42.862,499,0
184.251,t2_squeezenet,22919.641,43.256,499,0
184.299,t2_squeezenet,22869.874,47.771,500,0
184.346,t2_squeezenet,22881.262,46.685,500,0
184.389,t2_squeezenet,22903.043,43.121,500,0
184.434,t2_squeezenet,22925.931,45.098,500,0
184.481,t2_squeezenet,22956.682,46.564,500,0
184.530,t2_squeezenet,22938.629,48.972,500,0
184.576,t2_squeezenet,22938.237,46.660,500,0
184.620,t2_squeezenet,22870.916,43.333,500,0
184.664,t2_squeezenet,22877.289,44.093,500,0
184.713,t2_squeezenet,22920.955,48.663,500,0
184.758,t2_squeezenet,22849.392,44.977,500,0
184.799,t2_squeezenet,22828.510,41.570,499,0
184.848,t2_squeezenet,22855.639,48.431,500,0
184.895,t2_squeezenet,22875.992,46.926,500,0
184.942,t2_squeezenet,22913.109,47.196,499,0
184.986,t2_squeezenet,22846.733,43.677,499,0
185.027,t2_squeezenet,22861.855,41.430,499,0
