t_s,tenant,latency_ms,service_ms,qdepth,warmup
0.106,t0_mnv2,62.059,58.916,3,1
0.153,t0_mnv2,74.615,46.788,5,1
0.205,t0_mnv2,105.548,51.320,4,1
0.255,t0_mnv2,155.303,50.411,5,1
0.306,t0_mnv2,182.152,50.656,5,1
0.356,t0_mnv2,225.461,50.387,5,1
0.404,t0_mnv2,259.514,47.940,6,1
0.458,t0_mnv2,249.318,53.820,6,1
0.508,t0_mnv2,255.160,49.561,6,1
0.554,t0_mnv2,279.388,46.151,6,1
0.605,t0_mnv2,260.622,50.749,5,1
0.656,t0_mnv2,295.973,51.030,5,1
0.699,t0_mnv2,315.439,43.116,8,1
0.740,t0_mnv2,286.173,41.071,7,1
0.780,t0_mnv2,276.512,39.976,6,1
0.821,t0_mnv2,285.020,41.336,6,1
0.862,t0_mnv2,232.445,40.740,5,1
0.902,t0_mnv2,245.725,40.031,6,1
0.941,t0_mnv2,264.919,39.226,7,1
0.982,t0_mnv2,298.045,40.966,8,1
1.022,t0_mnv2,325.514,39.777,8,1
1.062,t0_mnv2,244.864,39.863,11,1
1.103,t0_mnv2,236.483,41.301,11,1
1.144,t0_mnv2,265.918,40.232,12,1
1.184,t0_mnv2,260.826,40.572,13,1
1.232,t0_mnv2,307.438,47.287,12,1
1.279,t0_mnv2,310.144,47.352,12,1
1.327,t0_mnv2,353.976,48.419,11,1
1.381,t0_mnv2,377.709,53.556,11,1
1.430,t0_mnv2,384.207,48.798,13,1
1.478,t0_mnv2,431.030,47.890,12,1
1.527,t0_mnv2,475.146,49.572,13,1
1.580,t0_mnv2,523.846,52.308,14,1
1.638,t0_mnv2,568.178,58.415,15,1
1.704,t0_mnv2,588.179,65.915,16,1
1.780,t0_mnv2,644.628,76.147,20,1
1.844,t0_mnv2,676.645,63.483,19,1
1.907,t0_mnv2,723.954,63.134,19,1
1.960,t0_mnv2,684.399,52.436,21,1
2.009,t0_mnv2,631.104,49.412,24,1
2.062,t0_mnv2,661.291,52.979,23,1
2.109,t0_mnv2,693.730,46.953,24,1
2.159,t0_mnv2,737.641,50.086,25,1
2.208,t0_mnv2,722.253,49.001,24,1
2.260,t0_mnv2,748.690,52.081,24,1
2.309,t0_mnv2,753.826,48.290,23,1
2.358,t0_mnv2,792.164,49.476,24,1
2.409,t0_mnv2,824.375,51.128,24,1
2.460,t0_mnv2,824.948,50.573,25,1
2.506,t0_mnv2,823.311,46.061,25,1
2.556,t0_mnv2,864.802,50.174,25,1
2.605,t0_mnv2,899.649,49.106,24,1
2.658,t0_mnv2,940.721,52.644,23,1
2.705,t0_mnv2,984.252,47.275,23,1
2.753,t0_mnv2,1008.043,47.604,23,1
2.806,t0_mnv2,1045.325,53.001,23,1
2.856,t0_mnv2,962.425,50.109,22,1
2.904,t0_mnv2,994.004,47.552,22,1
2.956,t0_mnv2,1026.433,52.038,22,1
3.007,t0_mnv2,1074.065,50.760,24,1
3.058,t0_mnv2,1089.737,51.307,24,1
3.105,t0_mnv2,1122.103,46.874,23,1
3.152,t0_mnv2,1161.639,47.295,22,1
3.206,t0_mnv2,1208.655,53.902,22,1
3.255,t0_mnv2,1186.194,48.864,21,1
3.303,t0_mnv2,1213.869,47.828,22,1
3.352,t0_mnv2,1242.765,49.521,22,1
3.404,t0_mnv2,1267.188,51.215,22,1
3.455,t0_mnv2,1222.598,51.211,21,1
3.503,t0_mnv2,1169.631,48.291,22,1
3.553,t0_mnv2,1216.695,49.609,22,1
3.605,t0_mnv2,1225.956,51.937,22,1
3.653,t0_mnv2,1207.604,48.518,26,1
3.701,t0_mnv2,1249.815,47.731,25,1
3.751,t0_mnv2,1278.692,49.631,25,1
3.803,t0_mnv2,1262.051,51.866,27,1
3.845,t0_mnv2,1158.066,42.387,26,1
3.885,t0_mnv2,1160.463,39.786,26,1
3.925,t0_mnv2,1155.616,40.360,26,1
3.969,t0_mnv2,1089.355,43.080,26,1
4.008,t0_mnv2,1101.430,39.460,26,1
4.047,t0_mnv2,1085.588,39.241,26,1
4.089,t0_mnv2,1115.556,41.230,26,1
4.134,t0_mnv2,1128.240,45.197,26,1
4.181,t0_mnv2,1123.101,46.714,26,1
4.232,t0_mnv2,1046.844,51.724,25,1
4.283,t0_mnv2,1021.671,51.068,25,1
4.334,t0_mnv2,1056.255,50.519,25,1
4.383,t0_mnv2,1079.344,48.716,25,1
4.433,t0_mnv2,1075.613,49.948,25,1
4.486,t0_mnv2,1008.986,53.762,26,1
4.534,t0_mnv2,1037.870,47.653,27,1
4.583,t0_mnv2,1058.388,48.792,29,1
4.633,t0_mnv2,1043.216,49.505,29,1
4.685,t0_mnv2,1078.974,52.244,31,1
4.734,t0_mnv2,1103.766,49.663,32,1
4.782,t0_mnv2,1150.705,47.610,31,1
4.831,t0_mnv2,1199.900,49.286,31,1
4.886,t0_mnv2,1250.387,54.705,30,1
4.936,t0_mnv2,1228.485,49.453,30,1
4.985,t0_mnv2,1230.076,49.081,30,1
5.035,t0_mnv2,1279.860,50.427,30,1
5.087,t0_mnv2,1295.319,51.449,32,1
5.136,t0_mnv2,1290.016,49.623,33,1
5.184,t0_mnv2,1289.166,47.461,33,1
5.236,t0_mnv2,1271.378,52.365,34,1
5.288,t0_mnv2,1296.126,51.726,35,1
5.334,t0_mnv2,1325.786,46.195,34,1
5.385,t0_mnv2,1322.007,50.908,34,1
5.437,t0_mnv2,1310.967,51.323,33,1
5.488,t0_mnv2,1346.656,51.702,34,1
5.536,t0_mnv2,1296.563,47.810,34,1
5.584,t0_mnv2,1278.382,47.763,34,1
5.638,t0_mnv2,1296.438,54.113,34,1
5.688,t0_mnv2,1262.006,49.477,35,1
5.734,t0_mnv2,1278.329,46.572,35,1
5.786,t0_mnv2,1305.041,51.965,36,1
5.837,t0_mnv2,1337.357,51.111,36,1
5.887,t0_mnv2,1370.540,49.786,38,1
5.936,t0_mnv2,1397.987,49.161,41,1
5.987,t0_mnv2,1444.345,50.711,43,1
6.042,t0_mnv2,1459.054,54.518,45,1
6.089,t0_mnv2,1486.780,47.213,45,1
6.138,t0_mnv2,1495.981,49.048,45,1
6.189,t0_mnv2,1510.938,50.386,46,1
6.240,t0_mnv2,1560.473,51.748,47,1
6.290,t0_mnv2,1588.856,49.896,48,1
6.339,t0_mnv2,1631.790,48.330,47,1
6.388,t0_mnv2,1587.600,49.299,49,1
6.443,t0_mnv2,1510.230,54.658,51,1
6.491,t0_mnv2,1515.976,48.375,51,1
6.539,t0_mnv2,1526.947,48.288,50,1
6.591,t0_mnv2,1555.525,51.426,50,1
6.642,t0_mnv2,1592.526,50.570,52,1
6.689,t0_mnv2,1635.204,47.766,52,1
6.737,t0_mnv2,1647.208,47.582,51,1
6.789,t0_mnv2,1671.000,51.937,51,1
6.841,t0_mnv2,1698.348,51.938,51,1
6.887,t0_mnv2,1684.946,46.559,50,1
6.939,t0_mnv2,1705.590,51.331,49,1
6.990,t0_mnv2,1752.337,51.443,49,1
7.042,t0_mnv2,1757.905,51.932,48,1
7.091,t0_mnv2,1715.851,48.644,50,1
7.139,t0_mnv2,1690.629,48.382,50,1
7.193,t0_mnv2,1709.166,53.793,50,1
7.242,t0_mnv2,1734.533,49.072,50,1
7.289,t0_mnv2,1716.177,46.660,52,1
7.340,t0_mnv2,1745.054,51.257,51,1
7.392,t0_mnv2,1752.447,51.245,51,1
7.441,t0_mnv2,1785.769,49.745,52,1
7.490,t0_mnv2,1774.431,48.430,52,1
7.540,t0_mnv2,1773.934,49.681,53,1
7.596,t0_mnv2,1814.574,56.289,53,1
7.643,t0_mnv2,1854.543,46.664,54,1
7.691,t0_mnv2,1827.442,48.876,54,1
7.742,t0_mnv2,1866.468,50.850,53,1
7.794,t0_mnv2,1907.258,51.104,52,1
7.844,t0_mnv2,1937.002,50.902,53,1
7.893,t0_mnv2,1977.828,48.440,53,1
7.943,t0_mnv2,2019.815,50.448,54,1
7.998,t0_mnv2,2067.453,54.122,56,1
8.045,t0_mnv2,2102.413,47.059,56,1
8.096,t0_mnv2,2150.297,50.869,59,1
8.148,t0_mnv2,2163.519,52.143,61,1
8.197,t0_mnv2,2187.047,49.203,60,1
8.247,t0_mnv2,2230.235,50.192,60,1
8.296,t0_mnv2,2259.063,48.329,60,1
8.348,t0_mnv2,2297.360,51.841,61,1
8.398,t0_mnv2,2292.306,50.299,61,1
8.444,t0_mnv2,2289.489,46.367,62,1
8.495,t0_mnv2,2333.330,50.937,61,1
8.547,t0_mnv2,2320.680,51.317,60,1
8.597,t0_mnv2,2362.464,50.485,60,1
8.647,t0_mnv2,2376.361,50.218,61,1
8.696,t0_mnv2,2410.842,48.777,61,1
8.750,t0_mnv2,2396.217,53.634,63,1
8.799,t0_mnv2,2441.953,49.271,65,1
8.846,t0_mnv2,2478.053,46.915,66,1
8.897,t0_mnv2,2498.230,51.248,65,1
8.950,t0_mnv2,2536.802,52.590,65,1
8.999,t0_mnv2,2558.411,48.463,67,1
9.048,t0_mnv2,2557.333,49.165,67,1
9.100,t0_mnv2,2544.432,52.044,68,1
9.153,t0_mnv2,2540.124,53.016,68,1
9.199,t0_mnv2,2575.148,46.596,68,1
9.249,t0_mnv2,2616.537,49.406,69,1
9.299,t0_mnv2,2649.461,50.127,69,1
9.350,t0_mnv2,2582.449,51.294,69,1
9.400,t0_mnv2,2559.349,49.287,69,1
9.448,t0_mnv2,2474.196,48.247,70,1
9.499,t0_mnv2,2429.340,50.486,72,1
9.552,t0_mnv2,2479.211,53.638,74,1
9.601,t0_mnv2,2511.019,48.697,75,1
9.651,t0_mnv2,2525.643,49.925,77,1
9.703,t0_mnv2,2523.851,52.160,77,1
9.752,t0_mnv2,2546.302,48.811,77,1
9.801,t0_mnv2,2554.036,49.260,77,1
9.849,t0_mnv2,2593.837,47.808,78,1
9.903,t0_mnv2,2614.557,53.371,79,1
9.953,t0_mnv2,2603.977,50.496,84,1
10.000,t0_mnv2,2579.046,46.524,85,1
10.051,t0_mnv2,2611.401,51.078,85,1
10.104,t0_mnv2,2659.159,52.897,87,1
10.154,t0_mnv2,2637.489,50.156,88,1
10.203,t0_mnv2,2681.821,48.551,90,1
10.252,t0_mnv2,2702.390,48.964,89,1
10.306,t0_mnv2,2678.144,54.718,89,1
10.353,t0_mnv2,2719.987,47.015,90,1
10.401,t0_mnv2,2726.813,47.395,91,1
10.453,t0_mnv2,2641.398,52.543,91,1
10.505,t0_mnv2,2675.305,51.142,94,1
10.553,t0_mnv2,2696.455,48.188,95,1
10.603,t0_mnv2,2707.720,50.297,94,1
10.654,t0_mnv2,2728.384,51.024,94,1
10.708,t0_mnv2,2741.744,53.894,94,1
10.755,t0_mnv2,2779.038,46.705,96,1
10.804,t0_mnv2,2816.922,49.305,95,1
10.856,t0_mnv2,2820.606,51.553,98,1
10.905,t0_mnv2,2824.095,49.018,98,1
10.953,t0_mnv2,2870.764,48.180,97,1
11.002,t0_mnv2,2906.725,48.352,97,1
11.052,t0_mnv2,2957.075,50.801,96,1
11.105,t0_mnv2,3008.058,52.284,95,1
11.151,t0_mnv2,3043.503,46.536,94,1
11.202,t0_mnv2,3085.027,51.008,94,1
11.256,t0_mnv2,3022.550,53.875,94,1
11.304,t0_mnv2,3009.845,47.891,94,1
11.353,t0_mnv2,3053.713,48.501,96,1
11.402,t0_mnv2,3063.093,48.811,95,1
11.455,t0_mnv2,3067.863,53.110,96,1
11.505,t0_mnv2,3093.190,50.191,96,1
11.552,t0_mnv2,3130.522,46.557,96,1
11.604,t0_mnv2,3013.055,51.937,98,1
11.656,t0_mnv2,3025.569,51.877,102,1
11.704,t0_mnv2,3061.129,47.913,101,1
11.753,t0_mnv2,3090.487,49.098,102,1
11.802,t0_mnv2,3104.484,49.352,102,1
11.857,t0_mnv2,3129.995,54.649,102,1
11.905,t0_mnv2,3160.159,48.146,101,1
11.953,t0_mnv2,3197.119,47.437,102,1
12.005,t0_mnv2,3236.535,52.780,104,1
12.056,t0_mnv2,3279.629,50.322,103,1
12.104,t0_mnv2,3282.613,48.361,103,1
12.153,t0_mnv2,3329.679,48.629,104,1
12.204,t0_mnv2,3260.269,50.662,105,1
12.255,t0_mnv2,3300.702,51.933,105,1
12.302,t0_mnv2,3340.974,46.564,106,1
12.351,t0_mnv2,3368.275,49.175,107,1
12.403,t0_mnv2,3361.701,52.169,109,1
12.452,t0_mnv2,3379.381,48.658,109,1
12.503,t0_mnv2,3416.900,50.683,110,1
12.554,t0_mnv2,3425.792,50.795,110,1
12.605,t0_mnv2,3444.108,51.160,111,1
12.656,t0_mnv2,3434.073,50.764,111,1
12.703,t0_mnv2,3475.890,47.081,110,1
12.753,t0_mnv2,3487.585,50.141,113,1
12.806,t0_mnv2,3470.758,52.671,113,1
12.853,t0_mnv2,3486.750,47.060,112,1
12.903,t0_mnv2,3488.051,50.390,111,1
12.953,t0_mnv2,3526.773,49.593,111,1
13.005,t0_mnv2,3521.316,52.474,110,1
13.053,t0_mnv2,3556.936,48.017,111,1
13.104,t0_mnv2,3605.873,50.331,111,1
13.155,t0_mnv2,3655.964,50.782,112,1
13.206,t0_mnv2,3683.025,51.319,113,1
13.252,t0_mnv2,3707.908,45.976,113,1
13.302,t0_mnv2,3711.062,50.225,112,1
13.353,t0_mnv2,3752.775,50.486,112,1
13.404,t0_mnv2,3801.369,50.925,112,1
13.451,t0_mnv2,3839.882,47.573,116,1
13.499,t0_mnv2,3873.338,47.651,116,1
13.552,t0_mnv2,3861.842,52.454,117,1
13.602,t0_mnv2,3881.194,50.074,118,1
13.649,t0_mnv2,3882.726,47.318,122,1
13.700,t0_mnv2,3897.951,50.670,122,1
13.752,t0_mnv2,3941.313,52.361,122,1
13.802,t0_mnv2,3921.993,50.269,123,1
13.850,t0_mnv2,3950.173,47.273,122,1
13.898,t0_mnv2,3989.415,48.172,122,1
13.952,t0_mnv2,4041.377,53.783,123,1
14.001,t0_mnv2,4071.893,48.691,124,1
14.048,t0_mnv2,4115.760,47.174,123,1
14.098,t0_mnv2,4161.186,50.111,124,1
14.149,t0_mnv2,4196.337,51.208,124,1
14.199,t0_mnv2,4235.676,50.053,124,1
14.247,t0_mnv2,4282.071,47.603,123,1
14.295,t0_mnv2,4258.107,48.521,125,1
14.350,t0_mnv2,4287.734,54.622,126,1
14.399,t0_mnv2,4322.459,48.888,128,1
14.447,t0_mnv2,4350.846,47.910,128,1
14.497,t0_mnv2,4375.190,50.272,129,1
14.550,t0_mnv2,4423.545,52.179,128,1
14.598,t0_mnv2,4438.432,48.746,129,1
14.646,t0_mnv2,4478.285,47.369,128,1
14.695,t0_mnv2,4494.056,49.506,129,1
14.749,t0_mnv2,4487.747,53.669,130,1
14.796,t0_mnv2,4461.826,47.359,129,1
14.846,t0_mnv2,4501.248,49.508,129,1
14.897,t0_mnv2,4516.195,51.066,132,1
14.949,t0_mnv2,4566.994,51.622,132,1
14.998,t0_mnv2,4552.186,49.697,131,1
15.047,t0_mnv2,4591.334,48.292,130,1
15.099,t0_mnv2,4627.494,52.216,129,1
15.150,t0_mnv2,4664.885,50.575,129,1
15.195,t0_mnv2,4693.988,45.867,129,1
15.246,t0_mnv2,4737.519,50.301,128,1
15.296,t0_mnv2,4761.212,49.906,127,1
15.345,t0_mnv2,4701.225,49.465,127,1
15.395,t0_mnv2,4697.456,49.291,128,1
15.443,t0_mnv2,4732.143,48.527,129,1
15.496,t0_mnv2,4774.239,52.719,130,1
15.546,t0_mnv2,4801.458,49.988,132,1
15.595,t0_mnv2,4787.198,49.148,132,1
15.646,t0_mnv2,4803.782,50.800,132,1
15.697,t0_mnv2,4851.490,51.204,133,1
15.746,t0_mnv2,4894.186,48.921,133,1
15.794,t0_mnv2,4892.703,48.183,135,1
15.843,t0_mnv2,4874.372,48.535,136,1
15.897,t0_mnv2,4716.046,54.021,137,1
15.945,t0_mnv2,4737.427,48.179,136,1
15.992,t0_mnv2,4734.143,46.962,135,1
16.044,t0_mnv2,4736.553,51.692,134,1
16.096,t0_mnv2,4785.884,52.125,134,1
16.145,t0_mnv2,4807.777,49.060,134,1
16.196,t0_mnv2,4788.633,50.595,134,1
16.246,t0_mnv2,4792.015,49.913,135,1
16.299,t0_mnv2,4810.874,53.523,135,1
16.347,t0_mnv2,4804.062,47.414,136,1
16.396,t0_mnv2,4822.052,48.869,135,1
16.446,t0_mnv2,4860.110,49.998,136,1
16.497,t0_mnv2,4893.851,51.064,136,1
16.545,t0_mnv2,4936.050,47.911,137,1
16.594,t0_mnv2,4983.565,49.177,138,1
16.645,t0_mnv2,5033.456,50.425,137,1
16.699,t0_mnv2,5081.155,54.708,139,1
16.747,t0_mnv2,5116.975,47.919,139,1
16.797,t0_mnv2,5073.770,49.400,139,1
16.848,t0_mnv2,5115.676,51.157,138,1
16.897,t0_mnv2,5106.318,49.464,140,1
16.947,t0_mnv2,5118.253,49.794,143,1
16.995,t0_mnv2,5068.644,47.914,144,1
17.048,t0_mnv2,5112.766,52.477,145,1
17.099,t0_mnv2,5120.624,50.913,144,1
17.145,t0_mnv2,5163.588,46.733,146,1
17.196,t0_mnv2,5209.871,50.780,147,1
17.250,t0_mnv2,5175.368,53.981,147,1
17.299,t0_mnv2,5165.255,48.716,148,1
17.349,t0_mnv2,5213.304,49.854,147,1
17.398,t0_mnv2,5244.811,49.121,147,1
17.452,t0_mnv2,5296.242,53.558,147,1
17.500,t0_mnv2,5257.107,48.410,148,1
17.548,t0_mnv2,5287.870,47.520,147,1
17.600,t0_mnv2,5338.974,52.297,149,1
17.651,t0_mnv2,5315.423,51.226,148,1
17.698,t0_mnv2,5348.507,46.985,148,1
17.751,t0_mnv2,5399.848,53.030,148,1
17.801,t0_mnv2,5425.540,49.916,147,1
17.854,t0_mnv2,5465.369,52.330,147,1
17.901,t0_mnv2,5481.632,47.281,148,1
17.949,t0_mnv2,5478.945,48.131,149,1
18.003,t0_mnv2,5506.660,53.488,151,1
18.053,t0_mnv2,5539.697,50.450,155,1
18.100,t0_mnv2,5536.324,47.325,155,1
18.151,t0_mnv2,5550.483,50.098,155,1
18.201,t0_mnv2,5590.477,50.430,157,1
18.253,t0_mnv2,5531.550,51.978,159,1
18.301,t0_mnv2,5575.353,47.440,161,1
18.350,t0_mnv2,5613.415,49.179,162,1
18.405,t0_mnv2,5667.106,55.117,164,1
18.453,t0_mnv2,5699.359,47.920,164,1
18.502,t0_mnv2,5556.532,48.692,167,1
18.551,t0_mnv2,5507.618,49.372,167,1
18.602,t0_mnv2,5553.630,51.414,168,1
18.653,t0_mnv2,5575.533,50.652,169,1
18.700,t0_mnv2,5576.609,46.877,168,1
18.750,t0_mnv2,5596.879,49.565,169,1
18.803,t0_mnv2,5626.586,53.501,169,1
18.853,t0_mnv2,5659.197,50.078,169,1
18.904,t0_mnv2,5668.784,50.257,169,1
18.953,t0_mnv2,5635.893,49.247,170,1
19.006,t0_mnv2,5623.393,52.926,169,1
19.056,t0_mnv2,5651.211,49.589,170,1
19.103,t0_mnv2,5685.753,47.230,169,1
19.154,t0_mnv2,5733.004,51.430,168,1
19.206,t0_mnv2,5780.265,51.941,169,1
19.253,t0_mnv2,5820.388,46.295,170,1
19.304,t0_mnv2,5840.006,51.105,169,1
19.355,t0_mnv2,5816.149,51.457,170,1
19.407,t0_mnv2,5857.312,52.141,170,1
19.455,t0_mnv2,5875.331,47.769,170,1
19.504,t0_mnv2,5921.230,48.390,169,1
19.557,t0_mnv2,5937.452,52.978,169,1
19.608,t0_mnv2,5976.928,51.280,171,1
19.654,t0_mnv2,6016.696,46.390,171,1
19.706,t0_mnv2,6064.581,51.969,173,1
19.757,t0_mnv2,6109.802,50.483,172,1
19.808,t0_mnv2,6152.846,51.481,175,1
19.858,t0_mnv2,6138.660,49.807,176,1
19.906,t0_mnv2,6142.704,48.050,176,1
19.962,t0_mnv2,6180.591,55.200,178,1
20.011,t0_mnv2,6154.077,49.177,180,0
20.057,t0_mnv2,6148.999,46.510,180,0
20.109,t0_mnv2,6175.530,52.071,180,0
20.161,t0_mnv2,6185.012,51.930,179,0
20.212,t0_mnv2,6215.535,50.321,179,0
20.260,t0_mnv2,6173.083,48.545,178,0
20.310,t0_mnv2,6219.527,49.704,178,0
20.367,t0_mnv2,6249.314,56.446,177,0
20.414,t0_mnv2,6223.169,46.908,178,0
20.463,t0_mnv2,6208.958,49.081,177,0
20.513,t0_mnv2,6237.425,50.793,177,0
20.565,t0_mnv2,6273.797,51.522,176,0
20.615,t0_mnv2,6302.884,49.831,176,0
20.663,t0_mnv2,6313.425,48.481,177,0
20.714,t0_mnv2,6363.378,50.554,176,0
20.768,t0_mnv2,6399.647,54.083,180,0
20.816,t0_mnv2,6438.088,47.366,179,0
20.865,t0_mnv2,6455.109,49.198,179,0
20.918,t0_mnv2,6436.292,52.784,179,0
20.968,t0_mnv2,6485.245,50.050,182,0
21.017,t0_mnv2,6460.283,49.505,182,0
21.066,t0_mnv2,6502.892,48.525,183,0
21.118,t0_mnv2,6462.324,52.187,183,0
21.169,t0_mnv2,6495.468,50.908,183,0
21.216,t0_mnv2,6507.839,46.392,182,0
21.269,t0_mnv2,6548.282,53.048,185,0
21.321,t0_mnv2,6486.303,52.713,188,0
21.371,t0_mnv2,6518.803,49.598,190,0
21.419,t0_mnv2,6553.221,47.585,191,0
21.467,t0_mnv2,6595.890,48.784,191,0
21.520,t0_mnv2,6630.191,52.775,191,0
21.569,t0_mnv2,6666.624,48.889,191,0
21.616,t0_mnv2,6480.956,46.731,191,0
21.667,t0_mnv2,6482.032,51.204,192,0
21.719,t0_mnv2,6382.269,51.864,192,0
21.769,t0_mnv2,6416.513,49.830,193,0
21.819,t0_mnv2,6456.848,49.576,193,0
21.867,t0_mnv2,6450.169,48.569,194,0
21.923,t0_mnv2,6481.048,55.957,194,0
21.971,t0_mnv2,6503.520,47.798,195,0
22.019,t0_mnv2,6529.366,48.065,194,0
22.071,t0_mnv2,6544.181,51.589,194,0
22.122,t0_mnv2,6594.540,50.765,194,0
22.171,t0_mnv2,6638.831,49.189,194,0
22.220,t0_mnv2,6651.867,49.057,193,0
22.271,t0_mnv2,6636.319,50.707,193,0
22.325,t0_mnv2,6641.456,54.460,193,0
22.371,t0_mnv2,6674.567,46.142,194,0
22.420,t0_mnv2,6677.864,48.943,193,0
22.471,t0_mnv2,6708.861,51.007,193,0
22.521,t0_mnv2,6736.800,49.799,193,0
22.570,t0_mnv2,6784.660,48.597,196,0
22.619,t0_mnv2,6783.816,48.786,195,0
22.670,t0_mnv2,6828.038,51.213,194,0
22.721,t0_mnv2,6842.975,51.413,193,0
22.769,t0_mnv2,6885.750,47.262,192,0
22.819,t0_mnv2,6736.299,50.788,191,0
22.871,t0_mnv2,6774.062,51.784,191,0
22.920,t0_mnv2,6764.623,48.412,190,0
22.970,t0_mnv2,6766.310,50.148,193,0
23.018,t0_mnv2,6805.154,47.667,193,0
23.071,t0_mnv2,6824.409,53.370,194,0
23.121,t0_mnv2,6805.200,50.096,194,0
23.168,t0_mnv2,6829.275,46.733,195,0
23.218,t0_mnv2,6811.046,50.353,194,0
23.271,t0_mnv2,6841.037,52.178,196,0
23.320,t0_mnv2,6856.207,49.431,197,0
23.370,t0_mnv2,6861.795,50.148,196,0
23.419,t0_mnv2,6882.304,48.418,197,0
23.473,t0_mnv2,6909.360,54.020,198,0
23.521,t0_mnv2,6937.204,47.937,199,0
23.567,t0_mnv2,6909.188,46.529,199,0
23.620,t0_mnv2,6960.614,52.588,201,0
23.672,t0_mnv2,6985.861,51.803,201,0
23.720,t0_mnv2,7019.663,47.750,201,0
23.770,t0_mnv2,6978.348,49.996,203,0
23.821,t0_mnv2,6970.865,50.993,207,0
23.875,t0_mnv2,7015.305,54.454,207,0
23.923,t0_mnv2,7047.844,48.260,206,0
23.971,t0_mnv2,7067.586,47.580,206,0
24.023,t0_mnv2,7108.199,51.537,205,0
24.074,t0_mnv2,7156.001,50.984,204,0
24.120,t0_mnv2,7175.734,46.547,203,0
24.170,t0_mnv2,7208.630,49.613,205,0
24.220,t0_mnv2,7255.502,49.991,205,0
24.273,t0_mnv2,7262.532,52.774,206,0
24.320,t0_mnv2,7298.968,47.338,207,0
24.369,t0_mnv2,7254.121,48.621,207,0
24.424,t0_mnv2,7292.056,55.339,206,0
24.473,t0_mnv2,7336.245,49.250,207,0
24.521,t0_mnv2,7352.560,47.740,206,0
24.571,t0_mnv2,7399.290,50.025,205,0
24.622,t0_mnv2,7413.112,50.767,206,0
24.674,t0_mnv2,7417.639,51.534,206,0
24.720,t0_mnv2,7446.884,46.599,206,0
24.768,t0_mnv2,7392.692,48.096,205,0
24.824,t0_mnv2,7397.141,55.126,205,0
24.873,t0_mnv2,7386.802,49.652,206,0
24.923,t0_mnv2,7423.534,49.859,208,0
24.973,t0_mnv2,7412.115,49.998,208,0
25.024,t0_mnv2,7458.698,50.602,207,0
25.074,t0_mnv2,7480.366,50.288,207,0
25.121,t0_mnv2,7450.505,46.455,206,0
25.170,t0_mnv2,7461.168,49.256,205,0
25.223,t0_mnv2,7370.226,52.641,207,0
25.271,t0_mnv2,7392.281,48.445,209,0
25.320,t0_mnv2,7427.000,48.998,210,0
25.370,t0_mnv2,7459.895,49.743,211,0
25.423,t0_mnv2,7509.284,52.901,211,0
25.474,t0_mnv2,7522.029,51.229,213,0
25.521,t0_mnv2,7566.432,46.413,212,0
25.571,t0_mnv2,7573.189,50.601,213,0
25.624,t0_mnv2,7611.651,52.581,214,0
25.671,t0_mnv2,7657.947,47.109,214,0
25.721,t0_mnv2,7703.516,50.273,214,0
25.771,t0_mnv2,7741.140,50.005,217,0
25.824,t0_mnv2,7784.780,52.610,216,0
25.872,t0_mnv2,7808.431,47.420,217,0
25.920,t0_mnv2,7789.974,48.804,217,0
25.975,t0_mnv2,7804.132,54.075,219,0
26.026,t0_mnv2,7846.151,50.926,219,0
26.071,t0_mnv2,7882.169,45.716,219,0
26.122,t0_mnv2,7908.018,50.662,221,0
26.172,t0_mnv2,7949.741,50.494,224,0
26.224,t0_mnv2,7974.223,51.417,224,0
26.271,t0_mnv2,8005.518,47.011,224,0
26.319,t0_mnv2,8024.327,48.116,223,0
26.372,t0_mnv2,8072.099,52.442,224,0
26.422,t0_mnv2,8101.629,50.168,225,0
26.469,t0_mnv2,8146.904,47.581,224,0
26.522,t0_mnv2,8168.077,52.474,224,0
26.573,t0_mnv2,8197.971,51.051,224,0
26.623,t0_mnv2,8233.061,49.815,223,0
26.671,t0_mnv2,8234.430,48.094,223,0
26.719,t0_mnv2,8264.604,48.389,223,0
26.774,t0_mnv2,8315.953,54.666,224,0
26.823,t0_mnv2,8334.191,48.560,224,0
26.871,t0_mnv2,8371.619,48.566,224,0
26.921,t0_mnv2,8371.364,49.926,223,0
26.974,t0_mnv2,8408.483,52.146,224,0
27.025,t0_mnv2,8433.003,51.535,223,0
27.073,t0_mnv2,8467.193,47.767,224,0
27.123,t0_mnv2,8474.462,49.630,225,0
27.178,t0_mnv2,8465.969,54.973,224,0
27.225,t0_mnv2,8483.452,47.059,225,0
27.273,t0_mnv2,8523.210,48.540,225,0
27.324,t0_mnv2,8517.845,50.279,225,0
27.375,t0_mnv2,8484.732,51.178,224,0
27.424,t0_mnv2,8515.402,49.228,223,0
27.473,t0_mnv2,8550.907,49.170,223,0
27.526,t0_mnv2,8506.587,52.538,225,0
27.577,t0_mnv2,8524.961,51.102,224,0
27.624,t0_mnv2,8443.992,46.665,225,0
27.674,t0_mnv2,8469.918,50.286,225,0
27.724,t0_mnv2,8512.332,50.189,224,0
27.775,t0_mnv2,8550.065,50.789,225,0
27.825,t0_mnv2,8516.677,49.948,227,0
27.873,t0_mnv2,8556.031,48.105,226,0
27.925,t0_mnv2,8522.391,51.796,228,0
27.977,t0_mnv2,8547.359,51.487,227,0
28.025,t0_mnv2,8482.720,48.068,226,0
28.075,t0_mnv2,8500.778,50.290,225,0
28.126,t0_mnv2,8547.592,51.126,226,0
28.177,t0_mnv2,8597.324,51.095,225,0
28.224,t0_mnv2,8595.989,47.040,225,0
28.273,t0_mnv2,8605.830,48.102,227,0
28.327,t0_mnv2,8653.610,54.274,226,0
28.376,t0_mnv2,8696.388,49.098,226,0
28.423,t0_mnv2,8647.806,47.195,226,0
28.475,t0_mnv2,8693.607,51.427,226,0
28.528,t0_mnv2,8734.792,52.747,226,0
28.578,t0_mnv2,8779.151,49.981,227,0
28.626,t0_mnv2,8776.292,48.689,228,0
28.675,t0_mnv2,8823.644,48.594,227,0
28.729,t0_mnv2,8846.975,54.403,227,0
28.777,t0_mnv2,8868.889,47.421,229,0
28.825,t0_mnv2,8913.701,48.258,230,0
28.876,t0_mnv2,8921.784,50.761,230,0
28.928,t0_mnv2,8963.578,51.577,231,0
28.978,t0_mnv2,9001.465,49.913,230,0
29.028,t0_mnv2,9026.779,50.095,229,0
29.078,t0_mnv2,9029.781,50.217,231,0
29.131,t0_mnv2,9059.286,53.446,236,0
29.178,t0_mnv2,8978.327,46.342,235,0
29.227,t0_mnv2,8918.509,49.142,234,0
29.278,t0_mnv2,8872.884,51.232,235,0
29.329,t0_mnv2,8921.560,50.458,236,0
29.378,t0_mnv2,8900.835,49.577,237,0
29.426,t0_mnv2,8818.885,47.416,237,0
29.477,t0_mnv2,8854.388,51.561,236,0
29.530,t0_mnv2,8877.368,52.207,239,0
29.576,t0_mnv2,8851.326,46.187,238,0
29.626,t0_mnv2,8892.812,50.212,237,0
29.678,t0_mnv2,8939.418,51.608,241,0
29.727,t0_mnv2,8973.601,48.891,240,0
29.777,t0_mnv2,9017.093,50.314,240,0
29.825,t0_mnv2,8988.029,47.987,239,0
29.879,t0_mnv2,8975.456,53.883,239,0
29.929,t0_mnv2,9003.113,49.874,239,0
29.976,t0_mnv2,9044.883,46.553,238,0
30.028,t0_mnv2,9086.239,52.325,238,0
30.079,t0_mnv2,9115.580,51.525,237,0
30.129,t0_mnv2,9147.888,49.685,237,0
30.178,t0_mnv2,9120.061,48.819,239,0
30.226,t0_mnv2,9164.824,48.361,239,0
30.280,t0_mnv2,9187.077,53.871,240,0
30.328,t0_mnv2,9181.793,47.763,240,0
30.375,t0_mnv2,9156.322,47.216,241,0
30.427,t0_mnv2,9195.973,51.853,242,0
30.480,t0_mnv2,9245.327,52.149,245,0
30.531,t0_mnv2,9279.548,51.293,245,0
30.580,t0_mnv2,9306.719,48.945,245,0
30.629,t0_mnv2,9353.321,49.293,244,0
30.684,t0_mnv2,9403.014,54.597,246,0
30.730,t0_mnv2,9438.320,46.087,246,0
30.779,t0_mnv2,9438.819,49.018,245,0
30.830,t0_mnv2,9482.600,51.142,245,0
30.881,t0_mnv2,9528.970,50.948,245,0
30.930,t0_mnv2,9529.661,48.475,247,0
30.979,t0_mnv2,9574.412,49.199,248,0
31.030,t0_mnv2,9572.010,50.683,248,0
31.085,t0_mnv2,9573.100,55.308,249,0
31.131,t0_mnv2,9567.224,45.680,249,0
31.180,t0_mnv2,9577.724,49.342,248,0
31.233,t0_mnv2,9588.129,52.405,250,0
31.282,t0_mnv2,9632.420,48.940,253,0
31.330,t0_mnv2,9632.835,48.823,254,0
31.379,t0_mnv2,9636.633,48.273,253,0
31.431,t0_mnv2,9674.347,51.851,253,0
31.482,t0_mnv2,9702.085,51.168,257,0
31.528,t0_mnv2,9687.993,46.254,256,0
31.580,t0_mnv2,9737.610,51.793,257,0
31.633,t0_mnv2,9763.777,53.490,256,0
31.681,t0_mnv2,9736.824,47.808,256,0
31.731,t0_mnv2,9773.692,50.103,256,0
31.780,t0_mnv2,9712.054,48.558,257,0
31.833,t0_mnv2,9738.164,52.547,259,0
31.883,t0_mnv2,9716.554,50.118,260,0
31.930,t0_mnv2,9701.419,47.190,260,0
31.981,t0_mnv2,9700.783,50.994,261,0
32.033,t0_mnv2,9675.230,52.160,263,0
32.081,t0_mnv2,9716.119,47.993,264,0
32.133,t0_mnv2,9685.379,52.049,265,0
32.182,t0_mnv2,9684.839,48.826,265,0
32.236,t0_mnv2,9705.883,53.726,266,0
32.285,t0_mnv2,9753.350,48.987,266,0
32.332,t0_mnv2,9796.149,46.966,268,0
32.384,t0_mnv2,9835.506,51.838,267,0
32.436,t0_mnv2,9599.830,51.623,268,0
32.484,t0_mnv2,9556.597,48.323,267,0
32.534,t0_mnv2,9594.716,49.978,268,0
32.584,t0_mnv2,9632.588,50.256,268,0
32.640,t0_mnv2,9676.917,55.376,268,0
32.685,t0_mnv2,9673.942,45.701,269,0
32.733,t0_mnv2,9713.198,47.832,271,0
32.787,t0_mnv2,9716.337,54.021,273,0
32.838,t0_mnv2,9758.831,50.254,275,0
32.885,t0_mnv2,9739.385,47.665,274,0
32.935,t0_mnv2,9772.455,49.263,276,0
32.985,t0_mnv2,9762.420,50.649,275,0
33.038,t0_mnv2,9809.888,52.373,274,0
33.084,t0_mnv2,9842.467,46.130,274,0
33.134,t0_mnv2,9860.307,50.470,275,0
33.189,t0_mnv2,9871.990,54.406,276,0
33.237,t0_mnv2,9857.819,48.118,275,0
33.286,t0_mnv2,9885.768,48.624,275,0
33.335,t0_mnv2,9900.979,48.826,277,0
33.386,t0_mnv2,9916.920,51.114,276,0
33.437,t0_mnv2,9936.475,50.751,277,0
33.483,t0_mnv2,9980.651,46.502,276,0
33.533,t0_mnv2,9977.348,49.716,277,0
33.585,t0_mnv2,10013.751,52.449,278,0
33.635,t0_mnv2,10057.962,49.690,278,0
33.684,t0_mnv2,10073.776,48.632,278,0
33.733,t0_mnv2,10098.753,49.165,278,0
33.786,t0_mnv2,10080.326,52.482,277,0
33.836,t0_mnv2,10107.795,50.201,280,0
33.883,t0_mnv2,10143.910,47.690,282,0
33.934,t0_mnv2,10178.632,50.619,281,0
33.987,t0_mnv2,10206.005,52.661,283,0
34.033,t0_mnv2,10250.747,46.563,282,0
34.085,t0_mnv2,10284.484,51.468,283,0
34.136,t0_mnv2,10318.138,51.110,283,0
34.188,t0_mnv2,10367.524,51.920,282,0
34.236,t0_mnv2,10395.780,48.324,284,0
34.284,t0_mnv2,10334.375,47.445,283,0
34.336,t0_mnv2,10205.340,51.949,283,0
34.388,t0_mnv2,10246.854,51.581,282,0
34.434,t0_mnv2,10274.077,46.189,282,0
34.484,t0_mnv2,10288.182,50.493,283,0
34.535,t0_mnv2,10300.744,50.697,284,0
34.586,t0_mnv2,10328.323,51.370,284,0
34.635,t0_mnv2,10358.604,48.497,286,0
34.685,t0_mnv2,10391.127,49.888,287,0
34.737,t0_mnv2,10400.891,51.953,288,0
34.788,t0_mnv2,10350.264,51.006,288,0
34.834,t0_mnv2,10377.611,46.484,287,0
34.885,t0_mnv2,10309.204,50.190,287,0
34.936,t0_mnv2,10353.968,51.066,287,0
34.986,t0_mnv2,10336.626,50.531,288,0
35.034,t0_mnv2,10321.896,47.723,289,0
35.082,t0_mnv2,10310.807,48.301,289,0
35.137,t0_mnv2,10277.815,54.069,289,0
35.186,t0_mnv2,10322.573,49.607,290,0
35.235,t0_mnv2,10331.518,49.000,291,0
35.286,t0_mnv2,10374.289,51.067,292,0
35.338,t0_mnv2,10420.900,51.327,292,0
35.388,t0_mnv2,10427.967,50.120,293,0
35.436,t0_mnv2,10376.829,47.827,292,0
35.484,t0_mnv2,10286.692,48.609,293,0
35.539,t0_mnv2,10335.484,54.854,297,0
35.587,t0_mnv2,10376.199,47.424,299,0
35.635,t0_mnv2,10401.667,48.519,298,0
35.687,t0_mnv2,10444.865,51.527,298,0
35.740,t0_mnv2,10484.358,53.234,298,0
35.791,t0_mnv2,10509.173,50.582,299,0
35.839,t0_mnv2,10550.278,48.565,299,0
35.890,t0_mnv2,10555.536,50.313,300,0
35.943,t0_mnv2,10602.211,52.985,300,0
35.988,t0_mnv2,10581.479,45.643,299,0
36.038,t0_mnv2,10607.507,49.300,298,0
36.089,t0_mnv2,10650.347,51.211,297,0
36.139,t0_mnv2,10674.020,50.231,297,0
36.188,t0_mnv2,10648.349,48.951,299,0
36.237,t0_mnv2,10681.895,48.878,301,0
36.291,t0_mnv2,10715.839,53.454,301,0
36.341,t0_mnv2,10739.634,50.740,302,0
36.388,t0_mnv2,10726.259,46.619,303,0
36.439,t0_mnv2,10758.036,51.219,306,0
36.490,t0_mnv2,10743.933,50.719,308,0
36.540,t0_mnv2,10783.880,49.350,307,0
36.589,t0_mnv2,10830.276,49.751,307,0
36.638,t0_mnv2,10873.753,48.065,306,0
36.692,t0_mnv2,10856.061,53.956,307,0
36.743,t0_mnv2,10886.720,51.224,308,0
36.791,t0_mnv2,10909.918,48.270,312,0
36.842,t0_mnv2,10910.427,50.966,312,0
36.893,t0_mnv2,10939.011,50.989,312,0
36.943,t0_mnv2,10983.573,49.785,312,0
36.991,t0_mnv2,11010.883,47.898,311,0
37.040,t0_mnv2,10997.063,48.723,312,0
37.095,t0_mnv2,10994.397,54.929,313,0
37.142,t0_mnv2,11039.339,47.716,313,0
37.189,t0_mnv2,11067.097,46.609,312,0
37.241,t0_mnv2,11111.672,52.377,314,0
37.294,t0_mnv2,11160.255,52.728,314,0
37.342,t0_mnv2,11190.961,48.155,313,0
37.391,t0_mnv2,11224.926,49.078,313,0
37.442,t0_mnv2,11243.020,50.165,317,0
37.495,t0_mnv2,11266.036,53.303,317,0
37.542,t0_mnv2,11194.862,46.710,318,0
37.591,t0_mnv2,11236.123,48.753,318,0
37.641,t0_mnv2,11259.155,50.412,319,0
37.692,t0_mnv2,11301.287,51.057,320,0
37.741,t0_mnv2,11248.471,48.722,320,0
37.790,t0_mnv2,11248.533,49.289,323,0
37.842,t0_mnv2,11202.756,51.987,323,0
37.895,t0_mnv2,11183.856,52.840,324,0
37.941,t0_mnv2,11202.110,46.045,323,0
37.991,t0_mnv2,11226.783,49.647,324,0
38.042,t0_mnv2,11264.344,51.254,327,0
38.092,t0_mnv2,11244.948,49.405,327,0
38.141,t0_mnv2,11205.342,49.149,327,0
38.189,t0_mnv2,11228.122,48.410,326,0
38.241,t0_mnv2,11213.040,51.342,326,0
38.292,t0_mnv2,11255.396,51.691,327,0
38.341,t0_mnv2,11258.616,48.229,328,0
38.390,t0_mnv2,11286.723,49.106,327,0
38.443,t0_mnv2,11256.467,52.946,326,0
38.492,t0_mnv2,11272.648,48.833,328,0
38.540,t0_mnv2,11279.445,48.794,331,0
38.589,t0_mnv2,11276.294,48.838,333,0
38.642,t0_mnv2,11201.622,52.788,333,0
38.692,t0_mnv2,11209.863,49.932,334,0
38.739,t0_mnv2,11242.017,46.610,333,0
38.789,t0_mnv2,11289.014,50.577,335,0
38.843,t0_mnv2,11236.096,53.752,336,0
38.891,t0_mnv2,11274.883,47.960,335,0
38.941,t0_mnv2,11309.058,49.815,336,0
38.990,t0_mnv2,11248.251,49.088,336,0
39.045,t0_mnv2,11275.639,54.451,337,0
39.092,t0_mnv2,11308.081,47.503,338,0
39.139,t0_mnv2,11342.848,47.018,339,0
39.190,t0_mnv2,11375.163,51.223,340,0
39.243,t0_mnv2,11355.182,52.632,339,0
39.290,t0_mnv2,11398.913,46.804,340,0
39.342,t0_mnv2,11425.259,52.074,341,0
39.393,t0_mnv2,11301.377,51.324,342,0
39.446,t0_mnv2,11341.829,52.137,342,0
39.493,t0_mnv2,11291.943,47.547,344,0
39.541,t0_mnv2,11313.368,47.700,344,0
39.593,t0_mnv2,11342.785,52.473,343,0
39.644,t0_mnv2,11375.721,50.037,342,0
39.690,t0_mnv2,11350.211,46.586,341,0
39.741,t0_mnv2,11346.788,51.233,341,0
39.792,t0_mnv2,11367.999,50.451,341,0
39.844,t0_mnv2,11361.181,51.969,342,0
39.893,t0_mnv2,11355.130,49.449,342,0
39.941,t0_mnv2,11398.993,47.161,341,0
39.994,t0_mnv2,11403.326,53.179,344,0
40.043,t0_mnv2,11435.094,48.834,345,0
40.090,t0_mnv2,11415.159,47.752,344,0
40.139,t0_mnv2,11408.309,48.705,344,0
40.191,t0_mnv2,11441.135,51.706,344,0
40.243,t0_mnv2,11478.223,51.545,344,0
40.290,t0_mnv2,11491.588,47.096,345,0
40.339,t0_mnv2,11524.234,48.914,350,0
40.394,t0_mnv2,11543.673,55.256,350,0
40.444,t0_mnv2,11538.307,50.201,352,0
40.492,t0_mnv2,11576.548,48.061,354,0
40.542,t0_mnv2,11505.604,49.492,354,0
40.594,t0_mnv2,11553.350,52.403,354,0
40.643,t0_mnv2,11596.913,48.870,353,0
40.690,t0_mnv2,11599.456,47.280,353,0
40.741,t0_mnv2,11647.861,50.601,353,0
40.794,t0_mnv2,11699.638,53.014,352,0
40.841,t0_mnv2,11742.834,47.118,353,0
40.892,t0_mnv2,11771.594,50.895,353,0
40.945,t0_mnv2,11813.916,52.283,354,0
40.996,t0_mnv2,11757.460,51.003,355,0
41.044,t0_mnv2,11784.868,48.401,355,0
41.093,t0_mnv2,11812.921,48.461,356,0
41.144,t0_mnv2,11860.158,51.936,358,0
41.196,t0_mnv2,11845.786,51.238,357,0
41.242,t0_mnv2,11882.725,46.308,357,0
41.293,t0_mnv2,11904.608,51.238,359,0
41.344,t0_mnv2,11857.009,50.807,363,0
41.395,t0_mnv2,11899.209,50.602,365,0
41.445,t0_mnv2,11934.904,49.615,365,0
41.493,t0_mnv2,11977.252,48.414,364,0
41.545,t0_mnv2,11908.291,52.239,365,0
41.597,t0_mnv2,11935.791,51.174,369,0
41.643,t0_mnv2,11980.302,46.363,368,0
41.693,t0_mnv2,12028.140,50.097,370,0
41.744,t0_mnv2,12069.711,50.988,369,0
41.795,t0_mnv2,12019.567,50.549,369,0
41.843,t0_mnv2,11983.048,48.078,369,0
41.893,t0_mnv2,11993.405,49.872,369,0
41.947,t0_mnv2,11932.726,54.110,371,0
41.998,t0_mnv2,11901.119,51.195,372,0
42.044,t0_mnv2,11912.335,46.133,372,0
42.096,t0_mnv2,11953.313,51.216,373,0
42.148,t0_mnv2,11984.354,52.090,374,0
42.196,t0_mnv2,11974.832,48.691,374,0
42.244,t0_mnv2,12007.915,47.975,373,0
42.293,t0_mnv2,12048.081,48.983,376,0
42.348,t0_mnv2,12064.697,54.993,378,0
42.396,t0_mnv2,12059.676,47.125,379,0
42.443,t0_mnv2,12067.778,47.525,378,0
42.497,t0_mnv2,12104.006,54.266,378,0
42.549,t0_mnv2,12134.206,51.053,377,0
42.597,t0_mnv2,12158.350,48.461,376,0
42.647,t0_mnv2,12205.036,49.690,376,0
42.695,t0_mnv2,12252.800,48.678,377,0
42.749,t0_mnv2,12303.180,53.468,376,0
42.795,t0_mnv2,12278.168,46.155,375,0
42.845,t0_mnv2,12271.991,49.733,377,0
42.896,t0_mnv2,12232.381,51.455,377,0
42.947,t0_mnv2,12282.200,50.739,378,0
42.996,t0_mnv2,12320.962,48.864,379,0
43.047,t0_mnv2,12334.440,50.915,380,0
43.097,t0_mnv2,12277.159,50.123,380,0
43.150,t0_mnv2,12298.938,53.181,381,0
43.197,t0_mnv2,12302.708,46.727,383,0
43.246,t0_mnv2,12348.338,49.001,383,0
43.297,t0_mnv2,12372.681,50.858,386,0
43.347,t0_mnv2,12396.165,49.912,386,0
43.397,t0_mnv2,12420.637,49.510,386,0
43.444,t0_mnv2,12451.340,47.634,386,0
43.496,t0_mnv2,12449.741,51.614,388,0
43.549,t0_mnv2,12469.863,52.841,392,0
43.596,t0_mnv2,12510.220,47.124,396,0
43.646,t0_mnv2,12462.420,49.730,396,0
43.699,t0_mnv2,12505.443,53.233,396,0
43.747,t0_mnv2,12520.388,47.305,398,0
43.796,t0_mnv2,12555.750,49.592,398,0
43.845,t0_mnv2,12604.010,48.674,397,0
43.898,t0_mnv2,12626.212,53.408,396,0
43.948,t0_mnv2,12673.777,49.240,398,0
43.994,t0_mnv2,12703.835,46.824,398,0
44.045,t0_mnv2,12732.261,50.973,399,0
44.100,t0_mnv2,12708.618,54.965,399,0
44.147,t0_mnv2,12703.882,46.525,400,0
44.198,t0_mnv2,12753.567,50.747,403,0
44.248,t0_mnv2,12803.004,49.887,408,0
44.300,t0_mnv2,12842.210,52.759,411,0
44.348,t0_mnv2,12869.694,47.889,412,0
44.396,t0_mnv2,12867.909,47.747,412,0
44.448,t0_mnv2,12914.155,52.189,411,0
44.500,t0_mnv2,12862.828,51.255,412,0
44.548,t0_mnv2,12832.518,47.970,414,0
44.599,t0_mnv2,12839.238,51.295,415,0
44.649,t0_mnv2,12871.100,50.014,415,0
44.701,t0_mnv2,12916.999,52.052,418,0
44.749,t0_mnv2,12958.861,48.182,419,0
44.797,t0_mnv2,12985.234,47.796,420,0
44.850,t0_mnv2,12989.020,53.094,425,0
44.901,t0_mnv2,13017.988,50.146,429,0
44.948,t0_mnv2,13045.774,47.498,428,0
44.998,t0_mnv2,13063.302,50.084,429,0
45.049,t0_mnv2,13107.979,50.340,428,0
45.102,t0_mnv2,13107.340,53.104,429,0
45.150,t0_mnv2,13131.414,48.055,429,0
45.197,t0_mnv2,13169.566,47.320,430,0
45.252,t0_mnv2,13188.919,54.509,433,0
45.301,t0_mnv2,13226.768,49.081,434,0
45.349,t0_mnv2,13237.856,48.190,433,0
45.398,t0_mnv2,13284.533,49.328,434,0
45.450,t0_mnv2,13288.670,51.275,434,0
45.500,t0_mnv2,13299.370,50.664,435,0
45.547,t0_mnv2,13340.139,46.585,434,0
45.597,t0_mnv2,13327.403,50.325,433,0
45.652,t0_mnv2,13362.428,54.813,434,0
45.699,t0_mnv2,13407.484,46.941,433,0
45.748,t0_mnv2,13422.621,48.909,436,0
45.799,t0_mnv2,13400.339,50.621,435,0
45.851,t0_mnv2,13440.217,51.959,437,0
45.901,t0_mnv2,13416.690,49.743,437,0
45.948,t0_mnv2,13421.175,47.722,437,0
45.999,t0_mnv2,13426.180,50.863,438,0
46.052,t0_mnv2,13454.278,52.326,437,0
46.098,t0_mnv2,13458.207,46.595,436,0
46.151,t0_mnv2,13466.361,52.547,437,0
46.200,t0_mnv2,13503.420,49.438,436,0
46.253,t0_mnv2,13545.771,52.542,436,0
46.301,t0_mnv2,13579.805,47.927,436,0
46.348,t0_mnv2,13592.476,47.192,436,0
46.401,t0_mnv2,13643.410,52.328,436,0
46.452,t0_mnv2,13666.344,51.753,435,0
46.499,t0_mnv2,13695.290,46.339,436,0
46.549,t0_mnv2,13736.910,50.600,435,0
46.600,t0_mnv2,13764.240,50.474,437,0
46.653,t0_mnv2,13759.125,52.586,436,0
46.700,t0_mnv2,13796.659,47.710,438,0
46.748,t0_mnv2,13829.864,47.636,439,0
46.801,t0_mnv2,13749.719,53.106,441,0
46.850,t0_mnv2,13754.711,49.002,440,0
46.896,t0_mnv2,13770.007,45.995,439,0
46.948,t0_mnv2,13785.841,51.819,441,0
47.000,t0_mnv2,13820.457,51.499,441,0
47.050,t0_mnv2,13808.179,50.243,441,0
47.098,t0_mnv2,13806.625,47.968,441,0
47.147,t0_mnv2,13840.484,49.530,441,0
47.203,t0_mnv2,13873.685,55.406,442,0
47.251,t0_mnv2,13850.299,47.910,441,0
47.299,t0_mnv2,13889.318,48.241,441,0
47.349,t0_mnv2,13851.438,50.166,440,0
47.400,t0_mnv2,13888.831,51.085,439,0
47.450,t0_mnv2,13899.326,49.838,438,0
47.497,t0_mnv2,13944.877,47.028,438,0
47.547,t0_mnv2,13929.868,49.450,439,0
47.602,t0_mnv2,13960.542,55.315,438,0
47.650,t0_mnv2,13934.227,48.086,439,0
47.700,t0_mnv2,13904.495,49.813,440,0
47.751,t0_mnv2,13941.857,51.088,441,0
47.802,t0_mnv2,13987.488,51.094,440,0
47.852,t0_mnv2,14028.233,49.139,440,0
47.899,t0_mnv2,14060.103,47.504,442,0
47.950,t0_mnv2,14110.324,50.544,442,0
48.002,t0_mnv2,14128.352,52.008,442,0
48.048,t0_mnv2,14081.763,45.945,441,0
48.098,t0_mnv2,14129.431,49.876,441,0
48.149,t0_mnv2,14179.280,51.421,440,0
48.200,t0_mnv2,14162.294,51.345,441,0
48.250,t0_mnv2,14183.113,49.720,440,0
48.298,t0_mnv2,14186.382,48.096,441,0
48.351,t0_mnv2,14154.501,52.191,443,0
48.401,t0_mnv2,14190.585,50.370,444,0
48.447,t0_mnv2,14221.334,45.624,444,0
48.498,t0_mnv2,14171.591,51.150,444,0
48.548,t0_mnv2,14115.318,50.436,444,0
48.599,t0_mnv2,14142.509,50.173,445,0
48.648,t0_mnv2,14174.388,49.561,445,0
48.697,t0_mnv2,14186.926,48.555,446,0
48.752,t0_mnv2,14223.630,55.116,447,0
48.801,t0_mnv2,14259.971,49.147,447,0
48.848,t0_mnv2,14253.516,46.894,448,0
48.900,t0_mnv2,14291.431,51.770,449,0
48.951,t0_mnv2,14337.593,50.949,449,0
49.000,t0_mnv2,14343.173,49.233,450,0
49.048,t0_mnv2,14387.086,48.224,450,0
49.097,t0_mnv2,14399.145,48.507,449,0
49.151,t0_mnv2,14442.286,54.440,451,0
49.199,t0_mnv2,14450.011,47.700,450,0
49.247,t0_mnv2,14401.885,48.001,449,0
49.300,t0_mnv2,14407.052,52.949,448,0
49.351,t0_mnv2,14391.474,50.945,447,0
49.400,t0_mnv2,14417.747,49.104,447,0
49.448,t0_mnv2,14457.066,47.793,449,0
49.497,t0_mnv2,14469.552,49.127,448,0
49.551,t0_mnv2,14494.992,53.665,449,0
49.599,t0_mnv2,14464.961,47.496,449,0
49.648,t0_mnv2,14494.537,48.855,448,0
49.700,t0_mnv2,14527.340,51.933,450,0
49.752,t0_mnv2,14547.545,52.427,449,0
49.800,t0_mnv2,14582.555,48.269,449,0
49.849,t0_mnv2,14568.765,48.481,448,0
49.900,t0_mnv2,14616.947,51.032,447,0
49.952,t0_mnv2,14615.372,52.267,448,0
49.998,t0_mnv2,14650.874,45.505,448,0
50.048,t0_mnv2,14689.609,49.904,448,0
50.099,t0_mnv2,14635.538,51.448,448,0
50.149,t0_mnv2,14675.197,49.954,447,0
50.198,t0_mnv2,14687.471,48.518,446,0
50.248,t0_mnv2,14729.959,50.022,446,0
50.301,t0_mnv2,14774.602,52.911,449,0
50.352,t0_mnv2,14824.319,51.554,452,0
50.399,t0_mnv2,14869.351,46.459,452,0
50.448,t0_mnv2,14895.353,49.091,452,0
50.500,t0_mnv2,14945.399,52.364,451,0
50.549,t0_mnv2,14971.301,48.527,455,0
50.598,t0_mnv2,14915.319,49.392,455,0
50.647,t0_mnv2,14939.111,48.631,455,0
50.700,t0_mnv2,14949.198,52.718,455,0
50.751,t0_mnv2,14974.755,50.784,457,0
50.799,t0_mnv2,14998.462,48.251,456,0
50.849,t0_mnv2,15000.362,50.297,456,0
50.903,t0_mnv2,15053.097,53.552,458,0
50.950,t0_mnv2,15018.314,47.256,457,0
50.999,t0_mnv2,14899.260,49.160,457,0
51.048,t0_mnv2,14893.372,49.016,456,0
51.102,t0_mnv2,14931.421,53.262,458,0
51.150,t0_mnv2,14975.411,48.120,458,0
51.197,t0_mnv2,15005.184,47.256,460,0
51.249,t0_mnv2,15019.100,52.104,459,0
51.301,t0_mnv2,15068.288,52.157,459,0
51.352,t0_mnv2,15061.737,50.039,463,0
51.401,t0_mnv2,15087.055,49.357,464,0
51.451,t0_mnv2,15110.409,49.593,464,0
51.503,t0_mnv2,15152.134,52.879,467,0
51.551,t0_mnv2,15189.221,47.365,468,0
51.598,t0_mnv2,15198.482,47.543,467,0
51.652,t0_mnv2,15247.757,53.314,467,0
51.702,t0_mnv2,15277.320,50.472,467,0
51.750,t0_mnv2,15317.577,47.346,468,0
51.800,t0_mnv2,15352.235,49.855,468,0
51.852,t0_mnv2,15394.497,52.639,467,0
51.904,t0_mnv2,15442.579,52.089,467,0
51.951,t0_mnv2,15372.652,46.912,469,0
52.000,t0_mnv2,15359.423,48.244,469,0
52.053,t0_mnv2,15397.600,53.620,468,0
52.102,t0_mnv2,15399.232,48.466,467,0
52.150,t0_mnv2,15424.038,48.298,468,0
52.200,t0_mnv2,15456.267,49.411,467,0
52.251,t0_mnv2,15502.148,51.674,469,0
52.303,t0_mnv2,15546.126,51.199,470,0
52.350,t0_mnv2,15580.666,47.424,471,0
52.401,t0_mnv2,15628.190,51.219,471,0
52.454,t0_mnv2,15652.234,52.884,472,0
52.502,t0_mnv2,15632.282,48.104,471,0
52.551,t0_mnv2,15638.635,48.369,471,0
52.600,t0_mnv2,15566.433,49.679,472,0
52.652,t0_mnv2,15615.071,51.798,472,0
52.702,t0_mnv2,15648.497,49.809,472,0
52.750,t0_mnv2,15669.166,47.538,471,0
52.800,t0_mnv2,15703.260,50.655,471,0
52.854,t0_mnv2,15653.187,53.940,472,0
52.903,t0_mnv2,15679.913,48.088,471,0
52.953,t0_mnv2,15726.653,49.968,470,0
53.002,t0_mnv2,15746.329,49.887,470,0
53.054,t0_mnv2,15689.105,51.458,470,0
53.103,t0_mnv2,15704.525,49.287,474,0
53.151,t0_mnv2,15750.123,47.946,473,0
53.203,t0_mnv2,15800.961,52.090,474,0
53.255,t0_mnv2,15839.736,51.462,474,0
53.301,t0_mnv2,15871.655,45.929,475,0
53.352,t0_mnv2,15901.642,50.740,474,0
53.404,t0_mnv2,15906.633,52.217,474,0
53.455,t0_mnv2,15933.600,50.817,473,0
53.503,t0_mnv2,15947.519,47.692,475,0
53.551,t0_mnv2,15950.850,48.757,476,0
53.605,t0_mnv2,15979.067,53.269,477,0
53.654,t0_mnv2,15982.499,49.484,477,0
53.701,t0_mnv2,16021.054,46.935,478,0
53.752,t0_mnv2,16035.897,51.308,477,0
53.804,t0_mnv2,16054.589,51.872,477,0
53.855,t0_mnv2,16098.116,50.644,476,0
53.904,t0_mnv2,16145.946,49.241,475,0
53.953,t0_mnv2,16187.312,48.566,474,0
54.007,t0_mnv2,16176.352,53.455,473,0
54.054,t0_mnv2,16199.515,47.873,473,0
54.102,t0_mnv2,16240.177,47.619,474,0
54.152,t0_mnv2,16198.923,49.413,474,0
54.204,t0_mnv2,16229.621,52.060,477,0
54.254,t0_mnv2,16262.211,50.645,478,0
54.302,t0_mnv2,16300.620,47.481,479,0
54.352,t0_mnv2,16326.834,49.838,480,0
54.407,t0_mnv2,16377.236,55.331,481,0
54.456,t0_mnv2,16367.192,48.672,481,0
54.505,t0_mnv2,16372.850,49.453,486,0
54.556,t0_mnv2,16362.861,50.934,486,0
54.608,t0_mnv2,16362.808,51.508,488,0
54.658,t0_mnv2,16366.637,49.881,489,0
54.706,t0_mnv2,16390.404,48.078,490,0
54.757,t0_mnv2,16420.744,50.749,491,0
54.809,t0_mnv2,16348.786,52.408,491,0
54.856,t0_mnv2,16391.432,46.875,491,0
54.907,t0_mnv2,16421.740,51.063,492,0
54.959,t0_mnv2,16461.447,52.066,492,0
55.011,t0_mnv2,16506.033,51.674,491,0
55.059,t0_mnv2,16547.058,47.722,491,0
55.107,t0_mnv2,16575.214,48.182,491,0
55.159,t0_mnv2,16596.916,52.455,493,0
55.210,t0_mnv2,16636.709,50.990,493,0
55.256,t0_mnv2,16667.363,46.008,492,0
55.307,t0_mnv2,16691.645,50.799,491,0
55.358,t0_mnv2,16712.509,50.320,493,0
55.408,t0_mnv2,16748.103,50.647,492,0
55.458,t0_mnv2,16694.461,49.520,496,0
55.506,t0_mnv2,16735.375,47.931,495,0
55.560,t0_mnv2,16777.341,54.388,494,0
55.609,t0_mnv2,16798.573,48.736,495,0
55.656,t0_mnv2,16826.670,46.491,494,0
55.708,t0_mnv2,16808.831,51.970,497,0
55.758,t0_mnv2,16854.384,50.742,498,0
55.809,t0_mnv2,16835.973,50.199,500,0
55.857,t0_mnv2,16842.536,48.431,500,0
55.906,t0_mnv2,16864.142,48.952,500,0
55.962,t0_mnv2,16897.887,55.862,499,0
56.009,t0_mnv2,16943.405,47.086,498,0
56.058,t0_mnv2,16956.830,48.615,499,0
56.109,t0_mnv2,16992.809,51.067,500,0
56.161,t0_mnv2,17014.616,51.662,500,0
56.211,t0_mnv2,17053.688,50.050,500,0
56.259,t0_mnv2,16997.815,48.144,500,0
56.308,t0_mnv2,17024.199,49.417,500,0
56.363,t0_mnv2,17053.779,54.205,500,0
56.411,t0_mnv2,17083.730,47.952,500,0
56.461,t0_mnv2,17114.872,50.591,500,0
56.512,t0_mnv2,17125.414,50.625,500,0
56.563,t0_mnv2,17161.878,50.840,499,0
56.611,t0_mnv2,17164.394,48.466,499,0
56.659,t0_mnv2,17179.197,47.540,499,0
56.710,t0_mnv2,17224.599,51.466,500,0
56.762,t0_mnv2,17235.449,51.394,500,0
56.808,t0_mnv2,17101.441,46.051,500,0
56.859,t0_mnv2,17081.970,50.715,500,0
56.910,t0_mnv2,17075.606,51.768,500,0
56.962,t0_mnv2,17125.938,51.124,500,0
57.010,t0_mnv2,17126.613,48.806,500,0
57.058,t0_mnv2,17106.129,47.751,500,0
57.112,t0_mnv2,17129.622,53.715,500,0
57.162,t0_mnv2,17179.286,49.865,500,0
57.208,t0_mnv2,17214.711,46.280,500,0
57.260,t0_mnv2,17235.933,51.528,500,0
57.312,t0_mnv2,17275.747,51.980,500,0
57.361,t0_mnv2,17239.373,49.056,499,0
57.409,t0_mnv2,17223.437,48.263,500,0
57.459,t0_mnv2,17254.986,50.314,499,0
57.514,t0_mnv2,17263.465,54.479,498,0
57.562,t0_mnv2,17297.787,47.786,499,0
57.609,t0_mnv2,17316.653,47.492,500,0
57.661,t0_mnv2,17361.257,51.577,499,0
57.713,t0_mnv2,17393.099,52.100,500,0
57.762,t0_mnv2,17442.081,49.100,500,0
57.811,t0_mnv2,17487.536,48.711,500,0
57.861,t0_mnv2,17522.387,49.826,500,0
57.915,t0_mnv2,17563.757,54.278,500,0
57.963,t0_mnv2,17566.691,48.106,500,0
58.013,t0_mnv2,17606.422,49.389,500,0
58.063,t0_mnv2,17653.419,50.044,500,0
58.114,t0_mnv2,17658.049,50.796,500,0
58.161,t0_mnv2,17695.484,47.547,500,0
58.210,t0_mnv2,17729.362,49.093,500,0
58.261,t0_mnv2,17752.367,50.399,500,0
58.314,t0_mnv2,17766.483,52.987,499,0
58.361,t0_mnv2,17692.791,47.106,500,0
58.410,t0_mnv2,17691.062,48.869,500,0
58.462,t0_mnv2,17647.905,52.237,500,0
58.513,t0_mnv2,17685.741,51.042,500,0
58.562,t0_mnv2,17692.600,48.782,500,0
58.610,t0_mnv2,17680.176,48.006,500,0
58.661,t0_mnv2,17724.468,50.898,499,0
58.714,t0_mnv2,17767.397,52.447,500,0
58.760,t0_mnv2,17768.436,46.215,500,0
58.809,t0_mnv2,17777.674,48.946,500,0
58.861,t0_mnv2,17787.445,52.047,499,0
58.910,t0_mnv2,17828.888,48.670,500,0
58.959,t0_mnv2,17838.371,48.867,500,0
59.008,t0_mnv2,17886.458,49.227,499,0
59.062,t0_mnv2,17927.762,54.061,499,0
59.111,t0_mnv2,17898.613,49.225,499,0
59.158,t0_mnv2,17913.526,47.163,500,0
59.209,t0_mnv2,17944.216,50.493,500,0
59.262,t0_mnv2,17975.203,53.291,500,0
59.310,t0_mnv2,18006.912,47.498,500,0
59.360,t0_mnv2,18045.540,50.320,500,0
59.409,t0_mnv2,18089.686,48.996,499,0
59.463,t0_mnv2,18134.403,53.269,498,0
59.511,t0_mnv2,18182.962,48.863,497,0
59.561,t0_mnv2,18214.073,49.229,498,0
59.613,t0_mnv2,18261.587,51.811,497,0
59.664,t0_mnv2,18287.945,51.409,499,0
59.712,t0_mnv2,18314.713,48.018,498,0
59.761,t0_mnv2,18238.251,49.044,498,0
59.811,t0_mnv2,18279.663,49.399,500,0
59.865,t0_mnv2,18307.017,54.469,500,0
59.912,t0_mnv2,18349.639,46.897,499,0
59.960,t0_mnv2,18395.904,47.570,498,0
60.014,t0_mnv2,18431.313,54.670,499,0
60.066,t0_mnv2,18478.105,51.757,498,0
60.113,t0_mnv2,18470.251,47.126,497,0
60.162,t0_mnv2,18518.784,49.037,496,0
60.213,t0_mnv2,18550.885,50.107,496,0
60.264,t0_mnv2,18504.177,51.341,495,0
60.311,t0_mnv2,18476.334,46.772,495,0
60.359,t0_mnv2,18483.137,48.356,496,0
60.413,t0_mnv2,18516.478,54.103,497,0
60.462,t0_mnv2,18558.603,48.689,498,0
60.511,t0_mnv2,18602.944,49.141,499,0
60.563,t0_mnv2,18571.563,51.702,499,0
60.613,t0_mnv2,18616.765,50.551,499,0
60.665,t0_mnv2,18665.097,51.042,500,0
60.712,t0_mnv2,18654.880,47.384,500,0
60.762,t0_mnv2,18669.577,50.009,500,0
60.815,t0_mnv2,18716.129,52.695,500,0
60.864,t0_mnv2,18740.137,49.049,500,0
60.914,t0_mnv2,18746.440,50.171,500,0
60.963,t0_mnv2,18708.008,49.160,500,0
61.015,t0_mnv2,18751.274,52.140,499,0
61.067,t0_mnv2,18789.428,51.366,498,0
61.115,t0_mnv2,18822.887,47.752,497,0
61.165,t0_mnv2,18871.665,50.672,499,0
61.218,t0_mnv2,18880.564,52.808,500,0
61.265,t0_mnv2,18923.975,46.496,500,0
61.315,t0_mnv2,18960.426,50.391,499,0
61.365,t0_mnv2,19005.832,49.590,500,0
61.417,t0_mnv2,18934.754,52.230,500,0
61.465,t0_mnv2,18838.911,47.353,500,0
61.513,t0_mnv2,18861.896,48.180,500,0
61.565,t0_mnv2,18897.763,52.500,500,0
61.619,t0_mnv2,18789.871,53.755,500,0
61.665,t0_mnv2,18828.738,45.658,500,0
61.716,t0_mnv2,18873.083,50.630,500,0
61.767,t0_mnv2,18885.923,51.400,500,0
61.818,t0_mnv2,18904.619,50.920,500,0
61.865,t0_mnv2,18950.461,47.353,500,0
61.914,t0_mnv2,18965.443,48.698,500,0
61.967,t0_mnv2,19002.290,52.912,500,0
62.017,t0_mnv2,18986.282,49.497,500,0
62.063,t0_mnv2,19026.377,46.290,499,0
62.115,t0_mnv2,19062.464,52.293,500,0
62.167,t0_mnv2,19053.072,52.204,500,0
62.217,t0_mnv2,19068.966,49.785,500,0
62.265,t0_mnv2,19099.141,47.541,499,0
62.313,t0_mnv2,19130.602,48.410,499,0
62.368,t0_mnv2,19170.847,54.219,500,0
62.416,t0_mnv2,19187.931,48.219,500,0
62.463,t0_mnv2,19212.952,47.299,499,0
62.514,t0_mnv2,19262.172,50.603,500,0
62.565,t0_mnv2,19281.849,51.398,500,0
62.616,t0_mnv2,19322.154,50.870,500,0
62.666,t0_mnv2,19366.224,50.009,499,0
62.714,t0_mnv2,19358.303,48.208,498,0
62.769,t0_mnv2,19371.936,54.517,499,0
62.817,t0_mnv2,19368.220,47.555,498,0
62.865,t0_mnv2,19397.286,47.981,498,0
62.915,t0_mnv2,19446.412,50.350,499,0
62.967,t0_mnv2,19463.769,51.512,498,0
63.016,t0_mnv2,19504.788,49.375,499,0
63.065,t0_mnv2,19543.689,48.825,500,0
63.114,t0_mnv2,19592.418,49.188,500,0
63.170,t0_mnv2,19629.205,56.317,499,0
63.216,t0_mnv2,19658.498,45.875,498,0
63.266,t0_mnv2,19704.289,49.480,499,0
63.317,t0_mnv2,19754.697,51.194,499,0
63.368,t0_mnv2,19779.929,50.464,500,0
63.415,t0_mnv2,19819.426,47.857,500,0
63.464,t0_mnv2,19848.555,48.829,500,0
63.515,t0_mnv2,19830.816,50.441,500,0
63.568,t0_mnv2,19854.210,53.089,500,0
63.614,t0_mnv2,19897.399,46.420,499,0
63.665,t0_mnv2,19938.576,50.567,500,0
63.716,t0_mnv2,19945.989,51.233,500,0
63.766,t0_mnv2,19861.777,49.335,499,0
63.816,t0_mnv2,19903.773,49.786,500,0
63.863,t0_mnv2,19918.454,47.772,500,0
63.915,t0_mnv2,19928.996,51.187,500,0
63.967,t0_mnv2,19947.427,51.911,500,0
64.013,t0_mnv2,19978.788,46.400,500,0
64.062,t0_mnv2,19972.418,49.424,499,0
64.115,t0_mnv2,19977.386,52.597,500,0
64.164,t0_mnv2,20022.685,48.650,500,0
64.214,t0_mnv2,20063.726,50.696,500,0
64.264,t0_mnv2,20113.388,49.994,500,0
64.317,t0_mnv2,20144.404,52.666,500,0
64.367,t0_mnv2,20172.523,49.577,500,0
64.414,t0_mnv2,20215.721,47.244,500,0
64.465,t0_mnv2,20258.811,50.467,500,0
64.518,t0_mnv2,20311.610,53.105,499,0
64.566,t0_mnv2,20351.620,48.271,500,0
64.616,t0_mnv2,20399.583,49.529,500,0
64.665,t0_mnv2,20446.263,49.426,500,0
64.719,t0_mnv2,20454.342,53.719,500,0
64.771,t0_mnv2,20494.379,52.189,500,0
64.819,t0_mnv2,20525.923,47.570,499,0
64.871,t0_mnv2,20573.161,51.827,499,0
64.921,t0_mnv2,20611.493,50.713,498,0
64.969,t0_mnv2,20645.938,47.777,499,0
65.018,t0_mnv2,20647.603,48.725,500,0
65.067,t0_mnv2,20616.687,48.573,499,0
65.121,t0_mnv2,20636.178,53.940,500,0
65.167,t0_mnv2,20646.498,46.334,500,0
65.214,t0_mnv2,20686.407,47.410,500,0
65.267,t0_mnv2,20735.476,53.109,500,0
65.319,t0_mnv2,20737.610,51.080,500,0
65.368,t0_mnv2,20771.310,48.940,500,0
65.417,t0_mnv2,20779.140,49.471,500,0
65.467,t0_mnv2,20797.584,49.920,500,0
65.520,t0_mnv2,20845.436,52.559,500,0
65.566,t0_mnv2,20890.153,46.048,500,0
65.614,t0_mnv2,20927.971,48.585,500,0
65.667,t0_mnv2,20946.767,52.435,500,0
65.716,t0_mnv2,20987.911,49.107,500,0
65.764,t0_mnv2,20984.656,48.419,500,0
65.814,t0_mnv2,21022.401,49.330,500,0
65.865,t0_mnv2,21061.692,51.645,499,0
65.919,t0_mnv2,21089.628,53.400,498,0
65.966,t0_mnv2,21125.898,46.821,500,0
66.015,t0_mnv2,21172.605,49.607,499,0
66.067,t0_mnv2,21222.138,51.969,499,0
66.115,t0_mnv2,21269.231,47.946,499,0
66.164,t0_mnv2,21307.824,48.867,498,0
66.213,t0_mnv2,21342.485,48.906,498,0
66.266,t0_mnv2,21393.350,52.821,497,0
66.314,t0_mnv2,21426.710,48.331,497,0
66.362,t0_mnv2,21471.770,46.990,496,0
66.414,t0_mnv2,21463.504,52.611,496,0
66.467,t0_mnv2,21501.672,52.485,497,0
66.514,t0_mnv2,21416.406,47.272,498,0
66.566,t0_mnv2,21465.755,51.570,498,0
66.615,t0_mnv2,21475.260,48.947,500,0
66.667,t0_mnv2,21513.723,52.208,500,0
66.715,t0_mnv2,21548.689,47.904,499,0
66.763,t0_mnv2,21554.998,48.099,499,0
66.815,t0_mnv2,21585.737,51.817,498,0
66.867,t0_mnv2,21633.338,52.500,498,0
66.914,t0_mnv2,21667.491,46.519,498,0
66.966,t0_mnv2,21698.455,52.119,500,0
67.017,t0_mnv2,21718.121,50.636,500,0
67.068,t0_mnv2,21707.285,51.567,500,0
67.116,t0_mnv2,21719.398,47.757,500,0
67.165,t0_mnv2,21753.667,48.327,500,0
67.218,t0_mnv2,21744.118,53.264,499,0
67.267,t0_mnv2,21788.477,49.562,498,0
67.315,t0_mnv2,21705.923,47.937,499,0
67.365,t0_mnv2,21731.932,49.290,500,0
67.416,t0_mnv2,21711.111,51.155,499,0
67.468,t0_mnv2,21755.824,52.120,500,0
67.517,t0_mnv2,21781.639,48.584,500,0
67.565,t0_mnv2,21819.884,48.118,500,0
67.619,t0_mnv2,21803.082,54.069,500,0
67.667,t0_mnv2,21849.493,48.203,500,0
67.715,t0_mnv2,21883.196,48.147,500,0
67.765,t0_mnv2,21877.570,49.892,500,0
67.817,t0_mnv2,21879.055,51.324,500,0
67.867,t0_mnv2,21897.268,50.604,500,0
67.915,t0_mnv2,21918.766,47.647,500,0
67.964,t0_mnv2,21846.402,49.211,499,0
68.021,t0_mnv2,21900.333,57.162,499,0
68.068,t0_mnv2,21858.338,46.246,498,0
68.116,t0_mnv2,21858.683,48.687,497,0
68.167,t0_mnv2,21839.390,50.498,496,0
68.218,t0_mnv2,21860.431,50.596,495,0
68.267,t0_mnv2,21799.276,48.911,497,0
68.315,t0_mnv2,21818.167,48.398,498,0
68.366,t0_mnv2,21813.608,50.927,498,0
68.419,t0_mnv2,21836.456,52.609,499,0
68.465,t0_mnv2,21869.487,46.743,499,0
68.517,t0_mnv2,21848.420,51.339,500,0
68.569,t0_mnv2,21898.023,51.711,500,0
68.619,t0_mnv2,21939.779,50.380,500,0
68.668,t0_mnv2,21944.074,49.236,500,0
68.716,t0_mnv2,21986.468,47.699,499,0
68.769,t0_mnv2,22015.074,52.474,500,0
68.819,t0_mnv2,22055.322,50.653,500,0
68.866,t0_mnv2,22100.391,46.572,500,0
68.917,t0_mnv2,22019.622,51.057,499,0
68.968,t0_mnv2,22056.434,51.546,500,0
69.021,t0_mnv2,22100.657,52.054,500,0
69.069,t0_mnv2,22115.661,48.201,500,0
69.117,t0_mnv2,22067.462,47.863,500,0
69.171,t0_mnv2,22074.672,54.089,500,0
69.220,t0_mnv2,22108.977,49.401,500,0
69.266,t0_mnv2,22118.851,46.042,500,0
69.318,t0_mnv2,22120.943,51.460,500,0
69.369,t0_mnv2,22105.157,51.197,499,0
69.419,t0_mnv2,21950.613,50.019,500,0
69.467,t0_mnv2,21936.365,48.136,500,0
69.516,t0_mnv2,21970.390,48.941,500,0
69.573,t0_mnv2,21970.369,56.766,500,0
69.620,t0_mnv2,21984.778,46.932,500,0
69.668,t0_mnv2,22017.337,47.575,500,0
69.721,t0_mnv2,22028.348,52.951,500,0
69.772,t0_mnv2,22048.424,51.400,500,0
69.820,t0_mnv2,22089.767,48.106,499,0
69.869,t0_mnv2,22063.813,48.956,500,0
69.919,t0_mnv2,22061.389,49.866,499,0
69.973,t0_mnv2,22108.514,53.758,498,0
70.020,t0_mnv2,22122.779,46.541,497,0
70.071,t0_mnv2,22167.811,51.587,499,0
70.123,t0_mnv2,22132.558,51.442,500,0
70.173,t0_mnv2,22082.012,50.744,500,0
70.221,t0_mnv2,22060.444,47.769,500,0
70.271,t0_mnv2,22080.929,49.259,499,0
70.321,t0_mnv2,22064.933,50.093,500,0
70.375,t0_mnv2,22085.712,53.879,500,0
70.421,t0_mnv2,22097.437,46.757,500,0
70.471,t0_mnv2,22143.686,49.586,500,0
70.523,t0_mnv2,22192.443,51.664,499,0
70.574,t0_mnv2,22195.628,50.969,499,0
70.623,t0_mnv2,22231.277,49.186,500,0
70.671,t0_mnv2,22228.832,48.203,500,0
70.724,t0_mnv2,22254.030,52.455,499,0
70.775,t0_mnv2,22274.687,51.057,500,0
70.822,t0_mnv2,22264.864,46.743,500,0
70.872,t0_mnv2,22310.905,50.478,500,0
70.925,t0_mnv2,22306.644,52.328,500,0
70.973,t0_mnv2,22318.130,48.213,499,0
71.022,t0_mnv2,22348.919,49.251,499,0
71.072,t0_mnv2,22349.230,50.213,499,0
71.126,t0_mnv2,22384.083,53.375,499,0
71.175,t0_mnv2,22385.430,48.846,500,0
71.222,t0_mnv2,22406.997,47.377,500,0
71.273,t0_mnv2,22457.620,50.946,500,0
71.326,t0_mnv2,22447.520,52.999,500,0
71.373,t0_mnv2,22483.075,47.234,500,0
71.425,t0_mnv2,22499.669,51.182,500,0
71.474,t0_mnv2,22506.862,49.760,500,0
71.527,t0_mnv2,22549.784,52.697,499,0
71.577,t0_mnv2,22544.385,49.939,498,0
71.625,t0_mnv2,22527.678,47.760,499,0
71.677,t0_mnv2,22537.524,52.412,499,0
71.728,t0_mnv2,22586.251,51.073,498,0
71.775,t0_mnv2,22420.600,46.440,497,0
71.825,t0_mnv2,22410.081,50.358,497,0
71.876,t0_mnv2,22452.863,50.420,498,0
71.928,t0_mnv2,22480.480,51.950,500,0
71.975,t0_mnv2,22466.662,47.156,500,0
72.023,t0_mnv2,22477.001,48.331,500,0
72.076,t0_mnv2,22492.592,52.941,500,0
72.128,t0_mnv2,22474.073,51.359,500,0
72.176,t0_mnv2,22499.727,48.009,500,0
72.226,t0_mnv2,22543.994,49.824,500,0
72.277,t0_mnv2,22505.993,51.547,500,0
72.329,t0_mnv2,22428.032,51.202,500,0
72.375,t0_mnv2,22461.853,46.441,500,0
72.423,t0_mnv2,22462.305,48.295,500,0
72.479,t0_mnv2,22468.776,55.066,500,0
72.527,t0_mnv2,22472.993,48.177,500,0
72.575,t0_mnv2,22368.700,48.120,500,0
72.625,t0_mnv2,22350.145,50.204,500,0
72.679,t0_mnv2,22402.719,53.458,500,0
72.728,t0_mnv2,22437.786,49.549,500,0
72.776,t0_mnv2,22480.047,47.979,500,0
72.827,t0_mnv2,22518.810,50.537,500,0
72.880,t0_mnv2,22552.623,53.029,500,0
72.926,t0_mnv2,22597.631,46.498,499,0
72.975,t0_mnv2,22636.985,48.676,498,0
73.026,t0_mnv2,22663.916,50.865,499,0
73.078,t0_mnv2,22656.509,51.816,499,0
73.127,t0_mnv2,22621.977,49.437,500,0
73.176,t0_mnv2,22662.634,48.267,500,0
73.228,t0_mnv2,22701.645,52.112,500,0
73.281,t0_mnv2,22737.198,52.675,500,0
73.327,t0_mnv2,22783.051,46.333,500,0
73.378,t0_mnv2,22818.133,50.682,500,0
73.428,t0_mnv2,22817.837,50.076,500,0
73.479,t0_mnv2,22790.378,51.386,500,0
73.528,t0_mnv2,22825.731,48.895,500,0
73.576,t0_mnv2,22856.614,47.730,500,0
73.628,t0_mnv2,22882.389,51.891,500,0
73.679,t0_mnv2,22835.351,51.312,500,0
73.726,t0_mnv2,22861.428,46.753,500,0
73.779,t0_mnv2,22899.150,52.543,500,0
73.829,t0_mnv2,22935.842,50.656,500,0
73.880,t0_mnv2,22884.785,50.765,500,0
73.928,t0_mnv2,22876.291,48.156,500,0
73.976,t0_mnv2,22922.059,47.704,500,0
74.030,t0_mnv2,22956.117,53.846,499,0
74.080,t0_mnv2,22977.753,49.835,500,0
74.126,t0_mnv2,22953.985,46.493,499,0
74.178,t0_mnv2,23001.834,51.339,499,0
74.229,t0_mnv2,23036.274,51.157,499,0
74.279,t0_mnv2,23026.828,49.809,498,0
74.328,t0_mnv2,23013.905,49.455,497,0
74.377,t0_mnv2,23061.357,48.499,498,0
74.431,t0_mnv2,23109.230,54.092,499,0
74.479,t0_mnv2,23140.525,47.784,500,0
74.525,t0_mnv2,23179.991,46.690,500,0
74.578,t0_mnv2,23195.287,52.753,500,0
74.630,t0_mnv2,23236.859,52.028,500,0
74.679,t0_mnv2,23244.031,48.966,499,0
74.728,t0_mnv2,23264.026,48.817,500,0
74.779,t0_mnv2,23307.125,50.496,499,0
74.833,t0_mnv2,23357.672,54.788,498,0
74.880,t0_mnv2,23391.037,46.182,498,0
74.929,t0_mnv2,23421.648,48.835,500,0
74.979,t0_mnv2,23443.929,50.742,499,0
75.030,t0_mnv2,23404.396,50.600,498,0
75.078,t0_mnv2,23415.851,47.622,498,0
75.126,t0_mnv2,23389.902,48.353,499,0
75.176,t0_mnv2,23426.733,49.959,499,0
75.230,t0_mnv2,23442.330,53.692,500,0
75.276,t0_mnv2,23393.698,45.944,500,0
75.326,t0_mnv2,23415.990,50.006,500,0
75.378,t0_mnv2,23451.118,52.139,500,0
75.428,t0_mnv2,23495.657,49.998,499,0
75.477,t0_mnv2,23505.251,49.055,500,0
75.525,t0_mnv2,23423.073,47.987,500,0
75.578,t0_mnv2,23467.309,52.743,500,0
75.628,t0_mnv2,23411.030,49.882,500,0
75.674,t0_mnv2,23456.240,46.466,500,0
75.724,t0_mnv2,23486.147,49.194,500,0
75.777,t0_mnv2,23511.119,53.130,500,0
75.825,t0_mnv2,23526.957,48.484,500,0
75.875,t0_mnv2,23543.977,49.138,500,0
75.926,t0_mnv2,23588.626,51.071,500,0
75.979,t0_mnv2,23594.083,53.349,500,0
76.028,t0_mnv2,23614.589,48.971,500,0
76.074,t0_mnv2,23622.914,46.238,499,0
76.124,t0_mnv2,23615.792,49.982,500,0
76.177,t0_mnv2,23594.622,52.687,500,0
76.224,t0_mnv2,23636.141,46.963,499,0
76.274,t0_mnv2,23637.932,49.852,499,0
76.323,t0_mnv2,23624.945,49.236,498,0
76.377,t0_mnv2,23594.410,53.669,499,0
76.425,t0_mnv2,23623.783,48.444,499,0
76.475,t0_mnv2,23643.276,49.441,500,0
76.527,t0_mnv2,23553.904,52.343,500,0
76.578,t0_mnv2,23534.763,50.878,500,0
76.626,t0_mnv2,23560.490,47.586,500,0
76.677,t0_mnv2,23609.458,50.650,500,0
76.726,t0_mnv2,23657.966,49.057,500,0
76.779,t0_mnv2,23703.984,53.434,500,0
76.827,t0_mnv2,23726.603,47.396,500,0
76.874,t0_mnv2,23713.681,47.487,500,0
76.927,t0_mnv2,23745.818,52.592,499,0
76.978,t0_mnv2,23754.718,51.306,500,0
77.027,t0_mnv2,23755.888,48.972,499,0
77.076,t0_mnv2,23802.423,49.330,498,0
77.127,t0_mnv2,23762.938,50.096,498,0
77.179,t0_mnv2,23712.946,52.396,500,0
77.225,t0_mnv2,23758.634,45.927,500,0
77.273,t0_mnv2,23801.324,48.249,500,0
77.328,t0_mnv2,23815.892,54.286,499,0
77.377,t0_mnv2,23860.328,49.064,498,0
77.425,t0_mnv2,23862.325,47.891,498,0
77.475,t0_mnv2,23876.916,50.446,499,0
77.527,t0_mnv2,23892.984,52.214,500,0
77.579,t0_mnv2,23902.390,51.551,499,0
77.625,t0_mnv2,23938.981,46.245,498,0
77.675,t0_mnv2,23901.482,49.583,500,0
77.728,t0_mnv2,23684.287,53.073,500,0
77.776,t0_mnv2,23712.952,47.491,499,0
77.824,t0_mnv2,23731.943,48.542,500,0
77.874,t0_mnv2,23757.594,49.932,499,0
77.926,t0_mnv2,23773.062,51.979,500,0
77.976,t0_mnv2,23796.411,49.960,500,0
78.024,t0_mnv2,23839.142,47.627,500,0
78.075,t0_mnv2,23889.112,51.195,500,0
78.129,t0_mnv2,23903.700,53.700,500,0
78.175,t0_mnv2,23937.109,46.717,499,0
78.226,t0_mnv2,23950.368,50.859,500,0
78.276,t0_mnv2,23979.733,49.199,500,0
78.329,t0_mnv2,23992.629,52.885,500,0
78.376,t0_mnv2,24036.957,47.062,500,0
78.423,t0_mnv2,24026.677,47.738,499,0
78.475,t0_mnv2,24072.470,51.542,498,0
78.527,t0_mnv2,24085.764,52.156,499,0
78.573,t0_mnv2,24115.871,45.997,500,0
78.623,t0_mnv2,24161.217,50.010,500,0
78.675,t0_mnv2,24203.094,51.986,500,0
78.726,t0_mnv2,24248.889,51.015,499,0
78.775,t0_mnv2,24292.868,48.179,500,0
78.823,t0_mnv2,24319.240,48.030,500,0
78.876,t0_mnv2,24363.631,53.327,500,0
78.926,t0_mnv2,24348.578,50.270,500,0
78.973,t0_mnv2,24391.032,46.243,500,0
79.023,t0_mnv2,24438.224,50.463,500,0
79.074,t0_mnv2,24454.307,51.093,500,0
79.124,t0_mnv2,24488.822,49.838,500,0
79.172,t0_mnv2,24486.591,48.130,500,0
79.222,t0_mnv2,24519.222,49.521,500,0
79.278,t0_mnv2,24559.074,55.893,500,0
79.326,t0_mnv2,24570.365,47.881,500,0
79.373,t0_mnv2,24577.451,47.685,500,0
79.425,t0_mnv2,24602.659,51.650,500,0
79.477,t0_mnv2,24603.108,51.384,500,0
79.526,t0_mnv2,24622.708,49.014,500,0
79.574,t0_mnv2,24641.745,48.655,499,0
79.623,t0_mnv2,24580.732,48.880,499,0
79.678,t0_mnv2,24600.126,54.520,498,0
79.725,t0_mnv2,24618.202,47.603,499,0
79.775,t0_mnv2,24666.754,49.679,499,0
79.827,t0_mnv2,24673.252,52.246,500,0
79.878,t0_mnv2,24674.656,50.812,500,0
79.927,t0_mnv2,24595.118,49.052,500,0
79.976,t0_mnv2,24636.240,48.511,500,0
80.027,t0_mnv2,24678.323,50.570,500,0
80.079,t0_mnv2,24669.669,52.320,500,0
80.125,t0_mnv2,24710.989,46.134,500,0
80.175,t0_mnv2,24757.480,49.770,500,0
80.226,t0_mnv2,24786.992,51.032,500,0
80.276,t0_mnv2,24834.788,50.127,500,0
80.326,t0_mnv2,24760.374,49.860,500,0
80.376,t0_mnv2,24789.415,49.414,500,0
80.426,t0_mnv2,24766.799,50.815,499,0
80.477,t0_mnv2,24789.098,50.616,499,0
80.524,t0_mnv2,24835.457,46.802,500,0
80.575,t0_mnv2,24878.969,50.753,500,0
80.625,t0_mnv2,24909.986,50.664,500,0
80.676,t0_mnv2,24954.308,50.876,500,0
80.725,t0_mnv2,24961.568,48.494,500,0
80.773,t0_mnv2,25008.533,48.546,500,0
80.827,t0_mnv2,25058.540,53.294,500,0
80.877,t0_mnv2,25066.466,50.266,500,0
80.925,t0_mnv2,25043.800,47.734,500,0
80.976,t0_mnv2,24965.774,51.273,500,0
81.027,t0_mnv2,24973.256,51.006,500,0
81.077,t0_mnv2,25018.873,49.565,500,0
81.125,t0_mnv2,25028.317,48.326,499,0
81.174,t0_mnv2,25059.288,48.558,500,0
81.228,t0_mnv2,25059.631,54.504,500,0
81.276,t0_mnv2,25040.856,47.748,500,0
81.323,t0_mnv2,25057.113,47.170,500,0
81.376,t0_mnv2,25062.582,52.225,500,0
81.428,t0_mnv2,25058.715,52.625,500,0
81.478,t0_mnv2,25059.495,49.864,500,0
81.526,t0_mnv2,25015.774,48.257,499,0
81.576,t0_mnv2,24972.239,49.272,498,0
81.630,t0_mnv2,24985.593,54.075,500,0
81.676,t0_mnv2,24983.103,46.457,500,0
81.725,t0_mnv2,25030.526,48.727,499,0
81.776,t0_mnv2,25047.510,51.044,500,0
81.827,t0_mnv2,25062.572,51.119,500,0
81.875,t0_mnv2,25023.135,47.431,499,0
81.924,t0_mnv2,25055.148,49.109,500,0
81.975,t0_mnv2,25060.085,50.893,499,0
82.030,t0_mnv2,25056.448,54.794,499,0
82.076,t0_mnv2,25060.850,46.381,499,0
82.126,t0_mnv2,25025.699,49.285,500,0
82.177,t0_mnv2,25053.498,51.752,499,0
82.227,t0_mnv2,25055.436,49.067,499,0
82.275,t0_mnv2,25061.422,48.229,500,0
82.324,t0_mnv2,25056.170,48.767,500,0
82.375,t0_mnv2,24979.736,51.799,500,0
82.426,t0_mnv2,25027.869,50.696,500,0
82.473,t0_mnv2,24928.098,46.761,499,0
82.523,t0_mnv2,24971.054,50.191,499,0
82.578,t0_mnv2,25003.083,54.623,498,0
82.626,t0_mnv2,25038.795,48.324,499,0
82.676,t0_mnv2,25007.915,50.066,500,0
82.725,t0_mnv2,25044.939,48.776,499,0
82.778,t0_mnv2,25045.278,52.341,500,0
82.827,t0_mnv2,25051.571,48.909,500,0
82.874,t0_mnv2,25048.329,47.086,500,0
82.924,t0_mnv2,25057.143,50.520,500,0
82.977,t0_mnv2,25043.126,52.927,499,0
83.025,t0_mnv2,25050.970,47.591,500,0
83.075,t0_mnv2,25023.536,50.055,499,0
83.125,t0_mnv2,25056.838,50.207,498,0
83.179,t0_mnv2,25058.057,53.445,498,0
83.226,t0_mnv2,25018.572,47.770,498,0
83.274,t0_mnv2,25046.536,47.537,500,0
83.326,t0_mnv2,25004.691,52.319,499,0
83.378,t0_mnv2,25042.603,51.351,500,0
83.427,t0_mnv2,25036.788,48.694,500,0
83.476,t0_mnv2,25042.351,49.257,500,0
83.525,t0_mnv2,25027.555,49.428,499,0
83.579,t0_mnv2,25043.157,53.995,499,0
83.626,t0_mnv2,25043.188,47.040,499,0
83.675,t0_mnv2,24977.511,48.901,499,0
83.728,t0_mnv2,25025.386,52.813,500,0
83.778,t0_mnv2,25050.368,50.174,499,0
83.827,t0_mnv2,25048.811,48.219,500,0
83.876,t0_mnv2,24991.268,48.886,500,0
83.926,t0_mnv2,25020.208,50.342,500,0
83.978,t0_mnv2,25060.263,52.167,500,0
84.025,t0_mnv2,24991.670,46.567,500,0
84.074,t0_mnv2,25005.035,49.524,500,0
84.127,t0_mnv2,24999.704,52.228,499,0
84.177,t0_mnv2,25038.348,49.912,500,0
84.226,t0_mnv2,25064.580,49.647,500,0
84.275,t0_mnv2,25053.431,48.230,500,0
84.326,t0_mnv2,25053.372,51.819,500,0
84.378,t0_mnv2,25057.500,51.580,499,0
84.424,t0_mnv2,24867.585,46.097,498,0
84.474,t0_mnv2,24916.832,50.163,498,0
84.527,t0_mnv2,24895.432,52.415,500,0
84.575,t0_mnv2,24936.719,48.244,499,0
84.625,t0_mnv2,24975.127,49.435,499,0
84.674,t0_mnv2,24937.728,49.577,500,0
84.729,t0_mnv2,24947.268,54.395,500,0
84.777,t0_mnv2,24994.165,48.544,499,0
84.824,t0_mnv2,25035.691,47.309,499,0
84.877,t0_mnv2,25047.799,52.694,499,0
84.929,t0_mnv2,24969.342,51.930,498,0
84.976,t0_mnv2,24969.623,47.077,500,0
85.027,t0_mnv2,24836.002,50.767,500,0
85.077,t0_mnv2,24800.736,49.729,499,0
85.130,t0_mnv2,24796.542,53.087,500,0
85.179,t0_mnv2,24839.322,49.083,500,0
85.229,t0_mnv2,24864.613,49.387,499,0
85.281,t0_mnv2,24869.475,52.040,499,0
85.332,t0_mnv2,24898.151,51.749,500,0
85.380,t0_mnv2,24941.400,47.160,499,0
85.430,t0_mnv2,24954.550,50.279,500,0
85.480,t0_mnv2,24998.101,49.974,499,0
85.532,t0_mnv2,24969.504,52.163,500,0
85.580,t0_mnv2,25007.660,47.978,499,0
85.628,t0_mnv2,24996.006,47.957,498,0
85.682,t0_mnv2,25032.056,53.497,497,0
85.733,t0_mnv2,25067.856,50.686,496,0
85.780,t0_mnv2,25024.405,47.363,495,0
85.829,t0_mnv2,25039.761,49.446,494,0
85.881,t0_mnv2,25062.413,51.672,495,0
85.931,t0_mnv2,25061.152,50.156,495,0
85.979,t0_mnv2,25032.717,47.445,494,0
86.027,t0_mnv2,24896.296,47.809,493,0
86.081,t0_mnv2,24942.141,54.122,493,0
86.130,t0_mnv2,24980.106,49.098,494,0
86.178,t0_mnv2,24983.047,48.262,495,0
86.229,t0_mnv2,25016.366,50.129,495,0
86.281,t0_mnv2,25056.881,52.486,497,0
86.332,t0_mnv2,25015.064,50.695,497,0
86.379,t0_mnv2,25051.515,47.549,496,0
86.428,t0_mnv2,25021.498,48.529,496,0
86.483,t0_mnv2,25030.416,54.628,500,0
86.530,t0_mnv2,25062.740,47.714,500,0
86.579,t0_mnv2,25035.845,48.884,500,0
86.629,t0_mnv2,25041.357,50.120,500,0
86.681,t0_mnv2,25048.467,51.833,500,0
86.731,t0_mnv2,25047.735,49.859,499,0
86.780,t0_mnv2,25017.935,49.122,498,0
86.831,t0_mnv2,25058.635,50.823,499,0
86.883,t0_mnv2,25060.153,51.857,498,0
86.930,t0_mnv2,25051.874,47.014,498,0
86.980,t0_mnv2,25047.815,49.837,498,0
87.030,t0_mnv2,25049.329,49.641,498,0
87.081,t0_mnv2,25010.414,51.231,497,0
87.129,t0_mnv2,25049.898,48.405,497,0
87.178,t0_mnv2,25050.027,48.406,497,0
87.229,t0_mnv2,25014.346,51.306,497,0
87.281,t0_mnv2,24994.904,52.141,497,0
87.328,t0_mnv2,24972.092,47.041,496,0
87.378,t0_mnv2,25019.778,49.441,496,0
87.430,t0_mnv2,25046.116,51.934,496,0
87.480,t0_mnv2,25006.014,50.115,497,0
87.530,t0_mnv2,25020.673,49.475,498,0
87.578,t0_mnv2,25048.069,48.095,497,0
87.630,t0_mnv2,25059.406,51.866,496,0
87.681,t0_mnv2,24930.373,50.971,497,0
87.727,t0_mnv2,24974.671,46.429,498,0
87.778,t0_mnv2,24949.786,51.278,500,0
87.832,t0_mnv2,24946.481,53.811,500,0
87.882,t0_mnv2,24980.813,49.731,500,0
87.929,t0_mnv2,24919.224,47.318,499,0
87.979,t0_mnv2,24965.469,49.154,498,0
88.031,t0_mnv2,24994.737,52.511,499,0
88.080,t0_mnv2,25018.508,48.974,498,0
88.127,t0_mnv2,25024.680,46.791,498,0
88.177,t0_mnv2,24935.213,50.339,499,0
88.229,t0_mnv2,24970.055,51.335,498,0
88.278,t0_mnv2,25007.564,48.927,498,0
88.326,t0_mnv2,25005.983,48.712,499,0
88.377,t0_mnv2,25030.940,50.251,500,0
88.432,t0_mnv2,25032.742,55.110,500,0
88.479,t0_mnv2,25023.366,47.027,500,0
88.527,t0_mnv2,25034.106,47.533,500,0
88.579,t0_mnv2,25036.027,52.059,500,0
88.630,t0_mnv2,25004.797,51.433,500,0
88.679,t0_mnv2,25026.563,48.536,499,0
88.728,t0_mnv2,25040.949,49.625,500,0
88.778,t0_mnv2,24974.291,49.263,499,0
88.832,t0_mnv2,25024.927,54.262,500,0
88.880,t0_mnv2,25018.713,48.147,500,0
88.929,t0_mnv2,25017.788,48.906,499,0
88.981,t0_mnv2,25065.484,51.729,500,0
89.031,t0_mnv2,25043.419,50.076,499,0
89.079,t0_mnv2,24991.513,47.724,500,0
89.128,t0_mnv2,25032.708,49.325,500,0
89.179,t0_mnv2,25028.620,50.763,500,0
89.232,t0_mnv2,25053.904,52.691,499,0
89.278,t0_mnv2,25034.228,46.832,499,0
89.328,t0_mnv2,25028.437,49.567,499,0
89.380,t0_mnv2,25058.339,52.194,500,0
89.431,t0_mnv2,25021.013,51.050,500,0
89.480,t0_mnv2,25047.508,48.723,500,0
89.528,t0_mnv2,25008.479,48.054,500,0
89.582,t0_mnv2,25021.095,53.338,500,0
89.631,t0_mnv2,25046.032,48.829,500,0
89.678,t0_mnv2,25055.631,47.191,500,0
89.728,t0_mnv2,25059.657,50.699,500,0
89.781,t0_mnv2,25019.931,52.450,500,0
89.829,t0_mnv2,24978.183,48.505,499,0
89.881,t0_mnv2,24943.157,51.118,500,0
89.931,t0_mnv2,24967.042,49.933,500,0
89.984,t0_mnv2,24988.554,53.307,500,0
90.032,t0_mnv2,25028.632,47.961,500,0
90.079,t0_mnv2,25000.608,46.938,500,0
90.130,t0_mnv2,25049.261,51.464,500,0
90.182,t0_mnv2,25018.175,51.749,500,0
90.229,t0_mnv2,25052.974,46.692,500,0
90.281,t0_mnv2,25066.005,51.837,499,0
90.330,t0_mnv2,25013.538,48.976,499,0
90.383,t0_mnv2,25017.481,52.696,498,0
90.432,t0_mnv2,25045.690,49.241,498,0
90.480,t0_mnv2,25041.313,47.625,499,0
90.533,t0_mnv2,25059.569,52.804,500,0
90.584,t0_mnv2,25054.102,51.196,500,0
90.631,t0_mnv2,25046.361,47.307,500,0
90.681,t0_mnv2,25065.552,50.230,500,0
90.732,t0_mnv2,25045.103,50.312,500,0
90.784,t0_mnv2,25068.106,52.412,500,0
90.831,t0_mnv2,25035.030,46.712,500,0
90.879,t0_mnv2,24956.672,48.234,500,0
90.936,t0_mnv2,25008.075,57.255,500,0
90.985,t0_mnv2,25040.146,48.243,500,0
91.032,t0_mnv2,25000.296,47.587,499,0
91.083,t0_mnv2,25011.435,50.203,500,0
91.134,t0_mnv2,24962.910,50.975,499,0
91.184,t0_mnv2,24916.707,50.284,500,0
91.231,t0_mnv2,24845.516,47.456,500,0
91.282,t0_mnv2,24843.566,50.198,500,0
91.335,t0_mnv2,24894.892,53.026,500,0
91.383,t0_mnv2,24907.488,47.742,500,0
91.434,t0_mnv2,24942.932,51.090,500,0
91.484,t0_mnv2,24924.969,49.909,500,0
91.536,t0_mnv2,24966.522,52.778,500,0
91.584,t0_mnv2,25007.989,48.005,500,0
91.631,t0_mnv2,25035.805,46.954,500,0
91.683,t0_mnv2,25031.993,51.456,499,0
91.736,t0_mnv2,24982.735,52.492,500,0
91.782,t0_mnv2,24928.019,46.409,499,0
91.833,t0_mnv2,24947.131,50.900,499,0
91.882,t0_mnv2,24955.480,49.240,500,0
91.934,t0_mnv2,24990.321,52.226,499,0
91.983,t0_mnv2,25038.756,49.014,498,0
92.031,t0_mnv2,25036.919,47.141,497,0
92.084,t0_mnv2,25067.099,53.781,500,0
92.134,t0_mnv2,25059.542,49.959,499,0
92.180,t0_mnv2,25044.939,45.597,498,0
92.232,t0_mnv2,24957.581,52.101,499,0
92.283,t0_mnv2,24974.357,50.794,499,0
92.335,t0_mnv2,25019.163,51.650,498,0
92.383,t0_mnv2,25035.254,47.782,499,0
92.431,t0_mnv2,25002.391,48.660,499,0
92.487,t0_mnv2,25035.884,56.057,500,0
92.535,t0_mnv2,25053.946,48.024,500,0
92.584,t0_mnv2,25031.429,48.324,500,0
92.634,t0_mnv2,25068.397,49.685,499,0
92.685,t0_mnv2,25053.594,51.530,500,0
92.734,t0_mnv2,25037.781,49.249,499,0
92.783,t0_mnv2,25066.516,48.612,500,0
92.832,t0_mnv2,25030.946,48.526,499,0
92.887,t0_mnv2,25038.615,55.080,500,0
92.934,t0_mnv2,25056.618,46.918,500,0
92.984,t0_mnv2,25002.223,50.382,500,0
93.035,t0_mnv2,24801.725,51.243,500,0
93.086,t0_mnv2,24846.818,50.421,500,0
93.136,t0_mnv2,24883.390,50.040,500,0
93.184,t0_mnv2,24906.922,47.738,500,0
93.234,t0_mnv2,24932.879,50.546,500,0
93.287,t0_mnv2,24944.221,52.521,499,0
93.333,t0_mnv2,24959.444,46.229,498,0
93.383,t0_mnv2,24972.738,49.358,498,0
93.434,t0_mnv2,24989.770,51.531,498,0
93.485,t0_mnv2,25007.205,50.820,498,0
93.535,t0_mnv2,25028.007,49.743,498,0
93.583,t0_mnv2,25036.142,48.089,498,0
93.635,t0_mnv2,25064.924,52.138,497,0
93.686,t0_mnv2,25029.050,51.127,500,0
93.733,t0_mnv2,24986.596,46.400,500,0
93.784,t0_mnv2,25036.695,50.878,500,0
93.835,t0_mnv2,25036.880,51.712,500,0
93.885,t0_mnv2,25048.578,49.881,500,0
93.933,t0_mnv2,25004.187,48.027,500,0
93.983,t0_mnv2,25041.868,49.565,500,0
94.038,t0_mnv2,25039.206,55.328,500,0
94.088,t0_mnv2,25027.850,49.734,500,0
94.136,t0_mnv2,25021.159,47.515,500,0
94.188,t0_mnv2,25063.176,52.240,500,0
94.240,t0_mnv2,25058.140,51.583,499,0
94.288,t0_mnv2,25026.223,48.337,500,0
94.337,t0_mnv2,25030.163,48.581,500,0
94.386,t0_mnv2,25000.384,49.253,500,0
94.440,t0_mnv2,25042.160,54.235,500,0
94.487,t0_mnv2,25036.298,47.125,500,0
94.538,t0_mnv2,25036.289,50.677,499,0
94.590,t0_mnv2,25069.365,51.623,499,0
94.640,t0_mnv2,25050.769,50.730,500,0
94.689,t0_mnv2,25035.745,48.016,500,0
94.737,t0_mnv2,25051.644,48.646,500,0
94.788,t0_mnv2,25022.716,50.455,500,0
94.841,t0_mnv2,25014.067,53.102,500,0
94.887,t0_mnv2,25058.819,46.318,499,0
94.936,t0_mnv2,24910.578,49.264,499,0
94.989,t0_mnv2,24945.973,52.642,500,0
95.040,t0_mnv2,24981.467,50.649,500,0
95.089,t0_mnv2,25017.192,49.013,500,0
95.138,t0_mnv2,25057.363,49.013,500,0
95.190,t0_mnv2,25062.273,52.093,500,0
95.242,t0_mnv2,25031.003,51.574,500,0
95.289,t0_mnv2,25015.825,46.916,500,0
95.339,t0_mnv2,25040.261,50.639,500,0
95.391,t0_mnv2,25067.048,52.030,500,0
95.440,t0_mnv2,25057.605,48.159,500,0
95.490,t0_mnv2,25054.563,50.224,500,0
95.540,t0_mnv2,24977.110,50.546,500,0
95.595,t0_mnv2,25016.987,53.992,500,0
95.643,t0_mnv2,25035.792,48.272,500,0
95.691,t0_mnv2,25063.384,47.763,500,0
95.742,t0_mnv2,25015.584,51.431,500,0
95.795,t0_mnv2,25038.940,52.707,500,0
95.842,t0_mnv2,25031.430,47.105,499,0
95.893,t0_mnv2,25027.936,50.941,500,0
95.943,t0_mnv2,25067.787,49.700,499,0
95.996,t0_mnv2,24993.102,53.378,500,0
96.045,t0_mnv2,25021.882,48.346,500,0
96.093,t0_mnv2,24975.354,48.006,500,0
96.146,t0_mnv2,24998.228,53.479,500,0
96.196,t0_mnv2,25046.219,50.055,500,0
96.242,t0_mnv2,25040.424,45.871,500,0
96.294,t0_mnv2,25023.179,51.774,500,0
96.344,t0_mnv2,25067.998,50.381,500,0
96.396,t0_mnv2,25068.991,51.439,499,0
96.444,t0_mnv2,25054.474,48.040,498,0
96.492,t0_mnv2,25045.788,48.065,498,0
96.547,t0_mnv2,24955.733,54.646,500,0
96.597,t0_mnv2,24981.405,49.821,499,0
96.645,t0_mnv2,24980.937,47.967,499,0
96.694,t0_mnv2,24904.631,49.593,498,0
96.746,t0_mnv2,24881.099,51.738,499,0
96.795,t0_mnv2,24925.545,49.031,499,0
96.844,t0_mnv2,24943.255,48.705,499,0
96.892,t0_mnv2,24975.238,48.416,499,0
96.947,t0_mnv2,25019.216,54.425,500,0
96.995,t0_mnv2,25041.966,47.604,499,0
97.043,t0_mnv2,25035.610,48.411,500,0
97.094,t0_mnv2,25054.208,51.185,500,0
97.147,t0_mnv2,25064.611,52.924,500,0
97.196,t0_mnv2,25044.365,48.910,500,0
97.244,t0_mnv2,25023.437,47.796,500,0
97.295,t0_mnv2,25063.634,51.489,500,0
97.347,t0_mnv2,25062.123,51.970,500,0
97.394,t0_mnv2,25059.576,46.382,499,0
97.444,t0_mnv2,25068.383,50.303,499,0
97.495,t0_mnv2,25061.099,50.508,500,0
97.545,t0_mnv2,25055.602,50.664,500,0
97.595,t0_mnv2,25046.538,49.627,500,0
97.645,t0_mnv2,25062.631,49.698,500,0
97.697,t0_mnv2,25037.533,52.505,500,0
97.748,t0_mnv2,25057.493,50.491,500,0
97.794,t0_mnv2,25047.233,46.271,499,0
97.846,t0_mnv2,25054.945,51.349,500,0
97.897,t0_mnv2,25031.188,50.979,500,0
97.948,t0_mnv2,24967.183,50.796,500,0
97.996,t0_mnv2,25011.009,48.054,500,0
98.044,t0_mnv2,24990.921,48.181,500,0
98.098,t0_mnv2,25018.317,54.150,500,0
98.150,t0_mnv2,25062.365,51.762,500,0
98.196,t0_mnv2,25053.145,46.507,500,0
98.248,t0_mnv2,25070.647,51.216,500,0
98.300,t0_mnv2,25062.927,51.921,500,0
98.348,t0_mnv2,25062.234,48.649,499,0
98.396,t0_mnv2,25031.647,48.030,499,0
98.445,t0_mnv2,25058.549,48.908,498,0
98.500,t0_mnv2,25069.223,54.940,498,0
98.547,t0_mnv2,25050.199,47.074,498,0
98.595,t0_mnv2,25039.664,48.027,499,0
98.650,t0_mnv2,25026.641,54.647,500,0
98.701,t0_mnv2,25050.524,50.466,500,0
98.749,t0_mnv2,25038.674,48.259,500,0
98.799,t0_mnv2,25070.782,49.926,500,0
98.848,t0_mnv2,25059.291,48.644,500,0
98.903,t0_mnv2,25069.919,55.186,500,0
98.949,t0_mnv2,25064.983,46.162,499,0
98.998,t0_mnv2,25057.757,49.354,499,0
99.050,t0_mnv2,25015.900,51.969,499,0
99.100,t0_mnv2,25044.183,49.966,500,0
99.150,t0_mnv2,25022.914,49.764,500,0
99.201,t0_mnv2,24997.074,50.483,500,0
99.251,t0_mnv2,24910.164,50.607,500,0
99.304,t0_mnv2,24946.942,52.252,500,0
99.350,t0_mnv2,24952.060,46.018,499,0
99.399,t0_mnv2,24985.468,49.177,498,0
99.453,t0_mnv2,25006.904,53.547,499,0
99.502,t0_mnv2,25035.740,49.024,500,0
99.551,t0_mnv2,25062.655,49.166,500,0
99.600,t0_mnv2,25065.062,48.787,500,0
99.652,t0_mnv2,25028.754,52.696,500,0
99.705,t0_mnv2,25023.140,52.162,499,0
99.752,t0_mnv2,25042.699,46.867,498,0
99.802,t0_mnv2,24946.853,50.595,498,0
99.855,t0_mnv2,24948.406,53.107,497,0
99.902,t0_mnv2,24987.554,46.353,496,0
99.952,t0_mnv2,25024.834,49.960,496,0
100.002,t0_mnv2,24953.644,49.819,496,0
100.055,t0_mnv2,24967.068,53.178,496,0
100.103,t0_mnv2,24992.410,48.131,497,0
100.152,t0_mnv2,25004.632,49.114,498,0
100.205,t0_mnv2,25006.940,52.526,497,0
100.257,t0_mnv2,25049.626,52.216,496,0
100.303,t0_mnv2,25041.162,45.840,495,0
100.355,t0_mnv2,25065.434,51.839,495,0
100.405,t0_mnv2,25042.200,50.402,496,0
100.457,t0_mnv2,25008.785,51.305,496,0
100.504,t0_mnv2,25049.602,47.588,498,0
100.552,t0_mnv2,25033.799,48.191,497,0
100.605,t0_mnv2,25044.440,52.446,497,0
100.655,t0_mnv2,25039.257,49.709,496,0
100.703,t0_mnv2,25059.014,47.881,497,0
100.754,t0_mnv2,25061.810,51.779,497,0
100.806,t0_mnv2,25056.401,51.538,496,0
100.856,t0_mnv2,25048.164,50.274,496,0
100.904,t0_mnv2,25076.366,47.988,496,0
100.952,t0_mnv2,25050.025,47.947,496,0
101.006,t0_mnv2,25068.123,53.886,495,0
101.054,t0_mnv2,25046.906,48.170,494,0
101.102,t0_mnv2,25012.720,47.935,494,0
101.152,t0_mnv2,25047.373,49.906,495,0
101.204,t0_mnv2,25063.281,52.076,494,0
101.257,t0_mnv2,25023.363,52.611,497,0
101.304,t0_mnv2,24980.461,46.737,496,0
101.353,t0_mnv2,25025.467,48.976,498,0
101.408,t0_mnv2,25014.848,55.432,498,0
101.455,t0_mnv2,25015.783,47.018,500,0
101.505,t0_mnv2,25056.740,49.110,500,0
101.555,t0_mnv2,25078.531,50.800,499,0
101.607,t0_mnv2,25071.800,51.385,498,0
101.655,t0_mnv2,25070.382,48.505,497,0
101.704,t0_mnv2,25065.191,48.657,499,0
101.756,t0_mnv2,25063.248,52.339,499,0
101.810,t0_mnv2,25078.520,53.341,498,0
101.856,t0_mnv2,25062.464,46.433,498,0
101.906,t0_mnv2,25079.592,49.887,498,0
101.958,t0_mnv2,25030.052,52.154,499,0
102.016,t0_mnv2,25061.059,57.809,500,0
102.066,t0_mnv2,24961.913,49.656,500,0
102.115,t0_mnv2,24986.848,49.191,500,0
102.167,t0_mnv2,25011.697,51.252,499,0
102.217,t0_mnv2,25040.612,50.117,500,0
102.264,t0_mnv2,25074.502,47.199,500,0
102.319,t0_mnv2,25065.177,55.061,500,0
102.371,t0_mnv2,24964.800,52.324,500,0
102.427,t0_mnv2,24997.490,55.125,499,0
102.481,t0_mnv2,25022.078,54.923,499,0
102.531,t0_mnv2,25040.291,49.662,500,0
102.608,t0_mnv2,25099.788,77.073,500,0
102.656,t0_mnv2,25018.237,48.007,500,0
102.708,t0_mnv2,25043.665,51.297,500,0
102.757,t0_mnv2,25091.493,49.509,500,0
102.812,t0_mnv2,25110.018,54.398,499,0
102.861,t0_mnv2,25055.849,49.116,498,0
102.909,t0_mnv2,25102.039,48.066,498,0
102.965,t0_mnv2,25056.152,55.860,498,0
103.015,t0_mnv2,25093.530,50.210,498,0
103.063,t0_mnv2,25098.950,48.273,497,0
103.114,t0_mnv2,25118.384,50.700,497,0
103.165,t0_mnv2,25117.612,50.450,496,0
103.218,t0_mnv2,25128.004,53.370,498,0
103.265,t0_mnv2,25088.404,47.184,500,0
103.314,t0_mnv2,25124.846,48.308,500,0
103.372,t0_mnv2,25120.359,58.671,500,0
103.420,t0_mnv2,25114.845,47.806,500,0
103.470,t0_mnv2,25120.990,49.620,500,0
103.521,t0_mnv2,25003.336,50.917,500,0
103.573,t0_mnv2,25048.494,51.914,500,0
103.625,t0_mnv2,25091.755,51.762,500,0
103.672,t0_mnv2,25110.454,47.516,500,0
103.725,t0_mnv2,25122.262,52.489,499,0
103.780,t0_mnv2,25151.970,55.142,499,0
103.825,t0_mnv2,25094.673,45.434,499,0
103.878,t0_mnv2,25133.198,52.484,499,0
103.929,t0_mnv2,25149.861,50.962,500,0
103.982,t0_mnv2,25122.894,53.328,500,0
104.031,t0_mnv2,25146.736,48.672,500,0
104.080,t0_mnv2,25152.887,48.954,500,0
104.136,t0_mnv2,25160.817,56.507,500,0
104.187,t0_mnv2,25142.993,50.730,500,0
104.236,t0_mnv2,25118.824,48.965,500,0
104.286,t0_mnv2,25160.378,50.141,499,0
104.338,t0_mnv2,25132.688,51.907,500,0
104.389,t0_mnv2,25164.778,50.334,500,0
104.436,t0_mnv2,25151.208,47.259,500,0
104.487,t0_mnv2,25148.338,51.418,500,0
104.541,t0_mnv2,25142.797,53.789,500,0
104.589,t0_mnv2,25153.215,47.859,500,0
104.643,t0_mnv2,25146.142,53.277,499,0
104.692,t0_mnv2,25072.679,49.746,498,0
104.746,t0_mnv2,25058.099,53.501,497,0
104.795,t0_mnv2,25102.268,48.903,498,0
104.843,t0_mnv2,25108.953,48.342,498,0
104.897,t0_mnv2,25101.710,53.685,499,0
104.949,t0_mnv2,25134.023,51.726,498,0
104.998,t0_mnv2,25167.654,49.292,499,0
105.051,t0_mnv2,25168.912,53.101,499,0
105.103,t0_mnv2,25161.469,51.530,499,0
105.154,t0_mnv2,25176.264,51.143,499,0
105.202,t0_mnv2,25158.618,47.783,500,0
105.250,t0_mnv2,25169.013,48.651,499,0
105.306,t0_mnv2,25153.944,55.820,499,0
105.353,t0_mnv2,25138.269,47.236,499,0
105.403,t0_mnv2,25131.163,49.571,499,0
105.456,t0_mnv2,25152.272,52.977,498,0
105.507,t0_mnv2,25158.799,50.695,498,0
105.557,t0_mnv2,25088.463,50.637,499,0
105.606,t0_mnv2,25103.628,48.236,500,0
105.657,t0_mnv2,25153.895,51.035,500,0
105.710,t0_mnv2,25184.564,52.795,500,0
105.756,t0_mnv2,25179.046,46.046,500,0
105.807,t0_mnv2,25166.785,51.156,499,0
105.859,t0_mnv2,25181.299,52.161,500,0
105.912,t0_mnv2,25178.386,52.613,499,0
105.961,t0_mnv2,25151.785,49.122,500,0
106.008,t0_mnv2,25155.155,47.471,500,0
106.063,t0_mnv2,25151.074,54.628,500,0
106.113,t0_mnv2,25180.406,49.625,500,0
106.160,t0_mnv2,25175.754,47.140,500,0
106.212,t0_mnv2,25180.170,52.441,500,0
106.264,t0_mnv2,25134.648,51.201,500,0
106.314,t0_mnv2,25162.532,50.447,499,0
106.364,t0_mnv2,25180.832,50.254,498,0
106.415,t0_mnv2,25145.976,50.014,500,0
106.471,t0_mnv2,25170.700,56.329,500,0
106.518,t0_mnv2,25182.587,46.730,500,0
106.568,t0_mnv2,25169.998,50.389,500,0
106.619,t0_mnv2,25174.481,51.375,500,0
106.671,t0_mnv2,25077.340,51.086,500,0
106.721,t0_mnv2,25119.050,50.075,499,0
106.771,t0_mnv2,25153.410,50.012,498,0
106.823,t0_mnv2,25186.126,52.504,499,0
106.874,t0_mnv2,25142.546,51.135,499,0
106.921,t0_mnv2,25180.498,46.055,499,0
106.973,t0_mnv2,25176.965,52.153,498,0
107.026,t0_mnv2,25108.207,52.723,497,0
107.074,t0_mnv2,25155.794,48.866,499,0
107.126,t0_mnv2,25142.749,51.310,498,0
107.176,t0_mnv2,25106.523,50.056,498,0
107.233,t0_mnv2,25146.223,56.921,498,0
107.281,t0_mnv2,25190.881,48.010,499,0
107.329,t0_mnv2,25144.468,47.917,499,0
107.383,t0_mnv2,25154.434,53.718,499,0
107.434,t0_mnv2,25178.083,51.229,499,0
107.483,t0_mnv2,25206.132,49.107,498,0
107.532,t0_mnv2,25199.720,49.102,498,0
107.583,t0_mnv2,25158.605,50.894,500,0
107.638,t0_mnv2,25145.393,54.972,500,0
107.684,t0_mnv2,25105.324,45.799,499,0
107.734,t0_mnv2,25154.700,50.210,500,0
107.787,t0_mnv2,25155.141,53.158,500,0
107.837,t0_mnv2,25170.048,49.568,499,0
107.887,t0_mnv2,25145.070,49.662,500,0
107.935,t0_mnv2,25167.253,48.172,499,0
107.989,t0_mnv2,25207.153,53.632,498,0
108.039,t0_mnv2,25189.448,50.585,497,0
108.087,t0_mnv2,25209.865,47.863,498,0
108.140,t0_mnv2,25158.370,53.267,498,0
108.193,t0_mnv2,25182.003,52.100,498,0
108.241,t0_mnv2,25105.393,48.185,498,0
108.292,t0_mnv2,25104.140,50.802,498,0
108.341,t0_mnv2,25112.297,49.207,499,0
108.395,t0_mnv2,25155.480,54.307,500,0
108.444,t0_mnv2,25182.291,48.742,500,0
108.492,t0_mnv2,25164.961,47.750,500,0
108.546,t0_mnv2,25210.573,53.711,500,0
108.597,t0_mnv2,25190.280,51.679,500,0
108.646,t0_mnv2,25173.951,48.348,500,0
108.696,t0_mnv2,25129.483,50.054,500,0
108.745,t0_mnv2,25122.977,49.705,499,0
108.799,t0_mnv2,25143.605,53.932,500,0
108.847,t0_mnv2,25164.830,47.921,500,0
108.896,t0_mnv2,25210.256,48.849,499,0
108.950,t0_mnv2,25165.824,53.895,500,0
109.001,t0_mnv2,25185.572,50.914,500,0
109.050,t0_mnv2,25189.398,49.216,499,0
109.100,t0_mnv2,25187.706,49.444,499,0
109.152,t0_mnv2,25221.984,52.336,500,0
109.204,t0_mnv2,25204.920,51.658,500,0
109.250,t0_mnv2,25205.714,46.208,500,0
109.301,t0_mnv2,25135.071,50.653,500,0
109.353,t0_mnv2,25185.405,52.203,500,0
109.401,t0_mnv2,25215.017,48.232,500,0
109.451,t0_mnv2,25202.724,49.476,500,0
109.501,t0_mnv2,25187.247,50.528,499,0
109.556,t0_mnv2,25117.755,54.056,498,0
109.604,t0_mnv2,25124.552,48.591,499,0
109.652,t0_mnv2,25161.216,47.827,499,0
109.704,t0_mnv2,25205.966,52.103,499,0
109.756,t0_mnv2,25165.621,51.499,500,0
109.803,t0_mnv2,25174.645,46.868,499,0
109.854,t0_mnv2,25202.458,51.543,499,0
109.904,t0_mnv2,25187.694,50.008,500,0
109.959,t0_mnv2,25143.600,54.380,500,0
110.008,t0_mnv2,25160.071,48.948,499,0
110.055,t0_mnv2,25117.918,47.477,500,0
110.109,t0_mnv2,25170.178,54.008,500,0
110.159,t0_mnv2,25184.103,49.614,500,0
110.207,t0_mnv2,25222.996,47.930,500,0
110.257,t0_mnv2,25176.640,49.650,499,0
110.308,t0_mnv2,25204.445,51.108,499,0
110.360,t0_mnv2,25201.144,52.316,499,0
110.407,t0_mnv2,25169.545,47.326,499,0
110.460,t0_mnv2,25175.031,52.495,500,0
110.513,t0_mnv2,25210.809,52.592,500,0
110.561,t0_mnv2,25177.525,48.604,500,0
110.611,t0_mnv2,25205.450,49.261,499,0
110.660,t0_mnv2,25175.563,49.081,500,0
110.712,t0_mnv2,25215.683,52.318,500,0
110.763,t0_mnv2,24899.698,51.249,500,0
110.810,t0_mnv2,24934.053,47.147,500,0
110.863,t0_mnv2,24962.263,52.961,500,0
110.918,t0_mnv2,24888.358,54.251,500,0
110.966,t0_mnv2,24858.520,48.213,500,0
111.018,t0_mnv2,24906.977,51.593,500,0
111.067,t0_mnv2,24936.299,49.126,499,0
111.119,t0_mnv2,24985.577,52.647,499,0
111.167,t0_mnv2,24987.093,47.566,499,0
111.215,t0_mnv2,24978.975,48.082,498,0
111.269,t0_mnv2,25024.603,54.056,498,0
111.320,t0_mnv2,25048.668,50.386,497,0
111.370,t0_mnv2,25048.978,50.111,497,0
111.419,t0_mnv2,24999.042,49.341,496,0
111.470,t0_mnv2,25042.409,51.230,496,0
111.522,t0_mnv2,25066.478,51.438,496,0
111.570,t0_mnv2,25109.537,47.827,495,0
111.619,t0_mnv2,25150.500,48.681,495,0
111.674,t0_mnv2,25191.579,55.482,494,0
111.723,t0_mnv2,25211.999,48.397,493,0
111.771,t0_mnv2,25221.439,48.648,494,0
111.822,t0_mnv2,25209.268,51.095,495,0
111.875,t0_mnv2,25237.680,52.946,494,0
111.925,t0_mnv2,25106.970,49.482,494,0
111.973,t0_mnv2,25146.710,48.076,495,0
112.025,t0_mnv2,25112.424,51.670,495,0
112.077,t0_mnv2,25125.225,52.580,494,0
112.124,t0_mnv2,25119.519,46.583,495,0
112.175,t0_mnv2,25078.989,50.631,495,0
112.226,t0_mnv2,25052.166,51.691,495,0
112.278,t0_mnv2,25058.671,51.746,496,0
112.329,t0_mnv2,25064.966,50.723,498,0
112.377,t0_mnv2,25010.704,47.956,499,0
112.430,t0_mnv2,25049.875,53.161,499,0
112.481,t0_mnv2,25041.192,50.928,500,0
112.527,t0_mnv2,25052.624,45.691,500,0
112.578,t0_mnv2,25060.227,51.503,499,0
112.631,t0_mnv2,25110.045,52.227,500,0
112.681,t0_mnv2,25032.958,50.069,499,0
112.730,t0_mnv2,25079.750,48.823,498,0
112.780,t0_mnv2,25070.914,50.808,497,0
112.835,t0_mnv2,25119.660,54.147,498,0
112.883,t0_mnv2,25140.150,48.773,498,0
112.930,t0_mnv2,25180.301,46.982,498,0
112.982,t0_mnv2,25221.569,51.722,497,0
113.034,t0_mnv2,25210.051,52.119,500,0
113.083,t0_mnv2,25239.761,48.798,500,0
113.132,t0_mnv2,25136.977,49.148,500,0
113.182,t0_mnv2,25160.375,50.058,499,0
113.238,t0_mnv2,25122.441,55.664,500,0
113.286,t0_mnv2,25117.347,47.570,500,0
113.335,t0_mnv2,25158.761,49.700,500,0
113.387,t0_mnv2,25135.022,51.017,500,0
113.438,t0_mnv2,25146.029,50.921,500,0
113.486,t0_mnv2,25190.963,48.816,500,0
113.535,t0_mnv2,25198.757,48.440,500,0
113.586,t0_mnv2,25248.343,50.843,500,0
113.640,t0_mnv2,25255.127,53.935,500,0
113.687,t0_mnv2,25230.562,47.392,499,0
113.739,t0_mnv2,25228.764,51.594,499,0
113.791,t0_mnv2,25251.227,52.299,498,0
113.840,t0_mnv2,25217.741,49.252,497,0
113.890,t0_mnv2,25189.118,49.603,499,0
113.938,t0_mnv2,25212.525,47.853,500,0
113.993,t0_mnv2,25207.380,54.509,499,0
114.042,t0_mnv2,25248.581,49.728,499,0
114.089,t0_mnv2,25220.172,46.875,499,0
114.140,t0_mnv2,25188.170,51.203,499,0
114.195,t0_mnv2,25238.319,54.224,498,0
114.243,t0_mnv2,25204.643,48.469,498,0
114.294,t0_mnv2,25245.462,50.543,498,0
114.344,t0_mnv2,25240.216,49.730,499,0
114.397,t0_mnv2,25260.722,53.861,500,0
114.446,t0_mnv2,25195.576,48.559,500,0
114.495,t0_mnv2,25193.932,48.798,500,0
114.548,t0_mnv2,25197.713,52.869,500,0
114.600,t0_mnv2,25235.994,51.916,500,0
114.648,t0_mnv2,25246.841,48.488,499,0
114.699,t0_mnv2,25262.953,51.059,500,0
114.750,t0_mnv2,25263.298,50.861,500,0
114.803,t0_mnv2,25274.070,52.880,500,0
114.850,t0_mnv2,25256.518,47.024,499,0
114.898,t0_mnv2,25255.750,48.166,500,0
114.953,t0_mnv2,25271.366,54.501,500,0
115.003,t0_mnv2,25269.661,49.894,499,0
115.051,t0_mnv2,25215.707,48.265,500,0
115.103,t0_mnv2,25235.947,51.662,500,0
115.156,t0_mnv2,25235.076,52.921,500,0
115.207,t0_mnv2,25248.685,51.024,500,0
115.254,t0_mnv2,25267.784,46.731,500,0
115.304,t0_mnv2,25237.560,50.513,499,0
115.357,t0_mnv2,25277.204,52.694,499,0
115.405,t0_mnv2,25254.316,47.751,500,0
115.456,t0_mnv2,25233.548,50.891,500,0
115.506,t0_mnv2,25181.954,50.407,499,0
115.560,t0_mnv2,25170.561,53.772,500,0
115.610,t0_mnv2,25163.962,50.290,500,0
115.658,t0_mnv2,25201.455,48.112,500,0
115.710,t0_mnv2,25222.948,51.995,500,0
115.763,t0_mnv2,25247.717,52.901,500,0
115.810,t0_mnv2,25258.812,46.296,499,0
115.861,t0_mnv2,25255.147,50.828,500,0
115.912,t0_mnv2,25255.432,50.931,500,0
115.964,t0_mnv2,25260.563,51.896,500,0
116.012,t0_mnv2,25242.399,48.610,499,0
116.062,t0_mnv2,25242.118,49.659,499,0
116.116,t0_mnv2,25255.608,54.058,500,0
116.165,t0_mnv2,25281.047,49.309,500,0
116.214,t0_mnv2,25234.275,48.491,500,0
116.264,t0_mnv2,25216.017,49.888,499,0
116.315,t0_mnv2,25238.216,51.336,499,0
116.366,t0_mnv2,25228.350,50.814,499,0
116.413,t0_mnv2,25260.284,47.172,499,0
116.463,t0_mnv2,25268.919,50.042,499,0
116.518,t0_mnv2,25251.950,54.791,498,0
116.566,t0_mnv2,25283.515,47.894,498,0
116.616,t0_mnv2,25247.581,50.054,497,0
116.667,t0_mnv2,25280.947,50.554,498,0
116.720,t0_mnv2,25280.822,53.009,498,0
116.769,t0_mnv2,25249.738,48.883,498,0
116.817,t0_mnv2,25267.266,48.377,500,0
116.869,t0_mnv2,25265.372,51.862,500,0
116.922,t0_mnv2,25232.980,52.990,500,0
116.971,t0_mnv2,25263.131,49.120,500,0
117.024,t0_mnv2,25206.523,52.463,499,0
117.075,t0_mnv2,25240.908,51.326,500,0
117.127,t0_mnv2,25272.412,52.140,500,0
117.175,t0_mnv2,25142.390,47.712,500,0
117.223,t0_mnv2,25175.108,48.286,500,0
117.279,t0_mnv2,25229.365,55.154,500,0
117.327,t0_mnv2,25269.429,48.720,500,0
117.376,t0_mnv2,25180.186,49.095,500,0
117.427,t0_mnv2,25212.025,50.718,500,0
117.480,t0_mnv2,25207.879,53.082,500,0
117.531,t0_mnv2,25193.511,50.442,499,0
117.579,t0_mnv2,25233.604,47.883,500,0
117.631,t0_mnv2,25221.891,52.048,500,0
117.684,t0_mnv2,25250.384,53.281,500,0
117.731,t0_mnv2,25284.729,47.275,499,0
117.782,t0_mnv2,25282.243,50.442,499,0
117.833,t0_mnv2,25278.663,50.844,500,0
117.885,t0_mnv2,25242.262,51.906,500,0
117.937,t0_mnv2,25256.824,51.831,500,0
117.985,t0_mnv2,25246.518,48.169,500,0
118.038,t0_mnv2,25296.196,52.726,499,0
118.089,t0_mnv2,25251.913,50.969,500,0
118.134,t0_mnv2,25253.490,45.431,499,0
118.186,t0_mnv2,25294.997,51.945,499,0
118.237,t0_mnv2,25285.583,51.013,499,0
118.288,t0_mnv2,25286.054,50.727,499,0
118.336,t0_mnv2,25274.916,47.851,499,0
118.386,t0_mnv2,25281.269,49.866,499,0
118.442,t0_mnv2,25299.542,56.236,500,0
118.491,t0_mnv2,25268.493,48.457,500,0
118.539,t0_mnv2,25182.512,48.086,500,0
118.590,t0_mnv2,25180.886,51.497,499,0
118.642,t0_mnv2,25196.821,52.061,499,0
118.692,t0_mnv2,25168.267,49.274,500,0
118.741,t0_mnv2,25166.173,49.521,500,0
118.792,t0_mnv2,25152.167,50.381,500,0
118.847,t0_mnv2,25186.013,55.398,500,0
118.895,t0_mnv2,25216.103,47.711,500,0
118.945,t0_mnv2,25260.271,50.052,500,0
118.997,t0_mnv2,25302.398,52.224,500,0
119.047,t0_mnv2,25294.851,50.041,500,0
119.096,t0_mnv2,25277.317,48.471,500,0
119.146,t0_mnv2,25261.845,50.215,500,0
119.196,t0_mnv2,25263.749,50.305,499,0
119.250,t0_mnv2,25280.385,53.493,498,0
119.297,t0_mnv2,25311.270,47.069,499,0
119.349,t0_mnv2,25309.212,51.789,499,0
119.402,t0_mnv2,25305.339,52.824,499,0
119.450,t0_mnv2,25300.806,48.219,500,0
119.500,t0_mnv2,25253.279,49.948,499,0
119.548,t0_mnv2,25287.109,48.396,498,0
119.602,t0_mnv2,25309.198,53.605,499,0
119.652,t0_mnv2,25268.819,49.623,500,0
119.699,t0_mnv2,25311.852,47.532,499,0
119.752,t0_mnv2,25303.594,52.380,499,0
119.807,t0_mnv2,25265.426,55.637,500,0
119.855,t0_mnv2,25263.453,47.857,500,0
119.907,t0_mnv2,25308.047,51.775,500,0
119.957,t0_mnv2,25309.920,50.318,500,0
120.012,t0_mnv2,25318.130,54.595,499,0
120.060,t0_mnv2,25290.737,47.476,499,0
120.108,t0_mnv2,25287.780,48.235,499,0
120.162,t0_mnv2,25231.454,54.285,500,0
120.213,t0_mnv2,25264.369,50.463,500,0
120.262,t0_mnv2,25304.211,48.854,500,0
120.312,t0_mnv2,25322.405,50.156,500,0
120.363,t0_mnv2,25299.473,51.588,499,0
120.414,t0_mnv2,25310.093,51.067,500,0
120.462,t0_mnv2,25313.721,47.057,500,0
120.512,t0_mnv2,25316.675,50.014,500,0
120.566,t0_mnv2,25319.802,53.902,500,0
120.614,t0_mnv2,25324.214,48.557,499,0
120.663,t0_mnv2,25319.297,49.257,499,0
120.715,t0_mnv2,25307.304,51.167,500,0
120.768,t0_mnv2,25324.109,53.630,500,0
120.819,t0_mnv2,25288.594,50.581,500,0
120.869,t0_mnv2,25313.707,50.361,500,0
120.921,t0_mnv2,25308.558,51.609,500,0
120.974,t0_mnv2,25306.486,53.311,500,0
121.021,t0_mnv2,25322.408,46.395,500,0
121.071,t0_mnv2,25305.769,50.620,499,0
121.122,t0_mnv2,25258.596,50.808,500,0
121.174,t0_mnv2,25302.889,51.792,500,0
121.223,t0_mnv2,25276.839,49.112,499,0
121.272,t0_mnv2,25321.574,48.792,499,0
121.327,t0_mnv2,25327.384,54.558,500,0
121.376,t0_mnv2,25330.646,49.329,499,0
121.424,t0_mnv2,25298.007,47.778,498,0
121.475,t0_mnv2,25295.750,51.460,499,0
121.527,t0_mnv2,25292.868,51.237,498,0
121.577,t0_mnv2,25323.648,50.548,497,0
121.626,t0_mnv2,25315.581,48.884,499,0
121.676,t0_mnv2,25202.117,49.468,498,0
121.733,t0_mnv2,25235.994,57.333,500,0
121.780,t0_mnv2,25273.990,46.880,499,0
121.830,t0_mnv2,25308.747,50.135,499,0
121.881,t0_mnv2,25250.007,50.887,500,0
121.932,t0_mnv2,25219.949,51.118,500,0
121.982,t0_mnv2,25250.581,49.426,500,0
122.031,t0_mnv2,25281.530,49.106,500,0
122.083,t0_mnv2,25258.614,52.075,499,0
122.136,t0_mnv2,25272.252,52.764,499,0
122.183,t0_mnv2,25274.170,47.246,500,0
122.234,t0_mnv2,25290.106,51.133,500,0
122.285,t0_mnv2,25276.661,50.397,500,0
122.336,t0_mnv2,25317.902,51.078,499,0
122.384,t0_mnv2,25317.317,48.208,499,0
122.432,t0_mnv2,25320.640,48.216,500,0
122.487,t0_mnv2,25337.041,54.534,500,0
122.537,t0_mnv2,25335.280,50.213,500,0
122.585,t0_mnv2,25317.702,47.477,500,0
122.638,t0_mnv2,25303.286,53.826,500,0
122.690,t0_mnv2,25253.299,52.015,500,0
122.740,t0_mnv2,25289.346,49.664,500,0
122.789,t0_mnv2,25298.250,48.879,500,0
122.838,t0_mnv2,25339.938,49.144,500,0
122.895,t0_mnv2,25321.420,56.218,500,0
122.943,t0_mnv2,25321.387,48.179,499,0
122.994,t0_mnv2,25324.213,50.856,500,0
123.048,t0_mnv2,25343.860,54.005,499,0
123.099,t0_mnv2,25300.685,51.514,500,0
123.148,t0_mnv2,25339.929,48.502,500,0
123.198,t0_mnv2,25336.148,49.746,500,0
123.248,t0_mnv2,25330.842,50.405,499,0
123.302,t0_mnv2,25325.134,53.379,498,0
123.348,t0_mnv2,25350.959,46.690,498,0
123.399,t0_mnv2,25352.402,50.293,499,0
123.451,t0_mnv2,25349.572,52.837,500,0
123.502,t0_mnv2,25330.960,50.302,500,0
123.553,t0_mnv2,25322.456,51.254,500,0
123.602,t0_mnv2,25303.158,48.831,499,0
123.656,t0_mnv2,25283.667,53.582,499,0
123.705,t0_mnv2,25235.748,49.442,499,0
123.752,t0_mnv2,25242.071,46.994,499,0
123.804,t0_mnv2,25244.118,51.840,500,0
123.858,t0_mnv2,25271.093,53.841,500,0
123.905,t0_mnv2,25296.553,47.579,500,0
123.959,t0_mnv2,25320.614,53.398,500,0
124.010,t0_mnv2,25341.149,50.715,500,0
124.063,t0_mnv2,25327.693,53.146,500,0
124.111,t0_mnv2,25356.881,48.470,500,0
124.159,t0_mnv2,25352.489,47.974,500,0
124.214,t0_mnv2,25343.949,54.245,499,0
124.264,t0_mnv2,25303.380,50.203,499,0
124.312,t0_mnv2,25305.945,47.846,499,0
124.362,t0_mnv2,25301.662,50.168,499,0
124.415,t0_mnv2,25326.442,52.901,498,0
124.468,t0_mnv2,25360.669,52.769,497,0
124.515,t0_mnv2,25344.316,47.438,496,0
124.566,t0_mnv2,25361.845,50.881,498,0
124.620,t0_mnv2,25344.882,53.401,498,0
124.668,t0_mnv2,25261.315,48.465,498,0
124.717,t0_mnv2,25292.895,48.983,497,0
124.768,t0_mnv2,25314.929,50.637,498,0
124.820,t0_mnv2,25346.293,52.667,498,0
124.874,t0_mnv2,25350.354,53.548,498,0
124.922,t0_mnv2,25353.237,47.703,499,0
124.975,t0_mnv2,25336.899,52.902,500,0
125.028,t0_mnv2,25260.252,53.024,500,0
125.074,t0_mnv2,25127.547,46.036,500,0
125.125,t0_mnv2,25130.774,51.284,500,0
125.177,t0_mnv2,25131.588,51.362,500,0
125.228,t0_mnv2,25153.341,51.776,500,0
125.276,t0_mnv2,25188.722,47.374,500,0
125.326,t0_mnv2,25210.428,50.044,500,0
125.381,t0_mnv2,25261.555,55.262,500,0
125.431,t0_mnv2,25116.467,49.648,500,0
125.480,t0_mnv2,25093.295,48.979,500,0
125.530,t0_mnv2,25135.689,49.895,500,0
125.581,t0_mnv2,25137.899,51.324,500,0
125.634,t0_mnv2,25165.179,52.559,500,0
125.681,t0_mnv2,25199.059,47.420,500,0
125.731,t0_mnv2,25247.163,49.624,500,0
125.788,t0_mnv2,25211.903,57.297,500,0
125.836,t0_mnv2,25160.327,47.321,500,0
125.884,t0_mnv2,25191.254,48.829,500,0
125.936,t0_mnv2,25195.572,51.967,500,0
125.989,t0_mnv2,25177.137,53.005,500,0
126.040,t0_mnv2,25166.315,50.545,500,0
126.089,t0_mnv2,25175.864,48.477,499,0
126.142,t0_mnv2,25080.135,53.244,499,0
126.194,t0_mnv2,25082.530,51.942,500,0
126.242,t0_mnv2,25109.909,48.490,500,0
126.294,t0_mnv2,25081.028,51.560,500,0
126.346,t0_mnv2,25125.545,51.642,500,0
126.397,t0_mnv2,25171.215,50.831,499,0
126.444,t0_mnv2,25192.686,47.767,500,0
126.493,t0_mnv2,25183.658,49.098,500,0
126.547,t0_mnv2,25214.148,53.741,500,0
126.598,t0_mnv2,25263.954,50.419,500,0
126.645,t0_mnv2,25239.211,47.186,500,0
126.697,t0_mnv2,25282.367,52.448,500,0
126.751,t0_mnv2,25331.561,53.353,499,0
126.800,t0_mnv2,25377.514,48.810,499,0
126.850,t0_mnv2,25373.748,49.996,499,0
126.900,t0_mnv2,25217.929,50.111,500,0
126.954,t0_mnv2,25269.893,54.240,500,0
127.001,t0_mnv2,25301.154,47.310,500,0
127.052,t0_mnv2,25343.595,50.207,500,0
127.103,t0_mnv2,25285.494,51.683,500,0
127.155,t0_mnv2,25258.528,51.883,500,0
127.206,t0_mnv2,25290.077,50.239,499,0
127.254,t0_mnv2,25301.806,48.362,500,0
127.307,t0_mnv2,25304.967,52.565,499,0
127.357,t0_mnv2,25343.559,50.760,499,0
127.404,t0_mnv2,25367.474,46.715,500,0
127.456,t0_mnv2,25369.713,51.430,499,0
127.509,t0_mnv2,25328.177,52.946,500,0
127.557,t0_mnv2,25358.439,48.753,500,0
127.611,t0_mnv2,25394.409,53.796,500,0
127.660,t0_mnv2,25377.415,48.574,500,0
127.715,t0_mnv2,25394.371,54.929,500,0
127.764,t0_mnv2,25318.302,49.301,499,0
127.812,t0_mnv2,25324.430,47.815,500,0
127.865,t0_mnv2,25364.978,52.630,500,0
127.916,t0_mnv2,25373.857,51.379,500,0
127.964,t0_mnv2,25353.035,47.719,500,0
128.014,t0_mnv2,25350.282,50.081,500,0
128.067,t0_mnv2,25333.067,52.556,499,0
128.120,t0_mnv2,25214.728,53.729,500,0
128.167,t0_mnv2,25216.115,46.810,500,0
128.218,t0_mnv2,25236.507,50.554,500,0
128.270,t0_mnv2,25199.466,51.820,500,0
128.319,t0_mnv2,25146.813,49.631,500,0
128.369,t0_mnv2,25183.373,49.708,500,0
128.419,t0_mnv2,25220.631,49.695,500,0
128.471,t0_mnv2,25219.806,51.725,500,0
128.526,t0_mnv2,25273.494,55.187,500,0
128.572,t0_mnv2,25311.188,46.495,499,0
128.623,t0_mnv2,25331.454,50.768,498,0
128.677,t0_mnv2,25332.692,53.936,499,0
128.724,t0_mnv2,25312.968,46.595,500,0
128.774,t0_mnv2,25343.429,50.179,499,0
128.824,t0_mnv2,25312.355,50.023,500,0
128.877,t0_mnv2,25352.046,53.429,500,0
128.927,t0_mnv2,25352.870,49.021,500,0
128.978,t0_mnv2,25350.381,51.757,499,0
129.032,t0_mnv2,25272.947,53.990,499,0
129.083,t0_mnv2,25258.075,50.905,500,0
129.132,t0_mnv2,25286.127,48.490,500,0
129.182,t0_mnv2,25265.844,49.937,499,0
129.232,t0_mnv2,25314.125,50.590,498,0
129.285,t0_mnv2,25331.023,52.165,498,0
129.333,t0_mnv2,25343.362,48.439,497,0
129.381,t0_mnv2,25315.986,47.955,498,0
129.437,t0_mnv2,25337.868,56.167,499,0
129.487,t0_mnv2,25318.398,49.970,499,0
129.536,t0_mnv2,25318.082,48.899,498,0
129.587,t0_mnv2,25293.169,50.385,499,0
129.638,t0_mnv2,25336.700,51.641,500,0
129.689,t0_mnv2,25309.036,50.542,500,0
129.736,t0_mnv2,25322.169,47.261,499,0
129.788,t0_mnv2,25328.348,51.796,499,0
129.842,t0_mnv2,25354.268,53.759,499,0
129.890,t0_mnv2,25335.364,48.153,499,0
129.946,t0_mnv2,25191.240,55.678,498,0
129.997,t0_mnv2,25213.940,51.375,500,0
130.050,t0_mnv2,25223.984,52.428,499,0
130.097,t0_mnv2,25250.185,46.961,498,0
130.146,t0_mnv2,25268.878,49.165,498,0
130.199,t0_mnv2,25228.142,52.872,497,0
130.250,t0_mnv2,25258.617,51.399,497,0
130.297,t0_mnv2,25298.159,46.912,500,0
130.352,t0_mnv2,25265.681,54.649,500,0
130.403,t0_mnv2,25282.252,51.460,499,0
130.454,t0_mnv2,25288.580,50.122,499,0
130.502,t0_mnv2,25335.267,48.490,498,0
130.551,t0_mnv2,25282.338,49.231,498,0
130.607,t0_mnv2,25260.872,55.165,500,0
130.655,t0_mnv2,25288.417,48.459,500,0
130.705,t0_mnv2,25239.290,49.512,500,0
130.756,t0_mnv2,25242.001,51.142,500,0
130.809,t0_mnv2,25283.003,53.040,500,0
130.859,t0_mnv2,25300.937,50.434,500,0
130.908,t0_mnv2,25347.427,48.313,500,0
130.960,t0_mnv2,25343.873,52.398,500,0
131.013,t0_mnv2,25318.739,52.413,500,0
131.060,t0_mnv2,25348.489,47.005,500,0
131.111,t0_mnv2,25285.443,51.513,500,0
131.163,t0_mnv2,25327.357,51.537,500,0
131.214,t0_mnv2,25293.322,51.005,500,0
131.264,t0_mnv2,25326.640,50.555,500,0
131.313,t0_mnv2,25350.954,48.245,500,0
131.367,t0_mnv2,25355.076,54.225,500,0
131.417,t0_mnv2,25338.956,50.424,500,0
131.463,t0_mnv2,25314.686,46.103,500,0
131.516,t0_mnv2,25318.278,52.032,500,0
131.567,t0_mnv2,25350.376,51.910,500,0
131.617,t0_mnv2,25223.269,49.412,500,0
131.666,t0_mnv2,25254.455,48.908,500,0
131.716,t0_mnv2,25302.249,50.347,499,0
131.772,t0_mnv2,25325.015,56.052,500,0
131.820,t0_mnv2,25322.299,47.567,499,0
131.870,t0_mnv2,25305.386,49.826,500,0
131.921,t0_mnv2,25345.441,50.742,500,0
131.972,t0_mnv2,25348.754,51.695,500,0
132.022,t0_mnv2,25238.030,49.652,499,0
132.070,t0_mnv2,25277.869,48.337,499,0
132.123,t0_mnv2,25252.149,52.371,499,0
132.175,t0_mnv2,25261.509,52.303,498,0
132.223,t0_mnv2,25177.228,47.714,500,0
132.273,t0_mnv2,25206.298,50.044,500,0
132.326,t0_mnv2,25255.803,52.961,500,0
132.375,t0_mnv2,25211.811,49.003,500,0
132.425,t0_mnv2,25215.668,50.244,500,0
132.475,t0_mnv2,25201.701,49.225,499,0
132.528,t0_mnv2,25253.754,53.137,499,0
132.578,t0_mnv2,25251.325,49.852,498,0
132.625,t0_mnv2,25254.546,47.131,498,0
132.678,t0_mnv2,25271.856,53.426,498,0
132.731,t0_mnv2,25220.715,52.607,499,0
132.779,t0_mnv2,25238.279,48.115,500,0
132.830,t0_mnv2,25261.457,50.612,499,0
132.879,t0_mnv2,25309.036,49.177,498,0
132.933,t0_mnv2,25326.944,53.695,498,0
132.981,t0_mnv2,25291.145,48.287,498,0
133.029,t0_mnv2,25324.633,48.183,497,0
133.082,t0_mnv2,25337.314,52.704,500,0
133.134,t0_mnv2,25292.684,51.643,500,0
133.183,t0_mnv2,25328.446,49.135,499,0
133.232,t0_mnv2,25184.382,48.769,500,0
133.282,t0_mnv2,25224.006,50.829,500,0
133.335,t0_mnv2,25211.978,52.928,500,0
133.382,t0_mnv2,25203.549,46.102,500,0
133.430,t0_mnv2,25204.521,48.569,499,0
133.485,t0_mnv2,25198.282,54.619,500,0
133.534,t0_mnv2,25239.978,49.467,500,0
133.583,t0_mnv2,25252.543,48.405,500,0
133.635,t0_mnv2,25285.994,52.030,499,0
133.688,t0_mnv2,25336.483,52.939,499,0
133.739,t0_mnv2,25323.085,51.355,499,0
133.787,t0_mnv2,25321.174,47.512,500,0
133.837,t0_mnv2,25342.942,49.725,500,0
133.890,t0_mnv2,25318.258,52.868,500,0
133.937,t0_mnv2,25325.271,47.474,500,0
133.987,t0_mnv2,25292.996,49.502,500,0
134.038,t0_mnv2,25272.776,51.725,500,0
134.090,t0_mnv2,25296.770,51.927,500,0
134.142,t0_mnv2,25296.677,51.527,500,0
134.192,t0_mnv2,25249.503,49.717,499,0
134.243,t0_mnv2,25299.215,51.712,499,0
134.296,t0_mnv2,25345.843,52.646,500,0
134.342,t0_mnv2,25270.038,45.765,499,0
134.393,t0_mnv2,25273.339,50.643,500,0
134.444,t0_mnv2,25322.180,50.875,500,0
134.495,t0_mnv2,25308.185,51.430,499,0
134.544,t0_mnv2,25331.320,48.698,498,0
134.593,t0_mnv2,25319.115,49.371,498,0
134.649,t0_mnv2,25344.292,55.809,497,0
134.698,t0_mnv2,25343.249,49.368,498,0
134.745,t0_mnv2,25338.293,46.705,498,0
134.799,t0_mnv2,25241.481,53.922,500,0
134.851,t0_mnv2,25292.634,51.770,500,0
134.901,t0_mnv2,25275.227,49.830,500,0
134.949,t0_mnv2,25250.618,47.815,500,0
134.999,t0_mnv2,25290.021,50.462,500,0
135.055,t0_mnv2,25329.434,55.663,500,0
135.103,t0_mnv2,25255.172,48.429,500,0
135.154,t0_mnv2,25258.132,51.060,499,0
135.206,t0_mnv2,25307.861,51.584,499,0
135.258,t0_mnv2,25328.365,51.900,500,0
135.307,t0_mnv2,25273.378,48.731,499,0
135.355,t0_mnv2,25311.298,47.840,498,0
135.405,t0_mnv2,25335.187,49.833,500,0
135.459,t0_mnv2,25344.466,54.558,500,0
135.505,t0_mnv2,25312.210,46.045,499,0
135.555,t0_mnv2,25247.922,49.905,498,0
135.609,t0_mnv2,25291.721,54.246,498,0
135.659,t0_mnv2,25270.991,49.487,500,0
135.709,t0_mnv2,25278.929,49.569,499,0
135.757,t0_mnv2,25308.858,48.330,499,0
135.810,t0_mnv2,25328.013,52.833,499,0
135.860,t0_mnv2,25321.778,50.433,500,0
135.907,t0_mnv2,25258.105,47.033,500,0
135.958,t0_mnv2,25304.449,50.664,500,0
136.011,t0_mnv2,25318.052,52.785,500,0
136.061,t0_mnv2,25311.016,49.740,500,0
136.112,t0_mnv2,25309.312,51.711,500,0
136.161,t0_mnv2,25336.478,48.379,500,0
136.215,t0_mnv2,25328.198,53.944,500,0
136.263,t0_mnv2,25314.187,48.562,500,0
136.310,t0_mnv2,25307.681,47.016,499,0
136.361,t0_mnv2,25260.863,51.018,498,0
136.413,t0_mnv2,25275.585,51.702,499,0
136.462,t0_mnv2,25218.766,49.055,498,0
136.512,t0_mnv2,25176.389,49.478,498,0
136.563,t0_mnv2,25128.060,51.226,498,0
136.618,t0_mnv2,25122.647,54.687,500,0
136.664,t0_mnv2,25093.648,46.036,499,0
136.712,t0_mnv2,24964.514,48.037,500,0
136.767,t0_mnv2,25017.991,54.466,500,0
136.816,t0_mnv2,25020.134,49.484,500,0
136.864,t0_mnv2,25066.181,48.053,500,0
136.915,t0_mnv2,25037.822,50.529,499,0
136.966,t0_mnv2,25008.267,51.188,498,0
137.018,t0_mnv2,25059.763,52.507,499,0
137.068,t0_mnv2,25084.093,49.430,499,0
137.117,t0_mnv2,25034.501,49.464,498,0
137.170,t0_mnv2,25067.382,52.508,500,0
137.218,t0_mnv2,25072.850,48.499,500,0
137.268,t0_mnv2,25083.573,49.824,500,0
137.317,t0_mnv2,25072.187,49.030,500,0
137.371,t0_mnv2,25118.318,53.751,499,0
137.420,t0_mnv2,25131.604,48.752,499,0
137.468,t0_mnv2,25177.206,47.693,498,0
137.521,t0_mnv2,25192.898,52.734,500,0
137.575,t0_mnv2,25229.048,54.149,500,0
137.621,t0_mnv2,25248.903,46.519,500,0
137.674,t0_mnv2,25254.973,52.203,499,0
137.724,t0_mnv2,25267.781,50.161,500,0
137.776,t0_mnv2,25318.438,51.694,500,0
137.824,t0_mnv2,25305.037,48.125,500,0
137.872,t0_mnv2,25275.464,48.591,499,0
137.925,t0_mnv2,25326.094,52.954,499,0
137.976,t0_mnv2,25189.063,50.233,500,0
138.027,t0_mnv2,25206.857,51.112,500,0
138.077,t0_mnv2,25199.800,49.991,500,0
138.129,t0_mnv2,25199.757,51.746,500,0
138.179,t0_mnv2,25195.790,50.616,500,0
138.228,t0_mnv2,25225.835,48.193,499,0
138.276,t0_mnv2,25273.066,48.702,499,0
138.331,t0_mnv2,25320.205,54.957,500,0
138.380,t0_mnv2,25336.751,48.448,500,0
138.428,t0_mnv2,25340.498,48.532,500,0
138.480,t0_mnv2,25276.021,51.240,500,0
138.533,t0_mnv2,25316.334,53.778,500,0
138.583,t0_mnv2,25321.351,49.572,500,0
138.631,t0_mnv2,25332.664,47.706,500,0
138.682,t0_mnv2,25343.852,50.717,500,0
138.735,t0_mnv2,25340.731,53.259,500,0
138.781,t0_mnv2,25297.182,46.344,500,0
138.832,t0_mnv2,25318.667,50.994,499,0
138.884,t0_mnv2,25344.173,51.864,499,0
138.935,t0_mnv2,25347.292,50.891,499,0
138.987,t0_mnv2,25284.543,51.923,500,0
139.036,t0_mnv2,25186.633,48.624,500,0
139.088,t0_mnv2,25238.441,52.310,499,0
139.140,t0_mnv2,25266.182,51.700,500,0
139.186,t0_mnv2,25288.328,46.480,499,0
139.238,t0_mnv2,25317.922,51.672,500,0
139.290,t0_mnv2,25278.995,51.493,499,0
139.339,t0_mnv2,25294.796,49.832,499,0
139.389,t0_mnv2,25258.724,48.993,499,0
139.438,t0_mnv2,25229.916,49.502,499,0
139.494,t0_mnv2,25228.423,56.101,500,0
139.542,t0_mnv2,25229.776,47.543,500,0
139.590,t0_mnv2,25252.765,48.589,500,0
139.642,t0_mnv2,25294.867,51.722,499,0
139.694,t0_mnv2,25328.335,51.700,498,0
139.742,t0_mnv2,25304.439,48.428,497,0
139.792,t0_mnv2,25337.039,49.875,496,0
139.842,t0_mnv2,25327.008,49.708,497,0
139.896,t0_mnv2,25346.766,54.293,497,0
139.945,t0_mnv2,25273.932,48.301,499,0
139.994,t0_mnv2,25314.686,49.014,498,0
140.047,t0_mnv2,25344.265,53.120,498,0
140.097,t0_mnv2,25342.903,50.109,497,0
140.145,t0_mnv2,25266.247,48.162,497,0
140.195,t0_mnv2,25311.612,49.814,499,0
140.246,t0_mnv2,25312.448,50.889,500,0
140.299,t0_mnv2,25289.105,52.990,500,0
140.346,t0_mnv2,25312.120,46.542,500,0
140.397,t0_mnv2,25332.695,51.496,500,0
140.452,t0_mnv2,25329.484,54.538,500,0
140.500,t0_mnv2,25338.680,47.972,500,0
140.550,t0_mnv2,25314.977,50.174,500,0
140.599,t0_mnv2,25251.702,48.980,500,0
140.652,t0_mnv2,25289.929,53.103,499,0
140.701,t0_mnv2,25325.103,48.844,498,0
140.749,t0_mnv2,25312.022,47.524,499,0
140.801,t0_mnv2,25269.259,51.826,498,0
140.854,t0_mnv2,25306.399,53.157,498,0
140.901,t0_mnv2,25313.548,47.566,499,0
140.954,t0_mnv2,25295.967,52.521,498,0
141.005,t0_mnv2,25339.195,50.912,499,0
141.058,t0_mnv2,25341.197,53.189,499,0
141.106,t0_mnv2,25290.738,47.649,500,0
141.153,t0_mnv2,25325.439,47.686,500,0
141.206,t0_mnv2,25320.734,52.901,500,0
141.257,t0_mnv2,25334.717,50.701,500,0
141.305,t0_mnv2,25276.650,48.215,500,0
141.356,t0_mnv2,25283.979,50.116,500,0
141.407,t0_mnv2,25329.531,51.608,500,0
141.460,t0_mnv2,25300.926,52.823,500,0
141.507,t0_mnv2,25340.640,46.506,500,0
141.557,t0_mnv2,25260.349,50.712,500,0
141.611,t0_mnv2,25257.216,53.546,500,0
141.658,t0_mnv2,25273.484,47.482,499,0
141.707,t0_mnv2,25262.425,48.908,498,0
141.757,t0_mnv2,25209.059,50.023,498,0
141.809,t0_mnv2,25166.604,51.886,497,0
141.860,t0_mnv2,25201.909,50.135,497,0
141.908,t0_mnv2,25199.810,47.963,496,0
141.961,t0_mnv2,25228.251,52.964,496,0
142.013,t0_mnv2,25242.202,52.726,498,0
142.061,t0_mnv2,25257.365,47.700,497,0
142.112,t0_mnv2,25300.372,50.849,497,0
142.161,t0_mnv2,25321.654,49.138,499,0
142.214,t0_mnv2,25313.111,52.555,500,0
142.261,t0_mnv2,25329.910,47.652,500,0
142.310,t0_mnv2,25247.810,48.544,500,0
142.363,t0_mnv2,25299.733,52.559,499,0
142.415,t0_mnv2,25335.160,52.561,500,0
142.463,t0_mnv2,25300.212,47.632,499,0
142.514,t0_mnv2,25327.308,51.293,500,0
142.565,t0_mnv2,25327.295,50.376,500,0
142.616,t0_mnv2,25333.699,51.358,500,0
142.664,t0_mnv2,25320.693,47.562,500,0
142.712,t0_mnv2,25333.595,48.614,500,0
142.767,t0_mnv2,25305.847,54.819,500,0
142.816,t0_mnv2,25284.285,48.552,499,0
142.864,t0_mnv2,25323.884,48.314,500,0
142.919,t0_mnv2,25311.094,54.380,499,0
142.970,t0_mnv2,25316.488,51.353,498,0
143.020,t0_mnv2,25251.221,50.289,498,0
143.068,t0_mnv2,25261.689,48.181,499,0
143.119,t0_mnv2,25302.470,50.071,499,0
143.173,t0_mnv2,25311.316,53.890,499,0
143.220,t0_mnv2,25329.847,47.048,499,0
143.270,t0_mnv2,25306.114,50.193,498,0
143.321,t0_mnv2,25258.589,50.967,497,0
143.373,t0_mnv2,25295.353,51.709,496,0
143.423,t0_mnv2,25240.978,50.504,495,0
143.471,t0_mnv2,25282.409,47.480,494,0
143.524,t0_mnv2,25279.094,53.661,495,0
143.575,t0_mnv2,25265.045,50.954,494,0
143.621,t0_mnv2,25279.294,45.994,493,0
143.672,t0_mnv2,25263.967,50.921,493,0
143.724,t0_mnv2,25315.082,51.507,492,0
143.775,t0_mnv2,25324.857,50.941,493,0
143.823,t0_mnv2,25328.915,48.194,493,0
143.873,t0_mnv2,25255.702,49.874,493,0
143.929,t0_mnv2,25239.017,55.497,494,0
143.979,t0_mnv2,25288.120,50.434,493,0
144.027,t0_mnv2,25327.558,48.020,495,0
144.079,t0_mnv2,25317.861,51.597,494,0
144.131,t0_mnv2,25335.927,51.754,493,0
144.179,t0_mnv2,25305.124,48.813,495,0
144.228,t0_mnv2,25325.510,48.782,496,0
144.278,t0_mnv2,25303.099,49.992,500,0
144.333,t0_mnv2,25323.631,54.592,500,0
144.382,t0_mnv2,25303.639,48.701,500,0
144.433,t0_mnv2,25319.246,51.335,499,0
144.484,t0_mnv2,25216.158,51.398,499,0
144.535,t0_mnv2,25252.759,50.849,500,0
144.583,t0_mnv2,25243.663,47.713,500,0
144.632,t0_mnv2,25278.306,49.108,499,0
144.683,t0_mnv2,25276.504,51.229,500,0
144.737,t0_mnv2,25304.003,53.807,500,0
144.785,t0_mnv2,25195.072,47.183,500,0
144.836,t0_mnv2,25244.844,51.512,500,0
144.891,t0_mnv2,25287.132,55.029,500,0
144.940,t0_mnv2,25326.819,48.334,499,0
144.989,t0_mnv2,25260.211,49.564,499,0
145.039,t0_mnv2,25278.989,49.650,499,0
145.092,t0_mnv2,25329.166,52.726,500,0
145.141,t0_mnv2,25333.741,49.661,500,0
145.188,t0_mnv2,25292.449,46.936,499,0
145.239,t0_mnv2,25330.342,50.962,500,0
145.294,t0_mnv2,25276.804,54.376,500,0
145.342,t0_mnv2,25258.001,48.001,500,0
145.394,t0_mnv2,25275.373,52.131,499,0
145.444,t0_mnv2,25296.798,50.118,500,0
145.497,t0_mnv2,25311.643,52.999,500,0
145.545,t0_mnv2,25316.765,48.302,500,0
145.593,t0_mnv2,25314.483,47.142,499,0
145.645,t0_mnv2,25256.332,52.259,498,0
145.696,t0_mnv2,25290.012,51.313,498,0
145.744,t0_mnv2,25300.138,47.676,498,0
145.794,t0_mnv2,25289.173,49.633,499,0
145.845,t0_mnv2,25297.712,51.645,498,0
145.900,t0_mnv2,25282.104,54.480,500,0
145.946,t0_mnv2,25238.211,46.127,500,0
145.995,t0_mnv2,25282.240,48.650,500,0
146.050,t0_mnv2,25316.257,55.311,500,0
146.099,t0_mnv2,25319.208,48.814,500,0
146.147,t0_mnv2,25319.287,48.510,500,0
146.198,t0_mnv2,25286.667,50.255,500,0
146.249,t0_mnv2,25320.060,51.490,500,0
146.300,t0_mnv2,25299.351,50.807,500,0
146.348,t0_mnv2,25273.190,48.161,500,0
146.400,t0_mnv2,25314.982,51.540,499,0
146.454,t0_mnv2,25307.414,53.933,500,0
146.501,t0_mnv2,25247.063,47.170,499,0
146.551,t0_mnv2,25252.597,50.440,500,0
146.601,t0_mnv2,25294.919,49.545,500,0
146.653,t0_mnv2,25224.951,52.299,500,0
146.704,t0_mnv2,25243.620,50.609,500,0
146.752,t0_mnv2,25159.633,48.328,500,0
146.804,t0_mnv2,25191.201,51.479,499,0
146.857,t0_mnv2,25235.287,53.177,498,0
146.905,t0_mnv2,25180.448,47.923,499,0
146.956,t0_mnv2,25227.422,50.581,498,0
147.008,t0_mnv2,25278.491,52.509,500,0
147.061,t0_mnv2,25246.917,52.582,500,0
147.108,t0_mnv2,25268.070,46.785,499,0
147.157,t0_mnv2,25285.012,49.213,498,0
147.212,t0_mnv2,25322.069,54.538,497,0
147.261,t0_mnv2,25319.777,49.658,497,0
147.309,t0_mnv2,25299.131,48.074,497,0
147.361,t0_mnv2,25262.048,51.596,496,0
147.413,t0_mnv2,25238.820,52.029,497,0
147.464,t0_mnv2,25286.731,50.919,497,0
147.512,t0_mnv2,25289.050,47.674,496,0
147.560,t0_mnv2,25282.623,48.308,496,0
147.616,t0_mnv2,25255.247,55.845,496,0
147.663,t0_mnv2,25273.687,47.469,498,0
147.713,t0_mnv2,25302.902,49.424,499,0
147.764,t0_mnv2,25292.995,51.288,500,0
147.816,t0_mnv2,25323.713,51.395,500,0
147.867,t0_mnv2,25318.819,50.834,500,0
147.914,t0_mnv2,25320.251,47.874,500,0
147.966,t0_mnv2,25302.151,51.958,500,0
148.019,t0_mnv2,25314.695,52.639,500,0
148.067,t0_mnv2,25321.831,47.335,500,0
148.117,t0_mnv2,25288.443,50.824,500,0
148.170,t0_mnv2,25326.710,52.338,499,0
148.220,t0_mnv2,25258.463,49.986,498,0
148.270,t0_mnv2,25298.981,49.948,497,0
148.319,t0_mnv2,25262.755,49.113,497,0
148.375,t0_mnv2,25281.821,55.858,497,0
148.425,t0_mnv2,25310.652,49.762,499,0
148.472,t0_mnv2,25309.385,47.268,500,0
148.523,t0_mnv2,25192.791,51.340,499,0
148.575,t0_mnv2,25193.224,51.164,498,0
148.625,t0_mnv2,25241.724,50.135,499,0
148.674,t0_mnv2,25258.755,49.281,500,0
148.723,t0_mnv2,25282.757,49.289,500,0
148.779,t0_mnv2,25296.412,55.231,500,0
148.828,t0_mnv2,25298.288,48.853,500,0
148.875,t0_mnv2,25246.487,47.274,500,0
148.927,t0_mnv2,25229.028,52.472,500,0
148.980,t0_mnv2,25231.846,52.310,500,0
149.028,t0_mnv2,25263.795,48.440,500,0
149.078,t0_mnv2,25302.828,49.557,500,0
149.128,t0_mnv2,25319.179,50.477,500,0
149.181,t0_mnv2,25284.800,52.975,499,0
149.228,t0_mnv2,25306.303,46.695,499,0
149.278,t0_mnv2,25311.121,49.852,499,0
149.332,t0_mnv2,25310.331,53.738,500,0
149.381,t0_mnv2,25298.806,49.255,500,0
149.430,t0_mnv2,25275.316,49.026,500,0
149.479,t0_mnv2,25252.614,48.541,500,0
149.530,t0_mnv2,25244.859,51.134,500,0
149.583,t0_mnv2,25255.989,52.665,500,0
149.629,t0_mnv2,25099.511,46.765,499,0
149.680,t0_mnv2,25128.564,50.657,499,0
149.732,t0_mnv2,25171.767,52.451,499,0
149.782,t0_mnv2,25167.384,49.195,498,0
149.834,t0_mnv2,25192.291,51.863,500,0
149.882,t0_mnv2,25144.415,48.652,500,0
149.936,t0_mnv2,25181.776,53.457,500,0
149.985,t0_mnv2,25171.484,49.547,500,0
150.033,t0_mnv2,25189.668,47.630,500,0
150.085,t0_mnv2,25190.171,51.572,499,0
150.138,t0_mnv2,25238.810,53.006,500,0
150.185,t0_mnv2,25254.160,47.033,500,0
150.236,t0_mnv2,25276.239,51.408,499,0
150.287,t0_mnv2,25284.858,50.553,499,0
150.341,t0_mnv2,25297.298,54.124,500,0
150.388,t0_mnv2,25303.666,47.051,500,0
150.436,t0_mnv2,25267.856,48.162,500,0
150.491,t0_mnv2,25285.752,54.435,500,0
150.540,t0_mnv2,25267.754,49.600,500,0
150.587,t0_mnv2,25278.227,46.281,500,0
150.639,t0_mnv2,25306.179,52.094,500,0
150.691,t0_mnv2,25305.787,51.784,500,0
150.742,t0_mnv2,25310.932,51.626,500,0
150.792,t0_mnv2,25277.646,49.356,499,0
150.843,t0_mnv2,25279.121,51.424,500,0
150.898,t0_mnv2,25292.712,55.139,499,0
150.947,t0_mnv2,25302.672,48.461,500,0
150.995,t0_mnv2,25285.112,47.883,499,0
151.045,t0_mnv2,25261.017,50.341,500,0
151.097,t0_mnv2,25308.733,52.163,500,0
151.148,t0_mnv2,25273.355,50.166,499,0
151.195,t0_mnv2,25290.380,47.549,498,0
151.245,t0_mnv2,25271.187,49.778,498,0
151.301,t0_mnv2,25274.731,56.475,498,0
151.349,t0_mnv2,25239.808,47.200,499,0
151.398,t0_mnv2,25239.596,48.960,500,0
151.450,t0_mnv2,25279.544,51.980,500,0
151.500,t0_mnv2,25297.649,50.307,500,0
151.549,t0_mnv2,25255.086,48.435,500,0
151.596,t0_mnv2,25272.735,47.892,500,0
151.649,t0_mnv2,25239.780,52.952,499,0
151.701,t0_mnv2,25285.603,51.443,500,0
151.748,t0_mnv2,25296.861,47.323,500,0
151.800,t0_mnv2,25300.027,51.700,500,0
151.853,t0_mnv2,25293.968,52.786,499,0
151.902,t0_mnv2,25297.399,48.847,500,0
151.952,t0_mnv2,25276.945,50.128,500,0
152.001,t0_mnv2,25243.036,48.813,500,0
152.054,t0_mnv2,25252.773,53.213,500,0
152.104,t0_mnv2,25247.260,49.639,500,0
152.151,t0_mnv2,25263.835,47.743,500,0
152.203,t0_mnv2,25300.581,51.997,500,0
152.257,t0_mnv2,25301.906,53.202,500,0
152.307,t0_mnv2,25264.279,50.074,499,0
152.355,t0_mnv2,25296.776,48.501,499,0
152.405,t0_mnv2,25276.576,49.538,499,0
152.459,t0_mnv2,25252.492,53.892,500,0
152.505,t0_mnv2,25286.111,46.335,500,0
152.553,t0_mnv2,25238.536,47.793,499,0
152.607,t0_mnv2,25218.849,53.546,500,0
152.658,t0_mnv2,25258.791,50.981,500,0
152.705,t0_mnv2,25229.491,47.578,499,0
152.757,t0_mnv2,25276.382,51.697,498,0
152.808,t0_mnv2,25267.779,50.758,497,0
152.860,t0_mnv2,25292.350,51.740,497,0
152.907,t0_mnv2,25272.933,47.201,497,0
152.956,t0_mnv2,25254.908,48.751,499,0
153.009,t0_mnv2,25234.726,52.810,499,0
153.058,t0_mnv2,25263.867,49.523,500,0
153.108,t0_mnv2,25275.745,49.512,500,0
153.157,t0_mnv2,25282.770,49.477,500,0
153.211,t0_mnv2,25286.913,53.454,500,0
153.262,t0_mnv2,25289.727,51.627,500,0
153.309,t0_mnv2,25233.620,47.068,500,0
153.360,t0_mnv2,25276.717,50.912,500,0
153.414,t0_mnv2,25253.162,54.015,500,0
153.462,t0_mnv2,25284.534,47.164,500,0
153.513,t0_mnv2,25287.132,50.908,500,0
153.563,t0_mnv2,25264.906,50.078,499,0
153.616,t0_mnv2,25296.325,53.254,500,0
153.663,t0_mnv2,25247.642,47.161,500,0
153.712,t0_mnv2,25276.145,48.844,500,0
153.767,t0_mnv2,25285.257,54.981,500,0
153.817,t0_mnv2,25150.296,50.314,499,0
153.865,t0_mnv2,25193.564,47.169,498,0
153.916,t0_mnv2,25231.893,51.392,500,0
153.967,t0_mnv2,25268.837,50.643,500,0
154.018,t0_mnv2,25219.937,51.572,500,0
154.067,t0_mnv2,25265.531,48.630,500,0
154.116,t0_mnv2,25249.416,48.450,500,0
154.169,t0_mnv2,25278.440,53.911,500,0
154.219,t0_mnv2,25240.224,49.139,500,0
154.267,t0_mnv2,25224.305,48.512,500,0
154.319,t0_mnv2,25244.007,52.196,500,0
154.371,t0_mnv2,25257.259,51.452,500,0
154.421,t0_mnv2,25177.359,49.963,500,0
154.469,t0_mnv2,25111.572,47.816,500,0
154.518,t0_mnv2,25146.398,49.416,500,0
154.573,t0_mnv2,25164.527,54.582,499,0
154.620,t0_mnv2,25202.453,47.002,498,0
154.670,t0_mnv2,25189.070,49.582,497,0
154.720,t0_mnv2,25179.497,50.552,498,0
154.772,t0_mnv2,25222.031,51.554,500,0
154.820,t0_mnv2,25210.481,48.572,500,0
154.870,t0_mnv2,25246.845,49.543,500,0
154.922,t0_mnv2,25259.998,51.867,500,0
154.973,t0_mnv2,25222.777,51.288,500,0
155.020,t0_mnv2,25191.944,46.990,500,0
155.071,t0_mnv2,25210.089,50.559,499,0
155.123,t0_mnv2,25167.248,52.050,500,0
155.172,t0_mnv2,25215.888,49.421,499,0
155.222,t0_mnv2,25241.093,49.422,499,0
155.271,t0_mnv2,25126.063,48.661,499,0
155.324,t0_mnv2,25114.289,53.414,500,0
155.375,t0_mnv2,25122.639,50.907,500,0
155.424,t0_mnv2,25158.765,48.692,500,0
155.475,t0_mnv2,25208.408,51.195,500,0
155.527,t0_mnv2,25251.544,51.814,500,0
155.576,t0_mnv2,25275.452,49.110,500,0
155.624,t0_mnv2,25195.109,48.348,500,0
155.673,t0_mnv2,25127.325,48.928,500,0
155.728,t0_mnv2,25151.561,54.568,500,0
155.777,t0_mnv2,25197.909,48.802,500,0
155.825,t0_mnv2,25241.796,47.960,500,0
155.877,t0_mnv2,25255.131,52.019,500,0
155.929,t0_mnv2,25259.244,52.078,500,0
155.978,t0_mnv2,25262.544,49.138,500,0
156.028,t0_mnv2,25244.941,49.659,500,0
156.078,t0_mnv2,25249.099,50.372,500,0
156.131,t0_mnv2,25245.032,52.577,499,0
156.177,t0_mnv2,25217.342,45.908,499,0
156.226,t0_mnv2,25265.599,49.128,500,0
156.278,t0_mnv2,25261.368,51.629,500,0
156.328,t0_mnv2,25263.343,50.074,500,0
156.377,t0_mnv2,25264.087,49.067,500,0
156.425,t0_mnv2,25231.452,48.218,500,0
156.479,t0_mnv2,25228.008,54.023,500,0
156.532,t0_mnv2,25253.349,52.502,500,0
156.578,t0_mnv2,25241.434,46.532,500,0
156.629,t0_mnv2,25255.695,50.212,500,0
156.682,t0_mnv2,25218.844,53.323,499,0
156.729,t0_mnv2,25265.207,47.303,499,0
156.780,t0_mnv2,25246.966,50.632,499,0
156.830,t0_mnv2,25242.433,50.119,499,0
156.884,t0_mnv2,25219.811,54.060,500,0
156.933,t0_mnv2,25180.778,48.397,500,0
156.981,t0_mnv2,25225.868,47.818,500,0
157.034,t0_mnv2,25212.270,53.759,500,0
157.087,t0_mnv2,25240.457,52.692,500,0
157.134,t0_mnv2,25249.661,47.337,500,0
157.184,t0_mnv2,25232.585,49.131,500,0
157.234,t0_mnv2,25211.702,50.373,500,0
157.287,t0_mnv2,25214.180,52.924,499,0
157.333,t0_mnv2,25145.635,45.880,499,0
157.381,t0_mnv2,25174.526,48.115,500,0
157.435,t0_mnv2,25222.191,53.495,500,0
157.485,t0_mnv2,25238.413,50.229,500,0
157.533,t0_mnv2,25254.843,48.170,500,0
157.583,t0_mnv2,25249.040,50.374,500,0
157.636,t0_mnv2,25236.641,52.942,500,0
157.688,t0_mnv2,25164.922,51.151,500,0
157.734,t0_mnv2,25135.833,46.381,500,0
157.784,t0_mnv2,25139.127,49.979,500,0
157.837,t0_mnv2,25135.595,53.283,499,0
157.885,t0_mnv2,25168.647,47.802,499,0
157.935,t0_mnv2,25198.141,49.809,500,0
157.985,t0_mnv2,25208.363,50.122,499,0
158.038,t0_mnv2,25141.009,52.645,498,0
158.089,t0_mnv2,25152.414,50.602,498,0
158.137,t0_mnv2,25104.106,48.220,499,0
158.190,t0_mnv2,25144.616,52.955,498,0
158.242,t0_mnv2,25184.061,52.349,497,0
158.290,t0_mnv2,25220.413,47.232,498,0
158.341,t0_mnv2,25223.989,51.302,498,0
158.390,t0_mnv2,25181.338,49.307,500,0
158.443,t0_mnv2,25220.601,52.384,500,0
158.491,t0_mnv2,25247.676,48.393,500,0
158.540,t0_mnv2,25229.222,48.328,499,0
158.592,t0_mnv2,25241.176,52.803,498,0
158.643,t0_mnv2,25204.250,50.212,498,0
158.691,t0_mnv2,25233.144,48.502,500,0
158.742,t0_mnv2,25256.166,51.065,500,0
158.794,t0_mnv2,25233.345,51.702,500,0
158.845,t0_mnv2,25205.028,50.933,499,0
158.893,t0_mnv2,25187.008,47.719,498,0
158.942,t0_mnv2,25197.754,48.672,498,0
158.996,t0_mnv2,25220.493,54.094,500,0
159.045,t0_mnv2,25234.956,49.201,499,0
159.093,t0_mnv2,25238.855,48.345,499,0
159.144,t0_mnv2,25252.754,50.743,500,0
159.198,t0_mnv2,25253.853,53.724,500,0
159.247,t0_mnv2,25248.327,49.317,500,0
159.295,t0_mnv2,25255.332,47.333,499,0
159.346,t0_mnv2,25248.124,51.839,500,0
159.399,t0_mnv2,25193.572,52.338,499,0
159.446,t0_mnv2,25181.439,47.274,499,0
159.496,t0_mnv2,25223.938,49.991,500,0
159.547,t0_mnv2,25195.533,50.363,499,0
159.598,t0_mnv2,25235.733,51.160,500,0
159.648,t0_mnv2,25239.407,50.557,500,0
159.697,t0_mnv2,25146.076,49.074,500,0
159.750,t0_mnv2,25099.573,52.705,500,0
159.801,t0_mnv2,25114.122,51.015,500,0
159.848,t0_mnv2,25124.580,46.947,500,0
159.899,t0_mnv2,25139.653,51.145,500,0
159.951,t0_mnv2,25178.983,51.480,500,0
160.002,t0_mnv2,25222.762,51.005,500,0
160.051,t0_mnv2,25237.898,48.679,500,0
160.100,t0_mnv2,25231.973,49.541,500,0
160.155,t0_mnv2,25249.818,54.759,500,0
160.205,t0_mnv2,25236.426,49.679,500,0
160.252,t0_mnv2,25245.077,47.099,500,0
160.304,t0_mnv2,25245.852,51.682,500,0
160.356,t0_mnv2,25186.382,52.230,500,0
160.405,t0_mnv2,25183.429,48.784,500,0
160.453,t0_mnv2,25226.125,48.403,499,0
160.503,t0_mnv2,25148.025,49.980,500,0
160.558,t0_mnv2,25184.226,54.744,500,0
160.606,t0_mnv2,25228.118,47.527,500,0
160.656,t0_mnv2,25202.234,50.672,500,0
160.708,t0_mnv2,25142.498,51.704,500,0
160.759,t0_mnv2,25148.573,50.540,499,0
160.808,t0_mnv2,25194.310,49.153,499,0
160.856,t0_mnv2,25234.206,48.208,500,0
160.908,t0_mnv2,25180.058,52.074,499,0
160.959,t0_mnv2,25154.371,51.244,499,0
161.006,t0_mnv2,25194.718,46.801,499,0
161.058,t0_mnv2,25215.898,51.479,500,0
161.109,t0_mnv2,25241.112,51.524,500,0
161.160,t0_mnv2,25204.700,50.442,500,0
161.212,t0_mnv2,25210.427,51.832,499,0
161.260,t0_mnv2,25232.578,48.112,498,0
161.314,t0_mnv2,25237.109,53.945,500,0
161.364,t0_mnv2,25209.921,50.111,500,0
161.411,t0_mnv2,25211.415,46.547,500,0
161.461,t0_mnv2,25206.060,50.733,500,0
161.514,t0_mnv2,25129.992,52.248,500,0
161.563,t0_mnv2,25165.035,49.757,500,0
161.612,t0_mnv2,25142.158,48.928,500,0
161.664,t0_mnv2,25143.163,51.117,500,0
161.719,t0_mnv2,25153.501,55.253,500,0
161.766,t0_mnv2,25194.517,47.044,500,0
161.815,t0_mnv2,25221.337,48.675,500,0
161.867,t0_mnv2,25166.222,52.048,500,0
161.918,t0_mnv2,25207.033,51.546,500,0
161.966,t0_mnv2,25233.605,47.817,499,0
162.016,t0_mnv2,25218.313,49.563,500,0
162.067,t0_mnv2,25237.787,51.173,500,0
162.121,t0_mnv2,25148.469,53.699,500,0
162.168,t0_mnv2,25180.353,47.272,499,0
162.220,t0_mnv2,25190.449,51.955,500,0
162.271,t0_mnv2,25119.905,51.363,500,0
162.321,t0_mnv2,25164.559,50.032,500,0
162.371,t0_mnv2,25207.647,49.746,500,0
162.419,t0_mnv2,25211.310,48.022,500,0
162.472,t0_mnv2,25228.397,52.347,500,0
162.524,t0_mnv2,25245.707,51.882,499,0
162.571,t0_mnv2,25187.765,47.220,498,0
162.622,t0_mnv2,25126.019,50.789,500,0
162.675,t0_mnv2,25156.155,53.536,499,0
162.725,t0_mnv2,25204.557,49.489,499,0
162.774,t0_mnv2,25207.146,49.336,500,0
162.824,t0_mnv2,25213.576,49.890,499,0
162.878,t0_mnv2,25199.147,54.232,500,0
162.926,t0_mnv2,25236.343,47.898,500,0
162.974,t0_mnv2,25224.674,47.288,499,0
163.027,t0_mnv2,25245.653,53.673,500,0
163.079,t0_mnv2,25163.415,52.045,499,0
163.128,t0_mnv2,25184.257,48.382,500,0
163.178,t0_mnv2,25232.919,50.432,500,0
163.230,t0_mnv2,25254.313,51.733,500,0
163.283,t0_mnv2,25247.919,53.345,499,0
163.330,t0_mnv2,25251.538,46.390,498,0
163.378,t0_mnv2,25246.109,47.881,497,0
163.432,t0_mnv2,25203.822,54.238,497,0
163.482,t0_mnv2,25189.577,49.765,499,0
163.530,t0_mnv2,25230.330,47.836,499,0
163.579,t0_mnv2,25207.717,49.490,498,0
163.631,t0_mnv2,25237.096,51.774,498,0
163.684,t0_mnv2,25229.175,52.559,498,0
163.732,t0_mnv2,25249.544,48.361,498,0
163.783,t0_mnv2,25245.286,50.415,498,0
163.836,t0_mnv2,25237.803,52.941,499,0
163.884,t0_mnv2,25223.911,48.318,498,0
163.934,t0_mnv2,25250.908,49.741,498,0
163.983,t0_mnv2,25232.886,49.612,497,0
164.037,t0_mnv2,25170.073,53.685,497,0
164.088,t0_mnv2,25182.276,50.426,497,0
164.136,t0_mnv2,25194.615,48.211,498,0
164.189,t0_mnv2,25234.029,53.106,500,0
164.243,t0_mnv2,25252.536,53.969,500,0
164.289,t0_mnv2,25163.451,45.897,500,0
164.339,t0_mnv2,25206.046,50.481,499,0
164.390,t0_mnv2,25201.581,50.381,499,0
164.442,t0_mnv2,25230.802,52.284,498,0
164.490,t0_mnv2,25183.007,47.835,497,0
164.538,t0_mnv2,25155.486,48.345,498,0
164.591,t0_mnv2,25168.139,52.191,497,0
164.642,t0_mnv2,25191.164,51.083,499,0
164.690,t0_mnv2,25222.646,48.029,499,0
164.741,t0_mnv2,25204.630,51.411,500,0
164.793,t0_mnv2,25230.908,52.063,500,0
164.845,t0_mnv2,25036.961,51.150,500,0
164.892,t0_mnv2,25068.605,47.715,500,0
164.942,t0_mnv2,25088.130,49.177,500,0
164.997,t0_mnv2,25098.955,54.835,500,0
165.045,t0_mnv2,25129.247,48.755,500,0
165.094,t0_mnv2,25164.177,48.840,500,0
165.145,t0_mnv2,25113.115,51.200,500,0
165.199,t0_mnv2,25075.010,53.501,500,0
165.249,t0_mnv2,25081.291,50.041,500,0
165.297,t0_mnv2,25124.475,48.001,500,0
165.347,t0_mnv2,25172.490,49.409,499,0
165.402,t0_mnv2,25203.211,55.244,498,0
165.449,t0_mnv2,25218.013,47.530,498,0
165.500,t0_mnv2,25250.422,50.136,500,0
165.550,t0_mnv2,25232.226,50.752,499,0
165.602,t0_mnv2,25253.495,51.837,499,0
165.653,t0_mnv2,25250.748,50.589,500,0
165.700,t0_mnv2,25243.936,47.466,500,0
165.753,t0_mnv2,25244.036,52.721,500,0
165.805,t0_mnv2,25229.007,51.482,500,0
165.851,t0_mnv2,25140.219,46.204,500,0
165.904,t0_mnv2,25169.826,52.497,500,0
165.957,t0_mnv2,25138.049,53.020,500,0
166.006,t0_mnv2,25118.513,49.579,499,0
166.057,t0_mnv2,25161.853,51.178,498,0
166.108,t0_mnv2,25132.016,50.179,500,0
166.162,t0_mnv2,25179.358,53.974,500,0
166.212,t0_mnv2,25180.474,50.080,500,0
166.259,t0_mnv2,25189.464,47.478,499,0
166.311,t0_mnv2,25232.848,51.485,499,0
166.363,t0_mnv2,25221.839,52.470,500,0
166.412,t0_mnv2,25215.059,49.113,500,0
166.461,t0_mnv2,25253.171,48.932,500,0
166.511,t0_mnv2,25237.397,49.879,500,0
166.567,t0_mnv2,25245.296,55.452,500,0
166.614,t0_mnv2,25246.214,47.567,499,0
166.664,t0_mnv2,25212.438,49.688,498,0
166.716,t0_mnv2,25224.434,52.113,499,0
166.767,t0_mnv2,25250.143,50.340,499,0
166.815,t0_mnv2,25249.668,48.687,498,0
166.865,t0_mnv2,25140.350,49.740,498,0
166.916,t0_mnv2,25095.073,50.541,498,0
166.969,t0_mnv2,25024.079,53.135,500,0
167.017,t0_mnv2,25056.660,48.351,500,0
167.070,t0_mnv2,25101.774,52.128,500,0
167.123,t0_mnv2,25132.140,53.463,500,0
167.172,t0_mnv2,25078.285,48.477,500,0
167.222,t0_mnv2,25087.063,50.305,499,0
167.271,t0_mnv2,25134.430,48.762,499,0
167.326,t0_mnv2,25179.468,54.743,498,0
167.375,t0_mnv2,25207.851,49.320,498,0
167.422,t0_mnv2,25247.369,47.210,497,0
167.476,t0_mnv2,25238.015,53.682,500,0
167.529,t0_mnv2,25252.966,52.680,500,0
167.577,t0_mnv2,25181.505,48.470,500,0
167.626,t0_mnv2,25227.318,49.074,499,0
167.676,t0_mnv2,25188.603,50.230,499,0
167.730,t0_mnv2,25235.053,53.981,499,0
167.777,t0_mnv2,25232.760,46.830,500,0
167.826,t0_mnv2,25237.235,48.694,500,0
167.881,t0_mnv2,25253.043,54.389,500,0
167.931,t0_mnv2,25253.763,50.679,500,0
167.981,t0_mnv2,25228.473,49.429,500,0
168.031,t0_mnv2,25214.185,50.202,500,0
168.083,t0_mnv2,25238.073,52.327,500,0
168.136,t0_mnv2,25124.288,52.793,500,0
168.184,t0_mnv2,25153.241,47.572,500,0
168.234,t0_mnv2,25169.947,50.488,500,0
168.288,t0_mnv2,25192.900,53.952,499,0
168.336,t0_mnv2,25175.772,47.762,500,0
168.387,t0_mnv2,25193.896,50.694,499,0
168.438,t0_mnv2,24956.110,51.343,499,0
168.492,t0_mnv2,24981.939,53.854,498,0
168.541,t0_mnv2,24881.526,48.844,498,0
168.589,t0_mnv2,24849.942,47.833,499,0
168.643,t0_mnv2,24903.113,53.772,500,0
168.694,t0_mnv2,24905.133,51.541,499,0
168.741,t0_mnv2,24911.050,46.595,498,0
168.794,t0_mnv2,24880.122,52.769,499,0
168.847,t0_mnv2,24925.854,52.912,500,0
168.900,t0_mnv2,24898.116,52.958,500,0
168.948,t0_mnv2,24944.697,48.188,499,0
168.997,t0_mnv2,24985.800,48.543,499,0
169.053,t0_mnv2,24906.391,56.359,500,0
169.102,t0_mnv2,24948.689,48.881,500,0
169.151,t0_mnv2,24988.829,49.369,500,0
169.201,t0_mnv2,25019.812,49.953,500,0
169.253,t0_mnv2,25041.098,52.148,500,0
169.306,t0_mnv2,25058.724,52.739,499,0
169.354,t0_mnv2,25102.863,47.225,500,0
169.406,t0_mnv2,25145.740,52.239,500,0
169.459,t0_mnv2,25197.849,52.717,499,0
169.505,t0_mnv2,25235.553,46.402,500,0
169.574,t0_mnv2,25275.007,68.892,500,0
169.630,t0_mnv2,25262.217,56.554,500,0
169.688,t0_mnv2,25236.282,57.588,499,0
169.739,t0_mnv2,25248.311,50.406,499,0
169.795,t0_mnv2,25299.194,55.934,500,0
169.852,t0_mnv2,25305.833,57.397,500,0
169.906,t0_mnv2,25266.838,54.117,500,0
169.964,t0_mnv2,25301.058,58.288,499,0
170.017,t0_mnv2,25317.797,52.139,500,0
170.076,t0_mnv2,25330.970,59.593,500,0
170.127,t0_mnv2,25334.265,51.072,500,0
170.174,t0_mnv2,25329.951,46.228,499,0
170.224,t0_mnv2,25277.419,50.172,498,0
170.275,t0_mnv2,25254.486,50.661,499,0
170.326,t0_mnv2,25282.490,51.666,498,0
170.374,t0_mnv2,25306.476,47.565,498,0
170.423,t0_mnv2,25290.329,48.723,498,0
170.475,t0_mnv2,25285.788,51.796,499,0
170.525,t0_mnv2,25329.067,50.327,498,0
170.574,t0_mnv2,25326.360,49.383,498,0
170.624,t0_mnv2,25283.241,49.173,498,0
170.674,t0_mnv2,25249.925,50.006,498,0
170.725,t0_mnv2,25297.949,51.668,500,0
170.772,t0_mnv2,25280.652,47.046,499,0
170.820,t0_mnv2,25280.414,47.863,500,0
170.873,t0_mnv2,25196.697,52.722,500,0
170.923,t0_mnv2,25181.271,49.882,500,0
170.971,t0_mnv2,25218.979,47.609,500,0
171.020,t0_mnv2,25231.816,49.473,499,0
171.072,t0_mnv2,25226.013,52.316,499,0
171.123,t0_mnv2,25269.629,50.935,500,0
171.170,t0_mnv2,25272.846,46.642,500,0
171.218,t0_mnv2,25286.767,47.964,500,0
171.272,t0_mnv2,25290.883,54.095,499,0
171.321,t0_mnv2,25285.132,49.021,499,0
171.369,t0_mnv2,25313.254,48.068,500,0
171.419,t0_mnv2,25315.259,49.861,499,0
171.471,t0_mnv2,25278.535,51.440,499,0
171.523,t0_mnv2,25298.783,52.393,499,0
171.572,t0_mnv2,25308.507,48.441,500,0
171.622,t0_mnv2,25301.316,50.084,500,0
171.674,t0_mnv2,25262.479,52.403,500,0
171.723,t0_mnv2,25297.365,48.372,500,0
171.771,t0_mnv2,25269.808,48.510,499,0
171.821,t0_mnv2,25277.810,50.002,500,0
171.873,t0_mnv2,25320.072,51.516,499,0
171.924,t0_mnv2,25293.466,51.024,499,0
171.971,t0_mnv2,25295.202,47.166,499,0
172.022,t0_mnv2,25296.482,50.387,500,0
172.076,t0_mnv2,25215.847,54.121,500,0
172.123,t0_mnv2,25242.787,47.046,499,0
172.173,t0_mnv2,25217.079,50.117,500,0
172.222,t0_mnv2,25265.269,48.868,499,0
172.274,t0_mnv2,25297.195,52.619,498,0
172.323,t0_mnv2,25302.878,48.778,499,0
172.371,t0_mnv2,25111.907,47.518,500,0
172.422,t0_mnv2,25155.858,51.344,500,0
172.476,t0_mnv2,25088.150,53.464,500,0
172.525,t0_mnv2,25122.708,49.273,499,0
172.576,t0_mnv2,25124.197,50.956,499,0
172.626,t0_mnv2,25112.174,49.758,500,0
172.679,t0_mnv2,25104.146,53.072,500,0
172.726,t0_mnv2,25101.455,46.692,500,0
172.774,t0_mnv2,25146.873,48.587,500,0
172.828,t0_mnv2,25193.291,53.289,499,0
172.878,t0_mnv2,25187.497,50.696,499,0
172.925,t0_mnv2,25227.637,46.902,499,0
172.978,t0_mnv2,25262.250,52.992,500,0
173.030,t0_mnv2,25306.934,51.748,500,0
173.082,t0_mnv2,25315.283,52.248,500,0
173.129,t0_mnv2,25296.553,46.931,500,0
173.178,t0_mnv2,25275.022,48.447,500,0
173.233,t0_mnv2,25277.800,54.718,500,0
173.282,t0_mnv2,25289.891,49.282,500,0
173.331,t0_mnv2,25292.362,48.496,500,0
173.381,t0_mnv2,25294.738,50.640,500,0
173.433,t0_mnv2,25150.184,51.313,500,0
173.485,t0_mnv2,25125.704,52.619,500,0
173.532,t0_mnv2,25117.412,46.836,500,0
173.582,t0_mnv2,25164.512,49.706,499,0
173.635,t0_mnv2,25211.477,53.141,499,0
173.683,t0_mnv2,25232.227,47.808,500,0
173.732,t0_mnv2,25272.036,49.207,500,0
173.784,t0_mnv2,25193.848,51.551,500,0
173.836,t0_mnv2,25234.265,52.023,500,0
173.887,t0_mnv2,25245.481,50.769,499,0
173.936,t0_mnv2,25286.266,49.294,500,0
173.988,t0_mnv2,25310.089,51.641,500,0
174.041,t0_mnv2,25299.908,53.298,499,0
174.087,t0_mnv2,25276.757,45.784,499,0
174.137,t0_mnv2,25292.311,50.186,499,0
174.187,t0_mnv2,25311.674,50.008,499,0
174.239,t0_mnv2,25261.495,51.807,500,0
174.287,t0_mnv2,25274.159,47.786,500,0
174.336,t0_mnv2,25303.280,48.772,500,0
174.389,t0_mnv2,25307.086,53.518,500,0
174.441,t0_mnv2,25226.916,52.122,500,0
174.489,t0_mnv2,25213.549,47.503,499,0
174.541,t0_mnv2,25251.868,51.709,500,0
174.593,t0_mnv2,25300.025,52.705,500,0
174.644,t0_mnv2,25280.889,50.317,500,0
174.693,t0_mnv2,25311.615,49.112,500,0
174.742,t0_mnv2,25286.193,48.874,499,0
174.796,t0_mnv2,25306.033,54.341,498,0
174.846,t0_mnv2,25312.308,50.128,498,0
174.897,t0_mnv2,25235.293,50.968,499,0
174.947,t0_mnv2,25259.127,49.979,498,0
174.999,t0_mnv2,25209.251,51.735,498,0
175.050,t0_mnv2,25234.448,50.326,500,0
175.097,t0_mnv2,25264.928,47.324,500,0
175.148,t0_mnv2,25303.659,50.976,499,0
175.201,t0_mnv2,25300.778,52.652,499,0
175.248,t0_mnv2,25311.038,47.311,499,0
175.299,t0_mnv2,25287.179,51.160,498,0
175.349,t0_mnv2,25262.434,50.146,498,0
175.404,t0_mnv2,25284.830,54.133,498,0
175.451,t0_mnv2,25287.411,47.579,499,0
175.500,t0_mnv2,25225.615,48.494,500,0
175.554,t0_mnv2,25239.264,54.126,500,0
175.605,t0_mnv2,25276.565,51.170,500,0
175.651,t0_mnv2,25279.429,46.168,500,0
175.703,t0_mnv2,25275.597,51.417,500,0
175.753,t0_mnv2,25277.770,50.724,500,0
175.805,t0_mnv2,25276.700,51.084,499,0
175.853,t0_mnv2,25309.614,48.659,500,0
175.904,t0_mnv2,25295.521,50.902,500,0
175.959,t0_mnv2,25313.038,54.513,500,0
176.007,t0_mnv2,25273.504,48.463,499,0
176.055,t0_mnv2,25251.731,47.619,499,0
176.106,t0_mnv2,25299.329,51.250,500,0
176.158,t0_mnv2,25255.746,51.854,500,0
176.209,t0_mnv2,25266.569,51.092,500,0
176.257,t0_mnv2,25247.150,47.346,499,0
176.307,t0_mnv2,25290.975,49.898,498,0
176.363,t0_mnv2,25276.443,56.599,497,0
176.410,t0_mnv2,25173.337,46.887,498,0
176.460,t0_mnv2,25159.557,50.021,500,0
176.511,t0_mnv2,25185.024,51.159,500,0
176.562,t0_mnv2,25220.166,50.890,500,0
176.612,t0_mnv2,25257.094,49.304,500,0
176.660,t0_mnv2,25278.799,48.339,500,0
176.712,t0_mnv2,25273.336,51.432,500,0
176.764,t0_mnv2,25282.711,52.266,499,0
176.811,t0_mnv2,25289.043,47.104,499,0
176.863,t0_mnv2,25313.334,51.618,500,0
176.914,t0_mnv2,25230.580,51.622,500,0
176.965,t0_mnv2,25279.773,50.177,500,0
177.015,t0_mnv2,25302.256,49.935,499,0
177.063,t0_mnv2,25314.655,48.553,500,0
177.116,t0_mnv2,25252.491,53.210,500,0
177.167,t0_mnv2,25274.890,50.612,500,0
177.214,t0_mnv2,25290.398,46.872,499,0
177.266,t0_mnv2,25291.937,52.090,500,0
177.318,t0_mnv2,25300.154,52.328,500,0
177.369,t0_mnv2,25284.062,50.973,500,0
177.418,t0_mnv2,25302.555,48.044,500,0
177.467,t0_mnv2,25288.354,48.927,500,0
177.522,t0_mnv2,25316.684,55.182,499,0
177.569,t0_mnv2,25257.354,47.111,499,0
177.617,t0_mnv2,25245.453,48.030,498,0
177.669,t0_mnv2,25241.843,52.032,499,0
177.721,t0_mnv2,25280.493,51.698,498,0
177.770,t0_mnv2,25310.000,49.184,497,0
177.821,t0_mnv2,25241.957,50.833,498,0
177.872,t0_mnv2,25286.689,50.900,498,0
177.926,t0_mnv2,25309.150,53.875,497,0
177.972,t0_mnv2,25128.257,45.921,499,0
178.021,t0_mnv2,25156.680,49.248,499,0
178.073,t0_mnv2,25150.045,51.577,500,0
178.123,t0_mnv2,25186.622,50.607,500,0
178.173,t0_mnv2,25233.288,49.404,500,0
178.221,t0_mnv2,25224.616,48.370,500,0
178.273,t0_mnv2,25238.884,51.725,499,0
178.325,t0_mnv2,25290.437,51.870,500,0
178.372,t0_mnv2,25293.128,47.631,500,0
178.422,t0_mnv2,25311.639,49.558,499,0
178.475,t0_mnv2,25307.601,52.456,499,0
178.525,t0_mnv2,25284.856,50.166,500,0
178.575,t0_mnv2,25286.668,50.059,500,0
178.624,t0_mnv2,25311.999,48.620,500,0
178.677,t0_mnv2,25281.703,53.768,500,0
178.727,t0_mnv2,25284.261,49.424,500,0
178.774,t0_mnv2,25288.875,47.271,500,0
178.827,t0_mnv2,25250.446,52.443,500,0
178.879,t0_mnv2,25298.814,52.468,500,0
178.928,t0_mnv2,25304.227,48.947,500,0
178.977,t0_mnv2,25286.233,48.549,500,0
179.025,t0_mnv2,25296.993,48.312,499,0
179.081,t0_mnv2,25189.848,55.424,500,0
179.128,t0_mnv2,25234.298,47.427,500,0
179.176,t0_mnv2,25262.577,47.643,500,0
179.228,t0_mnv2,25312.236,52.689,500,0
179.280,t0_mnv2,25301.999,51.351,500,0
179.330,t0_mnv2,25300.067,50.133,500,0
179.379,t0_mnv2,25290.901,49.371,499,0
179.429,t0_mnv2,25306.108,49.620,498,0
179.483,t0_mnv2,25292.490,54.278,498,0
179.529,t0_mnv2,25278.230,45.901,498,0
179.579,t0_mnv2,25296.306,49.508,499,0
179.631,t0_mnv2,25290.456,52.148,499,0
179.681,t0_mnv2,25298.721,50.089,500,0
179.731,t0_mnv2,25269.632,49.604,500,0
179.780,t0_mnv2,25307.421,49.570,500,0
179.835,t0_mnv2,25161.639,54.440,500,0
179.885,t0_mnv2,25202.667,50.160,500,0
179.932,t0_mnv2,25194.858,46.855,500,0
179.983,t0_mnv2,25241.195,50.652,499,0
180.036,t0_mnv2,25292.339,53.086,499,0
180.085,t0_mnv2,25283.768,49.063,499,0
180.135,t0_mnv2,25269.142,50.055,498,0
180.184,t0_mnv2,25288.278,49.046,499,0
180.238,t0_mnv2,25310.647,53.546,500,0
180.288,t0_mnv2,25289.388,49.806,500,0
180.336,t0_mnv2,25265.359,48.932,500,0
180.388,t0_mnv2,25291.477,51.456,500,0
180.440,t0_mnv2,25232.242,52.350,500,0
180.489,t0_mnv2,25233.338,48.586,500,0
180.537,t0_mnv2,25242.788,48.392,499,0
180.587,t0_mnv2,25282.338,49.984,499,0
180.642,t0_mnv2,25291.839,54.093,499,0
180.689,t0_mnv2,25302.511,46.949,498,0
180.737,t0_mnv2,25304.513,47.912,499,0
180.791,t0_mnv2,25301.646,54.704,500,0
180.845,t0_mnv2,25313.161,53.691,499,0
180.893,t0_mnv2,25273.676,47.671,498,0
180.943,t0_mnv2,25300.843,50.126,498,0
180.994,t0_mnv2,25312.984,50.696,499,0
181.047,t0_mnv2,25283.603,53.005,500,0
181.093,t0_mnv2,25313.858,46.579,500,0
181.143,t0_mnv2,25277.566,49.577,500,0
181.195,t0_mnv2,25271.969,52.253,500,0
181.245,t0_mnv2,25276.731,49.443,500,0
181.296,t0_mnv2,25309.144,51.643,500,0
181.345,t0_mnv2,25311.959,48.596,500,0
181.398,t0_mnv2,25244.937,53.129,500,0
181.448,t0_mnv2,25269.781,49.854,500,0
181.494,t0_mnv2,25296.062,46.376,499,0
181.547,t0_mnv2,25319.938,52.400,499,0
181.600,t0_mnv2,25309.134,53.344,499,0
181.647,t0_mnv2,25294.068,46.875,499,0
181.698,t0_mnv2,25295.782,50.966,500,0
181.749,t0_mnv2,25322.658,51.152,500,0
181.803,t0_mnv2,25314.866,53.568,499,0
181.851,t0_mnv2,25279.175,47.768,500,0
181.899,t0_mnv2,25320.732,48.491,500,0
181.951,t0_mnv2,25253.618,52.146,500,0
182.003,t0_mnv2,25235.014,51.409,500,0
182.060,t0_mnv2,25276.241,56.621,499,0
182.128,t0_mnv2,25273.914,68.253,500,0
182.183,t0_mnv2,25323.793,55.398,500,0
182.237,t0_mnv2,25328.917,53.752,500,0
182.285,t0_mnv2,25328.814,47.353,500,0
182.337,t0_mnv2,25341.274,52.079,499,0
182.388,t0_mnv2,25327.577,51.391,498,0
182.437,t0_mnv2,25345.932,49.214,498,0
182.487,t0_mnv2,25350.526,49.267,498,0
182.536,t0_mnv2,25311.975,49.102,500,0
182.587,t0_mnv2,25267.848,50.806,500,0
182.639,t0_mnv2,25294.308,52.267,500,0
182.686,t0_mnv2,25319.772,46.900,500,0
182.736,t0_mnv2,25347.420,50.455,500,0
182.790,t0_mnv2,25351.820,53.254,500,0
182.840,t0_mnv2,25321.469,49.905,500,0
182.890,t0_mnv2,25354.954,50.063,500,0
182.939,t0_mnv2,25349.375,48.787,500,0
182.992,t0_mnv2,25341.194,53.660,500,0
183.041,t0_mnv2,25327.288,48.550,499,0
183.088,t0_mnv2,25339.489,46.739,500,0
183.140,t0_mnv2,25260.980,52.120,500,0
183.193,t0_mnv2,25303.974,52.798,500,0
183.240,t0_mnv2,25333.234,46.932,499,0
183.291,t0_mnv2,25217.170,51.485,498,0
183.341,t0_mnv2,25242.234,49.964,497,0
183.396,t0_mnv2,25260.438,54.463,498,0
183.443,t0_mnv2,25187.519,47.593,500,0
183.491,t0_mnv2,25219.795,47.806,499,0
183.545,t0_mnv2,25238.009,54.128,499,0
183.595,t0_mnv2,25248.874,49.823,499,0
183.643,t0_mnv2,25277.920,47.460,500,0
183.693,t0_mnv2,25321.485,50.097,500,0
183.743,t0_mnv2,25349.591,50.479,500,0
183.796,t0_mnv2,25344.720,52.347,500,0
183.843,t0_mnv2,25241.897,46.978,499,0
183.892,t0_mnv2,25238.396,48.838,499,0
183.948,t0_mnv2,25292.156,56.057,500,0
183.996,t0_mnv2,25316.941,48.131,500,0
184.044,t0_mnv2,25328.729,48.384,500,0
184.095,t0_mnv2,25349.091,50.921,499,0
184.146,t0_mnv2,25213.641,50.931,499,0
184.197,t0_mnv2,25252.986,51.181,498,0
184.245,t0_mnv2,25299.237,47.062,497,0
184.295,t0_mnv2,25336.215,50.212,499,0
184.349,t0_mnv2,25295.562,54.057,499,0
184.398,t0_mnv2,25297.147,49.386,499,0
184.451,t0_mnv2,25313.167,52.168,499,0
184.500,t0_mnv2,25339.850,49.546,498,0
184.555,t0_mnv2,25339.733,55.252,500,0
184.602,t0_mnv2,25289.306,46.819,499,0
184.650,t0_mnv2,25324.344,48.074,500,0
184.702,t0_mnv2,25267.385,51.650,500,0
184.754,t0_mnv2,25305.329,51.521,499,0
184.800,t0_mnv2,25345.374,46.448,499,0
184.852,t0_mnv2,25304.067,51.391,499,0
184.904,t0_mnv2,25331.135,51.956,500,0
184.956,t0_mnv2,25335.521,52.132,500,0
185.003,t0_mnv2,25351.827,47.743,500,0
